Time,Torque,Angle,Rotating speed,Power
0,0.002,0,12,0.0
0.5,0.002,0,11,0.0
1.0,0.0,0,13,0.0
1.5,0.0,0,13,0.0
2.0,0.002,0,12,0.0
2.5,0.002,0,12,0.0
3.0,0.0,0,19,0.0
3.5,0.0,0,23,0.0
4.0,0.002,0,25,0.0
4.5,0.002,0,27,0.0
5.0,0.003,0,29,0.0
5.5,0.0,0,30,0.0
6.0,0.002,0,31,0.0
6.5,0.0,0,32,0.0
7.0,0.002,0,33,0.0
7.5,0.0,0,35,0.0
8.0,0.002,0,39,0.0
8.5,0.002,0,42,0.0
9.0,0.0,0,46,0.0
9.5,0.0,0,48,0.0
10.0,0.0,0,51,0.0
10.5,0.003,0,54,0.0
11.0,0.003,0,55,0.0
11.5,0.002,0,56,0.0
12.0,0.003,0,57,0.0
12.5,0.003,0,58,0.0
13.0,0.005,0,59,0.0
13.5,0.005,0,59,0.0
14.0,0.005,0,59,0.0
14.5,0.003,0,60,0.0
15.0,0.003,0,60,0.0
15.5,0.002,0,60,0.0
16.0,0.003,0,60,0.0
16.5,0.003,0,61,0.0
17.0,0.003,0,62,0.0
17.5,0.005,0,65,0.0
18.0,0.003,0,67,0.0
18.5,0.005,0,70,0.0
19.0,0.005,0,72,0.0
19.5,0.005,0,74,0.0
20.0,0.006,0,76,0.0
20.5,0.005,0,77,0.0
21.0,0.003,0,78,1.2000000000000002
21.5,0.005,0,78,2.4000000000000004
22.0,0.006,0,78,3.6
22.5,0.006,0,79,4.2
23.0,0.008,0,80,4.2
23.5,0.01,0,80,3.6
24.0,0.015,0,80,3.6
24.5,0.016,0,80,3.0
25.0,0.015,0,80,3.0
25.5,0.015,0,80,3.0
26.0,0.013,0,79,2.4000000000000004
26.5,0.013,0,79,3.0
27.0,0.018,0,79,3.0
27.5,0.019,0,79,5.4
28.0,0.019,0,80,9.600000000000001
28.5,0.027,0,83,9.600000000000001
29.0,0.035,0,86,9.600000000000001
29.5,0.031,0,87,11.4
30.0,0.032,0,89,12.0
30.5,0.029,0,92,12.0
31.0,0.026,0,94,11.4
31.5,0.024,0,96,10.200000000000001
32.0,0.023,0,97,9.600000000000001
32.5,0.024,0,98,9.600000000000001
33.0,0.023,0,99,9.600000000000001
33.5,0.021,0,100,9.600000000000001
34.0,0.016,0,100,6.0
34.5,0.016,0,100,5.4
35.0,0.018,0,101,5.4
35.5,0.023,0,101,4.800000000000001
36.0,0.023,0,101,4.800000000000001
36.5,0.023,0,102,4.2
37.0,0.016,0,101,4.2
37.5,0.019,0,102,6.6000000000000005
38.0,0.023,0,105,9.600000000000001
38.5,0.026,0,108,10.8
39.0,0.024,0,109,11.4
39.5,0.024,0,113,9.600000000000001
40.0,0.024,0,113,6.0
40.5,0.026,0,116,4.800000000000001
41.0,0.026,0,118,3.6
41.5,0.026,0,119,3.6
42.0,0.021,0,120,3.0
42.5,0.018,0,120,2.4000000000000004
43.0,0.019,0,120,2.4000000000000004
43.5,0.019,0,120,2.4000000000000004
44.0,0.023,0,120,1.2000000000000002
44.5,0.024,0,120,0.6000000000000001
45.0,0.019,0,120,0.0
45.5,0.021,0,121,0.0
46.0,0.019,0,121,0.0
46.5,0.021,0,121,0.0
47.0,0.019,0,122,0.0
47.5,0.021,0,121,0.0
48.0,0.024,0,122,0.0
48.5,0.023,0,122,0.0
49.0,0.023,0,122,0.6000000000000001
49.5,0.021,0,123,0.6000000000000001
50.0,0.018,0,123,0.6000000000000001
50.5,0.019,0,124,0.6000000000000001
51.0,0.024,0,123,0.6000000000000001
51.5,0.024,0,122,0.6000000000000001
52.0,0.024,0,122,0.0
52.5,0.018,0,121,1.8
53.0,0.018,0,121,3.6
53.5,0.018,0,121,4.2
54.0,0.019,0,122,4.800000000000001
54.5,0.021,0,121,4.2
55.0,0.024,0,121,3.6
55.5,0.023,0,120,3.6
56.0,0.021,0,120,3.6
56.5,0.021,0,119,3.6
57.0,0.021,0,119,4.2
57.5,0.021,0,119,4.2
58.0,0.023,0,119,4.800000000000001
58.5,0.023,0,119,4.800000000000001
59.0,0.024,0,119,4.800000000000001
59.5,0.023,0,119,4.2
60.0,0.021,0,118,3.6
60.5,0.019,0,118,3.6
61.0,0.018,0,118,4.2
61.5,0.021,0,118,4.2
62.0,0.026,0,117,3.6
62.5,0.024,0,116,4.2
63.0,0.021,0,117,4.2
63.5,0.016,0,117,3.6
64.0,0.019,0,117,3.6
64.5,0.021,0,117,3.6
65.0,0.019,0,116,3.6
65.5,0.019,0,116,3.6
66.0,0.019,0,111,1.2000000000000002
66.5,0.019,0,111,1.2000000000000002
67.0,0.019,0,111,0.6000000000000001
67.5,0.023,0,110,0.0
68.0,0.021,0,110,0.0
68.5,0.026,0,110,0.0
69.0,0.026,0,110,0.0
69.5,0.021,0,110,0.0
70.0,0.024,0,110,0.0
70.5,0.023,0,110,0.0
71.0,0.019,0,109,0.0
71.5,0.021,0,110,0.0
72.0,0.019,0,110,0.0
72.5,0.021,0,110,0.6000000000000001
73.0,0.026,0,111,0.6000000000000001
73.5,0.027,0,111,0.6000000000000001
74.0,0.024,0,111,0.0
74.5,0.018,0,110,0.0
75.0,0.015,0,110,0.0
75.5,0.019,0,110,0.0
76.0,0.023,0,110,0.0
76.5,0.026,0,109,1.8
77.0,0.024,0,109,3.6
77.5,0.021,0,109,4.2
78.0,0.018,0,110,4.2
78.5,0.019,0,109,4.2
79.0,0.021,0,109,3.6
79.5,0.023,0,108,3.6
80.0,0.021,0,108,3.0
80.5,0.023,0,107,3.6
81.0,0.024,0,107,3.6
81.5,0.023,0,107,4.2
82.0,0.027,0,108,4.2
82.5,0.026,0,108,4.800000000000001
83.0,0.023,0,108,4.800000000000001
83.5,0.018,0,108,4.800000000000001
84.0,0.019,0,108,4.2
84.5,0.023,0,107,4.2
85.0,0.026,0,107,3.6
85.5,0.027,0,107,3.6
86.0,0.023,0,107,4.2
86.5,0.021,0,107,4.2
87.0,0.019,0,106,3.6
87.5,0.026,0,106,4.2
88.0,0.024,0,106,4.2
88.5,0.023,0,107,3.6
89.0,0.021,0,107,3.6
89.5,0.021,0,106,3.6
90.0,0.023,0,107,3.0
90.5,0.026,0,106,3.6
91.0,0.024,0,106,3.6
91.5,0.021,0,106,1.8
92.0,0.023,0,106,1.8
92.5,0.027,0,106,1.2000000000000002
93.0,0.027,0,106,1.2000000000000002
93.5,0.021,0,105,1.2000000000000002
94.0,0.018,0,104,1.2000000000000002
94.5,0.016,0,104,1.2000000000000002
95.0,0.016,0,103,1.2000000000000002
95.5,0.019,0,103,1.2000000000000002
96.0,0.024,0,103,0.6000000000000001
96.5,0.024,0,102,0.0
97.0,0.024,0,102,0.0
97.5,0.023,0,102,0.0
98.0,0.021,0,102,0.0
98.5,0.021,0,103,0.0
99.0,0.023,0,102,0.0
99.5,0.021,0,102,0.0
100.0,0.023,0,102,0.0
100.5,0.024,0,103,0.0
101.0,0.026,0,103,0.0
101.5,0.027,0,103,0.0
102.0,0.026,0,104,0.0
102.5,0.021,0,104,0.0
103.0,0.021,0,104,0.0
103.5,0.019,0,105,0.0
104.0,0.026,0,104,0.0
104.5,0.027,0,104,0.0
105.0,0.027,0,103,0.0
105.5,0.021,0,103,0.0
106.0,0.021,0,103,0.6000000000000001
106.5,0.018,0,102,2.4000000000000004
107.0,0.021,0,102,3.6
107.5,0.023,0,103,4.2
108.0,0.021,0,103,4.2
108.5,0.023,0,103,4.2
109.0,0.023,0,103,3.6
109.5,0.019,0,102,3.6
110.0,0.021,0,102,3.6
110.5,0.021,0,102,3.6
111.0,0.019,0,102,3.6
111.5,0.019,0,102,4.2
112.0,0.021,0,102,4.2
112.5,0.026,0,102,4.800000000000001
113.0,0.026,0,102,5.4
113.5,0.024,0,103,4.800000000000001
114.0,0.021,0,103,4.800000000000001
114.5,0.018,0,103,4.2
115.0,0.018,0,103,3.6
115.5,0.018,0,102,4.2
116.0,0.021,0,102,4.2
116.5,0.026,0,103,4.800000000000001
117.0,0.026,0,102,4.2
117.5,0.023,0,102,4.2
118.0,0.021,0,102,4.2
118.5,0.023,0,102,4.2
119.0,0.026,0,102,3.6
119.5,0.021,0,103,3.6
120.0,0.019,0,103,3.6
120.5,0.019,0,103,3.0
121.0,0.018,0,103,3.0
121.5,0.026,0,103,3.6
122.0,0.024,0,102,3.6
122.5,0.021,0,102,2.4000000000000004
123.0,0.019,0,102,1.8
123.5,0.016,0,103,1.8
124.0,0.018,0,103,1.8
124.5,0.023,0,102,1.2000000000000002
125.0,0.021,0,102,1.2000000000000002
125.5,0.018,0,101,1.2000000000000002
126.0,0.018,0,101,1.2000000000000002
126.5,0.016,0,100,1.2000000000000002
127.0,0.015,0,100,1.2000000000000002
127.5,0.019,0,99,1.2000000000000002
128.0,0.018,0,100,0.0
128.5,0.018,0,99,0.0
129.0,0.019,0,99,0.0
129.5,0.019,0,100,0.0
130.0,0.021,0,100,0.0
130.5,0.023,0,99,0.0
131.0,0.021,0,99,0.0
131.5,0.019,0,99,0.0
132.0,0.019,0,99,0.0
132.5,0.019,0,100,0.0
133.0,0.018,0,100,0.0
133.5,0.018,0,100,0.0
134.0,0.019,0,101,0.0
134.5,0.019,0,102,0.0
135.0,0.019,0,102,0.6000000000000001
135.5,0.019,0,102,0.0
136.0,0.018,0,102,0.0
136.5,0.018,0,101,0.0
137.0,0.016,0,101,0.0
137.5,0.015,0,101,0.0
138.0,0.018,0,101,0.6000000000000001
138.5,0.019,0,100,2.4000000000000004
139.0,0.019,0,101,3.6
139.5,0.019,0,101,4.2
140.0,0.018,0,101,4.2
140.5,0.015,0,101,3.6
141.0,0.015,0,101,3.6
141.5,0.013,0,101,3.6
142.0,0.016,0,101,3.6
142.5,0.016,0,101,3.6
143.0,0.015,0,100,3.6
143.5,0.016,0,101,4.2
144.0,0.018,0,101,3.6
144.5,0.016,0,101,4.2
145.0,0.016,0,101,4.800000000000001
145.5,0.015,0,102,4.800000000000001
146.0,0.013,0,102,4.2
146.5,0.015,0,102,4.2
147.0,0.015,0,102,3.6
147.5,0.016,0,102,3.6
148.0,0.016,0,102,3.6
148.5,0.016,0,102,4.2
149.0,0.015,0,102,3.6
149.5,0.015,0,102,3.6
150.0,0.013,0,102,3.6
150.5,0.016,0,102,3.6
151.0,0.016,0,102,3.6
151.5,0.016,0,102,3.0
152.0,0.015,0,102,3.0
152.5,0.016,0,102,3.0
153.0,0.013,0,103,3.0
153.5,0.011,0,103,3.0
154.0,0.011,0,102,3.6
154.5,0.015,0,102,2.4000000000000004
155.0,0.011,0,102,1.8
155.5,0.015,0,102,1.8
156.0,0.011,0,103,1.2000000000000002
156.5,0.015,0,102,1.2000000000000002
157.0,0.013,0,102,1.8
157.5,0.013,0,101,1.2000000000000002
158.0,0.013,0,101,1.2000000000000002
158.5,0.013,0,100,1.2000000000000002
159.0,0.01,0,99,1.2000000000000002
159.5,0.011,0,99,1.2000000000000002
160.0,0.011,0,99,0.6000000000000001
160.5,0.013,0,99,0.0
161.0,0.013,0,99,0.0
161.5,0.016,0,99,0.0
162.0,0.011,0,100,0.0
162.5,0.011,0,99,0.0
163.0,0.011,0,99,0.0
163.5,0.011,0,100,0.0
164.0,0.011,0,99,0.0
164.5,0.016,0,100,0.0
165.0,0.015,0,100,0.0
165.5,0.013,0,100,0.0
166.0,0.013,0,101,0.0
166.5,0.015,0,102,0.0
167.0,0.013,0,102,0.0
167.5,0.015,0,102,0.0
168.0,0.013,0,102,0.0
168.5,0.013,0,102,0.0
169.0,0.011,0,101,0.0
169.5,0.008,0,101,0.0
170.0,0.006,0,101,0.6000000000000001
170.5,0.008,0,100,1.8
171.0,0.008,0,101,3.0
171.5,0.008,0,101,3.6
172.0,0.01,0,102,3.6
172.5,0.01,0,102,3.6
173.0,0.01,0,101,3.0
173.5,0.01,0,101,3.0
174.0,0.008,0,100,3.0
174.5,0.01,0,100,3.0
175.0,0.008,0,100,3.0
175.5,0.01,0,101,3.6
176.0,0.01,0,101,3.6
176.5,0.008,0,101,3.6
177.0,0.006,0,101,4.2
177.5,0.008,0,102,4.2
178.0,0.008,0,102,4.2
178.5,0.01,0,102,3.6
179.0,0.008,0,102,3.6
179.5,0.008,0,101,3.0
180.0,0.006,0,101,3.6
180.5,0.008,0,101,3.6
181.0,0.006,0,102,3.6
181.5,0.008,0,102,3.6
182.0,0.008,0,102,3.6
182.5,0.01,0,102,3.6
183.0,0.008,0,102,3.6
183.5,0.01,0,102,3.0
184.0,0.01,0,102,2.4000000000000004
184.5,0.006,0,102,2.4000000000000004
185.0,0.006,0,102,2.4000000000000004
185.5,0.01,0,102,3.0
186.0,0.008,0,103,3.0
186.5,0.01,0,102,2.4000000000000004
187.0,0.008,0,102,1.8
187.5,0.008,0,102,1.2000000000000002
188.0,0.006,0,103,1.2000000000000002
188.5,0.01,0,102,1.2000000000000002
189.0,0.008,0,102,1.2000000000000002
189.5,0.01,0,101,1.2000000000000002
190.0,0.008,0,101,1.2000000000000002
190.5,0.006,0,100,1.2000000000000002
191.0,0.006,0,100,1.2000000000000002
191.5,0.006,0,99,1.2000000000000002
192.0,0.005,0,99,0.6000000000000001
192.5,0.008,0,99,0.0
193.0,0.005,0,99,0.0
193.5,0.008,0,99,0.0
194.0,0.005,0,99,0.0
194.5,0.008,0,100,0.0
195.0,0.006,0,99,0.0
195.5,0.008,0,99,0.0
196.0,0.008,0,99,0.0
196.5,0.01,0,99,0.0
197.0,0.006,0,100,0.0
197.5,0.008,0,100,0.0
198.0,0.006,0,100,0.0
198.5,0.011,0,101,0.0
199.0,0.008,0,101,0.0
199.5,0.008,0,102,0.0
200.0,0.008,0,102,0.0
200.5,0.008,0,101,0.0
201.0,0.008,0,101,0.0
201.5,0.008,0,101,0.0
202.0,0.006,0,101,0.0
202.5,0.01,0,100,1.2000000000000002
203.0,0.008,0,100,3.0
203.5,0.01,0,100,3.6
204.0,0.008,0,101,3.6
204.5,0.01,0,101,3.6
205.0,0.008,0,101,3.0
205.5,0.006,0,100,3.0
206.0,0.008,0,100,2.4000000000000004
206.5,0.006,0,100,3.0
207.0,0.006,0,99,3.0
207.5,0.008,0,100,3.0
208.0,0.008,0,100,3.6
208.5,0.006,0,101,4.2
209.0,0.005,0,101,3.6
209.5,0.006,0,101,3.6
210.0,0.008,0,101,3.6
210.5,0.006,0,101,3.0
211.0,0.008,0,101,3.0
211.5,0.008,0,101,3.0
212.0,0.006,0,101,3.6
212.5,0.008,0,101,3.6
213.0,0.008,0,101,3.6
213.5,0.006,0,101,3.6
214.0,0.008,0,101,3.0
214.5,0.01,0,102,3.0
215.0,0.008,0,102,3.0
215.5,0.01,0,101,2.4000000000000004
216.0,0.008,0,102,2.4000000000000004
216.5,0.008,0,102,3.0
217.0,0.01,0,101,3.0
217.5,0.008,0,101,3.0
218.0,0.008,0,101,2.4000000000000004
218.5,0.011,0,102,1.8
219.0,0.008,0,102,1.2000000000000002
219.5,0.008,0,102,1.2000000000000002
220.0,0.008,0,102,1.2000000000000002
220.5,0.006,0,101,1.2000000000000002
221.0,0.006,0,100,1.2000000000000002
221.5,0.008,0,100,1.2000000000000002
222.0,0.006,0,99,1.2000000000000002
222.5,0.005,0,99,1.2000000000000002
223.0,0.006,0,99,1.2000000000000002
223.5,0.008,0,99,0.6000000000000001
224.0,0.006,0,99,0.0
224.5,0.008,0,99,0.0
225.0,0.008,0,99,0.0
225.5,0.006,0,99,0.0
226.0,0.006,0,99,0.0
226.5,0.006,0,99,0.0
227.0,0.006,0,99,0.0
227.5,0.006,0,98,0.0
228.0,0.006,0,99,0.0
228.5,0.006,0,99,0.0
229.0,0.006,0,99,0.0
229.5,0.005,0,100,0.0
230.0,0.005,0,101,0.0
230.5,0.005,0,101,0.6000000000000001
231.0,0.006,0,101,0.0
231.5,0.006,0,101,0.0
232.0,0.008,0,100,0.0
232.5,0.006,0,100,0.0
233.0,0.006,0,100,0.0
233.5,0.005,0,100,0.0
234.0,0.006,0,99,1.8
234.5,0.005,0,99,3.0
235.0,0.003,0,100,3.6
235.5,0.006,0,100,3.6
236.0,0.006,0,100,3.6
236.5,0.006,0,100,3.0
237.0,0.006,0,100,3.0
237.5,0.006,0,99,3.0
238.0,0.005,0,99,3.0
238.5,0.005,0,99,3.0
239.0,0.008,0,99,3.6
239.5,0.005,0,99,3.6
240.0,0.005,0,100,3.6
240.5,0.005,0,100,4.2
241.0,0.006,0,100,4.2
241.5,0.005,0,100,4.2
242.0,0.005,0,100,3.6
242.5,0.005,0,100,3.0
243.0,0.005,0,100,3.0
243.5,0.005,0,100,3.0
244.0,0.006,0,100,3.0
244.5,0.005,0,100,3.6
245.0,0.005,0,100,3.0
245.5,0.005,0,100,3.6
246.0,0.006,0,101,3.6
246.5,0.005,0,101,3.0
247.0,0.008,0,100,3.0
247.5,0.005,0,101,3.0
248.0,0.006,0,101,2.4000000000000004
248.5,0.005,0,101,2.4000000000000004
249.0,0.006,0,101,2.4000000000000004
249.5,0.005,0,101,3.0
250.0,0.01,0,101,3.0
250.5,0.006,0,100,2.4000000000000004
251.0,0.006,0,101,1.8
251.5,0.006,0,101,1.2000000000000002
252.0,0.006,0,101,1.2000000000000002
252.5,0.006,0,101,1.2000000000000002
253.0,0.01,0,101,1.2000000000000002
253.5,0.005,0,100,1.2000000000000002
254.0,0.005,0,99,1.2000000000000002
254.5,0.005,0,99,1.2000000000000002
255.0,0.005,0,98,1.2000000000000002
255.5,0.005,0,98,1.2000000000000002
256.0,0.008,0,98,0.6000000000000001
256.5,0.006,0,98,0.0
257.0,0.005,0,98,0.0
257.5,0.005,0,98,0.0
258.0,0.006,0,99,0.0
258.5,0.006,0,99,0.0
259.0,0.008,0,98,0.0
259.5,0.008,0,99,0.0
260.0,0.006,0,98,0.0
260.5,0.006,0,98,0.0
261.0,0.006,0,99,0.0
261.5,0.006,0,99,0.0
262.0,0.006,0,99,0.0
262.5,0.006,0,101,0.0
263.0,0.006,0,101,0.0
263.5,0.008,0,101,0.0
264.0,0.006,0,101,0.0
264.5,0.006,0,100,0.0
265.0,0.008,0,100,0.0
265.5,0.008,0,100,0.0
266.0,0.006,0,100,0.0
266.5,0.008,0,99,1.8
267.0,0.006,0,99,3.0
267.5,0.006,0,100,3.6
268.0,0.008,0,100,3.6
268.5,0.006,0,100,3.6
269.0,0.006,0,100,3.0
269.5,0.006,0,100,3.0
270.0,0.008,0,99,3.0
270.5,0.006,0,99,3.0
271.0,0.006,0,99,3.0
271.5,0.006,0,99,3.0
272.0,0.005,0,99,3.6
272.5,0.006,0,99,3.6
273.0,0.006,0,99,4.2
273.5,0.006,0,100,4.2
274.0,0.005,0,100,4.2
274.5,0.005,0,100,3.0
275.0,0.006,0,100,3.0
275.5,0.006,0,100,3.0
276.0,0.008,0,100,3.0
276.5,0.006,0,100,3.6
277.0,0.008,0,100,3.6
277.5,0.006,0,100,3.6
278.0,0.008,0,100,3.0
278.5,0.008,0,100,3.0
279.0,0.008,0,101,3.0
279.5,0.006,0,101,2.4000000000000004
280.0,0.008,0,101,2.4000000000000004
280.5,0.008,0,101,2.4000000000000004
281.0,0.008,0,101,2.4000000000000004
281.5,0.006,0,101,3.0
282.0,0.008,0,101,3.0
282.5,0.008,0,100,2.4000000000000004
283.0,0.01,0,100,1.8
283.5,0.008,0,101,1.2000000000000002
284.0,0.01,0,101,1.2000000000000002
284.5,0.01,0,101,1.2000000000000002
285.0,0.01,0,100,1.2000000000000002
285.5,0.01,0,100,1.2000000000000002
286.0,0.011,0,99,1.2000000000000002
286.5,0.01,0,99,1.2000000000000002
287.0,0.01,0,98,1.2000000000000002
287.5,0.013,0,98,1.2000000000000002
288.0,0.01,0,98,0.6000000000000001
288.5,0.008,0,97,0.0
289.0,0.008,0,98,0.0
289.5,0.008,0,98,0.0
290.0,0.01,0,98,0.0
290.5,0.008,0,98,0.0
291.0,0.006,0,98,0.0
291.5,0.01,0,98,0.0
292.0,0.01,0,98,0.0
292.5,0.01,0,98,0.0
293.0,0.011,0,98,0.0
293.5,0.008,0,99,0.0
294.0,0.006,0,99,0.0
294.5,0.006,0,100,0.0
295.0,0.01,0,100,0.0
295.5,0.008,0,100,0.0
296.0,0.01,0,100,0.0
296.5,0.008,0,100,0.0
297.0,0.008,0,100,0.0
297.5,0.008,0,100,0.0
298.0,0.01,0,99,0.0
298.5,0.008,0,99,1.2000000000000002
299.0,0.01,0,99,2.4000000000000004
299.5,0.008,0,99,3.6
300.0,0.006,0,100,3.6
300.5,0.008,0,100,3.6
301.0,0.008,0,99,3.0
301.5,0.008,0,99,3.0
302.0,0.01,0,99,3.0
302.5,0.008,0,99,3.0
303.0,0.006,0,98,3.0
303.5,0.008,0,98,3.0
304.0,0.006,0,98,3.6
304.5,0.008,0,99,3.6
305.0,0.008,0,99,4.2
305.5,0.01,0,99,4.800000000000001
306.0,0.008,0,100,4.2
306.5,0.01,0,100,4.2
307.0,0.006,0,100,3.6
307.5,0.005,0,100,3.6
308.0,0.003,0,99,3.0
308.5,0.005,0,99,3.6
309.0,0.003,0,100,3.6
309.5,0.006,0,100,3.6
310.0,0.006,0,99,3.6
310.5,0.008,0,100,3.6
311.0,0.006,0,100,3.6
311.5,0.008,0,100,3.6
312.0,0.008,0,100,3.0
312.5,0.008,0,101,3.0
313.0,0.008,0,100,2.4000000000000004
313.5,0.01,0,100,2.4000000000000004
314.0,0.01,0,100,3.0
314.5,0.011,0,100,3.0
315.0,0.011,0,100,3.0
315.5,0.011,0,100,2.4000000000000004
316.0,0.01,0,100,1.8
316.5,0.01,0,101,1.2000000000000002
317.0,0.008,0,101,1.2000000000000002
317.5,0.01,0,100,1.2000000000000002
318.0,0.008,0,100,1.2000000000000002
318.5,0.011,0,99,1.2000000000000002
319.0,0.008,0,99,1.2000000000000002
319.5,0.008,0,98,1.2000000000000002
320.0,0.005,0,98,1.2000000000000002
320.5,0.006,0,98,1.2000000000000002
321.0,0.005,0,98,0.0
321.5,0.005,0,98,0.0
322.0,0.006,0,98,0.0
322.5,0.008,0,98,0.0
323.0,0.01,0,98,0.0
323.5,0.01,0,97,0.0
324.0,0.008,0,97,0.0
324.5,0.008,0,98,0.0
325.0,0.008,0,98,0.0
325.5,0.008,0,98,0.0
326.0,0.008,0,98,0.0
326.5,0.008,0,99,0.0
327.0,0.008,0,99,0.0
327.5,0.01,0,100,0.0
328.0,0.01,0,100,0.0
328.5,0.01,0,100,0.0
329.0,0.008,0,99,0.0
329.5,0.008,0,99,0.0
330.0,0.008,0,99,0.0
330.5,0.01,0,99,0.0
331.0,0.008,0,98,1.8
331.5,0.008,0,98,3.0
332.0,0.008,0,98,3.6
332.5,0.008,0,99,4.2
333.0,0.006,0,99,3.6
333.5,0.006,0,99,3.6
334.0,0.005,0,99,3.0
334.5,0.006,0,98,3.0
335.0,0.008,0,98,3.0
335.5,0.008,0,98,3.0
336.0,0.01,0,98,3.6
336.5,0.01,0,98,3.6
337.0,0.01,0,99,3.6
337.5,0.01,0,99,4.2
338.0,0.01,0,99,4.800000000000001
338.5,0.008,0,99,4.2
339.0,0.008,0,99,4.2
339.5,0.008,0,99,3.6
340.0,0.008,0,99,3.6
340.5,0.01,0,99,3.6
341.0,0.008,0,99,3.6
341.5,0.008,0,99,4.2
342.0,0.006,0,100,4.2
342.5,0.005,0,98,3.6
343.0,0.008,0,98,3.6
343.5,0.01,0,99,3.6
344.0,0.011,0,99,3.6
344.5,0.008,0,100,3.0
345.0,0.01,0,100,3.0
345.5,0.011,0,100,3.0
346.0,0.008,0,100,3.0
346.5,0.008,0,100,3.0
347.0,0.008,0,100,3.6
347.5,0.006,0,100,3.0
348.0,0.006,0,100,1.8
348.5,0.01,0,100,1.8
349.0,0.01,0,100,1.2000000000000002
349.5,0.01,0,100,1.2000000000000002
350.0,0.01,0,100,1.2000000000000002
350.5,0.01,0,99,1.2000000000000002
351.0,0.006,0,99,1.2000000000000002
351.5,0.008,0,98,1.2000000000000002
352.0,0.008,0,98,1.2000000000000002
352.5,0.008,0,97,1.2000000000000002
353.0,0.01,0,97,0.6000000000000001
353.5,0.008,0,97,0.0
354.0,0.008,0,98,0.0
354.5,0.006,0,97,0.0
355.0,0.008,0,98,0.0
355.5,0.006,0,98,0.0
356.0,0.006,0,98,0.0
356.5,0.008,0,98,0.0
357.0,0.008,0,98,0.0
357.5,0.008,0,98,0.0
358.0,0.008,0,98,0.0
358.5,0.008,0,99,0.0
359.0,0.006,0,99,0.0
359.5,0.006,0,100,0.0
360.0,0.006,0,100,0.0
360.5,0.005,0,101,0.0
361.0,0.008,0,101,0.0
361.5,0.006,0,101,0.0
362.0,0.008,0,100,0.0
362.5,0.01,0,100,0.0
363.0,0.01,0,100,0.0
363.5,0.01,0,100,0.6000000000000001
364.0,0.008,0,99,2.4000000000000004
364.5,0.006,0,100,3.6
365.0,0.008,0,100,3.6
365.5,0.008,0,101,3.6
366.0,0.008,0,100,3.6
366.5,0.008,0,100,3.0
367.0,0.01,0,100,3.0
367.5,0.006,0,99,3.0
368.0,0.01,0,99,3.0
368.5,0.006,0,99,3.0
369.0,0.008,0,99,3.6
369.5,0.008,0,100,3.6
370.0,0.006,0,100,3.6
370.5,0.006,0,100,4.2
371.0,0.011,0,100,4.2
371.5,0.01,0,100,4.2
372.0,0.008,0,101,3.6
372.5,0.006,0,100,3.0
373.0,0.006,0,100,3.0
373.5,0.006,0,100,3.6
374.0,0.01,0,100,3.6
374.5,0.006,0,100,3.6
375.0,0.008,0,100,3.6
375.5,0.005,0,100,3.6
376.0,0.006,0,100,3.6
376.5,0.005,0,100,3.6
377.0,0.01,0,100,3.0
377.5,0.006,0,101,3.0
378.0,0.01,0,101,3.0
378.5,0.008,0,101,3.0
379.0,0.01,0,101,3.0
379.5,0.008,0,101,3.0
380.0,0.011,0,100,3.0
380.5,0.01,0,100,2.4000000000000004
381.0,0.008,0,100,1.8
381.5,0.008,0,101,1.2000000000000002
382.0,0.008,0,101,1.2000000000000002
382.5,0.01,0,101,1.2000000000000002
383.0,0.011,0,100,1.2000000000000002
383.5,0.011,0,99,1.2000000000000002
384.0,0.01,0,99,1.2000000000000002
384.5,0.006,0,98,1.2000000000000002
385.0,0.006,0,98,1.2000000000000002
385.5,0.006,0,98,1.2000000000000002
386.0,0.005,0,98,0.0
386.5,0.006,0,98,0.0
387.0,0.006,0,98,0.0
387.5,0.008,0,98,0.0
388.0,0.008,0,99,0.0
388.5,0.008,0,99,0.0
389.0,0.008,0,98,0.0
389.5,0.008,0,98,0.0
390.0,0.008,0,98,0.0
390.5,0.006,0,99,0.0
391.0,0.008,0,99,0.0
391.5,0.01,0,99,0.0
392.0,0.01,0,100,0.0
392.5,0.011,0,101,0.0
393.0,0.01,0,101,0.0
393.5,0.01,0,101,0.0
394.0,0.008,0,101,0.0
394.5,0.006,0,100,0.0
395.0,0.006,0,100,0.0
395.5,0.008,0,100,0.0
396.0,0.008,0,100,0.0
396.5,0.01,0,99,1.8
397.0,0.008,0,99,3.0
397.5,0.006,0,100,3.6
398.0,0.006,0,100,3.6
398.5,0.008,0,100,3.6
399.0,0.008,0,100,3.0
399.5,0.006,0,99,3.0
400.0,0.008,0,99,3.0
400.5,0.01,0,99,3.0
401.0,0.01,0,99,3.0
401.5,0.01,0,99,3.6
402.0,0.008,0,100,3.6
402.5,0.01,0,100,3.6
403.0,0.006,0,100,4.2
403.5,0.006,0,100,4.2
404.0,0.01,0,100,4.2
404.5,0.01,0,101,3.6
405.0,0.008,0,100,3.6
405.5,0.01,0,100,3.6
406.0,0.005,0,100,3.6
406.5,0.006,0,100,3.6
407.0,0.008,0,100,4.2
407.5,0.006,0,100,3.6
408.0,0.006,0,100,3.6
408.5,0.008,0,100,3.6
409.0,0.008,0,101,3.0
409.5,0.01,0,101,3.0
410.0,0.01,0,101,2.4000000000000004
410.5,0.01,0,101,2.4000000000000004
411.0,0.008,0,101,2.4000000000000004
411.5,0.01,0,101,3.0
412.0,0.008,0,101,3.0
412.5,0.008,0,101,3.0
413.0,0.006,0,101,2.4000000000000004
413.5,0.01,0,101,1.8
414.0,0.01,0,101,1.2000000000000002
414.5,0.01,0,101,1.2000000000000002
415.0,0.01,0,101,1.2000000000000002
415.5,0.008,0,100,1.2000000000000002
416.0,0.006,0,100,1.2000000000000002
416.5,0.006,0,99,1.2000000000000002
417.0,0.011,0,98,1.2000000000000002
417.5,0.01,0,98,0.0
418.0,0.008,0,98,0.0
418.5,0.01,0,98,0.0
419.0,0.01,0,98,0.0
419.5,0.011,0,98,0.0
420.0,0.008,0,98,0.0
420.5,0.01,0,98,0.0
421.0,0.008,0,98,0.0
421.5,0.01,0,98,0.0
422.0,0.011,0,99,0.0
422.5,0.011,0,99,0.0
423.0,0.01,0,99,0.0
423.5,0.01,0,100,0.0
424.0,0.011,0,100,0.0
424.5,0.01,0,101,0.0
425.0,0.008,0,101,0.0
425.5,0.01,0,100,0.0
426.0,0.008,0,100,0.0
426.5,0.01,0,100,0.0
427.0,0.01,0,100,0.0
427.5,0.01,0,100,0.6000000000000001
428.0,0.008,0,99,1.8
428.5,0.008,0,99,3.0
429.0,0.008,0,100,3.6
429.5,0.011,0,100,3.6
430.0,0.011,0,100,3.6
430.5,0.01,0,100,3.6
431.0,0.011,0,99,3.0
431.5,0.013,0,99,3.0
432.0,0.011,0,99,3.0
432.5,0.01,0,99,3.0
433.0,0.01,0,99,3.6
433.5,0.01,0,99,3.6
434.0,0.011,0,99,3.6
434.5,0.011,0,100,4.2
435.0,0.011,0,100,4.800000000000001
435.5,0.008,0,100,4.2
436.0,0.01,0,100,4.2
436.5,0.008,0,100,3.6
437.0,0.006,0,100,3.6
437.5,0.006,0,100,3.6
438.0,0.01,0,100,3.6
438.5,0.01,0,100,4.2
439.0,0.011,0,100,3.6
439.5,0.008,0,100,3.6
440.0,0.01,0,100,3.6
440.5,0.006,0,100,3.6
441.0,0.008,0,100,3.0
441.5,0.008,0,100,3.0
442.0,0.011,0,100,3.0
442.5,0.008,0,100,2.4000000000000004
443.0,0.01,0,101,3.0
443.5,0.01,0,100,3.0
444.0,0.011,0,100,3.6
444.5,0.01,0,100,2.4000000000000004
445.0,0.011,0,100,1.8
445.5,0.01,0,100,1.8
446.0,0.008,0,101,1.2000000000000002
446.5,0.01,0,101,1.2000000000000002
447.0,0.011,0,100,1.2000000000000002
447.5,0.011,0,99,1.2000000000000002
448.0,0.013,0,99,1.2000000000000002
448.5,0.008,0,98,1.2000000000000002
449.0,0.008,0,98,1.2000000000000002
449.5,0.006,0,97,1.2000000000000002
450.0,0.01,0,98,0.6000000000000001
450.5,0.01,0,98,0.0
451.0,0.01,0,98,0.0
451.5,0.011,0,98,0.0
452.0,0.011,0,98,0.0
452.5,0.011,0,98,0.0
453.0,0.013,0,98,0.0
453.5,0.01,0,98,0.0
454.0,0.008,0,98,0.0
454.5,0.008,0,97,0.0
455.0,0.008,0,99,0.0
455.5,0.011,0,99,0.0
456.0,0.013,0,99,0.0
456.5,0.013,0,100,0.0
457.0,0.011,0,101,0.0
457.5,0.011,0,101,0.0
458.0,0.013,0,101,0.0
458.5,0.01,0,100,0.0
459.0,0.008,0,100,0.0
459.5,0.008,0,100,0.0
460.0,0.011,0,100,0.0
460.5,0.01,0,100,1.2000000000000002
461.0,0.011,0,99,3.0
461.5,0.01,0,100,3.6
462.0,0.01,0,100,3.6
462.5,0.008,0,100,3.6
463.0,0.01,0,100,3.0
463.5,0.01,0,100,3.0
464.0,0.011,0,99,3.0
464.5,0.01,0,99,3.0
465.0,0.013,0,99,3.0
465.5,0.011,0,99,3.0
466.0,0.013,0,99,3.6
466.5,0.01,0,100,3.6
467.0,0.011,0,100,4.2
467.5,0.01,0,100,4.2
468.0,0.01,0,101,4.2
468.5,0.01,0,101,4.2
469.0,0.015,0,100,3.6
469.5,0.011,0,100,3.6
470.0,0.011,0,100,3.6
470.5,0.013,0,100,3.6
471.0,0.01,0,100,4.2
471.5,0.006,0,100,3.6
472.0,0.01,0,100,3.6
472.5,0.01,0,100,3.6
473.0,0.013,0,101,3.6
473.5,0.011,0,100,3.0
474.0,0.011,0,101,3.0
474.5,0.01,0,101,3.0
475.0,0.01,0,101,2.4000000000000004
475.5,0.008,0,101,2.4000000000000004
476.0,0.008,0,101,3.0
476.5,0.008,0,101,3.0
477.0,0.01,0,101,2.4000000000000004
477.5,0.008,0,101,1.8
478.0,0.013,0,101,1.8
478.5,0.011,0,101,1.2000000000000002
479.0,0.013,0,101,1.2000000000000002
479.5,0.013,0,101,1.2000000000000002
480.0,0.01,0,100,1.2000000000000002
480.5,0.006,0,100,1.2000000000000002
481.0,0.008,0,99,1.2000000000000002
481.5,0.01,0,98,1.2000000000000002
482.0,0.008,0,98,1.2000000000000002
482.5,0.01,0,98,0.6000000000000001
483.0,0.01,0,98,0.0
483.5,0.01,0,98,0.0
484.0,0.01,0,98,0.0
484.5,0.01,0,99,0.0
485.0,0.01,0,99,0.0
485.5,0.01,0,98,0.0
486.0,0.01,0,98,0.0
486.5,0.01,0,99,0.0
487.0,0.008,0,98,0.0
487.5,0.01,0,98,0.0
488.0,0.008,0,100,0.0
488.5,0.008,0,99,0.0
489.0,0.006,0,100,0.0
489.5,0.01,0,101,0.0
490.0,0.008,0,101,0.0
490.5,0.011,0,101,0.0
491.0,0.008,0,101,0.0
491.5,0.01,0,100,0.0
492.0,0.01,0,100,0.0
492.5,0.01,0,100,0.0
493.0,0.006,0,100,1.2000000000000002
493.5,0.008,0,99,2.4000000000000004
494.0,0.008,0,100,3.6
494.5,0.01,0,100,3.6
495.0,0.01,0,100,3.6
495.5,0.011,0,100,3.0
496.0,0.011,0,100,3.0
496.5,0.013,0,99,3.0
497.0,0.011,0,99,3.0
497.5,0.011,0,99,3.0
498.0,0.011,0,99,3.6
498.5,0.011,0,99,3.6
499.0,0.01,0,99,3.6
499.5,0.011,0,99,4.2
500.0,0.008,0,100,4.2
500.5,0.011,0,100,4.2
501.0,0.008,0,100,4.2
501.5,0.008,0,100,3.6
502.0,0.006,0,100,3.6
502.5,0.008,0,100,3.6
503.0,0.008,0,100,3.6
503.5,0.011,0,100,3.6
504.0,0.011,0,100,3.6
504.5,0.01,0,100,3.6
505.0,0.01,0,100,3.6
505.5,0.01,0,100,3.6
506.0,0.01,0,100,3.0
506.5,0.01,0,101,3.0
507.0,0.01,0,100,2.4000000000000004
507.5,0.01,0,100,2.4000000000000004
508.0,0.01,0,101,2.4000000000000004
508.5,0.01,0,100,2.4000000000000004
509.0,0.01,0,100,3.0
509.5,0.01,0,100,2.4000000000000004
510.0,0.011,0,100,1.8
510.5,0.008,0,100,1.8
511.0,0.008,0,101,1.2000000000000002
511.5,0.011,0,101,1.2000000000000002
512.0,0.011,0,100,1.2000000000000002
512.5,0.011,0,100,1.2000000000000002
513.0,0.011,0,99,1.2000000000000002
513.5,0.008,0,99,1.2000000000000002
514.0,0.005,0,98,1.2000000000000002
514.5,0.008,0,98,1.2000000000000002
515.0,0.008,0,98,0.6000000000000001
515.5,0.006,0,97,0.0
516.0,0.01,0,98,0.0
516.5,0.011,0,98,0.0
517.0,0.011,0,98,0.0
517.5,0.01,0,98,0.0
518.0,0.01,0,98,0.0
518.5,0.008,0,98,0.0
519.0,0.008,0,98,0.0
519.5,0.008,0,98,0.0
520.0,0.008,0,98,0.0
520.5,0.008,0,99,0.0
521.0,0.011,0,99,0.0
521.5,0.01,0,100,0.0
522.0,0.01,0,100,0.0
522.5,0.01,0,101,0.0
523.0,0.008,0,101,0.0
523.5,0.006,0,100,0.0
524.0,0.006,0,100,0.0
524.5,0.008,0,100,0.0
525.0,0.011,0,100,0.0
525.5,0.011,0,99,0.6000000000000001
526.0,0.008,0,99,1.8
526.5,0.006,0,99,3.0
527.0,0.006,0,100,3.6
527.5,0.006,0,100,3.6
528.0,0.01,0,100,3.6
528.5,0.01,0,100,3.0
529.0,0.011,0,99,3.0
529.5,0.01,0,99,3.0
530.0,0.01,0,99,3.0
530.5,0.01,0,99,3.0
531.0,0.01,0,99,3.0
531.5,0.011,0,99,3.6
532.0,0.01,0,100,3.6
532.5,0.008,0,100,4.2
533.0,0.006,0,100,4.2
533.5,0.006,0,100,4.2
534.0,0.013,0,100,3.6
534.5,0.011,0,100,3.6
535.0,0.011,0,100,3.6
535.5,0.008,0,100,3.6
536.0,0.006,0,100,3.6
536.5,0.003,0,100,3.6
537.0,0.008,0,100,3.6
537.5,0.011,0,100,3.6
538.0,0.01,0,100,3.6
538.5,0.008,0,100,3.0
539.0,0.008,0,100,3.0
539.5,0.006,0,101,3.0
540.0,0.006,0,101,3.0
540.5,0.008,0,100,2.4000000000000004
541.0,0.008,0,101,3.0
541.5,0.006,0,100,3.0
542.0,0.006,0,100,3.0
542.5,0.008,0,100,2.4000000000000004
543.0,0.011,0,100,1.8
543.5,0.011,0,101,1.2000000000000002
544.0,0.011,0,101,1.2000000000000002
544.5,0.01,0,100,1.2000000000000002
545.0,0.008,0,100,1.2000000000000002
545.5,0.006,0,99,1.2000000000000002
546.0,0.006,0,99,1.2000000000000002
546.5,0.01,0,98,1.2000000000000002
547.0,0.008,0,98,1.2000000000000002
547.5,0.008,0,98,1.2000000000000002
548.0,0.005,0,98,0.0
548.5,0.006,0,98,0.0
549.0,0.01,0,98,0.0
549.5,0.01,0,98,0.0
550.0,0.008,0,98,0.0
550.5,0.01,0,98,0.0
551.0,0.008,0,98,0.0
551.5,0.008,0,98,0.0
552.0,0.01,0,98,0.0
552.5,0.008,0,98,0.0
553.0,0.008,0,98,0.0
553.5,0.006,0,99,0.0
554.0,0.006,0,99,0.0
554.5,0.006,0,100,0.0
555.0,0.008,0,100,0.0
555.5,0.008,0,101,0.0
556.0,0.008,0,100,0.0
556.5,0.008,0,100,0.0
557.0,0.006,0,100,0.0
557.5,0.005,0,100,0.0
558.0,0.005,0,99,0.0
558.5,0.006,0,99,1.8
559.0,0.005,0,99,3.0
559.5,0.005,0,99,3.6
560.0,0.006,0,100,4.2
560.5,0.008,0,100,3.6
561.0,0.01,0,100,3.6
561.5,0.01,0,99,3.0
562.0,0.005,0,99,3.0
562.5,0.005,0,99,3.0
563.0,0.005,0,98,3.0
563.5,0.008,0,98,3.0
564.0,0.008,0,99,3.6
564.5,0.008,0,99,3.6
565.0,0.006,0,99,4.2
565.5,0.008,0,100,4.800000000000001
566.0,0.01,0,100,4.2
566.5,0.008,0,100,4.2
567.0,0.005,0,100,3.6
567.5,0.003,0,100,3.6
568.0,0.003,0,100,3.6
568.5,0.008,0,100,3.6
569.0,0.008,0,100,4.2
569.5,0.006,0,100,3.6
570.0,0.006,0,99,3.6
570.5,0.006,0,100,3.6
571.0,0.005,0,100,3.6
571.5,0.01,0,100,3.6
572.0,0.006,0,100,3.0
572.5,0.006,0,101,3.0
573.0,0.006,0,100,3.0
573.5,0.008,0,100,3.0
574.0,0.005,0,100,3.0
574.5,0.008,0,100,3.6
575.0,0.006,0,100,2.4000000000000004
575.5,0.005,0,100,1.8
576.0,0.006,0,101,1.8
576.5,0.008,0,101,1.2000000000000002
577.0,0.008,0,101,1.2000000000000002
577.5,0.01,0,100,1.2000000000000002
578.0,0.008,0,99,1.2000000000000002
578.5,0.006,0,99,1.2000000000000002
579.0,0.005,0,98,1.2000000000000002
579.5,0.006,0,98,1.2000000000000002
580.0,0.005,0,98,1.2000000000000002
580.5,0.006,0,98,0.6000000000000001
581.0,0.006,0,98,0.0
581.5,0.006,0,98,0.0
582.0,0.008,0,98,0.0
582.5,0.006,0,98,0.0
583.0,0.006,0,98,0.0
583.5,0.006,0,98,0.0
584.0,0.006,0,98,0.0
584.5,0.006,0,98,0.0
585.0,0.008,0,98,0.0
585.5,0.008,0,99,0.0
586.0,0.008,0,99,0.0
586.5,0.008,0,99,0.0
587.0,0.006,0,100,0.0
587.5,0.008,0,101,0.0
588.0,0.006,0,101,0.0
588.5,0.005,0,101,0.0
589.0,0.008,0,100,0.0
589.5,0.008,0,100,0.0
590.0,0.008,0,100,0.0
590.5,0.008,0,100,0.0
591.0,0.006,0,99,1.2000000000000002
591.5,0.006,0,99,2.4000000000000004
592.0,0.006,0,99,3.6
592.5,0.005,0,100,3.6
593.0,0.006,0,100,3.6
593.5,0.005,0,100,3.6
594.0,0.008,0,99,3.0
594.5,0.008,0,99,3.0
595.0,0.006,0,99,3.0
595.5,0.006,0,99,3.0
596.0,0.006,0,99,3.0
596.5,0.006,0,99,3.6
597.0,0.01,0,99,3.6
597.5,0.008,0,99,3.6
598.0,0.008,0,100,4.800000000000001
598.5,0.008,0,100,4.800000000000001
599.0,0.01,0,100,4.2
599.5,0.008,0,101,3.6
600.0,0.01,0,100,3.6
600.5,0.008,0,100,3.6
601.0,0.006,0,100,3.6
601.5,0.006,0,100,4.2
602.0,0.008,0,100,4.2
602.5,0.008,0,100,3.6
603.0,0.01,0,100,3.6
603.5,0.008,0,100,3.6
604.0,0.008,0,101,3.6
604.5,0.006,0,101,3.0
605.0,0.006,0,101,3.0
605.5,0.006,0,101,3.0
606.0,0.008,0,101,2.4000000000000004
606.5,0.008,0,101,3.0
607.0,0.008,0,101,3.0
607.5,0.006,0,101,3.0
608.0,0.008,0,101,1.8
608.5,0.008,0,101,1.8
609.0,0.01,0,101,1.2000000000000002
609.5,0.008,0,101,1.2000000000000002
610.0,0.006,0,101,1.2000000000000002
610.5,0.008,0,100,1.2000000000000002
611.0,0.008,0,99,1.2000000000000002
611.5,0.006,0,99,1.2000000000000002
612.0,0.01,0,99,1.2000000000000002
612.5,0.008,0,98,1.2000000000000002
613.0,0.008,0,98,0.6000000000000001
613.5,0.006,0,98,0.0
614.0,0.008,0,98,0.0
614.5,0.006,0,98,0.0
615.0,0.01,0,98,0.0
615.5,0.008,0,99,0.0
616.0,0.01,0,99,0.0
616.5,0.008,0,98,0.0
617.0,0.01,0,98,0.0
617.5,0.008,0,98,0.0
618.0,0.01,0,99,0.0
618.5,0.01,0,99,0.0
619.0,0.01,0,99,0.0
619.5,0.006,0,100,0.0
620.0,0.008,0,100,0.0
620.5,0.006,0,101,0.0
621.0,0.008,0,101,0.0
621.5,0.008,0,100,0.0
622.0,0.008,0,100,0.0
622.5,0.008,0,100,0.0
623.0,0.006,0,100,0.0
623.5,0.006,0,99,0.6000000000000001
624.0,0.005,0,99,1.8
624.5,0.006,0,99,3.6
625.0,0.006,0,100,3.6
625.5,0.008,0,100,3.6
626.0,0.008,0,100,3.6
626.5,0.008,0,100,3.6
627.0,0.006,0,99,3.0
627.5,0.006,0,99,3.0
628.0,0.008,0,99,3.0
628.5,0.011,0,99,3.0
629.0,0.01,0,99,3.6
629.5,0.01,0,99,3.6
630.0,0.008,0,100,3.6
630.5,0.01,0,100,4.2
631.0,0.008,0,100,4.2
631.5,0.013,0,100,4.2
632.0,0.01,0,100,3.6
632.5,0.008,0,100,3.6
633.0,0.006,0,100,3.0
633.5,0.006,0,100,3.0
634.0,0.003,0,100,3.6
634.5,0.008,0,100,3.6
635.0,0.008,0,100,3.6
635.5,0.008,0,100,3.6
636.0,0.006,0,100,3.6
636.5,0.008,0,100,3.6
637.0,0.006,0,100,3.0
637.5,0.011,0,100,3.0
638.0,0.01,0,100,2.4000000000000004
638.5,0.008,0,101,2.4000000000000004
639.0,0.005,0,101,3.0
639.5,0.008,0,100,3.0
640.0,0.008,0,100,3.0
640.5,0.011,0,100,2.4000000000000004
641.0,0.01,0,100,1.8
641.5,0.008,0,101,1.2000000000000002
642.0,0.005,0,101,1.2000000000000002
642.5,0.008,0,101,1.2000000000000002
643.0,0.01,0,100,1.2000000000000002
643.5,0.01,0,99,1.2000000000000002
644.0,0.008,0,98,0.6000000000000001
644.5,0.008,0,98,0.0
645.0,0.01,0,98,0.0
645.5,0.011,0,98,0.0
646.0,0.011,0,98,0.0
646.5,0.01,0,98,0.0
647.0,0.011,0,98,0.0
647.5,0.011,0,98,0.0
648.0,0.01,0,98,0.0
648.5,0.011,0,98,0.0
649.0,0.01,0,99,0.0
649.5,0.01,0,99,0.0
650.0,0.013,0,99,0.0
650.5,0.011,0,100,0.0
651.0,0.011,0,100,0.0
651.5,0.011,0,100,0.0
652.0,0.01,0,101,0.0
652.5,0.008,0,101,0.0
653.0,0.008,0,100,0.0
653.5,0.01,0,100,0.0
654.0,0.01,0,100,0.0
654.5,0.011,0,99,0.0
655.0,0.01,0,99,1.8
655.5,0.008,0,99,3.0
656.0,0.008,0,100,3.6
656.5,0.01,0,100,3.6
657.0,0.01,0,100,3.6
657.5,0.013,0,99,3.0
658.0,0.01,0,99,3.0
658.5,0.011,0,98,3.0
659.0,0.01,0,98,3.0
659.5,0.01,0,98,3.0
660.0,0.008,0,98,3.6
660.5,0.013,0,99,3.6
661.0,0.013,0,99,3.6
661.5,0.011,0,99,4.2
662.0,0.01,0,99,4.800000000000001
662.5,0.011,0,100,4.2
663.0,0.01,0,100,4.2
663.5,0.011,0,100,3.6
664.0,0.013,0,99,3.6
664.5,0.011,0,99,3.6
665.0,0.011,0,99,3.6
665.5,0.011,0,100,4.2
666.0,0.011,0,99,3.6
666.5,0.011,0,99,4.2
667.0,0.011,0,99,3.6
667.5,0.011,0,100,3.6
668.0,0.01,0,100,3.0
668.5,0.008,0,100,3.0
669.0,0.008,0,100,3.0
669.5,0.011,0,100,3.0
670.0,0.011,0,101,3.0
670.5,0.013,0,100,3.0
671.0,0.011,0,100,3.6
671.5,0.01,0,100,2.4000000000000004
672.0,0.01,0,100,1.8
672.5,0.011,0,101,1.8
673.0,0.011,0,101,1.2000000000000002
673.5,0.011,0,101,1.2000000000000002
674.0,0.01,0,100,1.2000000000000002
674.5,0.01,0,99,1.2000000000000002
675.0,0.008,0,99,1.2000000000000002
675.5,0.01,0,99,1.2000000000000002
676.0,0.011,0,98,1.2000000000000002
676.5,0.013,0,98,1.2000000000000002
677.0,0.01,0,98,0.6000000000000001
677.5,0.01,0,98,0.0
678.0,0.006,0,98,0.0
678.5,0.011,0,98,0.0
679.0,0.011,0,99,0.0
679.5,0.011,0,98,0.0
680.0,0.01,0,98,0.0
680.5,0.011,0,98,0.0
681.0,0.01,0,98,0.0
681.5,0.01,0,98,0.0
682.0,0.01,0,99,0.0
682.5,0.008,0,99,0.0
683.0,0.008,0,99,0.0
683.5,0.008,0,101,0.0
684.0,0.006,0,101,0.0
684.5,0.008,0,101,0.0
685.0,0.008,0,101,0.0
685.5,0.008,0,101,0.0
686.0,0.008,0,100,0.0
686.5,0.008,0,100,0.0
687.0,0.008,0,100,0.0
687.5,0.01,0,100,1.2000000000000002
688.0,0.01,0,99,2.4000000000000004
688.5,0.008,0,100,3.6
689.0,0.01,0,100,3.6
689.5,0.01,0,100,3.6
690.0,0.01,0,100,3.0
690.5,0.008,0,99,3.0
691.0,0.008,0,99,3.0
691.5,0.01,0,99,3.0
692.0,0.008,0,99,3.0
692.5,0.011,0,100,3.6
693.0,0.011,0,100,3.6
693.5,0.011,0,100,4.2
694.0,0.011,0,100,4.2
694.5,0.011,0,100,4.2
695.0,0.011,0,101,4.2
695.5,0.01,0,100,3.6
696.0,0.01,0,100,3.6
696.5,0.01,0,100,3.0
697.0,0.011,0,100,3.6
697.5,0.013,0,100,4.2
698.0,0.01,0,100,3.6
698.5,0.01,0,100,3.6
699.0,0.01,0,100,3.6
699.5,0.008,0,100,3.6
700.0,0.008,0,100,3.0
700.5,0.008,0,100,3.0
701.0,0.008,0,100,3.0
701.5,0.008,0,100,3.0
702.0,0.01,0,101,3.0
702.5,0.008,0,101,3.0
703.0,0.008,0,101,3.0
703.5,0.01,0,100,2.4000000000000004
704.0,0.011,0,100,1.8
704.5,0.011,0,101,1.2000000000000002
705.0,0.011,0,101,1.2000000000000002
705.5,0.011,0,101,1.2000000000000002
706.0,0.008,0,100,1.2000000000000002
706.5,0.011,0,100,1.2000000000000002
707.0,0.01,0,99,1.2000000000000002
707.5,0.01,0,98,1.2000000000000002
708.0,0.006,0,98,1.2000000000000002
708.5,0.008,0,98,1.2000000000000002
709.0,0.006,0,98,0.6000000000000001
709.5,0.01,0,97,0.0
710.0,0.011,0,98,0.0
710.5,0.013,0,98,0.0
711.0,0.013,0,98,0.0
711.5,0.013,0,98,0.0
712.0,0.011,0,98,0.0
712.5,0.013,0,98,0.0
713.0,0.013,0,98,0.0
713.5,0.01,0,98,0.0
714.0,0.011,0,98,0.0
714.5,0.011,0,99,0.0
715.0,0.011,0,99,0.0
715.5,0.011,0,100,0.0
716.0,0.011,0,100,0.0
716.5,0.01,0,101,0.0
717.0,0.01,0,101,0.0
717.5,0.01,0,100,0.0
718.0,0.01,0,100,0.0
718.5,0.01,0,100,0.0
719.0,0.011,0,100,0.0
719.5,0.01,0,99,0.6000000000000001
720.0,0.011,0,99,2.4000000000000004
720.5,0.01,0,99,3.6
721.0,0.01,0,100,3.6
721.5,0.008,0,100,3.6
722.0,0.01,0,100,3.6
722.5,0.008,0,100,3.0
723.0,0.011,0,99,3.0
723.5,0.011,0,99,3.0
724.0,0.013,0,99,3.0
724.5,0.011,0,99,3.0
725.0,0.011,0,99,3.6
725.5,0.01,0,100,3.6
726.0,0.011,0,100,4.2
726.5,0.01,0,100,4.800000000000001
727.0,0.01,0,101,4.2
727.5,0.011,0,101,4.2
728.0,0.013,0,101,3.6
728.5,0.01,0,100,3.6
729.0,0.011,0,100,3.0
729.5,0.011,0,100,3.6
730.0,0.01,0,100,3.6
730.5,0.01,0,100,3.6
731.0,0.013,0,100,3.6
731.5,0.011,0,100,3.6
732.0,0.015,0,100,3.6
732.5,0.013,0,100,3.0
733.0,0.011,0,101,3.0
733.5,0.01,0,100,3.0
734.0,0.008,0,101,2.4000000000000004
734.5,0.008,0,101,2.4000000000000004
735.0,0.01,0,101,3.0
735.5,0.013,0,101,3.0
736.0,0.011,0,101,3.0
736.5,0.01,0,101,1.8
737.0,0.011,0,101,1.8
737.5,0.011,0,101,1.8
738.0,0.01,0,101,1.2000000000000002
738.5,0.01,0,101,1.2000000000000002
739.0,0.008,0,100,1.2000000000000002
739.5,0.008,0,100,1.2000000000000002
740.0,0.01,0,99,1.2000000000000002
740.5,0.008,0,99,1.2000000000000002
741.0,0.011,0,98,1.2000000000000002
741.5,0.011,0,98,1.2000000000000002
742.0,0.01,0,98,0.0
742.5,0.008,0,98,0.0
743.0,0.008,0,98,0.0
743.5,0.01,0,98,0.0
744.0,0.011,0,99,0.0
744.5,0.013,0,99,0.0
745.0,0.011,0,98,0.0
745.5,0.011,0,98,0.0
746.0,0.01,0,98,0.0
746.5,0.01,0,99,0.0
747.0,0.01,0,99,0.0
747.5,0.011,0,100,0.0
748.0,0.008,0,100,0.0
748.5,0.011,0,101,0.0
749.0,0.013,0,101,0.0
749.5,0.011,0,101,0.0
750.0,0.011,0,101,0.0
750.5,0.011,0,100,0.0
751.0,0.011,0,100,0.0
751.5,0.01,0,100,0.0
752.0,0.008,0,100,0.6000000000000001
752.5,0.006,0,99,2.4000000000000004
753.0,0.008,0,99,3.6
753.5,0.01,0,100,3.6
754.0,0.01,0,100,3.6
754.5,0.011,0,100,3.6
755.0,0.01,0,100,3.0
755.5,0.008,0,99,3.0
756.0,0.008,0,99,3.0
756.5,0.01,0,99,3.0
757.0,0.011,0,99,3.0
757.5,0.013,0,99,3.6
758.0,0.015,0,100,3.6
758.5,0.013,0,100,3.6
759.0,0.013,0,100,4.2
759.5,0.013,0,100,4.2
760.0,0.011,0,100,3.6
760.5,0.008,0,100,3.6
761.0,0.011,0,100,3.0
761.5,0.01,0,100,3.0
762.0,0.013,0,100,3.6
762.5,0.015,0,100,3.6
763.0,0.015,0,100,3.6
763.5,0.013,0,99,3.6
764.0,0.01,0,100,3.6
764.5,0.01,0,100,3.6
765.0,0.01,0,100,3.0
765.5,0.01,0,100,3.0
766.0,0.011,0,101,3.0
766.5,0.011,0,100,2.4000000000000004
767.0,0.013,0,100,2.4000000000000004
767.5,0.013,0,101,3.0
768.0,0.013,0,100,3.0
768.5,0.011,0,100,3.0
769.0,0.011,0,100,2.4000000000000004
769.5,0.011,0,100,1.8
770.0,0.013,0,100,1.8
770.5,0.011,0,101,1.2000000000000002
771.0,0.013,0,100,1.2000000000000002
771.5,0.011,0,100,1.2000000000000002
772.0,0.01,0,99,1.2000000000000002
772.5,0.011,0,99,1.2000000000000002
773.0,0.011,0,98,1.2000000000000002
773.5,0.008,0,98,1.2000000000000002
774.0,0.011,0,98,1.2000000000000002
774.5,0.011,0,98,0.6000000000000001
775.0,0.013,0,98,0.0
775.5,0.013,0,98,0.0
776.0,0.015,0,98,0.0
776.5,0.013,0,98,0.0
777.0,0.013,0,98,0.0
777.5,0.013,0,98,0.0
778.0,0.011,0,98,0.0
778.5,0.011,0,98,0.0
779.0,0.013,0,98,0.0
779.5,0.013,0,99,0.0
780.0,0.013,0,99,0.0
780.5,0.013,0,100,0.0
781.0,0.013,0,100,0.0
781.5,0.011,0,100,0.0
782.0,0.011,0,101,0.0
782.5,0.011,0,101,0.0
783.0,0.013,0,100,0.0
783.5,0.011,0,100,0.0
784.0,0.011,0,100,0.0
784.5,0.013,0,100,0.6000000000000001
785.0,0.011,0,99,1.8
785.5,0.011,0,99,3.0
786.0,0.011,0,100,3.6
786.5,0.011,0,100,3.6
787.0,0.011,0,100,3.6
787.5,0.013,0,100,3.0
788.0,0.013,0,99,3.0
788.5,0.015,0,99,3.0
789.0,0.013,0,99,3.0
789.5,0.013,0,99,3.0
790.0,0.011,0,99,3.6
790.5,0.015,0,99,3.6
791.0,0.011,0,100,3.6
791.5,0.013,0,100,4.2
792.0,0.011,0,100,4.800000000000001
792.5,0.013,0,100,4.2
793.0,0.011,0,100,3.6
793.5,0.015,0,100,3.6
794.0,0.013,0,100,3.6
794.5,0.011,0,100,3.6
795.0,0.013,0,100,3.6
795.5,0.015,0,100,4.2
796.0,0.015,0,100,3.6
796.5,0.018,0,99,3.6
797.0,0.018,0,99,3.6
797.5,0.013,0,100,3.6
798.0,0.013,0,100,3.0
798.5,0.013,0,100,3.0
799.0,0.01,0,100,2.4000000000000004
799.5,0.013,0,101,2.4000000000000004
800.0,0.01,0,100,3.0
800.5,0.01,0,100,3.0
801.0,0.008,0,100,3.0
801.5,0.011,0,100,2.4000000000000004
802.0,0.01,0,100,1.8
802.5,0.015,0,100,1.2000000000000002
803.0,0.013,0,101,1.2000000000000002
803.5,0.011,0,100,1.2000000000000002
804.0,0.01,0,100,1.2000000000000002
804.5,0.01,0,99,1.2000000000000002
805.0,0.008,0,99,1.2000000000000002
805.5,0.011,0,98,1.2000000000000002
806.0,0.013,0,98,1.2000000000000002
806.5,0.013,0,98,1.2000000000000002
807.0,0.013,0,98,0.6000000000000001
807.5,0.013,0,98,0.0
808.0,0.013,0,98,0.0
808.5,0.011,0,97,0.0
809.0,0.013,0,98,0.0
809.5,0.013,0,98,0.0
810.0,0.011,0,98,0.0
810.5,0.011,0,98,0.0
811.0,0.011,0,98,0.0
811.5,0.01,0,98,0.0
812.0,0.013,0,98,0.0
812.5,0.013,0,99,0.0
813.0,0.011,0,99,0.0
813.5,0.013,0,100,0.0
814.0,0.013,0,100,0.0
814.5,0.013,0,100,0.0
815.0,0.015,0,100,0.0
815.5,0.013,0,100,0.0
816.0,0.013,0,100,0.0
816.5,0.013,0,100,0.0
817.0,0.013,0,100,0.0
817.5,0.01,0,99,1.2000000000000002
818.0,0.01,0,99,3.0
818.5,0.011,0,99,3.6
819.0,0.011,0,100,4.2
819.5,0.013,0,100,3.6
820.0,0.011,0,100,3.6
820.5,0.011,0,99,3.0
821.0,0.011,0,99,3.0
821.5,0.011,0,99,3.0
822.0,0.011,0,99,3.0
822.5,0.011,0,99,3.6
823.0,0.013,0,99,3.6
823.5,0.011,0,100,3.6
824.0,0.011,0,99,4.2
824.5,0.013,0,100,4.800000000000001
825.0,0.013,0,100,4.2
825.5,0.011,0,100,4.2
826.0,0.011,0,100,3.6
826.5,0.011,0,100,3.6
827.0,0.01,0,100,3.6
827.5,0.013,0,100,3.6
828.0,0.015,0,100,3.6
828.5,0.013,0,100,3.6
829.0,0.013,0,100,3.6
829.5,0.011,0,100,3.6
830.0,0.01,0,100,3.6
830.5,0.011,0,100,3.6
831.0,0.011,0,101,3.0
831.5,0.01,0,101,3.0
832.0,0.013,0,100,2.4000000000000004
832.5,0.013,0,101,3.0
833.0,0.013,0,101,3.0
833.5,0.011,0,101,3.0
834.0,0.015,0,101,3.0
834.5,0.013,0,100,1.8
835.0,0.013,0,101,1.8
835.5,0.011,0,101,1.2000000000000002
836.0,0.011,0,101,1.2000000000000002
836.5,0.011,0,101,1.2000000000000002
837.0,0.011,0,100,1.2000000000000002
837.5,0.01,0,99,1.2000000000000002
838.0,0.01,0,99,1.2000000000000002
838.5,0.01,0,98,1.2000000000000002
839.0,0.01,0,98,1.2000000000000002
839.5,0.01,0,98,0.6000000000000001
840.0,0.01,0,98,0.0
840.5,0.011,0,98,0.0
841.0,0.008,0,98,0.0
841.5,0.01,0,98,0.0
842.0,0.011,0,99,0.0
842.5,0.011,0,98,0.0
843.0,0.011,0,98,0.0
843.5,0.013,0,98,0.0
844.0,0.011,0,98,0.0
844.5,0.01,0,98,0.0
845.0,0.013,0,99,0.0
845.5,0.013,0,99,0.0
846.0,0.013,0,100,0.0
846.5,0.015,0,100,0.0
847.0,0.013,0,101,0.0
847.5,0.011,0,101,0.0
848.0,0.011,0,100,0.0
848.5,0.011,0,100,0.0
849.0,0.01,0,100,0.0
849.5,0.011,0,100,0.0
850.0,0.01,0,99,0.6000000000000001
850.5,0.008,0,99,2.4000000000000004
851.0,0.008,0,99,3.6
851.5,0.008,0,100,3.6
852.0,0.008,0,100,3.6
852.5,0.01,0,100,3.6
853.0,0.01,0,100,3.0
853.5,0.011,0,99,3.0
854.0,0.01,0,99,3.0
854.5,0.011,0,99,3.0
855.0,0.01,0,99,3.0
855.5,0.01,0,99,3.6
856.0,0.01,0,100,3.6
856.5,0.011,0,100,4.2
857.0,0.01,0,100,4.2
857.5,0.01,0,100,4.2
858.0,0.01,0,100,4.2
858.5,0.013,0,100,3.6
859.0,0.011,0,100,3.6
859.5,0.013,0,100,3.0
860.0,0.01,0,99,3.6
860.5,0.01,0,100,3.6
861.0,0.008,0,100,4.2
861.5,0.008,0,100,3.6
862.0,0.01,0,100,3.6
862.5,0.011,0,100,3.6
863.0,0.011,0,100,3.6
863.5,0.011,0,100,3.0
864.0,0.01,0,100,3.0
864.5,0.01,0,100,2.4000000000000004
865.0,0.008,0,101,3.0
865.5,0.01,0,100,3.0
866.0,0.01,0,99,3.0
866.5,0.01,0,100,3.0
867.0,0.01,0,100,2.4000000000000004
867.5,0.015,0,100,1.8
868.0,0.011,0,100,1.8
868.5,0.01,0,101,1.2000000000000002
869.0,0.01,0,100,1.2000000000000002
869.5,0.008,0,100,1.2000000000000002
870.0,0.006,0,99,1.2000000000000002
870.5,0.006,0,99,1.2000000000000002
871.0,0.008,0,98,1.2000000000000002
871.5,0.006,0,98,1.2000000000000002
872.0,0.01,0,98,1.2000000000000002
872.5,0.011,0,98,0.6000000000000001
873.0,0.01,0,98,0.0
873.5,0.01,0,98,0.0
874.0,0.01,0,98,0.0
874.5,0.01,0,98,0.0
875.0,0.011,0,98,0.0
875.5,0.01,0,98,0.0
876.0,0.011,0,98,0.0
876.5,0.01,0,98,0.0
877.0,0.01,0,99,0.0
877.5,0.006,0,99,0.0
878.0,0.01,0,101,0.0
878.5,0.011,0,101,0.0
879.0,0.01,0,101,0.0
879.5,0.011,0,100,0.0
880.0,0.011,0,100,0.0
880.5,0.011,0,100,0.0
881.0,0.01,0,100,0.0
881.5,0.01,0,99,1.8
882.0,0.008,0,99,3.0
882.5,0.008,0,100,3.6
883.0,0.01,0,100,3.6
883.5,0.01,0,100,3.6
884.0,0.01,0,100,3.0
884.5,0.008,0,99,3.0
885.0,0.005,0,99,3.0
885.5,0.008,0,99,3.0
886.0,0.008,0,99,3.0
886.5,0.01,0,99,3.6
887.0,0.01,0,99,3.6
887.5,0.008,0,100,3.6
888.0,0.008,0,100,4.800000000000001
888.5,0.011,0,100,4.800000000000001
889.0,0.01,0,100,4.2
889.5,0.008,0,101,4.2
890.0,0.008,0,100,3.6
890.5,0.005,0,100,3.0
891.0,0.006,0,100,3.0
891.5,0.01,0,100,3.6
892.0,0.01,0,100,4.2
892.5,0.011,0,100,3.6
893.0,0.01,0,100,3.6
893.5,0.008,0,100,3.6
894.0,0.006,0,101,3.6
894.5,0.01,0,101,3.0
895.0,0.01,0,101,3.0
895.5,0.01,0,101,2.4000000000000004
896.0,0.011,0,101,2.4000000000000004
896.5,0.008,0,101,3.0
897.0,0.006,0,101,3.0
897.5,0.006,0,101,3.0
898.0,0.008,0,101,2.4000000000000004
898.5,0.006,0,101,1.8
899.0,0.01,0,101,1.8
899.5,0.008,0,101,1.2000000000000002
900.0,0.008,0,101,1.2000000000000002
900.5,0.006,0,100,1.2000000000000002
901.0,0.008,0,100,1.2000000000000002
901.5,0.006,0,99,1.2000000000000002
902.0,0.006,0,99,1.2000000000000002
902.5,0.005,0,98,1.2000000000000002
903.0,0.005,0,98,1.2000000000000002
903.5,0.006,0,98,0.0
904.0,0.006,0,98,0.0
904.5,0.01,0,98,0.0
905.0,0.008,0,98,0.0
905.5,0.01,0,99,0.0
906.0,0.01,0,98,0.0
906.5,0.011,0,98,0.0
907.0,0.008,0,99,0.0
907.5,0.01,0,98,0.0
908.0,0.008,0,98,0.0
908.5,0.011,0,99,0.0
909.0,0.008,0,99,0.0
909.5,0.01,0,99,0.0
910.0,0.008,0,100,0.0
910.5,0.01,0,101,0.0
911.0,0.01,0,101,0.0
911.5,0.01,0,101,0.0
912.0,0.01,0,100,0.0
912.5,0.01,0,100,0.0
913.0,0.008,0,100,0.0
913.5,0.01,0,100,0.6000000000000001
914.0,0.006,0,99,1.8
914.5,0.005,0,99,3.0
915.0,0.003,0,100,3.6
915.5,0.005,0,100,3.6
916.0,0.005,0,100,3.6
916.5,0.008,0,100,3.0
917.0,0.008,0,99,3.0
917.5,0.01,0,99,3.0
918.0,0.01,0,99,3.0
918.5,0.01,0,99,3.0
919.0,0.008,0,99,3.0
919.5,0.008,0,99,3.6
920.0,0.01,0,100,4.2
920.5,0.008,0,100,4.2
921.0,0.008,0,100,4.800000000000001
921.5,0.008,0,100,4.2
922.0,0.008,0,100,4.2
922.5,0.006,0,100,3.6
923.0,0.008,0,100,3.0
923.5,0.008,0,100,3.0
924.0,0.008,0,100,3.6
924.5,0.005,0,100,4.2
925.0,0.006,0,100,3.6
925.5,0.006,0,100,3.6
926.0,0.008,0,100,3.6
926.5,0.011,0,100,3.6
927.0,0.01,0,100,3.0
927.5,0.008,0,101,3.0
928.0,0.008,0,101,3.0
928.5,0.006,0,101,3.0
929.0,0.006,0,101,3.0
929.5,0.008,0,101,3.0
930.0,0.008,0,101,3.6
930.5,0.01,0,101,2.4000000000000004
931.0,0.01,0,101,1.8
931.5,0.008,0,101,1.8
932.0,0.01,0,101,1.2000000000000002
932.5,0.01,0,101,1.2000000000000002
933.0,0.006,0,101,1.2000000000000002
933.5,0.006,0,100,1.2000000000000002
934.0,0.006,0,99,1.2000000000000002
934.5,0.005,0,99,1.2000000000000002
935.0,0.006,0,98,1.2000000000000002
935.5,0.008,0,98,1.2000000000000002
936.0,0.008,0,98,0.6000000000000001
936.5,0.006,0,98,0.0
937.0,0.006,0,98,0.0
937.5,0.006,0,99,0.0
938.0,0.01,0,99,0.0
938.5,0.01,0,99,0.0
939.0,0.011,0,98,0.0
939.5,0.011,0,98,0.0
940.0,0.01,0,98,0.0
940.5,0.008,0,99,0.0
941.0,0.011,0,99,0.0
941.5,0.01,0,99,0.0
942.0,0.008,0,100,0.0
942.5,0.008,0,100,0.0
943.0,0.011,0,101,0.0
943.5,0.01,0,101,0.0
944.0,0.013,0,101,0.0
944.5,0.011,0,100,0.6000000000000001
945.0,0.011,0,100,0.0
945.5,0.01,0,100,0.0
946.0,0.008,0,100,0.0
946.5,0.006,0,99,1.8
947.0,0.006,0,99,3.0
947.5,0.006,0,100,3.6
948.0,0.008,0,100,3.6
948.5,0.01,0,100,3.6
949.0,0.01,0,100,3.0
949.5,0.008,0,100,3.0
950.0,0.01,0,99,3.0
950.5,0.008,0,99,3.0
951.0,0.008,0,99,3.0
951.5,0.008,0,99,3.6
952.0,0.006,0,99,3.6
952.5,0.008,0,99,3.6
953.0,0.01,0,100,4.2
953.5,0.008,0,100,4.800000000000001
954.0,0.006,0,100,4.2
954.5,0.006,0,100,3.6
955.0,0.006,0,100,3.6
955.5,0.006,0,100,3.0
956.0,0.01,0,100,3.0
956.5,0.006,0,100,3.6
957.0,0.008,0,100,3.6
957.5,0.01,0,100,3.6
958.0,0.01,0,100,3.6
958.5,0.008,0,100,3.6
959.0,0.008,0,100,3.6
959.5,0.008,0,100,3.0
960.0,0.008,0,100,3.0
960.5,0.01,0,100,3.0
961.0,0.01,0,100,2.4000000000000004
961.5,0.008,0,100,3.0
962.0,0.008,0,100,3.0
962.5,0.008,0,100,3.0
963.0,0.008,0,100,2.4000000000000004
963.5,0.008,0,100,1.8
964.0,0.008,0,100,1.8
964.5,0.01,0,101,1.2000000000000002
965.0,0.01,0,100,1.2000000000000002
965.5,0.01,0,100,1.2000000000000002
966.0,0.008,0,99,1.2000000000000002
966.5,0.01,0,99,1.2000000000000002
967.0,0.006,0,98,1.2000000000000002
967.5,0.005,0,98,1.2000000000000002
968.0,0.005,0,98,1.2000000000000002
968.5,0.006,0,98,1.2000000000000002
969.0,0.006,0,98,0.0
969.5,0.01,0,98,0.0
970.0,0.006,0,98,0.0
970.5,0.008,0,98,0.0
971.0,0.008,0,98,0.0
971.5,0.01,0,98,0.0
972.0,0.008,0,98,0.0
972.5,0.008,0,98,0.0
973.0,0.01,0,98,0.0
973.5,0.011,0,99,0.0
974.0,0.01,0,99,0.0
974.5,0.011,0,99,0.0
975.0,0.01,0,100,0.0
975.5,0.01,0,100,0.0
976.0,0.01,0,101,0.0
976.5,0.008,0,101,0.0
977.0,0.008,0,100,0.0
977.5,0.01,0,100,0.0
978.0,0.011,0,100,0.0
978.5,0.01,0,100,0.0
979.0,0.01,0,99,1.2000000000000002
979.5,0.01,0,99,2.4000000000000004
980.0,0.008,0,99,3.6
980.5,0.008,0,100,3.6
981.0,0.006,0,100,3.6
981.5,0.006,0,100,3.0
982.0,0.008,0,100,3.0
982.5,0.01,0,99,3.0
983.0,0.01,0,99,3.0
983.5,0.01,0,99,3.0
984.0,0.008,0,99,3.0
984.5,0.008,0,99,3.6
985.0,0.006,0,99,3.6
985.5,0.01,0,99,3.6
986.0,0.01,0,100,4.2
986.5,0.01,0,100,4.2
987.0,0.01,0,100,3.6
987.5,0.01,0,100,3.6
988.0,0.01,0,100,3.0
988.5,0.01,0,100,3.0
989.0,0.008,0,99,3.0
989.5,0.006,0,100,3.6
990.0,0.006,0,100,3.6
990.5,0.01,0,99,3.6
991.0,0.01,0,100,3.6
991.5,0.01,0,100,3.6
992.0,0.011,0,99,3.6
992.5,0.008,0,100,3.0
993.0,0.006,0,101,3.0
993.5,0.008,0,100,2.4000000000000004
994.0,0.008,0,100,2.4000000000000004
994.5,0.006,0,100,3.0
995.0,0.006,0,100,3.0
995.5,0.008,0,100,3.0
996.0,0.006,0,100,1.8
996.5,0.01,0,100,1.8
997.0,0.011,0,100,1.2000000000000002
997.5,0.008,0,101,1.2000000000000002
998.0,0.011,0,100,1.2000000000000002
998.5,0.008,0,99,1.2000000000000002
999.0,0.008,0,99,1.2000000000000002
999.5,0.008,0,98,1.2000000000000002
1000.0,0.008,0,98,1.2000000000000002
1000.5,0.006,0,97,1.2000000000000002
1001.0,0.008,0,97,1.2000000000000002
1001.5,0.006,0,97,0.6000000000000001
1002.0,0.006,0,97,0.0
1002.5,0.005,0,97,0.0
1003.0,0.005,0,98,0.0
1003.5,0.008,0,98,0.0
1004.0,0.01,0,98,0.0
1004.5,0.008,0,97,0.0
1005.0,0.011,0,98,0.0
1005.5,0.01,0,97,0.0
1006.0,0.01,0,98,0.0
1006.5,0.008,0,99,0.0
1007.0,0.011,0,98,0.0
1007.5,0.008,0,99,0.0
1008.0,0.008,0,100,0.0
1008.5,0.008,0,100,0.0
1009.0,0.011,0,101,0.0
1009.5,0.008,0,100,0.0
1010.0,0.01,0,100,0.0
1010.5,0.01,0,100,0.0
1011.0,0.008,0,100,0.0
1011.5,0.008,0,99,0.6000000000000001
1012.0,0.008,0,99,1.8
1012.5,0.008,0,99,3.0
1013.0,0.011,0,100,3.6
1013.5,0.01,0,100,3.6
1014.0,0.011,0,100,3.6
1014.5,0.008,0,100,3.0
1015.0,0.01,0,99,3.0
1015.5,0.005,0,99,3.0
1016.0,0.006,0,99,3.0
1016.5,0.008,0,99,3.0
1017.0,0.008,0,99,3.6
1017.5,0.011,0,99,3.6
1018.0,0.01,0,99,3.6
1018.5,0.008,0,100,4.2
1019.0,0.008,0,100,4.2
1019.5,0.008,0,100,4.2
1020.0,0.008,0,100,3.6
1020.5,0.008,0,100,3.6
1021.0,0.008,0,100,3.0
1021.5,0.008,0,100,3.6
1022.0,0.008,0,100,3.6
1022.5,0.008,0,100,4.2
1023.0,0.008,0,100,3.6
1023.5,0.008,0,100,3.6
1024.0,0.008,0,100,3.6
1024.5,0.006,0,100,3.6
1025.0,0.006,0,100,3.0
1025.5,0.01,0,100,3.0
1026.0,0.011,0,100,2.4000000000000004
1026.5,0.01,0,100,3.0
1027.0,0.011,0,100,3.0
1027.5,0.008,0,100,3.0
1028.0,0.006,0,100,3.6
1028.5,0.008,0,100,2.4000000000000004
1029.0,0.01,0,100,1.8
1029.5,0.01,0,100,1.8
1030.0,0.01,0,101,1.2000000000000002
1030.5,0.008,0,100,1.2000000000000002
1031.0,0.008,0,100,1.2000000000000002
1031.5,0.008,0,99,1.2000000000000002
1032.0,0.006,0,99,1.2000000000000002
1032.5,0.006,0,98,1.2000000000000002
1033.0,0.006,0,98,1.2000000000000002
1033.5,0.005,0,97,1.2000000000000002
1034.0,0.005,0,97,0.6000000000000001
1034.5,0.006,0,97,0.0
1035.0,0.008,0,97,0.0
1035.5,0.008,0,97,0.0
1036.0,0.01,0,98,0.0
1036.5,0.006,0,98,0.0
1037.0,0.008,0,98,0.0
1037.5,0.006,0,98,0.0
1038.0,0.006,0,98,0.0
1038.5,0.008,0,98,0.0
1039.0,0.011,0,98,0.0
1039.5,0.01,0,99,0.0
1040.0,0.01,0,99,0.0
1040.5,0.01,0,100,0.6000000000000001
1041.0,0.011,0,100,0.0
1041.5,0.01,0,100,0.0
1042.0,0.01,0,100,0.0
1042.5,0.01,0,100,0.0
1043.0,0.01,0,100,0.0
1043.5,0.008,0,100,0.0
1044.0,0.006,0,100,0.0
1044.5,0.006,0,99,1.2000000000000002
1045.0,0.008,0,99,3.0
1045.5,0.006,0,99,3.6
1046.0,0.006,0,100,4.2
1046.5,0.008,0,100,3.6
1047.0,0.006,0,100,3.6
1047.5,0.008,0,99,3.6
1048.0,0.01,0,99,3.0
1048.5,0.01,0,99,3.0
1049.0,0.01,0,98,3.0
1049.5,0.01,0,98,3.6
1050.0,0.006,0,99,3.6
1050.5,0.01,0,99,3.6
1051.0,0.008,0,99,4.2
1051.5,0.01,0,100,4.800000000000001
1052.0,0.01,0,100,4.800000000000001
1052.5,0.01,0,100,4.2
1053.0,0.008,0,100,3.6
1053.5,0.008,0,100,3.6
1054.0,0.008,0,99,3.6
1054.5,0.008,0,100,3.6
1055.0,0.006,0,100,4.2
1055.5,0.008,0,100,4.2
1056.0,0.008,0,99,3.6
1056.5,0.01,0,100,3.6
1057.0,0.013,0,100,3.6
1057.5,0.01,0,100,3.6
1058.0,0.01,0,100,3.0
1058.5,0.01,0,100,3.0
1059.0,0.008,0,100,3.0
1059.5,0.006,0,101,3.0
1060.0,0.008,0,101,3.0
1060.5,0.008,0,100,3.0
1061.0,0.01,0,101,3.0
1061.5,0.011,0,100,1.8
1062.0,0.01,0,101,1.8
1062.5,0.01,0,101,1.8
1063.0,0.01,0,101,1.2000000000000002
1063.5,0.008,0,101,1.2000000000000002
1064.0,0.006,0,100,1.2000000000000002
1064.5,0.008,0,99,1.2000000000000002
1065.0,0.008,0,99,1.2000000000000002
1065.5,0.008,0,99,1.2000000000000002
1066.0,0.01,0,98,1.2000000000000002
1066.5,0.01,0,98,0.6000000000000001
1067.0,0.008,0,98,0.0
1067.5,0.006,0,98,0.0
1068.0,0.005,0,98,0.0
1068.5,0.006,0,99,0.0
1069.0,0.01,0,99,0.0
1069.5,0.01,0,99,0.0
1070.0,0.011,0,98,0.0
1070.5,0.01,0,99,0.0
1071.0,0.008,0,99,0.0
1071.5,0.008,0,99,0.0
1072.0,0.01,0,99,0.0
1072.5,0.01,0,100,0.0
1073.0,0.011,0,101,0.0
1073.5,0.01,0,101,0.0
1074.0,0.01,0,101,0.0
1074.5,0.008,0,101,0.0
1075.0,0.01,0,101,0.0
1075.5,0.01,0,101,0.0
1076.0,0.008,0,101,0.0
1076.5,0.006,0,100,0.0
1077.0,0.008,0,100,1.2000000000000002
1077.5,0.008,0,100,2.4000000000000004
1078.0,0.01,0,100,3.6
1078.5,0.01,0,101,3.6
1079.0,0.011,0,101,3.6
1079.5,0.011,0,100,3.0
1080.0,0.011,0,100,3.0
1080.5,0.008,0,100,3.0
1081.0,0.01,0,99,3.0
1081.5,0.006,0,99,3.0
1082.0,0.006,0,99,3.0
1082.5,0.006,0,99,3.6
1083.0,0.006,0,100,3.6
1083.5,0.006,0,100,4.2
1084.0,0.01,0,100,4.2
1084.5,0.008,0,100,4.2
1085.0,0.008,0,100,3.6
1085.5,0.01,0,101,3.6
1086.0,0.008,0,100,3.0
1086.5,0.008,0,100,3.0
1087.0,0.01,0,100,3.6
1087.5,0.008,0,100,3.6
1088.0,0.008,0,100,3.6
1088.5,0.01,0,100,3.6
1089.0,0.01,0,100,3.6
1089.5,0.006,0,100,3.0
1090.0,0.01,0,100,3.0
1090.5,0.006,0,101,3.0
1091.0,0.008,0,101,2.4000000000000004
1091.5,0.01,0,100,2.4000000000000004
1092.0,0.01,0,101,2.4000000000000004
1092.5,0.006,0,101,3.0
1093.0,0.01,0,101,3.0
1093.5,0.011,0,100,2.4000000000000004
1094.0,0.011,0,100,1.8
1094.5,0.01,0,101,1.8
1095.0,0.008,0,101,1.2000000000000002
1095.5,0.006,0,101,1.2000000000000002
1096.0,0.011,0,101,1.2000000000000002
1096.5,0.01,0,100,1.2000000000000002
1097.0,0.008,0,99,1.2000000000000002
1097.5,0.006,0,99,1.2000000000000002
1098.0,0.005,0,99,1.2000000000000002
1098.5,0.005,0,98,1.2000000000000002
1099.0,0.008,0,98,1.2000000000000002
1099.5,0.01,0,98,0.0
1100.0,0.01,0,98,0.0
1100.5,0.01,0,98,0.0
1101.0,0.008,0,98,0.0
1101.5,0.006,0,98,0.0
1102.0,0.01,0,98,0.0
1102.5,0.01,0,98,0.0
1103.0,0.01,0,98,0.0
1103.5,0.01,0,98,0.0
1104.0,0.008,0,99,0.0
1104.5,0.008,0,99,0.0
1105.0,0.008,0,99,0.0
1105.5,0.011,0,100,0.0
1106.0,0.01,0,100,0.0
1106.5,0.01,0,100,0.0
1107.0,0.008,0,101,0.0
1107.5,0.01,0,100,0.0
1108.0,0.01,0,100,0.0
1108.5,0.008,0,100,0.0
1109.0,0.008,0,100,0.0
1109.5,0.008,0,99,0.6000000000000001
1110.0,0.01,0,100,3.6
1110.5,0.01,0,100,3.6
1111.0,0.011,0,99,3.0
1111.5,0.011,0,99,3.0
1112.0,0.011,0,99,3.0
1112.5,0.01,0,98,3.0
1113.0,0.008,0,98,3.0
1113.5,0.01,0,99,3.6
1114.0,0.01,0,99,3.6
1114.5,0.01,0,99,3.6
1115.0,0.011,0,99,4.2
1115.5,0.011,0,100,4.2
1116.0,0.011,0,100,4.2
1116.5,0.008,0,100,3.6
1117.0,0.008,0,100,3.6
1117.5,0.008,0,100,3.6
1118.0,0.006,0,100,3.6
1118.5,0.008,0,100,4.2
1119.0,0.01,0,100,4.2
1119.5,0.008,0,100,3.6
1120.0,0.011,0,100,3.6
1120.5,0.013,0,100,3.6
1121.0,0.01,0,100,3.0
1121.5,0.008,0,100,3.0
1122.0,0.008,0,100,3.0
1122.5,0.006,0,101,2.4000000000000004
1123.0,0.01,0,101,2.4000000000000004
1123.5,0.011,0,100,3.0
1124.0,0.013,0,101,3.0
1124.5,0.011,0,100,3.0
1125.0,0.011,0,100,2.4000000000000004
1125.5,0.011,0,100,1.8
1126.0,0.011,0,100,1.8
1126.5,0.011,0,101,1.2000000000000002
1127.0,0.01,0,100,1.2000000000000002
1127.5,0.008,0,100,1.2000000000000002
1128.0,0.008,0,99,1.2000000000000002
1128.5,0.01,0,99,1.2000000000000002
1129.0,0.011,0,98,1.2000000000000002
1129.5,0.01,0,98,1.2000000000000002
1130.0,0.008,0,98,1.2000000000000002
1130.5,0.008,0,98,0.6000000000000001
1131.0,0.008,0,98,0.0
1131.5,0.006,0,98,0.0
1132.0,0.013,0,98,0.0
1132.5,0.01,0,98,0.0
1133.0,0.01,0,98,0.0
1133.5,0.01,0,97,0.0
1134.0,0.01,0,98,0.0
1134.5,0.008,0,98,0.0
1135.0,0.008,0,98,0.0
1135.5,0.01,0,99,0.0
1136.0,0.008,0,99,0.0
1136.5,0.01,0,99,0.0
1137.0,0.011,0,100,0.0
1137.5,0.013,0,101,0.0
1138.0,0.011,0,101,0.0
1138.5,0.01,0,101,0.0
1139.0,0.008,0,101,0.0
1139.5,0.008,0,100,0.0
1140.0,0.01,0,100,0.0
1140.5,0.008,0,100,0.0
1141.0,0.006,0,99,1.8
1141.5,0.01,0,99,3.0
1142.0,0.008,0,100,3.6
1142.5,0.011,0,100,3.6
1143.0,0.01,0,100,3.6
1143.5,0.011,0,100,3.6
1144.0,0.008,0,100,3.0
1144.5,0.008,0,99,3.0
1145.0,0.01,0,99,3.0
1145.5,0.01,0,99,3.0
1146.0,0.008,0,99,3.6
1146.5,0.01,0,99,3.6
1147.0,0.006,0,100,3.6
1147.5,0.006,0,100,4.2
1148.0,0.006,0,100,4.800000000000001
1148.5,0.01,0,100,4.2
1149.0,0.008,0,100,3.6
1149.5,0.01,0,100,3.6
1150.0,0.008,0,100,3.6
1150.5,0.01,0,100,3.0
1151.0,0.008,0,100,3.6
1151.5,0.01,0,100,4.2
1152.0,0.008,0,100,3.6
1152.5,0.008,0,100,3.6
1153.0,0.006,0,100,3.6
1153.5,0.008,0,100,3.6
1154.0,0.008,0,100,3.0
1154.5,0.011,0,100,3.0
1155.0,0.006,0,100,2.4000000000000004
1155.5,0.008,0,101,3.0
1156.0,0.006,0,101,3.0
1156.5,0.008,0,100,3.0
1157.0,0.008,0,101,3.0
1157.5,0.008,0,100,2.4000000000000004
1158.0,0.008,0,100,1.8
1158.5,0.01,0,101,1.8
1159.0,0.005,0,98,1.2000000000000002
1159.5,0.008,0,98,1.2000000000000002
1160.0,0.008,0,98,0.6000000000000001
1160.5,0.01,0,98,0.0
1161.0,0.006,0,98,0.0
1161.5,0.008,0,98,0.0
1162.0,0.01,0,98,0.0
1162.5,0.008,0,98,0.0
1163.0,0.008,0,98,0.0
1163.5,0.008,0,98,0.0
1164.0,0.006,0,97,0.0
1164.5,0.008,0,98,0.0
1165.0,0.006,0,98,0.0
1165.5,0.008,0,99,0.0
1166.0,0.008,0,99,0.0
1166.5,0.008,0,100,0.0
1167.0,0.006,0,100,0.0
1167.5,0.008,0,101,0.0
1168.0,0.008,0,101,0.0
1168.5,0.008,0,100,0.0
1169.0,0.005,0,100,0.0
1169.5,0.011,0,100,0.0
1170.0,0.008,0,100,0.0
1170.5,0.008,0,100,1.2000000000000002
1171.0,0.01,0,99,3.0
1171.5,0.008,0,100,3.6
1172.0,0.006,0,100,3.6
1172.5,0.006,0,100,3.6
1173.0,0.01,0,100,3.6
1173.5,0.008,0,100,3.0
1174.0,0.01,0,99,3.0
1174.5,0.008,0,99,3.0
1175.0,0.006,0,99,3.0
1175.5,0.005,0,99,3.0
1176.0,0.008,0,99,3.6
1176.5,0.006,0,100,3.6
1177.0,0.008,0,99,4.2
1177.5,0.008,0,100,4.2
1178.0,0.008,0,100,4.2
1178.5,0.006,0,100,4.2
1179.0,0.008,0,100,3.6
1179.5,0.006,0,100,3.6
1180.0,0.008,0,100,3.6
1180.5,0.005,0,100,3.6
1181.0,0.006,0,100,3.6
1181.5,0.006,0,100,3.6
1182.0,0.01,0,100,3.6
1182.5,0.006,0,100,3.6
1183.0,0.01,0,100,3.6
1183.5,0.008,0,100,3.0
1184.0,0.008,0,101,3.0
1184.5,0.005,0,100,2.4000000000000004
1185.0,0.008,0,100,2.4000000000000004
1185.5,0.008,0,101,2.4000000000000004
1186.0,0.01,0,100,3.0
1186.5,0.008,0,100,3.0
1187.0,0.008,0,100,3.0
1187.5,0.006,0,100,1.8
1188.0,0.01,0,100,1.8
1188.5,0.01,0,101,1.8
1189.0,0.01,0,101,1.2000000000000002
1189.5,0.008,0,100,1.2000000000000002
1190.0,0.006,0,100,1.2000000000000002
1190.5,0.008,0,99,1.2000000000000002
1191.0,0.01,0,99,1.2000000000000002
1191.5,0.01,0,98,1.2000000000000002
1192.0,0.006,0,98,1.2000000000000002
1192.5,0.006,0,98,1.2000000000000002
1193.0,0.006,0,98,0.0
1193.5,0.005,0,98,0.0
1194.0,0.01,0,98,0.0
1194.5,0.01,0,98,0.0
1195.0,0.01,0,98,0.0
1195.5,0.01,0,98,0.0
1196.0,0.008,0,98,0.0
1196.5,0.006,0,98,0.0
1197.0,0.01,0,98,0.0
1197.5,0.008,0,98,0.0
1198.0,0.01,0,99,0.0
1198.5,0.01,0,99,0.0
1199.0,0.01,0,100,0.0
1199.5,0.008,0,100,0.0
1200.0,0.01,0,100,0.0
1200.5,0.008,0,101,0.0
1201.0,0.01,0,100,0.0
1201.5,0.01,0,100,0.0
1202.0,0.01,0,100,0.0
1202.5,0.006,0,100,0.0
1203.0,0.006,0,99,0.6000000000000001
1203.5,0.006,0,99,2.4000000000000004
1204.0,0.008,0,99,3.6
1204.5,0.008,0,100,3.6
1205.0,0.01,0,100,3.6
1205.5,0.01,0,100,3.6
1206.0,0.006,0,100,3.0
1206.5,0.008,0,99,3.0
1207.0,0.01,0,99,3.0
1207.5,0.011,0,99,3.0
1208.0,0.011,0,99,3.0
1208.5,0.011,0,99,3.6
1209.0,0.01,0,100,3.6
1209.5,0.008,0,100,3.6
1210.0,0.006,0,100,4.2
1210.5,0.01,0,100,4.2
1211.0,0.01,0,100,4.2
1211.5,0.01,0,100,3.6
1212.0,0.006,0,100,3.6
1212.5,0.006,0,100,3.6
1213.0,0.005,0,100,3.6
1213.5,0.01,0,100,3.6
1214.0,0.008,0,100,3.6
1214.5,0.011,0,100,3.6
1215.0,0.008,0,100,3.6
1215.5,0.006,0,100,3.6
1216.0,0.006,0,101,3.6
1216.5,0.01,0,100,3.0
1217.0,0.011,0,101,3.0
1217.5,0.01,0,101,2.4000000000000004
1218.0,0.01,0,100,2.4000000000000004
1218.5,0.008,0,101,3.0
1219.0,0.006,0,100,3.0
1219.5,0.01,0,100,3.0
1220.0,0.011,0,100,1.8
1220.5,0.01,0,100,1.8
1221.0,0.008,0,101,1.2000000000000002
1221.5,0.008,0,101,1.2000000000000002
1222.0,0.006,0,100,1.2000000000000002
1222.5,0.01,0,100,1.2000000000000002
1223.0,0.011,0,99,1.2000000000000002
1223.5,0.006,0,99,1.2000000000000002
1224.0,0.008,0,98,1.2000000000000002
1224.5,0.006,0,98,1.2000000000000002
1225.0,0.008,0,98,1.2000000000000002
1225.5,0.011,0,98,0.0
1226.0,0.01,0,98,0.0
1226.5,0.01,0,98,0.0
1227.0,0.01,0,98,0.0
1227.5,0.01,0,98,0.0
1228.0,0.008,0,98,0.0
1228.5,0.01,0,98,0.0
1229.0,0.01,0,98,0.0
1229.5,0.01,0,98,0.0
1230.0,0.008,0,98,0.0
1230.5,0.01,0,99,0.0
1231.0,0.01,0,99,0.0
1231.5,0.011,0,100,0.0
1232.0,0.01,0,101,0.0
1232.5,0.01,0,101,0.0
1233.0,0.008,0,101,0.0
1233.5,0.01,0,101,0.0
1234.0,0.01,0,101,0.0
1234.5,0.01,0,100,0.0
1235.0,0.01,0,100,0.0
1235.5,0.01,0,100,0.6000000000000001
1236.0,0.01,0,99,1.8
1236.5,0.01,0,99,3.6
1237.0,0.008,0,100,3.6
1237.5,0.01,0,101,3.6
1238.0,0.01,0,100,3.6
1238.5,0.011,0,100,3.6
1239.0,0.011,0,100,3.0
1239.5,0.013,0,99,3.0
1240.0,0.011,0,99,3.0
1240.5,0.011,0,99,3.0
1241.0,0.01,0,99,3.6
1241.5,0.01,0,100,3.6
1242.0,0.01,0,100,3.6
1242.5,0.011,0,100,4.2
1243.0,0.011,0,100,4.2
1243.5,0.011,0,100,4.2
1244.0,0.011,0,101,3.6
1244.5,0.011,0,100,3.6
1245.0,0.011,0,100,3.6
1245.5,0.01,0,100,3.6
1246.0,0.008,0,100,3.6
1246.5,0.008,0,100,4.2
1247.0,0.008,0,100,3.6
1247.5,0.01,0,100,3.6
1248.0,0.011,0,100,3.6
1248.5,0.01,0,100,3.6
1249.0,0.01,0,101,3.0
1249.5,0.011,0,101,3.0
1250.0,0.008,0,101,3.0
1250.5,0.01,0,101,3.0
1251.0,0.01,0,100,2.4000000000000004
1251.5,0.01,0,101,3.0
1252.0,0.01,0,100,3.0
1252.5,0.011,0,100,2.4000000000000004
1253.0,0.01,0,100,1.8
1253.5,0.013,0,101,1.8
1254.0,0.013,0,101,1.2000000000000002
1254.5,0.01,0,101,1.2000000000000002
1255.0,0.008,0,100,1.2000000000000002
1255.5,0.011,0,99,1.2000000000000002
1256.0,0.011,0,99,1.2000000000000002
1256.5,0.011,0,98,1.2000000000000002
1257.0,0.013,0,98,1.2000000000000002
1257.5,0.01,0,98,1.2000000000000002
1258.0,0.008,0,98,0.6000000000000001
1258.5,0.008,0,98,0.0
1259.0,0.01,0,98,0.0
1259.5,0.011,0,98,0.0
1260.0,0.013,0,98,0.0
1260.5,0.01,0,98,0.0
1261.0,0.011,0,98,0.0
1261.5,0.01,0,98,0.0
1262.0,0.01,0,98,0.0
1262.5,0.01,0,98,0.0
1263.0,0.011,0,99,0.0
1263.5,0.01,0,99,0.0
1264.0,0.011,0,99,0.0
1264.5,0.01,0,100,0.0
1265.0,0.01,0,101,0.0
1265.5,0.008,0,101,0.0
1266.0,0.01,0,101,0.0
1266.5,0.01,0,101,0.0
1267.0,0.011,0,100,0.0
1267.5,0.01,0,100,0.0
1268.0,0.011,0,100,0.0
1268.5,0.011,0,100,1.8
1269.0,0.013,0,99,3.0
1269.5,0.008,0,100,3.6
1270.0,0.011,0,101,3.6
1270.5,0.01,0,100,3.6
1271.0,0.011,0,100,3.0
1271.5,0.01,0,100,3.0
1272.0,0.01,0,99,3.0
1272.5,0.008,0,99,3.0
1273.0,0.011,0,99,3.0
1273.5,0.01,0,99,3.6
1274.0,0.013,0,100,3.6
1274.5,0.011,0,100,3.6
1275.0,0.015,0,100,4.2
1275.5,0.011,0,100,4.2
1276.0,0.013,0,100,4.2
1276.5,0.011,0,101,3.6
1277.0,0.011,0,100,3.6
1277.5,0.013,0,100,3.0
1278.0,0.013,0,100,3.0
1278.5,0.011,0,100,3.6
1279.0,0.013,0,100,3.6
1279.5,0.013,0,100,3.6
1280.0,0.011,0,100,3.6
1280.5,0.008,0,100,3.6
1281.0,0.008,0,100,3.6
1281.5,0.01,0,100,3.0
1282.0,0.01,0,101,3.0
1282.5,0.01,0,100,3.0
1283.0,0.011,0,101,2.4000000000000004
1283.5,0.011,0,101,3.0
1284.0,0.013,0,100,3.0
1284.5,0.01,0,101,3.0
1285.0,0.011,0,100,2.4000000000000004
1285.5,0.013,0,101,1.8
1286.0,0.013,0,101,1.2000000000000002
1286.5,0.011,0,101,1.2000000000000002
1287.0,0.015,0,101,1.2000000000000002
1287.5,0.013,0,100,1.2000000000000002
1288.0,0.008,0,100,1.2000000000000002
1288.5,0.01,0,99,1.2000000000000002
1289.0,0.008,0,99,1.2000000000000002
1289.5,0.01,0,98,1.2000000000000002
1290.0,0.011,0,98,1.2000000000000002
1290.5,0.011,0,98,0.6000000000000001
1291.0,0.011,0,98,0.0
1291.5,0.013,0,98,0.0
1292.0,0.013,0,98,0.0
1292.5,0.011,0,98,0.0
1293.0,0.011,0,98,0.0
1293.5,0.01,0,98,0.0
1294.0,0.01,0,98,0.0
1294.5,0.011,0,98,0.0
1295.0,0.011,0,98,0.0
1295.5,0.013,0,99,0.0
1296.0,0.013,0,99,0.0
1296.5,0.011,0,99,0.0
1297.0,0.01,0,100,0.0
1297.5,0.01,0,100,0.0
1298.0,0.01,0,101,0.0
1298.5,0.011,0,101,0.0
1299.0,0.011,0,100,0.0
1299.5,0.011,0,100,0.0
1300.0,0.01,0,100,0.0
1300.5,0.011,0,100,0.0
1301.0,0.01,0,99,1.2000000000000002
1301.5,0.01,0,99,3.0
1302.0,0.01,0,100,3.6
1302.5,0.011,0,100,3.6
1303.0,0.011,0,100,3.6
1303.5,0.011,0,100,3.0
1304.0,0.011,0,100,3.0
1304.5,0.011,0,99,3.0
1305.0,0.011,0,99,3.0
1305.5,0.013,0,99,3.0
1306.0,0.01,0,99,3.0
1306.5,0.011,0,99,3.6
1307.0,0.01,0,99,3.6
1307.5,0.01,0,100,4.2
1308.0,0.013,0,100,4.800000000000001
1308.5,0.011,0,100,4.2
1309.0,0.011,0,100,4.2
1309.5,0.01,0,100,3.6
1310.0,0.01,0,100,3.0
1310.5,0.01,0,100,3.0
1311.0,0.011,0,100,3.6
1311.5,0.011,0,100,3.6
1312.0,0.011,0,100,3.6
1312.5,0.011,0,100,3.6
1313.0,0.011,0,100,3.6
1313.5,0.011,0,100,3.6
1314.0,0.011,0,100,3.0
1314.5,0.01,0,101,3.0
1315.0,0.008,0,101,2.4000000000000004
1315.5,0.011,0,100,2.4000000000000004
1316.0,0.013,0,101,2.4000000000000004
1316.5,0.015,0,101,3.0
1317.0,0.013,0,100,3.0
1317.5,0.011,0,100,2.4000000000000004
1318.0,0.008,0,101,1.8
1318.5,0.01,0,101,1.2000000000000002
1319.0,0.011,0,101,1.2000000000000002
1319.5,0.011,0,101,1.2000000000000002
1320.0,0.01,0,100,1.2000000000000002
1320.5,0.011,0,100,1.2000000000000002
1321.0,0.011,0,99,1.2000000000000002
1321.5,0.01,0,98,0.6000000000000001
1322.0,0.011,0,98,0.0
1322.5,0.011,0,98,0.0
1323.0,0.013,0,98,0.0
1323.5,0.013,0,98,0.0
1324.0,0.013,0,98,0.0
1324.5,0.011,0,98,0.0
1325.0,0.011,0,98,0.0
1325.5,0.01,0,98,0.0
1326.0,0.011,0,98,0.0
1326.5,0.011,0,99,0.0
1327.0,0.011,0,99,0.0
1327.5,0.013,0,99,0.0
1328.0,0.013,0,100,0.0
1328.5,0.013,0,101,0.0
1329.0,0.011,0,101,0.0
1329.5,0.011,0,101,0.0
1330.0,0.01,0,101,0.0
1330.5,0.011,0,100,0.0
1331.0,0.01,0,100,0.0
1331.5,0.01,0,100,0.0
1332.0,0.008,0,99,0.6000000000000001
1332.5,0.01,0,99,2.4000000000000004
1333.0,0.011,0,100,3.6
1333.5,0.015,0,100,3.6
1334.0,0.013,0,100,3.6
1334.5,0.011,0,100,3.6
1335.0,0.008,0,100,3.0
1335.5,0.01,0,99,3.0
1336.0,0.01,0,99,3.0
1336.5,0.013,0,99,3.0
1337.0,0.013,0,99,3.0
1337.5,0.011,0,99,3.6
1338.0,0.01,0,99,3.6
1338.5,0.01,0,100,4.2
1339.0,0.008,0,100,4.2
1339.5,0.01,0,100,4.2
1340.0,0.013,0,100,4.2
1340.5,0.013,0,100,3.6
1341.0,0.011,0,100,3.6
1341.5,0.01,0,100,3.0
1342.0,0.008,0,100,3.0
1342.5,0.011,0,100,3.6
1343.0,0.013,0,100,3.6
1343.5,0.011,0,100,3.0
1344.0,0.01,0,100,3.6
1344.5,0.01,0,100,3.6
1345.0,0.008,0,100,3.6
1345.5,0.013,0,100,3.0
1346.0,0.013,0,100,2.4000000000000004
1346.5,0.011,0,100,2.4000000000000004
1347.0,0.01,0,100,2.4000000000000004
1347.5,0.01,0,100,3.0
1348.0,0.011,0,101,3.0
1348.5,0.013,0,100,3.0
1349.0,0.013,0,100,1.8
1349.5,0.011,0,100,1.8
1350.0,0.011,0,101,1.2000000000000002
1350.5,0.011,0,101,1.2000000000000002
1351.0,0.011,0,100,1.2000000000000002
1351.5,0.013,0,100,1.2000000000000002
1352.0,0.013,0,99,1.2000000000000002
1352.5,0.01,0,99,1.2000000000000002
1353.0,0.01,0,98,1.2000000000000002
1353.5,0.011,0,98,1.2000000000000002
1354.0,0.011,0,98,1.2000000000000002
1354.5,0.013,0,98,0.0
1355.0,0.015,0,98,0.0
1355.5,0.011,0,98,0.0
1356.0,0.011,0,98,0.0
1356.5,0.01,0,98,0.0
1357.0,0.011,0,99,0.0
1357.5,0.01,0,98,0.0
1358.0,0.011,0,98,0.0
1358.5,0.011,0,98,0.0
1359.0,0.01,0,98,0.0
1359.5,0.013,0,99,0.0
1360.0,0.01,0,99,0.0
1360.5,0.01,0,99,0.0
1361.0,0.01,0,100,0.0
1361.5,0.011,0,101,0.0
1362.0,0.01,0,101,0.0
1362.5,0.011,0,100,0.0
1363.0,0.013,0,100,0.0
1363.5,0.01,0,100,0.0
1364.0,0.01,0,100,0.0
1364.5,0.01,0,100,0.0
1365.0,0.01,0,99,1.8
1365.5,0.01,0,99,3.0
1366.0,0.01,0,100,3.6
1366.5,0.013,0,100,3.6
1367.0,0.013,0,100,3.0
1367.5,0.013,0,100,3.0
1368.0,0.013,0,99,3.0
1368.5,0.013,0,99,2.4000000000000004
1369.0,0.011,0,99,3.0
1369.5,0.01,0,99,3.0
1370.0,0.01,0,99,3.0
1370.5,0.01,0,99,3.6
1371.0,0.011,0,99,3.6
1371.5,0.015,0,99,4.2
1372.0,0.013,0,100,4.2
1372.5,0.011,0,100,4.2
1373.0,0.013,0,100,3.6
1373.5,0.011,0,100,3.0
1374.0,0.011,0,100,3.0
1374.5,0.013,0,100,3.0
1375.0,0.013,0,100,3.6
1375.5,0.013,0,100,4.2
1376.0,0.013,0,100,3.6
1376.5,0.011,0,100,3.6
1377.0,0.011,0,100,3.6
1377.5,0.011,0,100,3.6
1378.0,0.01,0,100,3.0
1378.5,0.01,0,100,3.0
1379.0,0.01,0,100,2.4000000000000004
1379.5,0.01,0,100,2.4000000000000004
1380.0,0.011,0,100,2.4000000000000004
1380.5,0.011,0,100,3.0
1381.0,0.011,0,100,3.0
1381.5,0.013,0,100,2.4000000000000004
1382.0,0.013,0,100,1.8
1382.5,0.011,0,101,1.2000000000000002
1383.0,0.015,0,101,1.2000000000000002
1383.5,0.011,0,100,1.2000000000000002
1384.0,0.011,0,100,1.2000000000000002
1384.5,0.011,0,99,1.2000000000000002
1385.0,0.011,0,99,1.2000000000000002
1385.5,0.01,0,99,1.2000000000000002
1386.0,0.011,0,98,1.2000000000000002
1386.5,0.01,0,98,1.2000000000000002
1387.0,0.011,0,98,0.6000000000000001
1387.5,0.011,0,98,0.0
1388.0,0.015,0,98,0.0
1388.5,0.013,0,98,0.0
1389.0,0.015,0,98,0.0
1389.5,0.013,0,98,0.0
1390.0,0.013,0,98,0.0
1390.5,0.011,0,98,0.0
1391.0,0.011,0,97,0.0
1391.5,0.011,0,99,0.0
1392.0,0.01,0,99,0.0
1392.5,0.01,0,99,0.0
1393.0,0.011,0,99,0.0
1393.5,0.011,0,100,0.0
1394.0,0.015,0,100,0.0
1394.5,0.013,0,101,0.0
1395.0,0.013,0,101,0.0
1395.5,0.013,0,100,0.0
1396.0,0.01,0,100,0.0
1396.5,0.01,0,100,0.0
1397.0,0.011,0,99,0.0
1397.5,0.011,0,99,1.2000000000000002
1398.0,0.011,0,99,3.0
1398.5,0.011,0,99,3.6
1399.0,0.011,0,100,3.6
1399.5,0.011,0,100,3.6
1400.0,0.011,0,99,3.6
1400.5,0.01,0,99,3.0
1401.0,0.008,0,99,3.0
1401.5,0.011,0,99,3.0
1402.0,0.011,0,98,3.0
1402.5,0.015,0,98,3.0
1403.0,0.013,0,99,3.6
1403.5,0.013,0,99,3.6
1404.0,0.011,0,99,4.2
1404.5,0.011,0,99,4.2
1405.0,0.011,0,100,4.800000000000001
1405.5,0.015,0,100,4.2
1406.0,0.013,0,100,3.6
1406.5,0.013,0,100,3.6
1407.0,0.011,0,100,3.6
1407.5,0.011,0,100,3.6
1408.0,0.011,0,100,4.2
1408.5,0.013,0,100,3.6
1409.0,0.01,0,100,3.6
1409.5,0.011,0,100,3.6
1410.0,0.008,0,100,3.6
1410.5,0.011,0,100,3.6
1411.0,0.013,0,101,3.0
1411.5,0.016,0,101,3.0
1412.0,0.011,0,99,2.4000000000000004
1412.5,0.011,0,101,3.0
1413.0,0.01,0,101,3.6
1413.5,0.011,0,100,3.0
1414.0,0.011,0,100,3.0
1414.5,0.013,0,100,1.8
1415.0,0.013,0,100,1.8
1415.5,0.013,0,100,1.2000000000000002
1416.0,0.011,0,100,1.2000000000000002
1416.5,0.013,0,100,1.2000000000000002
1417.0,0.01,0,99,1.2000000000000002
1417.5,0.011,0,99,1.2000000000000002
1418.0,0.01,0,99,1.2000000000000002
1418.5,0.01,0,98,1.2000000000000002
1419.0,0.01,0,97,1.2000000000000002
1419.5,0.011,0,98,1.2000000000000002
1420.0,0.011,0,97,0.0
1420.5,0.01,0,98,0.0
1421.0,0.011,0,97,0.0
1421.5,0.015,0,98,0.0
1422.0,0.013,0,98,0.0
1422.5,0.011,0,98,0.0
1423.0,0.011,0,98,0.0
1423.5,0.01,0,98,0.0
1424.0,0.015,0,97,0.0
1424.5,0.013,0,98,0.0
1425.0,0.013,0,99,0.0
1425.5,0.013,0,99,0.0
1426.0,0.011,0,99,0.0
1426.5,0.01,0,100,0.0
1427.0,0.013,0,100,0.0
1427.5,0.013,0,100,0.0
1428.0,0.011,0,100,0.0
1428.5,0.011,0,99,0.0
1429.0,0.011,0,99,0.0
1429.5,0.01,0,100,0.0
1430.0,0.01,0,99,0.6000000000000001
1430.5,0.01,0,99,2.4000000000000004
1431.0,0.01,0,99,3.6
1431.5,0.01,0,99,4.2
1432.0,0.008,0,100,3.6
1432.5,0.008,0,100,3.6
1433.0,0.011,0,100,3.0
1433.5,0.011,0,99,3.0
1434.0,0.013,0,99,3.0
1434.5,0.011,0,99,3.0
1435.0,0.011,0,99,3.6
1435.5,0.01,0,99,3.0
1436.0,0.011,0,99,3.6
1436.5,0.013,0,100,3.6
1437.0,0.013,0,100,4.2
1437.5,0.013,0,100,4.2
1438.0,0.013,0,100,4.2
1438.5,0.013,0,100,3.6
1439.0,0.013,0,100,3.6
1439.5,0.011,0,100,3.0
1440.0,0.011,0,100,3.6
1440.5,0.01,0,100,3.6
1441.0,0.01,0,100,4.2
1441.5,0.01,0,100,3.6
1442.0,0.011,0,100,3.6
1442.5,0.013,0,100,3.6
1443.0,0.013,0,101,3.6
1443.5,0.011,0,100,3.0
1444.0,0.011,0,100,3.0
1444.5,0.01,0,101,3.0
1445.0,0.011,0,100,3.0
1445.5,0.011,0,101,3.0
1446.0,0.013,0,101,3.0
1446.5,0.01,0,100,3.0
1447.0,0.011,0,100,2.4000000000000004
1447.5,0.01,0,101,1.8
1448.0,0.013,0,101,1.2000000000000002
1448.5,0.011,0,101,1.2000000000000002
1449.0,0.01,0,101,1.2000000000000002
1449.5,0.008,0,100,1.2000000000000002
1450.0,0.011,0,100,1.2000000000000002
1450.5,0.011,0,99,1.2000000000000002
1451.0,0.011,0,99,1.2000000000000002
1451.5,0.011,0,98,1.2000000000000002
1452.0,0.011,0,98,1.2000000000000002
1452.5,0.01,0,98,0.0
1453.0,0.011,0,98,0.0
1453.5,0.01,0,98,0.0
1454.0,0.013,0,98,0.0
1454.5,0.011,0,98,0.0
1455.0,0.011,0,98,0.0
1455.5,0.011,0,98,0.0
1456.0,0.011,0,98,0.0
1456.5,0.01,0,99,0.0
1457.0,0.011,0,98,0.0
1457.5,0.01,0,99,0.0
1458.0,0.01,0,99,0.0
1458.5,0.01,0,99,0.0
1459.0,0.011,0,100,0.0
1459.5,0.01,0,100,0.0
1460.0,0.011,0,101,0.0
1460.5,0.013,0,101,0.0
1461.0,0.01,0,100,0.0
1461.5,0.01,0,100,0.0
1462.0,0.008,0,100,0.0
1462.5,0.006,0,100,0.0
1463.0,0.01,0,99,1.8
1463.5,0.01,0,99,3.0
1464.0,0.008,0,100,3.6
1464.5,0.01,0,100,3.6
1465.0,0.008,0,100,3.6
1465.5,0.008,0,100,3.6
1466.0,0.01,0,99,3.0
1466.5,0.01,0,99,3.0
1467.0,0.008,0,99,3.0
1467.5,0.011,0,98,3.0
1468.0,0.01,0,99,3.6
1468.5,0.01,0,99,3.6
1469.0,0.01,0,99,3.6
1469.5,0.008,0,99,4.2
1470.0,0.008,0,100,4.2
1470.5,0.011,0,100,4.2
1471.0,0.01,0,100,3.6
1471.5,0.01,0,100,3.6
1472.0,0.01,0,100,3.6
1472.5,0.01,0,100,3.6
1473.0,0.01,0,100,3.6
1473.5,0.011,0,100,4.2
1474.0,0.01,0,100,3.6
1474.5,0.01,0,100,3.6
1475.0,0.008,0,100,3.6
1475.5,0.006,0,100,3.6
1476.0,0.01,0,100,3.0
1476.5,0.015,0,100,3.0
1477.0,0.015,0,100,3.0
1477.5,0.013,0,100,2.4000000000000004
1478.0,0.008,0,101,3.0
1478.5,0.01,0,101,3.0
1479.0,0.008,0,101,3.6
1479.5,0.011,0,100,2.4000000000000004
1480.0,0.01,0,100,1.8
1480.5,0.008,0,101,1.8
1481.0,0.008,0,101,1.8
1481.5,0.006,0,101,1.2000000000000002
1482.0,0.005,0,100,1.2000000000000002
1482.5,0.01,0,100,1.2000000000000002
1483.0,0.008,0,99,1.2000000000000002
1483.5,0.008,0,99,1.2000000000000002
1484.0,0.006,0,98,1.2000000000000002
1484.5,0.01,0,98,1.2000000000000002
1485.0,0.01,0,98,0.6000000000000001
1485.5,0.011,0,98,0.0
1486.0,0.011,0,98,0.0
1486.5,0.01,0,98,0.0
1487.0,0.01,0,98,0.0
1487.5,0.01,0,99,0.0
1488.0,0.008,0,98,0.0
1488.5,0.008,0,98,0.0
1489.0,0.011,0,98,0.0
1489.5,0.013,0,98,0.0
1490.0,0.011,0,98,0.0
1490.5,0.011,0,99,0.0
1491.0,0.011,0,99,0.0
1491.5,0.01,0,100,0.0
1492.0,0.011,0,100,0.0
1492.5,0.008,0,101,0.0
1493.0,0.01,0,101,0.0
1493.5,0.011,0,100,0.0
1494.0,0.01,0,100,0.0
1494.5,0.008,0,100,0.0
1495.0,0.006,0,100,0.0
1495.5,0.006,0,99,1.2000000000000002
1496.0,0.005,0,99,3.0
1496.5,0.005,0,100,3.6
1497.0,0.008,0,100,3.6
1497.5,0.008,0,100,3.6
1498.0,0.011,0,100,3.6
1498.5,0.01,0,100,3.0
1499.0,0.011,0,99,3.0
1499.5,0.01,0,99,3.0
1500.0,0.01,0,99,3.0
1500.5,0.006,0,99,3.0
1501.0,0.01,0,99,3.6
1501.5,0.01,0,99,3.6
1502.0,0.01,0,99,4.2
1502.5,0.008,0,100,4.2
1503.0,0.01,0,100,4.800000000000001
1503.5,0.006,0,100,4.2
1504.0,0.01,0,100,3.6
1504.5,0.01,0,100,3.6
1505.0,0.008,0,100,3.0
1505.5,0.008,0,100,3.6
1506.0,0.008,0,100,3.6
1506.5,0.006,0,100,3.6
1507.0,0.008,0,100,3.6
1507.5,0.008,0,100,3.6
1508.0,0.01,0,100,3.6
1508.5,0.008,0,100,3.6
1509.0,0.006,0,101,3.0
1509.5,0.005,0,101,3.0
1510.0,0.006,0,101,2.4000000000000004
1510.5,0.008,0,102,3.0
1511.0,0.01,0,101,3.0
1511.5,0.01,0,101,3.0
1512.0,0.01,0,101,2.4000000000000004
1512.5,0.008,0,101,1.8
1513.0,0.01,0,101,1.8
1513.5,0.008,0,101,1.2000000000000002
1514.0,0.008,0,101,1.2000000000000002
1514.5,0.008,0,101,1.2000000000000002
1515.0,0.01,0,100,1.2000000000000002
1515.5,0.008,0,100,1.2000000000000002
1516.0,0.01,0,99,1.2000000000000002
1516.5,0.01,0,98,1.2000000000000002
1517.0,0.01,0,98,1.2000000000000002
1517.5,0.01,0,98,0.6000000000000001
1518.0,0.008,0,98,0.0
1518.5,0.01,0,98,0.0
1519.0,0.01,0,98,0.0
1519.5,0.01,0,99,0.0
1520.0,0.011,0,98,0.0
1520.5,0.01,0,98,0.0
1521.0,0.01,0,99,0.0
1521.5,0.008,0,98,0.0
1522.0,0.008,0,99,0.0
1522.5,0.008,0,99,0.0
1523.0,0.01,0,99,0.0
1523.5,0.008,0,99,0.0
1524.0,0.01,0,100,0.0
1524.5,0.01,0,101,0.0
1525.0,0.01,0,101,0.6000000000000001
1525.5,0.01,0,101,0.0
1526.0,0.01,0,101,0.0
1526.5,0.008,0,100,0.0
1527.0,0.008,0,100,0.0
1527.5,0.006,0,100,0.0
1528.0,0.008,0,99,0.6000000000000001
1528.5,0.01,0,99,2.4000000000000004
1529.0,0.011,0,99,3.6
1529.5,0.011,0,100,3.6
1530.0,0.01,0,100,3.6
1530.5,0.01,0,100,3.0
1531.0,0.008,0,100,3.0
1531.5,0.008,0,99,3.0
1532.0,0.01,0,99,3.0
1532.5,0.008,0,99,3.0
1533.0,0.01,0,99,3.6
1533.5,0.01,0,99,3.6
1534.0,0.008,0,99,3.6
1534.5,0.006,0,99,4.2
1535.0,0.008,0,100,4.800000000000001
1535.5,0.008,0,100,4.800000000000001
1536.0,0.008,0,100,4.2
1536.5,0.01,0,100,3.6
1537.0,0.011,0,100,3.6
1537.5,0.011,0,100,3.6
1538.0,0.013,0,100,3.6
1538.5,0.01,0,100,3.6
1539.0,0.01,0,100,3.6
1539.5,0.008,0,100,3.6
1540.0,0.008,0,100,3.6
1540.5,0.008,0,100,3.6
1541.0,0.008,0,100,3.6
1541.5,0.01,0,101,3.0
1542.0,0.008,0,101,3.0
1542.5,0.011,0,100,2.4000000000000004
1543.0,0.01,0,100,2.4000000000000004
1543.5,0.008,0,101,3.0
1544.0,0.006,0,101,3.0
1544.5,0.008,0,100,3.0
1545.0,0.006,0,100,1.8
1545.5,0.01,0,100,1.8
1546.0,0.008,0,101,1.2000000000000002
1546.5,0.01,0,101,1.2000000000000002
1547.0,0.008,0,100,1.2000000000000002
1547.5,0.008,0,100,1.2000000000000002
1548.0,0.006,0,99,1.2000000000000002
1548.5,0.006,0,99,1.2000000000000002
1549.0,0.005,0,98,1.2000000000000002
1549.5,0.008,0,98,1.2000000000000002
1550.0,0.006,0,98,1.2000000000000002
1550.5,0.008,0,98,0.0
1551.0,0.008,0,98,0.0
1551.5,0.008,0,98,0.0
1552.0,0.006,0,98,0.0
1552.5,0.008,0,99,0.0
1553.0,0.008,0,98,0.0
1553.5,0.01,0,98,0.0
1554.0,0.011,0,99,0.0
1554.5,0.011,0,98,0.0
1555.0,0.01,0,98,0.0
1555.5,0.01,0,99,0.0
1556.0,0.008,0,99,0.0
1556.5,0.01,0,100,0.0
1557.0,0.006,0,100,0.0
1557.5,0.011,0,101,0.0
1558.0,0.013,0,101,0.0
1558.5,0.011,0,101,0.0
1559.0,0.01,0,100,0.0
1559.5,0.011,0,100,0.0
1560.0,0.01,0,100,0.0
1560.5,0.011,0,99,0.6000000000000001
1561.0,0.008,0,99,1.8
1561.5,0.008,0,99,3.0
1562.0,0.005,0,100,3.6
1562.5,0.006,0,100,3.6
1563.0,0.006,0,100,3.6
1563.5,0.01,0,100,3.0
1564.0,0.01,0,99,3.0
1564.5,0.01,0,99,3.0
1565.0,0.01,0,99,3.0
1565.5,0.01,0,98,3.0
1566.0,0.008,0,99,3.6
1566.5,0.01,0,99,3.6
1567.0,0.011,0,99,3.6
1567.5,0.011,0,99,4.2
1568.0,0.011,0,100,4.2
1568.5,0.011,0,100,4.2
1569.0,0.006,0,100,3.6
1569.5,0.008,0,100,3.6
1570.0,0.008,0,100,3.0
1570.5,0.008,0,100,3.0
1571.0,0.008,0,100,3.6
1571.5,0.01,0,100,4.2
1572.0,0.01,0,100,3.6
1572.5,0.008,0,100,3.6
1573.0,0.008,0,100,3.6
1573.5,0.008,0,100,3.6
1574.0,0.008,0,100,3.0
1574.5,0.008,0,100,3.0
1575.0,0.006,0,100,2.4000000000000004
1575.5,0.003,0,100,2.4000000000000004
1576.0,0.008,0,100,2.4000000000000004
1576.5,0.01,0,100,3.0
1577.0,0.01,0,100,3.0
1577.5,0.008,0,100,2.4000000000000004
1578.0,0.006,0,100,1.8
1578.5,0.006,0,100,1.2000000000000002
1579.0,0.008,0,101,1.2000000000000002
1579.5,0.01,0,100,1.2000000000000002
1580.0,0.01,0,100,1.2000000000000002
1580.5,0.008,0,99,1.2000000000000002
1581.0,0.006,0,99,1.2000000000000002
1581.5,0.006,0,98,1.2000000000000002
1582.0,0.008,0,98,1.2000000000000002
1582.5,0.008,0,98,1.2000000000000002
1583.0,0.01,0,98,0.6000000000000001
1583.5,0.008,0,98,0.0
1584.0,0.011,0,98,0.0
1584.5,0.01,0,98,0.0
1585.0,0.011,0,98,0.0
1585.5,0.011,0,98,0.0
1586.0,0.01,0,97,0.0
1586.5,0.01,0,97,0.0
1587.0,0.008,0,98,0.0
1587.5,0.006,0,98,0.0
1588.0,0.006,0,99,0.0
1588.5,0.011,0,99,0.0
1589.0,0.011,0,99,0.0
1589.5,0.011,0,100,0.0
1590.0,0.011,0,101,0.0
1590.5,0.011,0,101,0.0
1591.0,0.01,0,100,0.0
1591.5,0.008,0,100,0.0
1592.0,0.008,0,100,0.0
1592.5,0.01,0,100,0.0
1593.0,0.011,0,100,0.0
1593.5,0.008,0,99,1.2000000000000002
1594.0,0.008,0,99,3.0
1594.5,0.008,0,100,3.6
1595.0,0.01,0,100,3.6
1595.5,0.008,0,100,3.6
1596.0,0.006,0,100,3.0
1596.5,0.005,0,100,3.0
1597.0,0.008,0,99,3.0
1597.5,0.01,0,99,3.0
1598.0,0.011,0,99,3.0
1598.5,0.01,0,99,3.0
1599.0,0.01,0,99,3.6
1599.5,0.008,0,99,3.6
1600.0,0.01,0,99,4.2
1600.5,0.008,0,100,4.2
1601.0,0.01,0,100,4.2
1601.5,0.01,0,100,3.6
1602.0,0.008,0,100,3.6
1602.5,0.01,0,100,3.0
1603.0,0.011,0,100,3.6
1603.5,0.008,0,100,3.6
1604.0,0.008,0,100,4.2
1604.5,0.008,0,100,3.6
1605.0,0.008,0,100,3.6
1605.5,0.008,0,100,3.6
1606.0,0.01,0,100,3.6
1606.5,0.01,0,100,3.0
1607.0,0.01,0,101,3.0
1607.5,0.011,0,100,3.0
1608.0,0.01,0,101,2.4000000000000004
1608.5,0.008,0,101,2.4000000000000004
1609.0,0.008,0,101,2.4000000000000004
1609.5,0.006,0,101,3.0
1610.0,0.008,0,101,2.4000000000000004
1610.5,0.011,0,100,1.8
1611.0,0.011,0,101,1.8
1611.5,0.011,0,101,1.2000000000000002
1612.0,0.01,0,101,1.2000000000000002
1612.5,0.01,0,100,1.2000000000000002
1613.0,0.006,0,100,1.2000000000000002
1613.5,0.008,0,99,1.2000000000000002
1614.0,0.006,0,99,1.2000000000000002
1614.5,0.006,0,98,1.2000000000000002
1615.0,0.006,0,98,1.2000000000000002
1615.5,0.008,0,98,0.6000000000000001
1616.0,0.006,0,98,0.0
1616.5,0.01,0,98,0.0
1617.0,0.01,0,98,0.0
1617.5,0.01,0,98,0.0
1618.0,0.008,0,98,0.0
1618.5,0.01,0,98,0.0
1619.0,0.01,0,98,0.0
1619.5,0.01,0,98,0.0
1620.0,0.01,0,98,0.0
1620.5,0.011,0,99,0.0
1621.0,0.01,0,99,0.0
1621.5,0.01,0,99,0.0
1622.0,0.01,0,100,0.0
1622.5,0.01,0,100,0.0
1623.0,0.011,0,101,0.0
1623.5,0.011,0,101,0.0
1624.0,0.011,0,100,0.0
1624.5,0.013,0,100,0.0
1625.0,0.01,0,100,0.0
1625.5,0.01,0,100,0.0
1626.0,0.008,0,99,1.2000000000000002
1626.5,0.01,0,99,2.4000000000000004
1627.0,0.008,0,99,3.6
1627.5,0.008,0,100,4.2
1628.0,0.008,0,100,3.6
1628.5,0.01,0,100,3.6
1629.0,0.01,0,100,3.0
1629.5,0.011,0,99,3.0
1630.0,0.01,0,99,3.0
1630.5,0.011,0,99,3.0
1631.0,0.008,0,99,3.0
1631.5,0.01,0,99,3.6
1632.0,0.01,0,99,3.6
1632.5,0.01,0,99,4.2
1633.0,0.011,0,100,4.800000000000001
1633.5,0.01,0,100,4.2
1634.0,0.011,0,100,4.2
1634.5,0.015,0,100,3.6
1635.0,0.01,0,100,3.6
1635.5,0.008,0,100,3.6
1636.0,0.01,0,100,3.6
1636.5,0.01,0,100,3.6
1637.0,0.01,0,100,3.6
1637.5,0.013,0,99,3.6
1638.0,0.011,0,100,3.6
1638.5,0.011,0,100,3.6
1639.0,0.01,0,100,3.6
1639.5,0.01,0,100,3.0
1640.0,0.008,0,100,3.0
1640.5,0.01,0,100,3.0
1641.0,0.01,0,100,3.0
1641.5,0.008,0,100,3.0
1642.0,0.01,0,100,3.0
1642.5,0.01,0,100,3.0
1643.0,0.006,0,100,2.4000000000000004
1643.5,0.008,0,100,1.8
1644.0,0.006,0,100,1.2000000000000002
1644.5,0.006,0,100,1.2000000000000002
1645.0,0.008,0,100,1.2000000000000002
1645.5,0.008,0,99,1.2000000000000002
1646.0,0.01,0,99,1.2000000000000002
1646.5,0.008,0,99,1.2000000000000002
1647.0,0.006,0,98,1.2000000000000002
1647.5,0.008,0,97,1.2000000000000002
1648.0,0.006,0,98,1.2000000000000002
1648.5,0.006,0,98,0.0
1649.0,0.005,0,98,0.0
1649.5,0.005,0,98,0.0
1650.0,0.01,0,98,0.0
1650.5,0.01,0,98,0.0
1651.0,0.011,0,98,0.0
1651.5,0.01,0,98,0.0
1652.0,0.008,0,98,0.0
1652.5,0.006,0,98,0.0
1653.0,0.008,0,98,0.0
1653.5,0.008,0,99,0.0
1654.0,0.01,0,99,0.0
1654.5,0.01,0,100,0.0
1655.0,0.01,0,101,0.0
1655.5,0.01,0,101,0.0
1656.0,0.008,0,101,0.0
1656.5,0.008,0,101,0.0
1657.0,0.008,0,100,0.0
1657.5,0.006,0,100,0.0
1658.0,0.01,0,100,0.0
1658.5,0.01,0,100,0.6000000000000001
1659.0,0.01,0,99,2.4000000000000004
1659.5,0.01,0,99,3.0
1660.0,0.01,0,100,3.6
1660.5,0.01,0,100,3.6
1661.0,0.008,0,100,3.6
1661.5,0.006,0,100,3.0
1662.0,0.006,0,99,3.0
1662.5,0.008,0,99,3.0
1663.0,0.008,0,99,3.0
1663.5,0.01,0,99,3.0
1664.0,0.01,0,99,3.6
1664.5,0.008,0,99,3.6
1665.0,0.006,0,100,3.6
1665.5,0.005,0,100,4.2
1666.0,0.008,0,100,4.800000000000001
1666.5,0.01,0,100,3.6
1667.0,0.011,0,101,3.6
1667.5,0.011,0,100,3.0
1668.0,0.01,0,100,3.0
1668.5,0.01,0,100,3.0
1669.0,0.01,0,100,3.6
1669.5,0.008,0,100,3.6
1670.0,0.006,0,100,3.0
1670.5,0.008,0,100,3.0
1671.0,0.01,0,100,3.0
1671.5,0.01,0,101,3.0
1672.0,0.011,0,100,3.0
1672.5,0.01,0,100,2.4000000000000004
1673.0,0.008,0,101,2.4000000000000004
1673.5,0.008,0,100,2.4000000000000004
1674.0,0.008,0,101,2.4000000000000004
1674.5,0.006,0,101,3.0
1675.0,0.011,0,101,3.0
1675.5,0.01,0,100,2.4000000000000004
1676.0,0.01,0,101,1.8
1676.5,0.01,0,101,1.2000000000000002
1677.0,0.008,0,101,1.2000000000000002
1677.5,0.005,0,101,1.2000000000000002
1678.0,0.008,0,101,1.2000000000000002
1678.5,0.006,0,100,1.2000000000000002
1679.0,0.006,0,99,1.2000000000000002
1679.5,0.008,0,99,1.2000000000000002
1680.0,0.006,0,98,1.2000000000000002
1680.5,0.006,0,98,1.2000000000000002
1681.0,0.008,0,98,0.6000000000000001
1681.5,0.008,0,98,0.0
1682.0,0.006,0,98,0.0
1682.5,0.006,0,98,0.0
1683.0,0.006,0,99,0.0
1683.5,0.006,0,99,0.0
1684.0,0.01,0,98,0.0
1684.5,0.011,0,98,0.0
1685.0,0.011,0,98,0.0
1685.5,0.01,0,99,0.0
1686.0,0.008,0,99,0.0
1686.5,0.008,0,99,0.0
1687.0,0.006,0,100,0.0
1687.5,0.01,0,101,0.0
1688.0,0.01,0,101,0.0
1688.5,0.011,0,101,0.0
1689.0,0.008,0,101,0.0
1689.5,0.006,0,100,0.0
1690.0,0.006,0,100,0.0
1690.5,0.008,0,100,0.0
1691.0,0.006,0,100,0.0
1691.5,0.008,0,99,1.8
1692.0,0.006,0,99,3.0
1692.5,0.008,0,100,3.6
1693.0,0.006,0,100,3.6
1693.5,0.008,0,100,3.0
1694.0,0.008,0,100,3.0
1694.5,0.01,0,99,3.0
1695.0,0.008,0,99,2.4000000000000004
1695.5,0.006,0,99,3.0
1696.0,0.005,0,98,3.0
1696.5,0.006,0,99,3.0
1697.0,0.008,0,99,3.6
1697.5,0.011,0,99,3.6
1698.0,0.011,0,99,4.2
1698.5,0.01,0,100,4.800000000000001
1699.0,0.008,0,100,4.2
1699.5,0.008,0,100,3.6
1700.0,0.006,0,100,3.6
1700.5,0.01,0,100,3.6
1701.0,0.008,0,100,3.6
1701.5,0.008,0,100,3.6
1702.0,0.006,0,99,4.2
1702.5,0.008,0,100,3.6
1703.0,0.008,0,100,3.6
1703.5,0.01,0,100,3.6
1704.0,0.008,0,99,3.6
1704.5,0.006,0,100,3.0
1705.0,0.005,0,101,3.0
1705.5,0.006,0,100,2.4000000000000004
1706.0,0.008,0,100,2.4000000000000004
1706.5,0.011,0,100,2.4000000000000004
1707.0,0.01,0,100,3.0
1707.5,0.01,0,100,3.0
1708.0,0.01,0,100,2.4000000000000004
1708.5,0.008,0,100,1.8
1709.0,0.006,0,100,1.2000000000000002
1709.5,0.008,0,101,1.2000000000000002
1710.0,0.008,0,100,1.2000000000000002
1710.5,0.008,0,100,1.2000000000000002
1711.0,0.006,0,99,1.2000000000000002
1711.5,0.008,0,99,1.2000000000000002
1712.0,0.008,0,98,1.2000000000000002
1712.5,0.005,0,98,1.2000000000000002
1713.0,0.006,0,97,1.2000000000000002
1713.5,0.008,0,98,0.6000000000000001
1714.0,0.008,0,97,0.0
1714.5,0.008,0,98,0.0
1715.0,0.008,0,98,0.0
1715.5,0.006,0,98,0.0
1716.0,0.008,0,98,0.0
1716.5,0.008,0,98,0.0
1717.0,0.006,0,98,0.0
1717.5,0.006,0,100,0.0
1718.0,0.006,0,100,0.0
1718.5,0.008,0,100,0.0
1719.0,0.008,0,100,1.2000000000000002
1719.5,0.006,0,99,2.4000000000000004
1720.0,0.01,0,100,3.0
1720.5,0.006,0,100,3.6
1721.0,0.008,0,100,3.6
1721.5,0.006,0,100,3.0
1722.0,0.008,0,100,3.0
1722.5,0.006,0,99,2.4000000000000004
1723.0,0.011,0,99,3.0
1723.5,0.006,0,99,3.0
1724.0,0.006,0,99,3.0
1724.5,0.008,0,99,3.6
1725.0,0.006,0,100,3.6
1725.5,0.005,0,100,3.6
1726.0,0.008,0,100,4.2
1726.5,0.008,0,100,4.2
1727.0,0.008,0,100,3.6
1727.5,0.008,0,100,3.6
1728.0,0.006,0,100,3.0
1728.5,0.006,0,100,3.0
1729.0,0.008,0,100,3.6
1729.5,0.008,0,100,3.6
1730.0,0.008,0,101,3.6
1730.5,0.008,0,99,3.6
1731.0,0.008,0,100,3.6
1731.5,0.006,0,101,3.6
1732.0,0.01,0,100,3.0
1732.5,0.008,0,101,3.0
1733.0,0.01,0,101,2.4000000000000004
1733.5,0.008,0,100,2.4000000000000004
1734.0,0.006,0,101,2.4000000000000004
1734.5,0.006,0,101,2.4000000000000004
1735.0,0.011,0,101,3.0
1735.5,0.01,0,100,2.4000000000000004
1736.0,0.01,0,100,1.8
1736.5,0.008,0,101,1.8
1737.0,0.006,0,101,1.2000000000000002
1737.5,0.003,0,101,1.2000000000000002
1738.0,0.008,0,101,1.2000000000000002
1738.5,0.006,0,100,1.2000000000000002
1739.0,0.005,0,99,1.2000000000000002
1739.5,0.006,0,98,1.2000000000000002
1740.0,0.005,0,98,1.2000000000000002
1740.5,0.008,0,98,0.6000000000000001
1741.0,0.006,0,97,0.0
1741.5,0.008,0,98,0.0
1742.0,0.006,0,97,0.0
1742.5,0.006,0,98,0.0
1743.0,0.005,0,98,0.0
1743.5,0.008,0,98,0.0
1744.0,0.005,0,98,0.0
1744.5,0.006,0,98,0.0
1745.0,0.008,0,98,0.0
1745.5,0.008,0,99,0.0
1746.0,0.006,0,99,0.0
1746.5,0.006,0,99,0.0
1747.0,0.008,0,100,0.0
1747.5,0.01,0,100,0.0
1748.0,0.011,0,100,0.0
1748.5,0.01,0,100,0.0
1749.0,0.006,0,100,0.0
1749.5,0.008,0,100,0.0
1750.0,0.008,0,99,0.0
1750.5,0.005,0,99,0.0
1751.0,0.008,0,99,0.6000000000000001
1751.5,0.006,0,98,2.4000000000000004
1752.0,0.005,0,99,3.6
1752.5,0.006,0,99,3.6
1753.0,0.006,0,100,3.6
1753.5,0.005,0,100,3.6
1754.0,0.01,0,99,3.0
1754.5,0.006,0,99,3.0
1755.0,0.008,0,99,3.0
1755.5,0.006,0,98,3.0
1756.0,0.005,0,98,3.6
1756.5,0.005,0,99,3.6
1757.0,0.008,0,99,3.6
1757.5,0.008,0,99,4.2
1758.0,0.008,0,99,4.800000000000001
1758.5,0.006,0,100,4.800000000000001
1759.0,0.006,0,100,4.2
1759.5,0.005,0,100,3.6
1760.0,0.008,0,100,3.6
1760.5,0.008,0,99,3.6
1761.0,0.008,0,100,3.6
1761.5,0.006,0,99,3.6
1762.0,0.006,0,100,4.2
1762.5,0.005,0,99,3.6
1763.0,0.006,0,99,3.6
1763.5,0.006,0,100,3.6
1764.0,0.005,0,100,3.6
1764.5,0.005,0,100,3.6
1765.0,0.005,0,100,3.0
1765.5,0.005,0,101,3.0
1766.0,0.01,0,101,3.0
1766.5,0.008,0,100,3.0
1767.0,0.01,0,100,3.0
1767.5,0.008,0,100,3.6
1768.0,0.008,0,100,2.4000000000000004
1768.5,0.006,0,100,1.8
1769.0,0.011,0,100,1.8
1769.5,0.008,0,101,1.8
1770.0,0.008,0,100,1.2000000000000002
1770.5,0.006,0,100,1.2000000000000002
1771.0,0.008,0,99,1.2000000000000002
1771.5,0.005,0,99,1.2000000000000002
1772.0,0.008,0,98,1.2000000000000002
1772.5,0.005,0,97,1.2000000000000002
1773.0,0.003,0,97,1.2000000000000002
1773.5,0.005,0,98,0.0
1774.0,0.005,0,98,0.0
1774.5,0.006,0,98,0.0
1775.0,0.006,0,98,0.0
1775.5,0.008,0,98,0.0
1776.0,0.006,0,98,0.0
1776.5,0.006,0,97,0.0
1777.0,0.005,0,98,0.0
1777.5,0.005,0,98,0.0
1778.0,0.005,0,98,0.0
1778.5,0.008,0,99,0.0
1779.0,0.01,0,99,0.0
1779.5,0.01,0,99,0.0
1780.0,0.01,0,100,0.0
1780.5,0.01,0,100,0.0
1781.0,0.008,0,100,0.0
1781.5,0.01,0,100,0.0
1782.0,0.008,0,100,0.0
1782.5,0.006,0,100,0.0
1783.0,0.008,0,100,0.0
1783.5,0.006,0,99,0.0
1784.0,0.006,0,99,1.2000000000000002
1784.5,0.008,0,99,3.0
1785.0,0.008,0,100,3.6
1785.5,0.006,0,100,3.6
1786.0,0.006,0,100,3.6
1786.5,0.006,0,100,3.0
1787.0,0.005,0,99,3.0
1787.5,0.008,0,99,3.0
1788.0,0.008,0,99,3.0
1788.5,0.008,0,98,3.0
1789.0,0.008,0,98,3.6
1789.5,0.006,0,99,3.6
1790.0,0.005,0,99,3.6
1790.5,0.006,0,99,4.2
1791.0,0.006,0,100,4.800000000000001
1791.5,0.008,0,100,4.2
1792.0,0.01,0,100,4.2
1792.5,0.008,0,100,3.6
1793.0,0.006,0,100,3.6
1793.5,0.006,0,100,3.6
1794.0,0.006,0,100,3.6
1794.5,0.006,0,100,3.6
1795.0,0.008,0,100,3.6
1795.5,0.008,0,100,3.6
1796.0,0.005,0,100,3.6
1796.5,0.008,0,100,3.6
1797.0,0.008,0,100,3.0
1797.5,0.011,0,100,3.0
1798.0,0.008,0,100,2.4000000000000004
1798.5,0.006,0,101,2.4000000000000004
1799.0,0.005,0,101,3.0
1799.5,0.006,0,101,3.0
1800.0,0.008,0,100,3.0
1800.5,0.01,0,100,2.4000000000000004
1801.0,0.006,0,100,1.8
1801.5,0.006,0,100,1.8
1802.0,0.005,0,101,1.2000000000000002
1802.5,0.006,0,100,1.2000000000000002
1803.0,0.006,0,100,1.2000000000000002
1803.5,0.008,0,99,1.2000000000000002
1804.0,0.006,0,99,1.2000000000000002
1804.5,0.006,0,98,1.2000000000000002
1805.0,0.005,0,98,1.2000000000000002
1805.5,0.006,0,98,1.2000000000000002
1806.0,0.006,0,98,0.6000000000000001
1806.5,0.01,0,98,0.0
1807.0,0.008,0,98,0.0
1807.5,0.006,0,98,0.0
1808.0,0.005,0,98,0.0
1808.5,0.005,0,98,0.0
1809.0,0.006,0,98,0.0
1809.5,0.006,0,98,0.0
1810.0,0.008,0,98,0.0
1810.5,0.005,0,98,0.0
1811.0,0.005,0,98,0.0
1811.5,0.006,0,99,0.0
1812.0,0.006,0,99,0.0
1812.5,0.006,0,100,0.0
1813.0,0.011,0,100,0.0
1813.5,0.01,0,101,0.0
1814.0,0.008,0,101,0.0
1814.5,0.008,0,100,0.0
1815.0,0.008,0,100,0.0
1815.5,0.008,0,100,0.0
1816.0,0.008,0,100,0.0
1816.5,0.006,0,99,1.2000000000000002
1817.0,0.006,0,99,2.4000000000000004
1817.5,0.006,0,99,3.6
1818.0,0.008,0,100,3.6
1818.5,0.008,0,100,3.6
1819.0,0.008,0,100,3.6
1819.5,0.006,0,100,3.0
1820.0,0.008,0,99,3.0
1820.5,0.008,0,99,3.0
1821.0,0.008,0,99,3.0
1821.5,0.005,0,99,3.6
1822.0,0.008,0,99,3.6
1822.5,0.006,0,99,3.6
1823.0,0.01,0,99,4.2
1823.5,0.008,0,100,4.2
1824.0,0.01,0,100,4.2
1824.5,0.006,0,100,4.2
1825.0,0.008,0,100,3.6
1825.5,0.005,0,100,3.6
1826.0,0.01,0,100,3.6
1826.5,0.008,0,100,3.6
1827.0,0.01,0,100,3.6
1827.5,0.008,0,100,4.2
1828.0,0.008,0,100,3.6
1828.5,0.008,0,100,3.6
1829.0,0.01,0,100,3.6
1829.5,0.008,0,100,3.6
1830.0,0.01,0,101,3.0
1830.5,0.006,0,100,3.0
1831.0,0.01,0,100,2.4000000000000004
1831.5,0.01,0,101,2.4000000000000004
1832.0,0.011,0,101,3.0
1832.5,0.01,0,100,3.0
1833.0,0.011,0,101,3.0
1833.5,0.01,0,100,2.4000000000000004
1834.0,0.011,0,100,1.8
1834.5,0.01,0,101,1.2000000000000002
1835.0,0.011,0,101,1.2000000000000002
1835.5,0.01,0,100,1.2000000000000002
1836.0,0.01,0,100,1.2000000000000002
1836.5,0.008,0,99,1.2000000000000002
1837.0,0.01,0,99,1.2000000000000002
1837.5,0.006,0,98,1.2000000000000002
1838.0,0.006,0,98,1.2000000000000002
1838.5,0.006,0,98,1.2000000000000002
1839.0,0.005,0,98,0.6000000000000001
1839.5,0.006,0,98,0.0
1840.0,0.008,0,98,0.0
1840.5,0.006,0,98,0.0
1841.0,0.006,0,98,0.0
1841.5,0.006,0,98,0.0
1842.0,0.006,0,98,0.0
1842.5,0.005,0,98,0.0
1843.0,0.008,0,98,0.0
1843.5,0.01,0,99,0.0
1844.0,0.011,0,99,0.0
1844.5,0.01,0,99,0.0
1845.0,0.01,0,100,0.0
1845.5,0.01,0,100,0.0
1846.0,0.01,0,100,0.0
1846.5,0.01,0,101,0.0
1847.0,0.008,0,101,0.0
1847.5,0.008,0,100,0.0
1848.0,0.008,0,100,0.0
1848.5,0.008,0,100,0.0
1849.0,0.008,0,99,0.6000000000000001
1849.5,0.008,0,99,2.4000000000000004
1850.0,0.006,0,99,3.6
1850.5,0.008,0,100,3.6
1851.0,0.01,0,100,4.2
1851.5,0.01,0,100,3.6
1852.0,0.011,0,100,3.0
1852.5,0.01,0,99,3.0
1853.0,0.01,0,99,3.0
1853.5,0.011,0,99,3.0
1854.0,0.011,0,99,3.0
1854.5,0.01,0,99,3.6
1855.0,0.01,0,99,3.6
1855.5,0.008,0,100,3.6
1856.0,0.006,0,100,4.2
1856.5,0.008,0,100,4.800000000000001
1857.0,0.008,0,100,4.2
1857.5,0.008,0,100,3.6
1858.0,0.008,0,100,3.6
1858.5,0.008,0,100,3.0
1859.0,0.006,0,100,3.6
1859.5,0.008,0,100,3.6
1860.0,0.01,0,100,4.2
1860.5,0.01,0,100,3.6
1861.0,0.01,0,100,3.6
1861.5,0.01,0,100,3.6
1862.0,0.01,0,100,3.6
1862.5,0.011,0,100,3.0
1863.0,0.011,0,101,3.0
1863.5,0.01,0,101,3.0
1864.0,0.01,0,100,3.0
1864.5,0.008,0,101,3.0
1865.0,0.008,0,101,3.0
1865.5,0.01,0,100,3.0
1866.0,0.01,0,100,2.4000000000000004
1866.5,0.01,0,100,1.8
1867.0,0.01,0,101,1.2000000000000002
1867.5,0.008,0,101,1.2000000000000002
1868.0,0.008,0,101,1.2000000000000002
1868.5,0.01,0,100,1.2000000000000002
1869.0,0.01,0,99,1.2000000000000002
1869.5,0.008,0,99,1.2000000000000002
1870.0,0.011,0,98,1.2000000000000002
1870.5,0.008,0,98,1.2000000000000002
1871.0,0.008,0,98,1.2000000000000002
1871.5,0.01,0,98,0.6000000000000001
1872.0,0.01,0,98,0.0
1872.5,0.01,0,98,0.0
1873.0,0.01,0,98,0.0
1873.5,0.01,0,98,0.0
1874.0,0.008,0,98,0.0
1874.5,0.011,0,98,0.0
1875.0,0.01,0,98,0.0
1875.5,0.013,0,98,0.0
1876.0,0.01,0,98,0.0
1876.5,0.01,0,99,0.0
1877.0,0.01,0,99,0.0
1877.5,0.01,0,99,0.0
1878.0,0.01,0,101,0.0
1878.5,0.011,0,101,0.0
1879.0,0.011,0,101,0.0
1879.5,0.013,0,101,0.0
1880.0,0.011,0,100,0.0
1880.5,0.011,0,100,0.0
1881.0,0.01,0,100,0.0
1881.5,0.011,0,100,0.0
1882.0,0.011,0,99,1.8
1882.5,0.011,0,99,3.0
1883.0,0.01,0,100,3.6
1883.5,0.011,0,100,3.6
1884.0,0.011,0,100,3.6
1884.5,0.011,0,100,3.0
1885.0,0.011,0,99,3.0
1885.5,0.01,0,99,3.0
1886.0,0.01,0,99,3.0
1886.5,0.008,0,99,3.0
1887.0,0.008,0,99,3.6
1887.5,0.01,0,99,3.6
1888.0,0.013,0,100,3.6
1888.5,0.011,0,100,4.2
1889.0,0.011,0,100,4.800000000000001
1889.5,0.01,0,100,4.2
1890.0,0.01,0,100,4.2
1890.5,0.01,0,100,3.6
1891.0,0.011,0,100,3.0
1891.5,0.011,0,100,3.0
1892.0,0.011,0,100,3.6
1892.5,0.01,0,100,4.2
1893.0,0.01,0,100,3.6
1893.5,0.01,0,100,3.6
1894.0,0.011,0,100,3.6
1894.5,0.011,0,100,3.6
1895.0,0.013,0,100,3.0
1895.5,0.01,0,101,3.0
1896.0,0.01,0,100,3.0
1896.5,0.008,0,100,3.0
1897.0,0.013,0,101,3.0
1897.5,0.013,0,101,3.0
1898.0,0.013,0,100,3.0
1898.5,0.011,0,100,2.4000000000000004
1899.0,0.011,0,100,1.8
1899.5,0.01,0,101,1.8
1900.0,0.011,0,101,1.2000000000000002
1900.5,0.011,0,101,1.2000000000000002
1901.0,0.015,0,100,1.2000000000000002
1901.5,0.011,0,99,1.2000000000000002
1902.0,0.011,0,99,1.2000000000000002
1902.5,0.011,0,99,1.2000000000000002
1903.0,0.013,0,98,1.2000000000000002
1903.5,0.011,0,98,1.2000000000000002
1904.0,0.011,0,98,0.6000000000000001
1904.5,0.01,0,98,0.0
1905.0,0.011,0,98,0.0
1905.5,0.011,0,98,0.0
1906.0,0.013,0,98,0.0
1906.5,0.011,0,98,0.0
1907.0,0.011,0,98,0.0
1907.5,0.01,0,98,0.0
1908.0,0.01,0,98,0.0
1908.5,0.01,0,99,0.0
1909.0,0.013,0,99,0.0
1909.5,0.013,0,99,0.0
1910.0,0.013,0,99,0.0
1910.5,0.011,0,100,0.0
1911.0,0.013,0,100,0.0
1911.5,0.011,0,101,0.0
1912.0,0.013,0,101,0.0
1912.5,0.011,0,100,0.0
1913.0,0.011,0,100,0.0
1913.5,0.01,0,100,0.0
1914.0,0.011,0,100,0.0
1914.5,0.013,0,100,1.8
1915.0,0.013,0,99,2.4000000000000004
1915.5,0.013,0,100,3.6
1916.0,0.011,0,100,3.6
1916.5,0.013,0,100,3.6
1917.0,0.011,0,100,3.0
1917.5,0.013,0,100,3.0
1918.0,0.013,0,99,3.0
1918.5,0.013,0,99,3.0
1919.0,0.011,0,99,3.0
1919.5,0.011,0,99,3.0
1920.0,0.011,0,99,3.6
1920.5,0.01,0,100,3.6
1921.0,0.013,0,100,4.800000000000001
1921.5,0.013,0,100,4.2
1922.0,0.01,0,101,4.2
1922.5,0.011,0,101,3.6
1923.0,0.011,0,101,3.6
1923.5,0.011,0,100,3.0
1924.0,0.011,0,100,3.0
1924.5,0.011,0,100,3.0
1925.0,0.008,0,100,3.6
1925.5,0.011,0,100,3.6
1926.0,0.01,0,100,3.6
1926.5,0.01,0,100,3.6
1927.0,0.013,0,100,3.0
1927.5,0.011,0,100,3.0
1928.0,0.01,0,101,2.4000000000000004
1928.5,0.013,0,100,2.4000000000000004
1929.0,0.011,0,101,2.4000000000000004
1929.5,0.01,0,102,2.4000000000000004
1930.0,0.011,0,101,2.4000000000000004
1930.5,0.011,0,101,3.0
1931.0,0.011,0,100,2.4000000000000004
1931.5,0.013,0,100,1.8
1932.0,0.011,0,101,1.2000000000000002
1932.5,0.011,0,101,1.2000000000000002
1933.0,0.01,0,101,1.2000000000000002
1933.5,0.011,0,101,1.2000000000000002
1934.0,0.01,0,100,1.2000000000000002
1934.5,0.013,0,99,1.2000000000000002
1935.0,0.01,0,99,1.2000000000000002
1935.5,0.011,0,98,1.2000000000000002
1936.0,0.008,0,98,1.2000000000000002
1936.5,0.01,0,98,0.6000000000000001
1937.0,0.008,0,98,0.0
1937.5,0.011,0,98,0.0
1938.0,0.008,0,98,0.0
1938.5,0.008,0,98,0.0
1939.0,0.006,0,99,0.0
1939.5,0.01,0,98,0.0
1940.0,0.01,0,98,0.0
1940.5,0.011,0,98,0.0
1941.0,0.013,0,98,0.0
1941.5,0.011,0,99,0.0
1942.0,0.013,0,99,0.0
1942.5,0.011,0,99,0.0
1943.0,0.013,0,100,0.0
1943.5,0.013,0,100,0.6000000000000001
1944.0,0.013,0,101,0.0
1944.5,0.013,0,100,0.0
1945.0,0.013,0,100,0.0
1945.5,0.013,0,100,0.0
1946.0,0.011,0,100,0.0
1946.5,0.01,0,100,0.0
1947.0,0.01,0,99,1.2000000000000002
1947.5,0.011,0,99,2.4000000000000004
1948.0,0.01,0,99,3.6
1948.5,0.011,0,100,3.6
1949.0,0.011,0,100,3.6
1949.5,0.013,0,100,3.0
1950.0,0.011,0,100,3.0
1950.5,0.013,0,99,3.0
1951.0,0.011,0,99,3.0
1951.5,0.01,0,99,3.0
1952.0,0.01,0,99,3.0
1952.5,0.011,0,99,3.6
1953.0,0.013,0,100,3.6
1953.5,0.013,0,100,4.2
1954.0,0.011,0,100,4.2
1954.5,0.011,0,100,4.2
1955.0,0.01,0,100,3.6
1955.5,0.011,0,101,3.6
1956.0,0.011,0,100,3.0
1956.5,0.013,0,100,3.0
1957.0,0.011,0,100,3.0
1957.5,0.011,0,100,3.6
1958.0,0.01,0,100,3.6
1958.5,0.011,0,99,3.6
1959.0,0.011,0,100,3.6
1959.5,0.01,0,100,3.6
1960.0,0.011,0,100,3.0
1960.5,0.011,0,101,2.4000000000000004
1961.0,0.011,0,101,2.4000000000000004
1961.5,0.015,0,100,2.4000000000000004
1962.0,0.013,0,100,2.4000000000000004
1962.5,0.013,0,101,3.0
1963.0,0.013,0,100,3.0
1963.5,0.011,0,100,3.0
1964.0,0.01,0,100,1.8
1964.5,0.011,0,101,1.8
1965.0,0.01,0,101,1.2000000000000002
1965.5,0.01,0,101,1.2000000000000002
1966.0,0.013,0,100,1.2000000000000002
1966.5,0.013,0,100,1.2000000000000002
1967.0,0.01,0,99,1.2000000000000002
1967.5,0.011,0,99,1.2000000000000002
1968.0,0.011,0,98,1.2000000000000002
1968.5,0.01,0,97,1.2000000000000002
1969.0,0.011,0,98,0.6000000000000001
1969.5,0.011,0,97,0.0
1970.0,0.011,0,98,0.0
1970.5,0.011,0,97,0.0
1971.0,0.011,0,98,0.0
1971.5,0.01,0,98,0.0
1972.0,0.011,0,98,0.0
1972.5,0.008,0,98,0.0
1973.0,0.008,0,98,0.0
1973.5,0.008,0,98,0.0
1974.0,0.011,0,98,0.0
1974.5,0.011,0,99,0.0
1975.0,0.015,0,98,0.0
1975.5,0.013,0,99,0.0
1976.0,0.011,0,100,0.0
1976.5,0.011,0,100,0.0
1977.0,0.011,0,100,0.0
1977.5,0.01,0,100,0.0
1978.0,0.01,0,100,0.0
1978.5,0.01,0,99,0.0
1979.0,0.011,0,100,0.0
1979.5,0.011,0,99,1.2000000000000002
1980.0,0.01,0,99,2.4000000000000004
1980.5,0.008,0,99,3.6
1981.0,0.01,0,100,3.6
1981.5,0.01,0,100,3.6
1982.0,0.011,0,100,3.6
1982.5,0.01,0,100,3.0
1983.0,0.011,0,99,3.0
1983.5,0.01,0,99,3.0
1984.0,0.01,0,99,3.0
1984.5,0.011,0,99,3.0
1985.0,0.01,0,99,3.6
1985.5,0.01,0,99,3.6
1986.0,0.008,0,99,3.6
1986.5,0.008,0,100,4.2
1987.0,0.011,0,100,4.2
1987.5,0.013,0,100,4.2
1988.0,0.013,0,100,3.6
1988.5,0.011,0,100,3.6
1989.0,0.011,0,100,3.6
1989.5,0.01,0,100,3.6
1990.0,0.011,0,100,3.6
1990.5,0.01,0,100,4.2
1991.0,0.01,0,100,3.6
1991.5,0.01,0,100,3.6
1992.0,0.01,0,100,3.6
1992.5,0.01,0,100,3.6
1993.0,0.013,0,100,3.0
1993.5,0.011,0,100,3.0
1994.0,0.011,0,101,3.0
1994.5,0.01,0,101,2.4000000000000004
1995.0,0.01,0,101,3.0
1995.5,0.01,0,101,3.0
1996.0,0.016,0,100,3.0
1996.5,0.013,0,100,2.4000000000000004
1997.0,0.015,0,100,1.8
1997.5,0.013,0,101,1.8
1998.0,0.011,0,101,1.2000000000000002
1998.5,0.01,0,101,1.2000000000000002
1999.0,0.015,0,100,1.2000000000000002
1999.5,0.011,0,99,1.2000000000000002
2000.0,0.011,0,99,1.2000000000000002
2000.5,0.011,0,98,1.2000000000000002
2001.0,0.011,0,98,1.2000000000000002
2001.5,0.008,0,98,1.2000000000000002
2002.0,0.013,0,98,0.6000000000000001
2002.5,0.011,0,98,0.0
2003.0,0.01,0,98,0.0
2003.5,0.011,0,98,0.0
2004.0,0.011,0,98,0.0
2004.5,0.01,0,99,0.0
2005.0,0.01,0,98,0.0
2005.5,0.013,0,98,0.0
2006.0,0.01,0,98,0.0
2006.5,0.01,0,98,0.0
2007.0,0.011,0,99,0.0
2007.5,0.011,0,99,0.0
2008.0,0.01,0,99,0.0
2008.5,0.011,0,100,0.0
2009.0,0.011,0,101,0.0
2009.5,0.013,0,101,0.0
2010.0,0.013,0,101,0.0
2010.5,0.011,0,100,0.0
2011.0,0.01,0,100,0.0
2011.5,0.01,0,100,0.0
2012.0,0.008,0,100,0.0
2012.5,0.008,0,99,1.8
2013.0,0.01,0,99,3.0
2013.5,0.01,0,100,3.6
2014.0,0.01,0,100,3.6
2014.5,0.011,0,100,3.6
2015.0,0.011,0,100,3.0
2015.5,0.013,0,100,3.0
2016.0,0.01,0,99,3.0
2016.5,0.011,0,99,3.0
2017.0,0.01,0,99,3.0
2017.5,0.013,0,99,3.6
2018.0,0.011,0,99,3.6
2018.5,0.013,0,100,4.2
2019.0,0.011,0,100,4.800000000000001
2019.5,0.013,0,100,4.800000000000001
2020.0,0.01,0,100,4.2
2020.5,0.011,0,100,3.6
2021.0,0.008,0,100,3.6
2021.5,0.013,0,100,3.6
2022.0,0.013,0,100,3.6
2022.5,0.013,0,100,3.6
2023.0,0.01,0,100,4.2
2023.5,0.011,0,100,3.6
2024.0,0.01,0,100,3.6
2024.5,0.013,0,100,3.6
2025.0,0.01,0,100,3.6
2025.5,0.008,0,100,3.0
2026.0,0.008,0,101,3.0
2026.5,0.01,0,101,2.4000000000000004
2027.0,0.008,0,101,3.0
2027.5,0.013,0,101,3.0
2028.0,0.011,0,100,3.0
2028.5,0.011,0,101,3.0
2029.0,0.011,0,100,2.4000000000000004
2029.5,0.013,0,101,1.8
2030.0,0.01,0,101,1.2000000000000002
2030.5,0.015,0,101,1.2000000000000002
2031.0,0.011,0,101,1.2000000000000002
2031.5,0.011,0,100,1.2000000000000002
2032.0,0.011,0,100,1.2000000000000002
2032.5,0.011,0,99,1.2000000000000002
2033.0,0.01,0,99,0.6000000000000001
2033.5,0.01,0,98,1.2000000000000002
2034.0,0.011,0,98,1.2000000000000002
2034.5,0.01,0,98,0.6000000000000001
2035.0,0.01,0,98,0.0
2035.5,0.013,0,98,0.0
2036.0,0.011,0,98,0.0
2036.5,0.01,0,98,0.0
2037.0,0.01,0,99,0.0
2037.5,0.011,0,99,0.0
2038.0,0.011,0,100,0.0
2038.5,0.011,0,100,0.0
2039.0,0.011,0,101,0.0
2039.5,0.011,0,100,0.0
2040.0,0.011,0,100,0.0
2040.5,0.011,0,100,0.0
2041.0,0.01,0,100,0.0
2041.5,0.01,0,99,0.0
2042.0,0.01,0,99,1.8
2042.5,0.01,0,99,3.0
2043.0,0.01,0,99,3.6
2043.5,0.008,0,100,3.6
2044.0,0.01,0,100,3.6
2044.5,0.01,0,100,3.6
2045.0,0.011,0,100,3.0
2045.5,0.01,0,99,3.0
2046.0,0.013,0,99,3.0
2046.5,0.011,0,99,3.0
2047.0,0.011,0,99,3.6
2047.5,0.008,0,99,3.6
2048.0,0.008,0,99,3.6
2048.5,0.008,0,100,4.2
2049.0,0.011,0,100,4.800000000000001
2049.5,0.011,0,100,4.2
2050.0,0.011,0,100,3.6
2050.5,0.011,0,100,3.6
2051.0,0.01,0,100,3.0
2051.5,0.01,0,100,3.0
2052.0,0.008,0,100,3.6
2052.5,0.008,0,100,3.6
2053.0,0.008,0,100,3.6
2053.5,0.005,0,100,3.6
2054.0,0.01,0,100,3.6
2054.5,0.01,0,100,3.6
2055.0,0.011,0,100,3.0
2055.5,0.011,0,101,3.0
2056.0,0.013,0,100,3.0
2056.5,0.011,0,100,2.4000000000000004
2057.0,0.011,0,101,3.0
2057.5,0.01,0,101,3.0
2058.0,0.01,0,101,3.0
2058.5,0.011,0,101,3.0
2059.0,0.013,0,100,1.8
2059.5,0.011,0,101,1.8
2060.0,0.01,0,101,1.2000000000000002
2060.5,0.01,0,101,1.2000000000000002
2061.0,0.01,0,100,1.2000000000000002
2061.5,0.01,0,100,1.2000000000000002
2062.0,0.01,0,99,1.2000000000000002
2062.5,0.008,0,99,1.2000000000000002
2063.0,0.008,0,98,1.2000000000000002
2063.5,0.01,0,98,1.2000000000000002
2064.0,0.01,0,98,1.2000000000000002
2064.5,0.011,0,98,0.0
2065.0,0.01,0,98,0.0
2065.5,0.008,0,97,0.0
2066.0,0.01,0,98,0.0
2066.5,0.008,0,98,0.0
2067.0,0.013,0,98,0.0
2067.5,0.011,0,98,0.0
2068.0,0.011,0,98,0.0
2068.5,0.011,0,97,0.0
2069.0,0.011,0,99,0.0
2069.5,0.01,0,99,0.0
2070.0,0.01,0,99,0.0
2070.5,0.01,0,100,0.0
2071.0,0.011,0,101,0.0
2071.5,0.011,0,100,0.0
2072.0,0.011,0,101,0.0
2072.5,0.008,0,100,0.0
2073.0,0.008,0,100,0.0
2073.5,0.006,0,100,0.0
2074.0,0.006,0,100,0.0
2074.5,0.008,0,99,1.2000000000000002
2075.0,0.006,0,99,2.4000000000000004
2075.5,0.008,0,99,3.6
2076.0,0.01,0,100,3.6
2076.5,0.01,0,100,3.6
2077.0,0.01,0,100,3.6
2077.5,0.011,0,100,3.0
2078.0,0.01,0,99,3.0
2078.5,0.01,0,99,3.0
2079.0,0.006,0,99,3.0
2079.5,0.006,0,99,3.0
2080.0,0.006,0,99,3.6
2080.5,0.011,0,100,3.6
2081.0,0.011,0,100,4.2
2081.5,0.011,0,100,4.800000000000001
2082.0,0.008,0,100,4.2
2082.5,0.008,0,100,4.2
2083.0,0.008,0,101,3.6
2083.5,0.008,0,100,3.6
2084.0,0.01,0,100,3.6
2084.5,0.01,0,100,3.0
2085.0,0.008,0,100,3.6
2085.5,0.006,0,100,3.6
2086.0,0.006,0,100,3.0
2086.5,0.006,0,100,3.6
2087.0,0.006,0,100,3.6
2087.5,0.008,0,101,3.0
2088.0,0.006,0,101,3.0
2088.5,0.008,0,101,3.0
2089.0,0.008,0,101,2.4000000000000004
2089.5,0.01,0,101,2.4000000000000004
2090.0,0.008,0,101,3.0
2090.5,0.01,0,101,3.0
2091.0,0.008,0,100,3.0
2091.5,0.008,0,100,2.4000000000000004
2092.0,0.006,0,101,1.8
2092.5,0.006,0,101,1.2000000000000002
2093.0,0.01,0,101,1.2000000000000002
2093.5,0.01,0,101,1.2000000000000002
2094.0,0.011,0,100,1.2000000000000002
2094.5,0.01,0,100,1.2000000000000002
2095.0,0.008,0,99,1.2000000000000002
2095.5,0.008,0,99,1.2000000000000002
2096.0,0.008,0,98,1.2000000000000002
2096.5,0.01,0,98,1.2000000000000002
2097.0,0.01,0,98,0.6000000000000001
2097.5,0.008,0,98,0.0
2098.0,0.008,0,98,0.0
2098.5,0.01,0,98,0.0
2099.0,0.008,0,98,0.0
2099.5,0.006,0,98,0.0
2100.0,0.008,0,98,0.0
2100.5,0.01,0,98,0.0
2101.0,0.008,0,99,0.0
2101.5,0.01,0,98,0.0
2102.0,0.008,0,99,0.0
2102.5,0.006,0,99,0.0
2103.0,0.01,0,100,0.0
2103.5,0.01,0,100,0.0
2104.0,0.01,0,101,0.0
2104.5,0.01,0,101,0.0
2105.0,0.008,0,101,0.0
2105.5,0.006,0,100,0.0
2106.0,0.008,0,100,0.0
2106.5,0.01,0,100,0.0
2107.0,0.01,0,99,0.6000000000000001
2107.5,0.01,0,99,2.4000000000000004
2108.0,0.006,0,99,3.6
2108.5,0.005,0,100,3.6
2109.0,0.006,0,100,3.6
2109.5,0.01,0,100,3.0
2110.0,0.008,0,100,3.0
2110.5,0.01,0,99,3.0
2111.0,0.008,0,99,3.0
2111.5,0.006,0,99,3.0
2112.0,0.008,0,98,3.0
2112.5,0.008,0,99,3.6
2113.0,0.006,0,99,3.6
2113.5,0.008,0,100,3.6
2114.0,0.006,0,100,4.2
2114.5,0.006,0,100,4.800000000000001
2115.0,0.01,0,100,4.2
2115.5,0.011,0,100,3.6
2116.0,0.01,0,100,3.6
2116.5,0.01,0,100,3.6
2117.0,0.006,0,100,3.6
2117.5,0.006,0,100,3.6
2118.0,0.008,0,100,4.2
2118.5,0.006,0,100,3.6
2119.0,0.008,0,100,3.6
2119.5,0.008,0,100,3.6
2120.0,0.008,0,101,3.6
2120.5,0.008,0,101,3.0
2121.0,0.01,0,100,2.4000000000000004
2121.5,0.008,0,100,2.4000000000000004
2122.0,0.008,0,101,2.4000000000000004
2122.5,0.008,0,101,3.0
2123.0,0.006,0,100,3.0
2123.5,0.006,0,100,3.0
2124.0,0.008,0,100,2.4000000000000004
2124.5,0.008,0,100,1.8
2125.0,0.008,0,101,1.2000000000000002
2125.5,0.008,0,101,1.2000000000000002
2126.0,0.006,0,100,1.2000000000000002
2126.5,0.006,0,100,1.2000000000000002
2127.0,0.008,0,99,1.2000000000000002
2127.5,0.008,0,99,1.2000000000000002
2128.0,0.006,0,99,1.2000000000000002
2128.5,0.008,0,98,1.2000000000000002
2129.0,0.01,0,98,1.2000000000000002
2129.5,0.008,0,98,0.6000000000000001
2130.0,0.008,0,98,0.0
2130.5,0.008,0,98,0.0
2131.0,0.008,0,98,0.0
2131.5,0.008,0,98,0.0
2132.0,0.008,0,98,0.0
2132.5,0.008,0,98,0.0
2133.0,0.01,0,98,0.0
2133.5,0.01,0,98,0.0
2134.0,0.01,0,98,0.0
2134.5,0.01,0,98,0.0
2135.0,0.008,0,99,0.0
2135.5,0.008,0,99,0.0
2136.0,0.01,0,100,0.0
2136.5,0.01,0,100,0.0
2137.0,0.011,0,101,0.0
2137.5,0.01,0,100,0.0
2138.0,0.01,0,100,0.0
2138.5,0.006,0,100,0.0
2139.0,0.006,0,100,0.0
2139.5,0.005,0,99,0.0
2140.0,0.006,0,99,1.2000000000000002
2140.5,0.005,0,99,3.0
2141.0,0.006,0,99,3.6
2141.5,0.006,0,100,3.6
2142.0,0.008,0,100,3.6
2142.5,0.008,0,100,3.0
2143.0,0.008,0,100,3.0
2143.5,0.008,0,99,3.0
2144.0,0.008,0,99,3.0
2144.5,0.008,0,99,3.0
2145.0,0.008,0,99,3.0
2145.5,0.008,0,99,3.6
2146.0,0.008,0,100,3.6
2146.5,0.008,0,100,4.2
2147.0,0.008,0,100,4.2
2147.5,0.008,0,100,4.2
2148.0,0.01,0,101,3.6
2148.5,0.008,0,100,3.0
2149.0,0.008,0,100,3.0
2149.5,0.01,0,100,3.0
2150.0,0.01,0,100,3.6
2150.5,0.01,0,100,3.6
2151.0,0.008,0,100,3.6
2151.5,0.006,0,99,3.6
2152.0,0.006,0,100,3.6
2152.5,0.006,0,100,3.6
2153.0,0.005,0,100,3.0
2153.5,0.006,0,101,3.0
2154.0,0.008,0,101,2.4000000000000004
2154.5,0.01,0,100,2.4000000000000004
2155.0,0.01,0,101,2.4000000000000004
2155.5,0.01,0,100,3.0
2156.0,0.008,0,100,3.0
2156.5,0.006,0,100,2.4000000000000004
2157.0,0.008,0,100,1.8
2157.5,0.01,0,101,1.2000000000000002
2158.0,0.01,0,101,1.2000000000000002
2158.5,0.011,0,101,1.2000000000000002
2159.0,0.01,0,100,1.2000000000000002
2159.5,0.006,0,99,1.2000000000000002
2160.0,0.006,0,99,1.2000000000000002
2160.5,0.006,0,99,1.2000000000000002
2161.0,0.005,0,98,1.2000000000000002
2161.5,0.006,0,98,1.2000000000000002
2162.0,0.01,0,98,0.6000000000000001
2162.5,0.01,0,98,0.0
2163.0,0.01,0,98,0.0
2163.5,0.008,0,98,0.0
2164.0,0.008,0,98,0.0
2164.5,0.008,0,98,0.0
2165.0,0.008,0,98,0.0
2165.5,0.006,0,98,0.0
2166.0,0.005,0,98,0.0
2166.5,0.008,0,98,0.0
2167.0,0.008,0,99,0.0
2167.5,0.011,0,99,0.0
2168.0,0.011,0,99,0.0
2168.5,0.011,0,101,0.0
2169.0,0.01,0,101,0.0
2169.5,0.008,0,101,0.0
2170.0,0.006,0,101,0.0
2170.5,0.01,0,101,0.0
2171.0,0.008,0,101,0.0
2171.5,0.01,0,100,0.0
2172.0,0.008,0,100,0.0
2172.5,0.008,0,100,1.2000000000000002
2173.0,0.006,0,100,2.4000000000000004
2173.5,0.01,0,100,3.6
2174.0,0.008,0,101,3.6
2174.5,0.01,0,100,3.0
2175.0,0.01,0,100,3.0
2175.5,0.011,0,100,2.4000000000000004
2176.0,0.008,0,99,2.4000000000000004
2176.5,0.008,0,99,2.4000000000000004
2177.0,0.01,0,99,3.0
2177.5,0.008,0,99,3.0
2178.0,0.011,0,100,3.6
2178.5,0.011,0,100,3.0
2179.0,0.011,0,100,3.0
2179.5,0.008,0,100,3.0
2180.0,0.011,0,100,3.6
2180.5,0.008,0,100,3.6
2181.0,0.008,0,100,3.6
2181.5,0.008,0,99,3.0
2182.0,0.008,0,100,3.6
2182.5,0.006,0,100,3.6
2183.0,0.01,0,100,3.0
2183.5,0.01,0,100,3.0
2184.0,0.008,0,101,2.4000000000000004
2184.5,0.008,0,101,2.4000000000000004
2185.0,0.006,0,101,2.4000000000000004
2185.5,0.008,0,101,3.0
2186.0,0.011,0,101,3.0
2186.5,0.011,0,100,2.4000000000000004
2187.0,0.01,0,100,1.8
2187.5,0.01,0,101,1.8
2188.0,0.008,0,101,1.2000000000000002
2188.5,0.006,0,101,1.2000000000000002
2189.0,0.008,0,100,1.2000000000000002
2189.5,0.01,0,99,1.2000000000000002
2190.0,0.008,0,99,1.2000000000000002
2190.5,0.01,0,99,1.2000000000000002
2191.0,0.008,0,98,1.2000000000000002
2191.5,0.008,0,98,1.2000000000000002
2192.0,0.008,0,98,0.6000000000000001
2192.5,0.01,0,98,0.0
2193.0,0.01,0,98,0.0
2193.5,0.01,0,98,0.0
2194.0,0.008,0,98,0.0
2194.5,0.01,0,98,0.0
2195.0,0.008,0,98,0.0
2195.5,0.01,0,98,0.0
2196.0,0.01,0,98,0.0
2196.5,0.01,0,98,0.0
2197.0,0.01,0,99,0.0
2197.5,0.008,0,99,0.0
2198.0,0.008,0,99,0.0
2198.5,0.01,0,100,0.0
2199.0,0.011,0,100,0.0
2199.5,0.01,0,100,0.0
2200.0,0.013,0,101,0.0
2200.5,0.011,0,100,0.0
2201.0,0.008,0,100,0.0
2201.5,0.008,0,100,0.0
2202.0,0.005,0,100,0.0
2202.5,0.006,0,99,0.6000000000000001
2203.0,0.006,0,99,2.4000000000000004
2203.5,0.008,0,99,3.6
2204.0,0.008,0,100,3.6
2204.5,0.01,0,100,3.6
2205.0,0.01,0,100,3.6
2205.5,0.01,0,99,3.0
2206.0,0.01,0,99,3.0
2206.5,0.01,0,99,3.0
2207.0,0.01,0,99,3.0
2207.5,0.01,0,99,3.0
2208.0,0.011,0,99,3.6
2208.5,0.013,0,99,3.6
2209.0,0.011,0,99,3.6
2209.5,0.011,0,99,4.2
2210.0,0.01,0,100,4.2
2210.5,0.01,0,100,4.2
2211.0,0.008,0,100,3.6
2211.5,0.011,0,100,3.6
2212.0,0.011,0,100,3.6
2212.5,0.011,0,100,3.6
2213.0,0.011,0,100,3.6
2213.5,0.011,0,100,4.2
2214.0,0.01,0,100,3.6
2214.5,0.011,0,100,3.6
2215.0,0.008,0,100,3.6
2215.5,0.01,0,100,3.6
2216.0,0.006,0,100,3.0
2216.5,0.01,0,100,3.0
2217.0,0.01,0,101,2.4000000000000004
2217.5,0.011,0,100,2.4000000000000004
2218.0,0.01,0,100,3.0
2218.5,0.01,0,100,3.0
2219.0,0.008,0,100,3.0
2219.5,0.006,0,100,2.4000000000000004
2220.0,0.01,0,100,1.8
2220.5,0.011,0,101,1.2000000000000002
2221.0,0.01,0,101,1.2000000000000002
2221.5,0.01,0,100,1.2000000000000002
2222.0,0.01,0,100,1.2000000000000002
2222.5,0.011,0,99,1.2000000000000002
2223.0,0.008,0,99,1.2000000000000002
2223.5,0.01,0,98,1.2000000000000002
2224.0,0.008,0,98,1.2000000000000002
2224.5,0.01,0,98,1.2000000000000002
2225.0,0.008,0,98,0.6000000000000001
2225.5,0.01,0,98,0.0
2226.0,0.01,0,98,0.0
2226.5,0.011,0,98,0.0
2227.0,0.01,0,99,0.0
2227.5,0.011,0,98,0.0
2228.0,0.008,0,98,0.0
2228.5,0.011,0,98,0.0
2229.0,0.01,0,98,0.0
2229.5,0.011,0,99,0.0
2230.0,0.01,0,99,0.0
2230.5,0.011,0,100,0.0
2231.0,0.01,0,100,0.0
2231.5,0.01,0,101,0.0
2232.0,0.008,0,101,0.0
2232.5,0.008,0,101,0.0
2233.0,0.01,0,101,0.0
2233.5,0.01,0,100,0.0
2234.0,0.01,0,100,0.0
2234.5,0.01,0,100,0.0
2235.0,0.008,0,99,1.8
2235.5,0.008,0,99,3.6
2236.0,0.01,0,100,3.6
2236.5,0.011,0,100,3.6
2237.0,0.011,0,100,3.6
2237.5,0.011,0,100,3.0
2238.0,0.01,0,99,3.0
2238.5,0.01,0,99,3.0
2239.0,0.008,0,99,3.0
2239.5,0.01,0,99,3.0
2240.0,0.008,0,99,3.6
2240.5,0.008,0,99,3.6
2241.0,0.005,0,100,3.6
2241.5,0.006,0,100,4.2
2242.0,0.008,0,100,4.2
2242.5,0.011,0,100,4.2
2243.0,0.011,0,100,3.6
2243.5,0.013,0,100,3.6
2244.0,0.008,0,100,3.0
2244.5,0.008,0,100,3.0
2245.0,0.006,0,100,3.6
2245.5,0.006,0,100,3.6
2246.0,0.01,0,100,3.6
2246.5,0.011,0,100,3.6
2247.0,0.01,0,100,3.6
2247.5,0.01,0,100,3.6
2248.0,0.01,0,100,3.0
2248.5,0.01,0,100,3.0
2249.0,0.008,0,100,2.4000000000000004
2249.5,0.008,0,101,2.4000000000000004
2250.0,0.006,0,101,3.0
2250.5,0.01,0,100,3.0
2251.0,0.011,0,100,3.0
2251.5,0.01,0,100,2.4000000000000004
2252.0,0.01,0,100,1.8
2252.5,0.011,0,100,1.8
2253.0,0.006,0,101,1.2000000000000002
2253.5,0.01,0,101,1.2000000000000002
2254.0,0.006,0,100,1.2000000000000002
2254.5,0.006,0,99,1.2000000000000002
2255.0,0.01,0,99,1.2000000000000002
2255.5,0.01,0,98,1.2000000000000002
2256.0,0.008,0,98,1.2000000000000002
2256.5,0.008,0,97,1.2000000000000002
2257.0,0.01,0,98,0.6000000000000001
2257.5,0.008,0,98,0.0
2258.0,0.01,0,98,0.0
2258.5,0.008,0,98,0.0
2259.0,0.008,0,98,0.0
2259.5,0.01,0,98,0.0
2260.0,0.01,0,98,0.0
2260.5,0.01,0,98,0.0
2261.0,0.01,0,97,0.0
2261.5,0.008,0,98,0.0
2262.0,0.008,0,99,0.0
2262.5,0.008,0,99,0.0
2263.0,0.008,0,99,0.0
2263.5,0.011,0,101,0.0
2264.0,0.011,0,100,0.0
2264.5,0.011,0,101,0.0
2265.0,0.01,0,101,0.0
2265.5,0.008,0,100,0.0
2266.0,0.006,0,101,0.0
2266.5,0.005,0,100,0.0
2267.0,0.006,0,100,0.0
2267.5,0.006,0,100,1.8
2268.0,0.008,0,99,3.0
2268.5,0.008,0,100,3.6
2269.0,0.008,0,101,3.6
2269.5,0.006,0,101,3.6
2270.0,0.008,0,100,3.0
2270.5,0.006,0,100,3.0
2271.0,0.006,0,99,3.0
2271.5,0.006,0,99,3.0
2272.0,0.01,0,99,3.0
2272.5,0.01,0,99,3.0
2273.0,0.013,0,99,3.6
2273.5,0.011,0,100,3.6
2274.0,0.01,0,100,3.6
2274.5,0.006,0,100,3.6
2275.0,0.005,0,100,3.6
2275.5,0.008,0,100,3.6
2276.0,0.006,0,100,3.6
2276.5,0.01,0,100,3.6
2277.0,0.01,0,100,3.0
2277.5,0.006,0,100,3.0
2278.0,0.005,0,100,2.4000000000000004
2278.5,0.008,0,100,2.4000000000000004
2279.0,0.01,0,101,2.4000000000000004
2279.5,0.01,0,101,3.0
2280.0,0.008,0,100,3.0
2280.5,0.006,0,100,3.0
2281.0,0.003,0,100,1.8
2281.5,0.008,0,101,1.8
2282.0,0.01,0,101,1.2000000000000002
2282.5,0.01,0,101,1.2000000000000002
2283.0,0.01,0,100,1.2000000000000002
2283.5,0.006,0,99,1.2000000000000002
2284.0,0.005,0,99,1.2000000000000002
2284.5,0.006,0,99,1.2000000000000002
2285.0,0.006,0,98,1.2000000000000002
2285.5,0.006,0,98,1.2000000000000002
2286.0,0.006,0,98,0.6000000000000001
2286.5,0.006,0,98,0.0
2287.0,0.006,0,98,0.0
2287.5,0.008,0,98,0.0
2288.0,0.006,0,98,0.0
2288.5,0.008,0,98,0.0
2289.0,0.008,0,98,0.0
2289.5,0.008,0,98,0.0
2290.0,0.005,0,98,0.0
2290.5,0.01,0,98,0.0
2291.0,0.008,0,99,0.0
2291.5,0.008,0,99,0.0
2292.0,0.011,0,99,0.0
2292.5,0.01,0,100,0.0
2293.0,0.008,0,101,0.0
2293.5,0.006,0,100,0.0
2294.0,0.006,0,101,0.0
2294.5,0.008,0,100,0.0
2295.0,0.01,0,100,0.0
2295.5,0.008,0,100,0.0
2296.0,0.008,0,100,0.0
2296.5,0.006,0,99,1.2000000000000002
2297.0,0.006,0,99,3.0
2297.5,0.008,0,99,3.6
2298.0,0.006,0,99,3.6
2298.5,0.008,0,100,3.6
2299.0,0.006,0,99,3.0
2299.5,0.006,0,99,3.0
2300.0,0.006,0,98,3.0
2300.5,0.005,0,98,3.0
2301.0,0.006,0,98,3.0
2301.5,0.006,0,98,3.0
2302.0,0.008,0,98,3.6
2302.5,0.008,0,99,3.6
2303.0,0.008,0,99,4.2
2303.5,0.006,0,99,4.2
2304.0,0.01,0,100,4.2
2304.5,0.01,0,100,4.2
2305.0,0.01,0,100,3.6
2305.5,0.008,0,100,3.6
2306.0,0.008,0,100,3.6
2306.5,0.005,0,100,3.6
2307.0,0.008,0,100,4.2
2307.5,0.008,0,100,4.2
2308.0,0.008,0,100,3.6
2308.5,0.008,0,100,3.6
2309.0,0.01,0,100,3.6
2309.5,0.006,0,100,3.6
2310.0,0.01,0,100,3.0
2310.5,0.008,0,101,3.0
2311.0,0.008,0,101,2.4000000000000004
2311.5,0.008,0,100,2.4000000000000004
2312.0,0.008,0,101,3.0
2312.5,0.006,0,101,3.0
2313.0,0.011,0,100,3.0
2313.5,0.008,0,100,1.8
2314.0,0.008,0,101,1.8
2314.5,0.006,0,101,1.2000000000000002
2315.0,0.008,0,101,1.2000000000000002
2315.5,0.006,0,101,1.2000000000000002
2316.0,0.01,0,100,1.2000000000000002
2316.5,0.006,0,99,1.2000000000000002
2317.0,0.006,0,99,1.2000000000000002
2317.5,0.006,0,99,1.2000000000000002
2318.0,0.008,0,98,1.2000000000000002
2318.5,0.008,0,98,1.2000000000000002
2319.0,0.01,0,98,0.0
2319.5,0.006,0,98,0.0
2320.0,0.006,0,98,0.0
2320.5,0.006,0,99,0.0
2321.0,0.008,0,99,0.0
2321.5,0.008,0,99,0.0
2322.0,0.01,0,98,0.0
2322.5,0.01,0,98,0.0
2323.0,0.006,0,98,0.0
2323.5,0.008,0,101,0.6000000000000001
2324.0,0.008,0,101,0.0
2324.5,0.005,0,101,0.0
2325.0,0.005,0,101,0.0
2325.5,0.006,0,100,0.0
2326.0,0.008,0,100,0.0
2326.5,0.006,0,100,0.6000000000000001
2327.0,0.006,0,99,2.4000000000000004
2327.5,0.006,0,100,3.0
2328.0,0.006,0,100,3.6
2328.5,0.006,0,101,3.6
2329.0,0.008,0,100,3.0
2329.5,0.006,0,100,3.0
2330.0,0.006,0,99,3.0
2330.5,0.005,0,99,3.0
2331.0,0.005,0,99,3.0
2331.5,0.008,0,99,3.0
2332.0,0.01,0,99,3.6
2332.5,0.01,0,99,3.6
2333.0,0.008,0,100,3.6
2333.5,0.008,0,100,4.2
2334.0,0.006,0,100,4.2
2334.5,0.006,0,100,3.6
2335.0,0.01,0,100,3.6
2335.5,0.01,0,100,3.0
2336.0,0.008,0,100,3.0
2336.5,0.006,0,100,3.0
2337.0,0.008,0,100,3.6
2337.5,0.005,0,100,3.6
2338.0,0.006,0,100,3.6
2338.5,0.006,0,100,3.6
2339.0,0.008,0,100,3.6
2339.5,0.006,0,100,3.0
2340.0,0.006,0,100,3.0
2340.5,0.006,0,100,3.0
2341.0,0.008,0,100,2.4000000000000004
2341.5,0.008,0,100,2.4000000000000004
2342.0,0.01,0,100,3.0
2342.5,0.008,0,100,3.0
2343.0,0.006,0,100,3.0
2343.5,0.005,0,100,2.4000000000000004
2344.0,0.005,0,100,1.8
2344.5,0.008,0,101,1.2000000000000002
2345.0,0.008,0,101,1.2000000000000002
2345.5,0.008,0,100,1.2000000000000002
2346.0,0.005,0,100,1.2000000000000002
2346.5,0.005,0,99,1.2000000000000002
2347.0,0.005,0,99,1.2000000000000002
2347.5,0.005,0,98,1.2000000000000002
2348.0,0.006,0,98,1.2000000000000002
2348.5,0.008,0,98,1.2000000000000002
2349.0,0.006,0,98,0.6000000000000001
2349.5,0.006,0,98,0.0
2350.0,0.006,0,98,0.0
2350.5,0.008,0,98,0.0
2351.0,0.008,0,98,0.0
2351.5,0.006,0,98,0.0
2352.0,0.006,0,98,0.0
2352.5,0.003,0,98,0.0
2353.0,0.008,0,98,0.0
2353.5,0.01,0,99,0.0
2354.0,0.01,0,99,0.0
2354.5,0.008,0,99,0.0
2355.0,0.008,0,99,0.0
2355.5,0.006,0,100,0.0
2356.0,0.01,0,100,0.0
2356.5,0.008,0,101,0.0
2357.0,0.01,0,100,0.0
2357.5,0.008,0,100,0.0
2358.0,0.008,0,100,0.0
2358.5,0.005,0,100,0.0
2359.0,0.008,0,99,0.6000000000000001
2359.5,0.006,0,99,1.8
2360.0,0.006,0,99,3.0
2360.5,0.005,0,99,3.6
2361.0,0.008,0,100,3.6
2361.5,0.008,0,100,3.6
2362.0,0.008,0,100,3.0
2362.5,0.008,0,99,3.0
2363.0,0.008,0,99,3.0
2363.5,0.006,0,99,3.0
2364.0,0.006,0,98,3.0
2364.5,0.006,0,98,3.0
2365.0,0.006,0,99,3.6
2365.5,0.006,0,99,3.6
2366.0,0.008,0,99,4.2
2366.5,0.01,0,100,4.2
2367.0,0.008,0,100,4.2
2367.5,0.008,0,100,4.2
2368.0,0.008,0,100,3.6
2368.5,0.006,0,99,3.0
2369.0,0.008,0,99,3.0
2369.5,0.006,0,99,3.6
2370.0,0.006,0,99,3.6
2370.5,0.008,0,99,3.6
2371.0,0.008,0,99,3.6
2371.5,0.006,0,100,3.6
2372.0,0.006,0,99,3.6
2372.5,0.008,0,100,3.0
2373.0,0.006,0,100,3.0
2373.5,0.006,0,100,3.0
2374.0,0.008,0,100,2.4000000000000004
2374.5,0.006,0,100,3.0
2375.0,0.006,0,100,3.0
2375.5,0.008,0,100,3.0
2376.0,0.008,0,100,2.4000000000000004
2376.5,0.008,0,100,1.8
2377.0,0.01,0,100,1.8
2377.5,0.006,0,100,1.2000000000000002
2378.0,0.005,0,100,1.2000000000000002
2378.5,0.005,0,100,1.2000000000000002
2379.0,0.006,0,99,1.2000000000000002
2379.5,0.008,0,99,1.2000000000000002
2380.0,0.008,0,98,1.2000000000000002
2380.5,0.006,0,98,1.2000000000000002
2381.0,0.006,0,97,1.2000000000000002
2381.5,0.01,0,97,0.6000000000000001
2382.0,0.008,0,97,0.0
2382.5,0.008,0,97,0.0
2383.0,0.008,0,97,0.0
2383.5,0.008,0,98,0.0
2384.0,0.006,0,98,0.0
2384.5,0.006,0,98,0.0
2385.0,0.008,0,98,0.0
2385.5,0.005,0,98,0.0
2386.0,0.006,0,98,0.0
2386.5,0.006,0,99,0.0
2387.0,0.006,0,99,0.0
2387.5,0.01,0,99,0.0
2388.0,0.01,0,100,0.0
2388.5,0.01,0,100,0.0
2389.0,0.01,0,100,0.0
2389.5,0.011,0,101,0.0
2390.0,0.008,0,100,0.0
2390.5,0.006,0,100,0.0
2391.0,0.006,0,100,0.0
2391.5,0.003,0,100,0.0
2392.0,0.008,0,99,0.6000000000000001
2392.5,0.01,0,99,2.4000000000000004
2393.0,0.005,0,100,3.6
2393.5,0.006,0,100,3.0
2394.0,0.005,0,99,3.0
2394.5,0.005,0,99,3.0
2395.0,0.005,0,99,3.0
2395.5,0.008,0,99,3.0
2396.0,0.006,0,99,3.6
2396.5,0.008,0,99,3.6
2397.0,0.01,0,100,3.6
2397.5,0.008,0,100,4.2
2398.0,0.006,0,100,4.2
2398.5,0.008,0,100,4.2
2399.0,0.006,0,100,3.6
2399.5,0.01,0,100,3.6
2400.0,0.01,0,100,3.6
2400.5,0.01,0,100,3.6
2401.0,0.008,0,99,4.2
2401.5,0.006,0,100,4.2
2402.0,0.005,0,100,3.6
2402.5,0.008,0,99,3.6
2403.0,0.006,0,100,3.6
2403.5,0.008,0,100,3.6
2404.0,0.01,0,100,3.0
2404.5,0.008,0,100,3.0
2405.0,0.006,0,100,3.0
2405.5,0.01,0,100,3.0
2406.0,0.008,0,100,3.0
2406.5,0.01,0,100,3.0
2407.0,0.006,0,100,3.0
2407.5,0.005,0,100,2.4000000000000004
2408.0,0.006,0,100,1.8
2408.5,0.008,0,100,1.2000000000000002
2409.0,0.008,0,101,1.2000000000000002
2409.5,0.01,0,100,1.2000000000000002
2410.0,0.008,0,100,1.2000000000000002
2410.5,0.006,0,99,1.2000000000000002
2411.0,0.003,0,99,1.2000000000000002
2411.5,0.008,0,98,1.2000000000000002
2412.0,0.006,0,97,1.2000000000000002
2412.5,0.008,0,97,1.2000000000000002
2413.0,0.006,0,97,0.0
2413.5,0.008,0,97,0.0
2414.0,0.008,0,97,0.0
2414.5,0.01,0,98,0.0
2415.0,0.01,0,98,0.0
2415.5,0.01,0,98,0.0
2416.0,0.006,0,97,0.0
2416.5,0.01,0,98,0.0
2417.0,0.008,0,98,0.0
2417.5,0.01,0,98,0.0
2418.0,0.01,0,99,0.0
2418.5,0.01,0,99,0.0
2419.0,0.011,0,99,0.0
2419.5,0.01,0,100,0.0
2420.0,0.01,0,100,0.0
2420.5,0.008,0,100,0.0
2421.0,0.008,0,100,0.0
2421.5,0.01,0,100,0.0
2422.0,0.008,0,100,0.0
2422.5,0.01,0,99,0.0
2423.0,0.008,0,99,0.0
2423.5,0.006,0,99,1.8
2424.0,0.008,0,99,3.0
2424.5,0.006,0,99,3.6
2425.0,0.008,0,100,3.6
2425.5,0.008,0,100,3.6
2426.0,0.01,0,100,3.0
2426.5,0.008,0,99,3.0
2427.0,0.008,0,99,3.0
2427.5,0.01,0,99,3.0
2428.0,0.01,0,98,3.6
2428.5,0.008,0,98,3.6
2429.0,0.006,0,99,3.6
2429.5,0.005,0,99,3.6
2430.0,0.006,0,100,4.2
2430.5,0.005,0,100,4.800000000000001
2431.0,0.008,0,100,4.800000000000001
2431.5,0.006,0,100,4.2
2432.0,0.006,0,100,3.6
2432.5,0.005,0,100,3.6
2433.0,0.006,0,100,3.0
2433.5,0.003,0,100,3.6
2434.0,0.008,0,100,4.2
2434.5,0.011,0,100,3.6
2435.0,0.011,0,100,3.6
2435.5,0.01,0,100,3.6
2436.0,0.011,0,100,3.6
2436.5,0.01,0,100,3.0
2437.0,0.01,0,100,3.0
2437.5,0.008,0,100,3.0
2438.0,0.008,0,101,2.4000000000000004
2438.5,0.006,0,101,3.0
2439.0,0.01,0,100,3.0
2439.5,0.011,0,100,3.0
2440.0,0.011,0,100,2.4000000000000004
2440.5,0.008,0,100,1.8
2441.0,0.008,0,100,1.2000000000000002
2441.5,0.005,0,101,1.2000000000000002
2442.0,0.008,0,100,1.2000000000000002
2442.5,0.008,0,100,1.2000000000000002
2443.0,0.011,0,99,1.2000000000000002
2443.5,0.01,0,99,1.2000000000000002
2444.0,0.008,0,98,1.2000000000000002
2444.5,0.006,0,98,1.2000000000000002
2445.0,0.008,0,98,1.2000000000000002
2445.5,0.006,0,98,0.6000000000000001
2446.0,0.01,0,98,0.0
2446.5,0.01,0,98,0.0
2447.0,0.008,0,98,0.0
2447.5,0.008,0,98,0.0
2448.0,0.01,0,98,0.0
2448.5,0.008,0,98,0.0
2449.0,0.01,0,98,0.0
2449.5,0.011,0,98,0.0
2450.0,0.01,0,98,0.0
2450.5,0.006,0,99,0.0
2451.0,0.008,0,99,0.0
2451.5,0.008,0,99,0.0
2452.0,0.01,0,100,0.0
2452.5,0.01,0,100,0.0
2453.0,0.01,0,101,0.6000000000000001
2453.5,0.01,0,101,0.0
2454.0,0.01,0,100,0.0
2454.5,0.01,0,100,0.0
2455.0,0.008,0,100,0.0
2455.5,0.011,0,100,0.0
2456.0,0.008,0,99,1.2000000000000002
2456.5,0.008,0,99,3.0
2457.0,0.006,0,99,3.6
2457.5,0.008,0,100,3.6
2458.0,0.008,0,100,3.6
2458.5,0.008,0,100,3.6
2459.0,0.008,0,100,3.6
2459.5,0.008,0,99,3.0
2460.0,0.006,0,99,3.0
2460.5,0.008,0,99,3.0
2461.0,0.006,0,99,3.0
2461.5,0.01,0,99,3.6
2462.0,0.008,0,100,3.6
2462.5,0.008,0,99,4.2
2463.0,0.008,0,100,4.2
2463.5,0.01,0,100,4.2
2464.0,0.008,0,100,4.2
2464.5,0.01,0,100,3.6
2465.0,0.01,0,100,3.6
2465.5,0.011,0,100,3.6
2466.0,0.01,0,100,3.6
2466.5,0.01,0,100,4.2
2467.0,0.008,0,100,3.6
2467.5,0.01,0,100,3.6
2468.0,0.01,0,100,3.6
2468.5,0.01,0,100,3.6
2469.0,0.01,0,100,3.6
2469.5,0.008,0,101,3.0
2470.0,0.008,0,101,3.0
2470.5,0.01,0,100,3.0
2471.0,0.01,0,101,2.4000000000000004
2471.5,0.01,0,101,3.0
2472.0,0.01,0,100,3.6
2472.5,0.008,0,101,2.4000000000000004
2473.0,0.006,0,100,1.8
2473.5,0.008,0,101,1.8
2474.0,0.011,0,101,1.2000000000000002
2474.5,0.011,0,101,1.2000000000000002
2475.0,0.01,0,100,1.2000000000000002
2475.5,0.008,0,100,1.2000000000000002
2476.0,0.008,0,99,1.2000000000000002
2476.5,0.01,0,99,1.2000000000000002
2477.0,0.01,0,98,1.2000000000000002
2477.5,0.008,0,98,1.2000000000000002
2478.0,0.008,0,98,0.6000000000000001
2478.5,0.008,0,98,0.0
2479.0,0.008,0,98,0.0
2479.5,0.013,0,98,0.0
2480.0,0.011,0,98,0.0
2480.5,0.01,0,98,0.0
2481.0,0.008,0,98,0.0
2481.5,0.008,0,98,0.0
2482.0,0.008,0,98,0.0
2482.5,0.011,0,98,0.0
2483.0,0.011,0,99,0.0
2483.5,0.013,0,99,0.0
2484.0,0.013,0,99,0.0
2484.5,0.013,0,100,0.0
2485.0,0.011,0,101,0.0
2485.5,0.011,0,101,0.0
2486.0,0.011,0,101,0.0
2486.5,0.011,0,100,0.0
2487.0,0.011,0,100,0.0
2487.5,0.011,0,100,0.0
2488.0,0.011,0,100,0.6000000000000001
2488.5,0.01,0,99,2.4000000000000004
2489.0,0.01,0,100,3.6
2489.5,0.01,0,100,3.6
2490.0,0.01,0,100,3.6
2490.5,0.011,0,100,3.0
2491.0,0.013,0,100,3.0
2491.5,0.011,0,99,3.0
2492.0,0.013,0,99,3.0
2492.5,0.01,0,99,3.0
2493.0,0.01,0,99,3.0
2493.5,0.01,0,99,3.6
2494.0,0.01,0,99,3.6
2494.5,0.01,0,100,4.2
2495.0,0.01,0,100,4.2
2495.5,0.01,0,100,4.800000000000001
2496.0,0.01,0,100,4.2
2496.5,0.011,0,100,3.6
2497.0,0.01,0,100,3.6
2497.5,0.01,0,100,3.0
2498.0,0.01,0,100,3.6
2498.5,0.01,0,100,3.6
2499.0,0.01,0,100,3.6
2499.5,0.011,0,100,3.6
2500.0,0.011,0,100,3.6
2500.5,0.011,0,100,3.6
2501.0,0.011,0,100,3.0
2501.5,0.013,0,101,3.0
2502.0,0.011,0,101,2.4000000000000004
2502.5,0.011,0,101,2.4000000000000004
2503.0,0.011,0,100,2.4000000000000004
2503.5,0.011,0,101,3.0
2504.0,0.011,0,101,3.0
2504.5,0.013,0,100,2.4000000000000004
2505.0,0.011,0,100,1.8
2505.5,0.013,0,101,1.8
2506.0,0.01,0,101,1.2000000000000002
2506.5,0.01,0,101,1.2000000000000002
2507.0,0.008,0,101,1.2000000000000002
2507.5,0.01,0,100,1.2000000000000002
2508.0,0.011,0,99,1.2000000000000002
2508.5,0.011,0,99,1.2000000000000002
2509.0,0.01,0,98,1.2000000000000002
2509.5,0.01,0,98,1.2000000000000002
2510.0,0.008,0,98,1.2000000000000002
2510.5,0.01,0,98,0.0
2511.0,0.008,0,98,0.0
2511.5,0.011,0,98,0.0
2512.0,0.01,0,98,0.0
2512.5,0.011,0,99,0.0
2513.0,0.011,0,98,0.0
2513.5,0.013,0,97,0.0
2514.0,0.013,0,98,0.0
2514.5,0.015,0,98,0.0
2515.0,0.011,0,98,0.0
2515.5,0.013,0,99,0.0
2516.0,0.013,0,99,0.0
2516.5,0.015,0,100,0.0
2517.0,0.013,0,100,0.0
2517.5,0.013,0,100,0.0
2518.0,0.013,0,101,0.0
2518.5,0.011,0,101,0.0
2519.0,0.01,0,100,0.0
2519.5,0.01,0,100,0.0
2520.0,0.008,0,100,0.0
2520.5,0.011,0,100,0.6000000000000001
2521.0,0.013,0,99,1.8
2521.5,0.011,0,99,3.0
2522.0,0.011,0,100,3.6
2522.5,0.011,0,100,3.6
2523.0,0.01,0,100,3.6
2523.5,0.01,0,100,3.0
2524.0,0.01,0,100,3.0
2524.5,0.01,0,99,3.0
2525.0,0.008,0,99,3.0
2525.5,0.011,0,99,3.0
2526.0,0.011,0,99,3.6
2526.5,0.011,0,100,3.6
2527.0,0.013,0,100,3.6
2527.5,0.011,0,100,4.2
2528.0,0.011,0,100,4.2
2528.5,0.011,0,100,4.2
2529.0,0.011,0,101,3.6
2529.5,0.011,0,100,3.6
2530.0,0.013,0,100,3.0
2530.5,0.011,0,100,3.6
2531.0,0.01,0,100,3.6
2531.5,0.01,0,100,4.2
2532.0,0.01,0,100,3.6
2532.5,0.01,0,100,3.6
2533.0,0.013,0,100,3.6
2533.5,0.013,0,100,3.6
2534.0,0.013,0,100,3.0
2534.5,0.013,0,101,3.0
2535.0,0.011,0,101,2.4000000000000004
2535.5,0.01,0,101,2.4000000000000004
2536.0,0.013,0,100,3.0
2536.5,0.013,0,101,3.0
2537.0,0.011,0,100,2.4000000000000004
2537.5,0.01,0,100,1.8
2538.0,0.01,0,100,1.8
2538.5,0.01,0,101,1.2000000000000002
2539.0,0.011,0,101,1.2000000000000002
2539.5,0.011,0,100,1.2000000000000002
2540.0,0.013,0,100,1.2000000000000002
2540.5,0.011,0,99,1.2000000000000002
2541.0,0.011,0,99,1.2000000000000002
2541.5,0.01,0,98,1.2000000000000002
2542.0,0.01,0,98,1.2000000000000002
2542.5,0.011,0,98,1.2000000000000002
2543.0,0.01,0,98,0.6000000000000001
2543.5,0.008,0,98,0.0
2544.0,0.008,0,98,0.0
2544.5,0.008,0,98,0.0
2545.0,0.011,0,98,0.0
2545.5,0.01,0,98,0.0
2546.0,0.01,0,98,0.0
2546.5,0.013,0,98,0.0
2547.0,0.011,0,98,0.0
2547.5,0.011,0,98,0.0
2548.0,0.013,0,98,0.0
2548.5,0.013,0,99,0.0
2549.0,0.011,0,99,0.0
2549.5,0.013,0,100,0.0
2550.0,0.011,0,100,0.0
2550.5,0.01,0,101,0.0
2551.0,0.01,0,101,0.0
2551.5,0.01,0,100,0.0
2552.0,0.011,0,100,0.0
2552.5,0.013,0,100,0.0
2553.0,0.01,0,100,0.0
2553.5,0.01,0,99,1.8
2554.0,0.01,0,99,3.0
2554.5,0.011,0,100,3.6
2555.0,0.011,0,100,3.6
2555.5,0.011,0,100,3.6
2556.0,0.011,0,100,3.0
2556.5,0.011,0,99,3.0
2557.0,0.011,0,99,3.0
2557.5,0.01,0,99,3.0
2558.0,0.011,0,99,3.0
2558.5,0.01,0,99,3.6
2559.0,0.011,0,99,3.6
2559.5,0.011,0,100,3.6
2560.0,0.013,0,100,4.2
2560.5,0.011,0,100,4.2
2561.0,0.015,0,100,4.2
2561.5,0.011,0,100,4.2
2562.0,0.011,0,100,3.6
2562.5,0.01,0,100,3.6
2563.0,0.01,0,100,3.6
2563.5,0.01,0,100,3.6
2564.0,0.011,0,100,4.2
2564.5,0.013,0,100,3.6
2565.0,0.011,0,100,3.6
2565.5,0.01,0,100,3.6
2566.0,0.013,0,100,3.6
2566.5,0.011,0,101,3.6
2567.0,0.01,0,101,3.0
2567.5,0.013,0,100,3.0
2568.0,0.011,0,100,2.4000000000000004
2568.5,0.011,0,101,2.4000000000000004
2569.0,0.013,0,101,3.0
2569.5,0.011,0,100,3.0
2570.0,0.013,0,100,2.4000000000000004
2570.5,0.015,0,100,1.8
2571.0,0.011,0,101,1.8
2571.5,0.01,0,101,1.2000000000000002
2572.0,0.013,0,101,1.2000000000000002
2572.5,0.011,0,100,1.2000000000000002
2573.0,0.01,0,99,1.2000000000000002
2573.5,0.011,0,99,1.2000000000000002
2574.0,0.01,0,98,1.2000000000000002
2574.5,0.008,0,98,1.2000000000000002
2575.0,0.01,0,98,1.2000000000000002
2575.5,0.008,0,98,0.6000000000000001
2576.0,0.006,0,98,0.0
2576.5,0.01,0,98,0.0
2577.0,0.01,0,98,0.0
2577.5,0.01,0,98,0.0
2578.0,0.011,0,98,0.0
2578.5,0.015,0,98,0.0
2579.0,0.01,0,98,0.0
2579.5,0.011,0,97,0.0
2580.0,0.013,0,98,0.0
2580.5,0.013,0,98,0.0
2581.0,0.013,0,99,0.0
2581.5,0.013,0,99,0.0
2582.0,0.013,0,100,0.0
2582.5,0.015,0,100,0.0
2583.0,0.015,0,100,0.0
2583.5,0.011,0,101,0.0
2584.0,0.011,0,100,0.0
2584.5,0.013,0,100,0.0
2585.0,0.008,0,100,0.0
2585.5,0.01,0,99,0.0
2586.0,0.013,0,99,1.2000000000000002
2586.5,0.011,0,99,2.4000000000000004
2587.0,0.011,0,99,3.6
2587.5,0.013,0,100,3.6
2588.0,0.011,0,100,3.6
2588.5,0.013,0,99,3.6
2589.0,0.011,0,99,3.6
2589.5,0.01,0,99,3.0
2590.0,0.01,0,99,3.0
2590.5,0.01,0,98,3.0
2591.0,0.01,0,99,3.6
2591.5,0.013,0,99,3.6
2592.0,0.011,0,99,3.6
2592.5,0.01,0,99,4.2
2593.0,0.011,0,100,4.800000000000001
2593.5,0.01,0,100,4.800000000000001
2594.0,0.01,0,100,4.2
2594.5,0.013,0,100,3.6
2595.0,0.013,0,100,3.0
2595.5,0.011,0,100,3.0
2596.0,0.011,0,100,3.6
2596.5,0.01,0,100,3.6
2597.0,0.01,0,100,3.6
2597.5,0.011,0,99,3.6
2598.0,0.011,0,100,3.6
2598.5,0.011,0,100,3.6
2599.0,0.013,0,100,3.6
2599.5,0.011,0,100,3.0
2600.0,0.01,0,101,3.0
2600.5,0.013,0,101,2.4000000000000004
2601.0,0.013,0,100,3.0
2601.5,0.011,0,101,3.0
2602.0,0.011,0,100,3.0
2602.5,0.01,0,100,3.0
2603.0,0.01,0,100,1.8
2603.5,0.011,0,100,1.8
2604.0,0.01,0,98,0.0
2604.5,0.008,0,98,0.0
2605.0,0.01,0,98,0.0
2605.5,0.008,0,98,0.0
2606.0,0.01,0,98,0.0
2606.5,0.008,0,98,0.0
2607.0,0.011,0,98,0.0
2607.5,0.011,0,99,0.0
2608.0,0.013,0,99,0.0
2608.5,0.011,0,100,0.0
2609.0,0.011,0,101,0.0
2609.5,0.011,0,101,0.0
2610.0,0.011,0,101,0.0
2610.5,0.011,0,100,0.0
2611.0,0.011,0,100,0.0
2611.5,0.011,0,100,0.0
2612.0,0.011,0,100,0.0
2612.5,0.011,0,99,0.6000000000000001
2613.0,0.01,0,99,2.4000000000000004
2613.5,0.008,0,99,3.6
2614.0,0.01,0,100,3.6
2614.5,0.011,0,100,3.6
2615.0,0.011,0,100,3.6
2615.5,0.011,0,100,3.0
2616.0,0.01,0,99,3.0
2616.5,0.008,0,99,3.0
2617.0,0.008,0,99,3.0
2617.5,0.01,0,99,3.0
2618.0,0.008,0,99,3.6
2618.5,0.008,0,99,3.6
2619.0,0.01,0,100,3.6
2619.5,0.011,0,100,4.2
2620.0,0.013,0,100,4.800000000000001
2620.5,0.013,0,100,4.2
2621.0,0.011,0,100,3.6
2621.5,0.011,0,100,3.6
2622.0,0.01,0,100,3.6
2622.5,0.008,0,100,3.6
2623.0,0.008,0,100,3.6
2623.5,0.01,0,100,3.6
2624.0,0.011,0,100,3.6
2624.5,0.011,0,99,3.6
2625.0,0.01,0,100,3.6
2625.5,0.008,0,100,3.6
2626.0,0.011,0,100,3.0
2626.5,0.011,0,100,3.0
2627.0,0.013,0,101,3.0
2627.5,0.011,0,100,2.4000000000000004
2628.0,0.011,0,100,3.0
2628.5,0.011,0,100,3.0
2629.0,0.01,0,100,3.0
2629.5,0.01,0,100,2.4000000000000004
2630.0,0.01,0,100,1.8
2630.5,0.008,0,100,1.2000000000000002
2631.0,0.008,0,101,1.2000000000000002
2631.5,0.008,0,100,1.2000000000000002
2632.0,0.011,0,100,1.2000000000000002
2632.5,0.011,0,99,1.2000000000000002
2633.0,0.01,0,99,1.2000000000000002
2633.5,0.01,0,98,1.2000000000000002
2634.0,0.008,0,97,1.2000000000000002
2634.5,0.008,0,97,1.2000000000000002
2635.0,0.008,0,97,0.6000000000000001
2635.5,0.008,0,97,0.0
2636.0,0.006,0,97,0.0
2636.5,0.008,0,98,0.0
2637.0,0.01,0,98,0.0
2637.5,0.011,0,98,0.0
2638.0,0.01,0,97,0.0
2638.5,0.011,0,98,0.0
2639.0,0.01,0,98,0.0
2639.5,0.01,0,98,0.0
2640.0,0.01,0,98,0.0
2640.5,0.01,0,99,0.0
2641.0,0.011,0,99,0.0
2641.5,0.011,0,100,0.0
2642.0,0.01,0,100,0.0
2642.5,0.01,0,100,0.0
2643.0,0.01,0,100,0.0
2643.5,0.008,0,100,0.0
2644.0,0.006,0,100,0.0
2644.5,0.006,0,100,0.0
2645.0,0.008,0,100,0.0
2645.5,0.011,0,99,1.2000000000000002
2646.0,0.011,0,99,3.0
2646.5,0.011,0,100,3.6
2647.0,0.011,0,100,3.6
2647.5,0.011,0,100,3.6
2648.0,0.01,0,100,3.6
2648.5,0.011,0,100,3.6
2649.0,0.008,0,99,3.0
2649.5,0.01,0,99,3.0
2650.0,0.011,0,99,3.0
2650.5,0.01,0,99,3.0
2651.0,0.01,0,99,3.6
2651.5,0.013,0,100,3.6
2652.0,0.01,0,100,4.2
2652.5,0.01,0,100,4.800000000000001
2653.0,0.008,0,100,4.2
2653.5,0.01,0,100,4.2
2654.0,0.01,0,100,3.6
2654.5,0.013,0,100,3.6
2655.0,0.011,0,100,3.6
2655.5,0.011,0,100,3.6
2656.0,0.008,0,100,4.2
2656.5,0.008,0,100,3.6
2657.0,0.006,0,100,3.6
2657.5,0.006,0,100,3.6
2658.0,0.01,0,100,3.6
2658.5,0.01,0,101,3.6
2659.0,0.01,0,101,3.0
2659.5,0.011,0,100,3.0
2660.0,0.011,0,101,3.0
2660.5,0.008,0,101,3.0
2661.0,0.008,0,100,3.0
2661.5,0.01,0,100,3.0
2662.0,0.01,0,101,2.4000000000000004
2662.5,0.011,0,100,1.8
2663.0,0.011,0,101,1.8
2663.5,0.01,0,101,1.2000000000000002
2664.0,0.011,0,100,1.2000000000000002
2664.5,0.01,0,100,1.2000000000000002
2665.0,0.01,0,99,1.2000000000000002
2665.5,0.008,0,99,1.2000000000000002
2666.0,0.006,0,98,1.2000000000000002
2666.5,0.006,0,98,1.2000000000000002
2667.0,0.008,0,97,1.2000000000000002
2667.5,0.01,0,98,0.6000000000000001
2668.0,0.01,0,97,0.0
2668.5,0.008,0,98,0.0
2669.0,0.006,0,98,0.0
2669.5,0.006,0,98,0.0
2670.0,0.008,0,98,0.0
2670.5,0.006,0,98,0.0
2671.0,0.006,0,98,0.0
2671.5,0.008,0,98,0.0
2672.0,0.008,0,98,0.0
2672.5,0.008,0,98,0.0
2673.0,0.01,0,99,0.0
2673.5,0.008,0,99,0.0
2674.0,0.01,0,100,0.0
2674.5,0.008,0,100,0.0
2675.0,0.008,0,101,0.0
2675.5,0.008,0,101,0.0
2676.0,0.01,0,100,0.0
2676.5,0.01,0,100,0.0
2677.0,0.01,0,100,0.0
2677.5,0.01,0,100,0.0
2678.0,0.006,0,99,1.8
2678.5,0.006,0,99,3.0
2679.0,0.006,0,100,3.6
2679.5,0.006,0,100,4.2
2680.0,0.008,0,100,3.6
2680.5,0.006,0,100,3.6
2681.0,0.008,0,100,3.0
2681.5,0.008,0,99,3.0
2682.0,0.006,0,99,3.0
2682.5,0.006,0,99,3.0
2683.0,0.008,0,99,3.0
2683.5,0.006,0,99,3.6
2684.0,0.006,0,100,3.6
2684.5,0.006,0,100,4.2
2685.0,0.008,0,100,4.2
2685.5,0.008,0,101,4.2
2686.0,0.01,0,101,4.2
2686.5,0.01,0,101,3.6
2687.0,0.01,0,100,3.6
2687.5,0.008,0,100,3.0
2688.0,0.008,0,100,3.6
2688.5,0.006,0,101,3.6
2689.0,0.01,0,100,3.6
2689.5,0.008,0,100,3.6
2690.0,0.008,0,101,3.6
2690.5,0.008,0,101,3.6
2691.0,0.006,0,101,3.0
2691.5,0.008,0,101,3.0
2692.0,0.008,0,101,3.0
2692.5,0.008,0,101,3.0
2693.0,0.01,0,102,2.4000000000000004
2693.5,0.01,0,101,3.0
2694.0,0.011,0,101,3.0
2694.5,0.008,0,101,2.4000000000000004
2695.0,0.011,0,101,1.8
2695.5,0.008,0,101,1.8
2696.0,0.008,0,102,1.2000000000000002
2696.5,0.008,0,101,1.2000000000000002
2697.0,0.006,0,101,1.2000000000000002
2697.5,0.008,0,101,1.2000000000000002
2698.0,0.008,0,100,1.2000000000000002
2698.5,0.008,0,100,1.2000000000000002
2699.0,0.008,0,99,1.2000000000000002
2699.5,0.008,0,98,1.2000000000000002
2700.0,0.008,0,99,0.6000000000000001
2700.5,0.006,0,98,0.0
2701.0,0.008,0,99,0.0
2701.5,0.008,0,98,0.0
2702.0,0.008,0,99,0.0
2702.5,0.008,0,99,0.0
2703.0,0.01,0,99,0.0
2703.5,0.008,0,99,0.0
2704.0,0.008,0,98,0.0
2704.5,0.01,0,99,0.0
2705.0,0.008,0,99,0.0
2705.5,0.008,0,100,0.0
2706.0,0.008,0,100,0.0
2706.5,0.008,0,101,0.0
2707.0,0.008,0,101,0.0
2707.5,0.006,0,101,0.0
2708.0,0.005,0,101,0.0
2708.5,0.005,0,101,0.0
2709.0,0.005,0,101,0.0
2709.5,0.003,0,101,0.0
2710.0,0.003,0,100,0.0
2710.5,0.005,0,100,1.8
2711.0,0.003,0,100,3.0
2711.5,0.003,0,100,3.6
2712.0,0.008,0,101,3.6
2712.5,0.006,0,101,3.0
2713.0,0.008,0,101,3.0
2713.5,0.008,0,100,3.0
2714.0,0.006,0,100,2.4000000000000004
2714.5,0.011,0,99,2.4000000000000004
2715.0,0.011,0,99,2.4000000000000004
2715.5,0.01,0,99,3.0
2716.0,0.01,0,99,3.0
2716.5,0.008,0,100,3.6
2717.0,0.005,0,99,4.2
2717.5,0.005,0,100,4.2
2718.0,0.006,0,100,3.6
2718.5,0.008,0,100,3.6
2719.0,0.005,0,100,3.6
2719.5,0.005,0,100,3.6
2720.0,0.003,0,100,3.6
2720.5,0.006,0,100,3.6
2721.0,0.008,0,100,3.6
2721.5,0.008,0,100,3.0
2722.0,0.008,0,101,3.0
2722.5,0.008,0,101,2.4000000000000004
2723.0,0.008,0,101,2.4000000000000004
2723.5,0.01,0,100,2.4000000000000004
2724.0,0.008,0,100,3.0
2724.5,0.008,0,101,3.0
2725.0,0.006,0,100,2.4000000000000004
2725.5,0.006,0,100,1.8
2726.0,0.006,0,101,1.8
2726.5,0.008,0,101,1.2000000000000002
2727.0,0.008,0,101,1.2000000000000002
2727.5,0.01,0,100,1.2000000000000002
2728.0,0.008,0,100,1.2000000000000002
2728.5,0.006,0,99,1.2000000000000002
2729.0,0.006,0,99,1.2000000000000002
2729.5,0.01,0,98,1.2000000000000002
2730.0,0.01,0,98,1.2000000000000002
2730.5,0.008,0,98,0.6000000000000001
2731.0,0.006,0,98,0.0
2731.5,0.005,0,98,0.0
2732.0,0.005,0,98,0.0
2732.5,0.01,0,98,0.0
2733.0,0.008,0,98,0.0
2733.5,0.008,0,98,0.0
2734.0,0.008,0,98,0.0
2734.5,0.008,0,98,0.0
2735.0,0.01,0,98,0.0
2735.5,0.008,0,99,0.0
2736.0,0.01,0,99,0.0
2736.5,0.01,0,99,0.0
2737.0,0.01,0,100,0.0
2737.5,0.008,0,100,0.0
2738.0,0.005,0,101,0.0
2738.5,0.008,0,101,0.0
2739.0,0.01,0,100,0.0
2739.5,0.011,0,100,0.0
2740.0,0.01,0,100,0.0
2740.5,0.006,0,100,0.0
2741.0,0.006,0,99,0.6000000000000001
2741.5,0.005,0,99,2.4000000000000004
2742.0,0.006,0,99,3.6
2742.5,0.008,0,100,3.6
2743.0,0.01,0,100,3.6
2743.5,0.01,0,100,3.6
2744.0,0.008,0,99,3.0
2744.5,0.005,0,99,3.0
2745.0,0.006,0,99,3.0
2745.5,0.008,0,99,3.0
2746.0,0.006,0,99,3.0
2746.5,0.008,0,99,3.6
2747.0,0.008,0,99,3.6
2747.5,0.011,0,100,3.6
2748.0,0.011,0,100,4.2
2748.5,0.011,0,100,4.800000000000001
2749.0,0.01,0,100,4.2
2749.5,0.008,0,100,3.6
2750.0,0.006,0,100,3.6
2750.5,0.006,0,100,3.6
2751.0,0.006,0,100,3.6
2751.5,0.01,0,100,3.6
2752.0,0.006,0,100,4.2
2752.5,0.006,0,100,3.6
2753.0,0.006,0,100,3.6
2753.5,0.006,0,100,3.6
2754.0,0.006,0,101,3.6
2754.5,0.008,0,101,3.0
2755.0,0.008,0,101,2.4000000000000004
2755.5,0.008,0,101,2.4000000000000004
2756.0,0.008,0,101,2.4000000000000004
2756.5,0.01,0,101,3.0
2757.0,0.008,0,101,3.0
2757.5,0.008,0,101,3.0
2758.0,0.008,0,100,1.8
2758.5,0.008,0,101,1.8
2759.0,0.006,0,101,1.2000000000000002
2759.5,0.008,0,101,1.2000000000000002
2760.0,0.008,0,101,1.2000000000000002
2760.5,0.008,0,100,1.2000000000000002
2761.0,0.01,0,99,1.2000000000000002
2761.5,0.01,0,99,1.2000000000000002
2762.0,0.006,0,98,1.2000000000000002
2762.5,0.006,0,98,1.2000000000000002
2763.0,0.006,0,98,1.2000000000000002
2763.5,0.005,0,98,0.0
2764.0,0.006,0,98,0.0
2764.5,0.008,0,98,0.0
2765.0,0.01,0,98,0.0
2765.5,0.01,0,99,0.0
2766.0,0.01,0,99,0.0
2766.5,0.008,0,98,0.0
2767.0,0.008,0,98,0.0
2767.5,0.008,0,98,0.0
2768.0,0.008,0,99,0.0
2768.5,0.006,0,99,0.0
2769.0,0.008,0,99,0.0
2769.5,0.006,0,100,0.0
2770.0,0.01,0,100,0.0
2770.5,0.008,0,101,0.0
2771.0,0.008,0,101,0.0
2771.5,0.006,0,100,0.0
2772.0,0.006,0,101,0.0
2772.5,0.005,0,100,0.0
2773.0,0.005,0,100,0.0
2773.5,0.006,0,100,0.6000000000000001
2774.0,0.008,0,99,1.8
2774.5,0.008,0,99,3.6
2775.0,0.008,0,100,3.6
2775.5,0.008,0,100,4.2
2776.0,0.01,0,100,3.6
2776.5,0.008,0,100,3.0
2777.0,0.01,0,99,3.0
2777.5,0.008,0,99,3.0
2778.0,0.01,0,99,3.0
2778.5,0.008,0,98,3.0
2779.0,0.01,0,99,3.6
2779.5,0.008,0,99,3.6
2780.0,0.008,0,99,3.6
2780.5,0.008,0,99,4.2
2781.0,0.006,0,100,4.800000000000001
2781.5,0.006,0,100,4.2
2782.0,0.01,0,100,3.6
2782.5,0.008,0,100,3.6
2783.0,0.008,0,100,3.6
2783.5,0.006,0,99,3.6
2784.0,0.006,0,100,3.6
2784.5,0.003,0,100,4.2
2785.0,0.006,0,100,3.6
2785.5,0.005,0,100,3.6
2786.0,0.005,0,100,3.6
2786.5,0.006,0,100,3.6
2787.0,0.006,0,100,3.6
2787.5,0.008,0,101,3.0
2788.0,0.011,0,100,2.4000000000000004
2788.5,0.01,0,100,2.4000000000000004
2789.0,0.008,0,100,3.0
2789.5,0.008,0,100,3.0
2790.0,0.01,0,100,3.0
2790.5,0.008,0,100,2.4000000000000004
2791.0,0.008,0,100,1.8
2791.5,0.008,0,100,1.8
2792.0,0.006,0,101,1.2000000000000002
2792.5,0.008,0,100,1.2000000000000002
2793.0,0.008,0,100,1.2000000000000002
2793.5,0.008,0,99,1.2000000000000002
2794.0,0.008,0,99,1.2000000000000002
2794.5,0.01,0,98,1.2000000000000002
2795.0,0.008,0,98,1.2000000000000002
2795.5,0.01,0,97,1.2000000000000002
2796.0,0.01,0,98,0.6000000000000001
2796.5,0.008,0,97,0.0
2797.0,0.008,0,98,0.0
2797.5,0.008,0,98,0.0
2798.0,0.006,0,98,0.0
2798.5,0.008,0,98,0.0
2799.0,0.006,0,98,0.0
2799.5,0.008,0,98,0.0
2800.0,0.008,0,97,0.0
2800.5,0.01,0,98,0.0
2801.0,0.008,0,99,0.0
2801.5,0.011,0,99,0.0
2802.0,0.008,0,99,0.0
2802.5,0.01,0,100,0.0
2803.0,0.006,0,100,0.0
2803.5,0.01,0,101,0.0
2804.0,0.008,0,101,0.0
2804.5,0.011,0,100,0.0
2805.0,0.011,0,100,0.0
2805.5,0.01,0,100,0.0
2806.0,0.008,0,99,0.0
2806.5,0.008,0,99,1.2000000000000002
2807.0,0.005,0,99,3.0
2807.5,0.01,0,99,3.6
2808.0,0.01,0,100,3.6
2808.5,0.01,0,100,3.6
2809.0,0.01,0,100,3.6
2809.5,0.01,0,99,3.0
2810.0,0.008,0,99,3.0
2810.5,0.01,0,99,3.0
2811.0,0.01,0,99,3.0
2811.5,0.008,0,99,3.6
2812.0,0.01,0,99,3.6
2812.5,0.01,0,100,3.6
2813.0,0.008,0,100,4.2
2813.5,0.011,0,100,4.2
2814.0,0.013,0,100,4.2
2814.5,0.011,0,100,4.2
2815.0,0.011,0,100,3.6
2815.5,0.008,0,100,3.6
2816.0,0.006,0,100,3.6
2816.5,0.01,0,100,3.6
2817.0,0.011,0,100,4.2
2817.5,0.011,0,100,3.6
2818.0,0.008,0,100,3.6
2818.5,0.008,0,100,3.6
2819.0,0.006,0,100,3.6
2819.5,0.01,0,100,3.6
2820.0,0.008,0,101,3.0
2820.5,0.008,0,101,3.0
2821.0,0.011,0,100,2.4000000000000004
2821.5,0.01,0,101,2.4000000000000004
2822.0,0.006,0,101,3.0
2822.5,0.01,0,100,3.0
2823.0,0.008,0,100,2.4000000000000004
2823.5,0.011,0,100,1.8
2824.0,0.01,0,100,1.8
2824.5,0.006,0,101,1.2000000000000002
2825.0,0.006,0,101,1.2000000000000002
2825.5,0.01,0,100,1.2000000000000002
2826.0,0.01,0,100,1.2000000000000002
2826.5,0.011,0,99,1.2000000000000002
2827.0,0.01,0,98,1.2000000000000002
2827.5,0.008,0,98,1.2000000000000002
2828.0,0.006,0,97,1.2000000000000002
2828.5,0.008,0,98,0.6000000000000001
2829.0,0.006,0,97,0.0
2829.5,0.01,0,98,0.0
2830.0,0.011,0,97,0.0
2830.5,0.013,0,98,0.0
2831.0,0.008,0,98,0.0
2831.5,0.006,0,97,0.0
2832.0,0.008,0,98,0.0
2832.5,0.008,0,98,0.0
2833.0,0.008,0,97,0.0
2833.5,0.008,0,98,0.0
2834.0,0.01,0,99,0.0
2834.5,0.006,0,98,0.0
2835.0,0.005,0,99,0.0
2835.5,0.005,0,99,0.0
2836.0,0.005,0,100,0.0
2836.5,0.006,0,99,0.6000000000000001
2837.0,0.01,0,99,2.4000000000000004
2837.5,0.01,0,99,3.6
2838.0,0.01,0,100,3.6
2838.5,0.008,0,100,3.6
2839.0,0.006,0,100,3.6
2839.5,0.01,0,100,3.0
2840.0,0.01,0,99,3.0
2840.5,0.011,0,99,3.0
2841.0,0.008,0,99,3.0
2841.5,0.008,0,99,3.0
2842.0,0.008,0,99,3.6
2842.5,0.011,0,99,3.6
2843.0,0.01,0,100,3.6
2843.5,0.01,0,100,4.2
2844.0,0.008,0,100,4.2
2844.5,0.01,0,100,4.2
2845.0,0.01,0,100,3.6
2845.5,0.011,0,100,3.6
2846.0,0.01,0,100,3.6
2846.5,0.008,0,100,3.6
2847.0,0.005,0,100,3.6
2847.5,0.006,0,100,4.2
2848.0,0.005,0,100,3.6
2848.5,0.006,0,100,3.6
2849.0,0.01,0,100,3.6
2849.5,0.01,0,101,3.6
2850.0,0.008,0,101,3.0
2850.5,0.01,0,100,3.0
2851.0,0.008,0,101,2.4000000000000004
2851.5,0.01,0,101,2.4000000000000004
2852.0,0.01,0,101,3.0
2852.5,0.006,0,101,3.0
2853.0,0.006,0,101,3.0
2853.5,0.008,0,100,1.8
2854.0,0.01,0,101,1.8
2854.5,0.011,0,101,1.2000000000000002
2855.0,0.011,0,101,1.2000000000000002
2855.5,0.008,0,101,1.2000000000000002
2856.0,0.006,0,100,1.2000000000000002
2856.5,0.006,0,99,1.2000000000000002
2857.0,0.006,0,99,1.2000000000000002
2857.5,0.006,0,99,1.2000000000000002
2858.0,0.01,0,98,1.2000000000000002
2858.5,0.008,0,98,1.2000000000000002
2859.0,0.008,0,98,0.0
2859.5,0.006,0,98,0.0
2860.0,0.006,0,98,0.0
2860.5,0.006,0,98,0.0
2861.0,0.008,0,98,0.0
2861.5,0.01,0,98,0.0
2862.0,0.008,0,98,0.0
2862.5,0.006,0,98,0.0
2863.0,0.006,0,98,0.0
2863.5,0.008,0,98,0.0
2864.0,0.01,0,99,0.0
2864.5,0.01,0,99,0.0
2865.0,0.006,0,100,0.0
2865.5,0.005,0,101,0.0
2866.0,0.006,0,101,0.0
2866.5,0.008,0,101,0.0
2867.0,0.01,0,101,0.0
2867.5,0.011,0,100,0.0
2868.0,0.008,0,100,0.0
2868.5,0.006,0,100,0.0
2869.0,0.005,0,100,0.0
2869.5,0.005,0,99,1.8
2870.0,0.008,0,99,3.0
2870.5,0.008,0,100,3.6
2871.0,0.008,0,100,3.6
2871.5,0.01,0,100,3.6
2872.0,0.008,0,100,3.0
2872.5,0.008,0,99,3.0
2873.0,0.008,0,99,3.0
2873.5,0.008,0,99,3.0
2874.0,0.008,0,99,3.0
2874.5,0.006,0,99,3.6
2875.0,0.008,0,99,3.6
2875.5,0.006,0,100,4.2
2876.0,0.01,0,100,4.800000000000001
2876.5,0.01,0,100,4.800000000000001
2877.0,0.008,0,100,4.2
2877.5,0.008,0,101,3.6
2878.0,0.005,0,100,3.6
2878.5,0.005,0,100,3.6
2879.0,0.005,0,100,3.0
2879.5,0.008,0,100,3.6
2880.0,0.011,0,100,4.2
2880.5,0.006,0,100,3.6
2881.0,0.008,0,100,3.6
2881.5,0.005,0,100,3.6
2882.0,0.006,0,100,3.6
2882.5,0.008,0,101,3.0
2883.0,0.01,0,100,3.0
2883.5,0.008,0,100,2.4000000000000004
2884.0,0.005,0,100,2.4000000000000004
2884.5,0.003,0,100,3.0
2885.0,0.006,0,100,3.0
2885.5,0.008,0,100,3.0
2886.0,0.006,0,100,2.4000000000000004
2886.5,0.005,0,100,1.8
2887.0,0.005,0,100,1.8
2887.5,0.005,0,101,1.2000000000000002
2888.0,0.006,0,100,1.2000000000000002
2888.5,0.008,0,100,1.2000000000000002
2889.0,0.008,0,99,1.2000000000000002
2889.5,0.008,0,99,1.2000000000000002
2890.0,0.008,0,98,1.2000000000000002
2890.5,0.005,0,97,1.2000000000000002
2891.0,0.006,0,97,1.2000000000000002
2891.5,0.008,0,97,0.6000000000000001
2892.0,0.008,0,97,0.0
2892.5,0.008,0,97,0.0
2893.0,0.008,0,97,0.0
2893.5,0.008,0,98,0.0
2894.0,0.01,0,98,0.0
2894.5,0.008,0,98,0.0
2895.0,0.006,0,98,0.0
2895.5,0.008,0,98,0.0
2896.0,0.006,0,98,0.0
2896.5,0.008,0,99,0.0
2897.0,0.006,0,99,0.0
2897.5,0.008,0,99,0.0
2898.0,0.006,0,100,0.0
2898.5,0.008,0,100,0.0
2899.0,0.008,0,101,0.0
2899.5,0.008,0,101,0.0
2900.0,0.006,0,100,0.0
2900.5,0.008,0,100,0.0
2901.0,0.006,0,100,0.0
2901.5,0.008,0,100,0.0
2902.0,0.006,0,99,1.2000000000000002
2902.5,0.006,0,99,3.0
2903.0,0.008,0,99,3.6
2903.5,0.008,0,100,3.6
2904.0,0.006,0,100,3.6
2904.5,0.008,0,100,3.6
2905.0,0.006,0,100,3.0
2905.5,0.008,0,99,3.0
2906.0,0.01,0,99,3.0
2906.5,0.008,0,99,3.0
2907.0,0.008,0,99,3.6
2907.5,0.008,0,99,3.6
2908.0,0.01,0,99,3.6
2908.5,0.008,0,99,4.2
2909.0,0.006,0,100,4.800000000000001
2909.5,0.008,0,100,4.800000000000001
2910.0,0.006,0,100,4.2
2910.5,0.01,0,100,3.6
2911.0,0.008,0,100,3.6
2911.5,0.008,0,100,3.6
2912.0,0.006,0,100,3.6
2912.5,0.006,0,100,4.2
2913.0,0.005,0,101,3.6
2913.5,0.006,0,100,3.6
2914.0,0.008,0,99,3.6
2914.5,0.008,0,100,3.6
2915.0,0.008,0,100,3.0
2915.5,0.008,0,101,3.0
2916.0,0.008,0,101,3.0
2916.5,0.01,0,100,2.4000000000000004
2917.0,0.006,0,101,3.0
2917.5,0.005,0,100,3.0
2918.0,0.005,0,100,3.6
2918.5,0.008,0,100,3.0
2919.0,0.006,0,100,1.8
2919.5,0.008,0,101,1.8
2920.0,0.006,0,101,1.8
2920.5,0.006,0,101,1.2000000000000002
2921.0,0.006,0,100,1.2000000000000002
2921.5,0.008,0,100,1.2000000000000002
2922.0,0.005,0,99,1.2000000000000002
2922.5,0.01,0,99,1.8
2923.0,0.006,0,98,1.2000000000000002
2923.5,0.005,0,98,1.2000000000000002
2924.0,0.006,0,98,0.6000000000000001
2924.5,0.006,0,98,0.0
2925.0,0.006,0,98,0.0
2925.5,0.006,0,98,0.0
2926.0,0.006,0,99,0.0
2926.5,0.005,0,98,0.0
2927.0,0.006,0,98,0.0
2927.5,0.008,0,98,0.0
2928.0,0.008,0,98,0.0
2928.5,0.008,0,98,0.0
2929.0,0.008,0,99,0.0
2929.5,0.006,0,99,0.0
2930.0,0.006,0,99,0.0
2930.5,0.006,0,100,0.6000000000000001
2931.0,0.005,0,101,0.6000000000000001
2931.5,0.006,0,100,0.6000000000000001
2932.0,0.006,0,101,0.0
2932.5,0.006,0,100,0.0
2933.0,0.006,0,100,0.0
2933.5,0.005,0,100,0.0
2934.0,0.003,0,100,0.0
2934.5,0.005,0,99,1.2000000000000002
2935.0,0.005,0,99,3.0
2935.5,0.005,0,100,3.6
2936.0,0.006,0,100,4.2
2936.5,0.006,0,100,3.6
2937.0,0.006,0,100,3.0
2937.5,0.006,0,100,3.0
2938.0,0.006,0,99,3.0
2938.5,0.005,0,99,3.0
2939.0,0.006,0,99,3.0
2939.5,0.006,0,99,3.0
2940.0,0.008,0,99,3.6
2940.5,0.01,0,99,3.6
2941.0,0.008,0,100,4.2
2941.5,0.006,0,100,4.800000000000001
2942.0,0.01,0,100,4.2
2942.5,0.006,0,100,4.2
2943.0,0.006,0,100,3.6
2943.5,0.006,0,100,3.6
2944.0,0.006,0,100,3.6
2944.5,0.003,0,100,3.6
2945.0,0.01,0,100,4.2
2945.5,0.008,0,100,3.6
2946.0,0.008,0,100,3.6
2946.5,0.008,0,99,3.6
2947.0,0.006,0,100,3.6
2947.5,0.005,0,100,3.6
2948.0,0.008,0,100,3.0
2948.5,0.01,0,100,3.0
2949.0,0.008,0,101,3.0
2949.5,0.006,0,100,3.0
2950.0,0.005,0,100,3.0
2950.5,0.003,0,100,3.0
2951.0,0.006,0,100,3.0
2951.5,0.008,0,100,1.8
2952.0,0.005,0,100,1.8
2952.5,0.005,0,100,1.2000000000000002
2953.0,0.006,0,101,1.2000000000000002
2953.5,0.008,0,100,1.2000000000000002
2954.0,0.008,0,100,1.2000000000000002
2954.5,0.008,0,99,1.2000000000000002
2955.0,0.008,0,98,1.2000000000000002
2955.5,0.005,0,98,1.2000000000000002
2956.0,0.006,0,97,1.2000000000000002
2956.5,0.006,0,97,1.2000000000000002
2957.0,0.008,0,97,0.0
2957.5,0.006,0,97,0.0
2958.0,0.008,0,97,0.0
2958.5,0.008,0,97,0.0
2959.0,0.008,0,98,0.0
2959.5,0.006,0,98,0.0
2960.0,0.006,0,97,0.0
2960.5,0.006,0,98,0.0
2961.0,0.006,0,98,0.0
2961.5,0.006,0,98,0.0
2962.0,0.01,0,99,0.0
2962.5,0.008,0,99,0.0
2963.0,0.006,0,99,0.0
2963.5,0.011,0,100,0.0
2964.0,0.01,0,100,0.0
2964.5,0.008,0,100,0.0
2965.0,0.006,0,100,0.0
2965.5,0.003,0,100,0.0
2966.0,0.005,0,100,0.0
2966.5,0.006,0,100,0.0
2967.0,0.005,0,100,0.6000000000000001
2967.5,0.008,0,99,2.4000000000000004
2968.0,0.008,0,99,3.6
2968.5,0.006,0,100,3.6
2969.0,0.005,0,100,3.6
2969.5,0.006,0,100,3.6
2970.0,0.005,0,100,3.0
2970.5,0.008,0,99,3.0
2971.0,0.008,0,99,3.0
2971.5,0.006,0,99,3.0
2972.0,0.006,0,99,3.6
2972.5,0.006,0,99,3.6
2973.0,0.008,0,99,4.2
2973.5,0.01,0,100,4.800000000000001
2974.0,0.01,0,100,4.800000000000001
2974.5,0.008,0,100,4.2
2975.0,0.008,0,100,3.6
2975.5,0.008,0,100,3.6
2976.0,0.01,0,100,3.6
2976.5,0.008,0,100,3.6
2977.0,0.008,0,100,3.6
2977.5,0.005,0,100,4.2
2978.0,0.006,0,100,3.6
2978.5,0.006,0,100,3.6
2979.0,0.01,0,100,3.6
2979.5,0.008,0,100,3.6
2980.0,0.01,0,100,3.6
2980.5,0.006,0,101,3.0
2981.0,0.008,0,100,3.0
2981.5,0.006,0,100,3.0
2982.0,0.01,0,101,3.0
2982.5,0.01,0,100,3.0
2983.0,0.008,0,100,3.0
2983.5,0.006,0,100,2.4000000000000004
2984.0,0.006,0,100,1.8
2984.5,0.006,0,101,1.8
2985.0,0.008,0,101,1.2000000000000002
2985.5,0.008,0,101,1.2000000000000002
2986.0,0.008,0,100,1.2000000000000002
2986.5,0.005,0,99,1.2000000000000002
2987.0,0.006,0,99,1.2000000000000002
2987.5,0.006,0,99,1.2000000000000002
2988.0,0.01,0,98,1.2000000000000002
2988.5,0.01,0,98,1.2000000000000002
2989.0,0.01,0,98,0.6000000000000001
2989.5,0.006,0,98,0.0
2990.0,0.008,0,98,0.0
2990.5,0.006,0,98,0.0
2991.0,0.006,0,98,0.0
2991.5,0.011,0,98,0.0
2992.0,0.01,0,98,0.0
2992.5,0.008,0,98,0.0
2993.0,0.008,0,98,0.0
2993.5,0.008,0,98,0.0
2994.0,0.01,0,98,0.0
2994.5,0.01,0,99,0.0
2995.0,0.008,0,99,0.0
2995.5,0.008,0,100,0.0
2996.0,0.006,0,100,0.0
2996.5,0.008,0,101,0.0
2997.0,0.008,0,101,0.0
2997.5,0.008,0,100,0.0
2998.0,0.006,0,100,0.0
2998.5,0.005,0,100,0.0
2999.0,0.005,0,100,0.0
2999.5,0.005,0,99,1.8
3000.0,0.006,0,99,3.0
3000.5,0.008,0,99,3.6
3001.0,0.006,0,100,4.2
3001.5,0.006,0,100,3.6
3002.0,0.006,0,100,3.6
3002.5,0.005,0,100,3.0
3003.0,0.005,0,99,3.0
3003.5,0.008,0,99,3.0
3004.0,0.008,0,99,3.0
3004.5,0.01,0,99,3.6
3005.0,0.008,0,99,3.6
3005.5,0.008,0,100,3.6
3006.0,0.008,0,100,4.2
3006.5,0.01,0,100,4.800000000000001
3007.0,0.008,0,100,4.2
3007.5,0.01,0,100,4.2
3008.0,0.008,0,100,3.6
3008.5,0.008,0,100,3.6
3009.0,0.006,0,100,3.6
3009.5,0.011,0,100,3.6
3010.0,0.008,0,100,4.2
3010.5,0.008,0,100,3.6
3011.0,0.008,0,100,3.6
3011.5,0.008,0,100,3.6
3012.0,0.006,0,100,3.6
3012.5,0.01,0,100,3.6
3013.0,0.011,0,100,3.0
3013.5,0.01,0,100,3.0
3014.0,0.006,0,100,3.0
3014.5,0.005,0,101,3.0
3015.0,0.005,0,101,3.0
3015.5,0.008,0,100,3.6
3016.0,0.008,0,100,3.0
3016.5,0.008,0,100,2.4000000000000004
3017.0,0.006,0,101,1.8
3017.5,0.008,0,101,1.2000000000000002
3018.0,0.006,0,101,1.2000000000000002
3018.5,0.01,0,100,1.2000000000000002
3019.0,0.01,0,100,1.2000000000000002
3019.5,0.01,0,99,1.2000000000000002
3020.0,0.008,0,99,1.2000000000000002
3020.5,0.008,0,98,1.2000000000000002
3021.0,0.005,0,98,1.2000000000000002
3021.5,0.008,0,98,0.6000000000000001
3022.0,0.008,0,98,0.0
3022.5,0.01,0,98,0.0
3023.0,0.008,0,98,0.0
3023.5,0.01,0,98,0.0
3024.0,0.01,0,98,0.0
3024.5,0.01,0,98,0.0
3025.0,0.01,0,98,0.0
3025.5,0.01,0,98,0.0
3026.0,0.008,0,98,0.0
3026.5,0.008,0,99,0.0
3027.0,0.01,0,99,0.0
3027.5,0.011,0,99,0.0
3028.0,0.01,0,100,0.6000000000000001
3028.5,0.011,0,101,0.0
3029.0,0.01,0,101,0.0
3029.5,0.008,0,101,0.0
3030.0,0.008,0,101,0.0
3030.5,0.008,0,100,0.0
3031.0,0.008,0,100,0.0
3031.5,0.01,0,100,0.0
3032.0,0.008,0,100,1.2000000000000002
3032.5,0.008,0,99,3.0
3033.0,0.008,0,100,3.6
3033.5,0.01,0,100,3.6
3034.0,0.008,0,100,3.6
3034.5,0.008,0,100,3.6
3035.0,0.006,0,100,3.0
3035.5,0.006,0,99,3.0
3036.0,0.008,0,99,3.0
3036.5,0.008,0,99,3.0
3037.0,0.008,0,99,3.0
3037.5,0.008,0,99,3.6
3038.0,0.008,0,100,3.6
3038.5,0.01,0,100,4.2
3039.0,0.008,0,100,4.800000000000001
3039.5,0.008,0,100,4.2
3040.0,0.01,0,100,4.2
3040.5,0.008,0,100,3.6
3041.0,0.011,0,100,3.6
3041.5,0.01,0,100,3.6
3042.0,0.008,0,100,3.6
3042.5,0.008,0,100,4.2
3043.0,0.006,0,100,4.2
3043.5,0.006,0,100,3.6
3044.0,0.008,0,100,3.6
3044.5,0.01,0,100,3.6
3045.0,0.01,0,100,3.6
3045.5,0.008,0,100,3.0
3046.0,0.008,0,101,3.0
3046.5,0.008,0,100,3.0
3047.0,0.01,0,100,3.0
3047.5,0.008,0,101,3.0
3048.0,0.008,0,100,3.0
3048.5,0.008,0,100,3.0
3049.0,0.008,0,100,1.8
3049.5,0.01,0,100,1.8
3050.0,0.011,0,100,1.2000000000000002
3050.5,0.008,0,101,1.2000000000000002
3051.0,0.01,0,100,1.2000000000000002
3051.5,0.006,0,99,1.2000000000000002
3052.0,0.006,0,99,1.2000000000000002
3052.5,0.008,0,99,1.2000000000000002
3053.0,0.01,0,98,1.2000000000000002
3053.5,0.008,0,98,1.2000000000000002
3054.0,0.008,0,98,1.2000000000000002
3054.5,0.008,0,98,0.0
3055.0,0.008,0,98,0.0
3055.5,0.008,0,98,0.0
3056.0,0.01,0,98,0.0
3056.5,0.01,0,98,0.0
3057.0,0.011,0,98,0.0
3057.5,0.011,0,98,0.0
3058.0,0.011,0,98,0.0
3058.5,0.01,0,98,0.0
3059.0,0.011,0,98,0.0
3059.5,0.01,0,99,0.0
3060.0,0.01,0,99,0.0
3060.5,0.01,0,100,0.0
3061.0,0.011,0,101,0.0
3061.5,0.01,0,101,0.0
3062.0,0.01,0,101,0.0
3062.5,0.01,0,101,0.0
3063.0,0.006,0,101,0.0
3063.5,0.008,0,100,0.0
3064.0,0.008,0,100,0.0
3064.5,0.006,0,100,0.6000000000000001
3065.0,0.01,0,100,3.6
3065.5,0.01,0,100,3.0
3066.0,0.01,0,100,3.0
3066.5,0.01,0,99,3.0
3067.0,0.008,0,99,3.0
3067.5,0.006,0,99,3.0
3068.0,0.008,0,99,3.0
3068.5,0.008,0,99,3.6
3069.0,0.01,0,100,3.6
3069.5,0.008,0,100,3.6
3070.0,0.01,0,100,4.2
3070.5,0.008,0,100,4.2
3071.0,0.01,0,100,4.2
3071.5,0.011,0,100,3.6
3072.0,0.01,0,100,3.6
3072.5,0.008,0,100,3.0
3073.0,0.008,0,100,3.6
3073.5,0.01,0,100,3.6
3074.0,0.011,0,100,4.2
3074.5,0.01,0,100,3.6
3075.0,0.01,0,100,3.6
3075.5,0.008,0,100,3.6
3076.0,0.01,0,100,3.6
3076.5,0.008,0,101,3.0
3077.0,0.011,0,100,3.0
3077.5,0.01,0,100,2.4000000000000004
3078.0,0.01,0,101,2.4000000000000004
3078.5,0.01,0,100,3.0
3079.0,0.01,0,100,3.0
3079.5,0.01,0,100,3.0
3080.0,0.011,0,100,2.4000000000000004
3080.5,0.01,0,100,1.8
3081.0,0.01,0,100,1.8
3081.5,0.01,0,101,1.2000000000000002
3082.0,0.01,0,100,1.2000000000000002
3082.5,0.01,0,100,1.2000000000000002
3083.0,0.011,0,99,1.2000000000000002
3083.5,0.01,0,99,1.2000000000000002
3084.0,0.01,0,98,1.2000000000000002
3084.5,0.008,0,98,1.2000000000000002
3085.0,0.008,0,98,1.2000000000000002
3085.5,0.006,0,98,0.6000000000000001
3086.0,0.01,0,98,0.0
3086.5,0.008,0,98,0.0
3087.0,0.008,0,98,0.0
3087.5,0.011,0,98,0.0
3088.0,0.011,0,98,0.0
3088.5,0.01,0,98,0.0
3089.0,0.011,0,98,0.0
3089.5,0.01,0,98,0.0
3090.0,0.01,0,98,0.0
3090.5,0.011,0,98,0.0
3091.0,0.011,0,99,0.0
3091.5,0.011,0,99,0.0
3092.0,0.013,0,100,0.0
3092.5,0.013,0,100,0.0
3093.0,0.013,0,101,0.0
3093.5,0.011,0,101,0.0
3094.0,0.01,0,100,0.0
3094.5,0.008,0,100,0.0
3095.0,0.01,0,100,0.0
3095.5,0.008,0,100,0.0
3096.0,0.01,0,99,1.8
3096.5,0.008,0,99,3.0
3097.0,0.01,0,100,3.6
3097.5,0.008,0,100,3.6
3098.0,0.01,0,100,3.6
3098.5,0.008,0,100,3.6
3099.0,0.008,0,100,3.0
3099.5,0.01,0,99,3.0
3100.0,0.013,0,99,3.0
3100.5,0.01,0,99,3.0
3101.0,0.011,0,99,3.6
3101.5,0.011,0,99,3.6
3102.0,0.011,0,100,4.2
3102.5,0.011,0,100,4.800000000000001
3103.0,0.011,0,100,4.800000000000001
3103.5,0.011,0,100,4.2
3104.0,0.013,0,100,4.2
3104.5,0.011,0,100,3.6
3105.0,0.011,0,100,3.6
3105.5,0.011,0,100,3.6
3106.0,0.01,0,100,3.6
3106.5,0.008,0,100,4.2
3107.0,0.01,0,100,3.6
3107.5,0.01,0,99,3.6
3108.0,0.01,0,100,3.6
3108.5,0.011,0,100,3.6
3109.0,0.011,0,100,3.0
3109.5,0.01,0,100,3.0
3110.0,0.01,0,100,3.0
3110.5,0.008,0,100,3.0
3111.0,0.008,0,101,3.0
3111.5,0.008,0,101,3.0
3112.0,0.008,0,100,3.6
3112.5,0.011,0,100,2.4000000000000004
3113.0,0.011,0,101,1.2000000000000002
3113.5,0.01,0,101,1.2000000000000002
3114.0,0.011,0,100,1.2000000000000002
3114.5,0.01,0,100,1.2000000000000002
3115.0,0.008,0,99,1.2000000000000002
3115.5,0.008,0,99,1.2000000000000002
3116.0,0.008,0,98,1.2000000000000002
3116.5,0.008,0,98,1.2000000000000002
3117.0,0.01,0,97,1.2000000000000002
3117.5,0.01,0,98,0.6000000000000001
3118.0,0.01,0,97,0.0
3118.5,0.008,0,97,0.0
3119.0,0.01,0,97,0.0
3119.5,0.01,0,98,0.0
3120.0,0.013,0,98,0.0
3120.5,0.011,0,98,0.0
3121.0,0.011,0,98,0.0
3121.5,0.011,0,98,0.0
3122.0,0.011,0,98,0.0
3122.5,0.01,0,98,0.0
3123.0,0.011,0,99,0.0
3123.5,0.011,0,99,0.0
3124.0,0.011,0,100,0.0
3124.5,0.008,0,100,0.0
3125.0,0.011,0,101,0.0
3125.5,0.011,0,101,0.0
3126.0,0.013,0,101,0.0
3126.5,0.013,0,100,0.0
3127.0,0.011,0,100,0.0
3127.5,0.008,0,100,0.0
3128.0,0.01,0,100,1.2000000000000002
3128.5,0.01,0,99,2.4000000000000004
3129.0,0.01,0,100,3.6
3129.5,0.011,0,100,3.6
3130.0,0.013,0,100,3.6
3130.5,0.011,0,100,3.6
3131.0,0.011,0,100,3.0
3131.5,0.008,0,99,3.0
3132.0,0.006,0,99,3.0
3132.5,0.01,0,99,3.0
3133.0,0.01,0,99,3.0
3133.5,0.011,0,99,3.6
3134.0,0.011,0,100,3.6
3134.5,0.01,0,100,4.2
3135.0,0.01,0,100,4.2
3135.5,0.011,0,100,4.2
3136.0,0.01,0,100,4.2
3136.5,0.01,0,100,3.6
3137.0,0.006,0,100,3.6
3137.5,0.006,0,100,3.0
3138.0,0.01,0,100,3.6
3138.5,0.013,0,100,3.6
3139.0,0.01,0,100,3.6
3139.5,0.011,0,100,3.6
3140.0,0.01,0,100,3.6
3140.5,0.01,0,100,3.6
3141.0,0.01,0,100,3.0
3141.5,0.011,0,101,3.0
3142.0,0.013,0,100,3.0
3142.5,0.013,0,100,2.4000000000000004
3143.0,0.011,0,100,3.0
3143.5,0.01,0,101,3.0
3144.0,0.01,0,101,3.6
3144.5,0.011,0,100,3.0
3145.0,0.011,0,100,1.8
3145.5,0.011,0,100,1.8
3146.0,0.011,0,101,1.8
3146.5,0.008,0,101,1.2000000000000002
3147.0,0.01,0,100,1.2000000000000002
3147.5,0.01,0,100,1.2000000000000002
3148.0,0.011,0,99,1.2000000000000002
3148.5,0.01,0,99,1.2000000000000002
3149.0,0.008,0,98,1.2000000000000002
3149.5,0.008,0,98,1.2000000000000002
3150.0,0.008,0,98,1.2000000000000002
3150.5,0.008,0,98,0.0
3151.0,0.008,0,98,0.0
3151.5,0.011,0,98,0.0
3152.0,0.011,0,98,0.0
3152.5,0.011,0,98,0.0
3153.0,0.011,0,98,0.0
3153.5,0.011,0,98,0.0
3154.0,0.013,0,98,0.0
3154.5,0.013,0,98,0.0
3155.0,0.015,0,98,0.0
3155.5,0.013,0,99,0.0
3156.0,0.013,0,99,0.0
3156.5,0.013,0,99,0.0
3157.0,0.011,0,100,0.0
3157.5,0.013,0,100,0.0
3158.0,0.011,0,101,0.0
3158.5,0.01,0,101,0.6000000000000001
3159.0,0.01,0,100,0.0
3159.5,0.011,0,100,0.0
3160.0,0.013,0,100,0.0
3160.5,0.013,0,100,0.6000000000000001
3161.0,0.013,0,99,2.4000000000000004
3161.5,0.011,0,99,3.6
3162.0,0.01,0,100,4.2
3162.5,0.01,0,100,3.6
3163.0,0.01,0,100,3.6
3163.5,0.01,0,100,3.0
3164.0,0.011,0,99,3.0
3164.5,0.011,0,99,3.0
3165.0,0.01,0,99,3.0
3165.5,0.011,0,99,3.6
3166.0,0.01,0,99,3.6
3166.5,0.013,0,100,3.6
3167.0,0.011,0,100,3.6
3167.5,0.011,0,100,4.2
3168.0,0.011,0,100,4.2
3168.5,0.013,0,100,4.2
3169.0,0.011,0,101,3.6
3169.5,0.013,0,100,3.6
3170.0,0.013,0,100,3.0
3170.5,0.011,0,100,3.0
3171.0,0.01,0,100,3.6
3171.5,0.01,0,100,3.6
3172.0,0.011,0,100,3.6
3172.5,0.011,0,100,3.6
3173.0,0.011,0,100,3.6
3173.5,0.013,0,100,3.0
3174.0,0.011,0,100,3.0
3174.5,0.013,0,100,3.0
3175.0,0.01,0,101,2.4000000000000004
3175.5,0.011,0,101,2.4000000000000004
3176.0,0.013,0,100,3.0
3176.5,0.01,0,101,3.0
3177.0,0.011,0,101,3.0
3177.5,0.011,0,100,1.8
3178.0,0.01,0,101,1.8
3178.5,0.011,0,101,1.2000000000000002
3179.0,0.013,0,101,1.2000000000000002
3179.5,0.01,0,101,1.2000000000000002
3180.0,0.011,0,100,1.2000000000000002
3180.5,0.011,0,100,1.2000000000000002
3181.0,0.011,0,99,1.2000000000000002
3181.5,0.011,0,99,1.2000000000000002
3182.0,0.011,0,98,1.2000000000000002
3182.5,0.01,0,98,1.2000000000000002
3183.0,0.01,0,98,0.0
3183.5,0.01,0,98,0.0
3184.0,0.01,0,99,0.0
3184.5,0.01,0,98,0.0
3185.0,0.008,0,98,0.0
3185.5,0.008,0,99,0.0
3186.0,0.011,0,98,0.0
3186.5,0.013,0,99,0.0
3187.0,0.013,0,99,0.0
3187.5,0.013,0,100,0.0
3188.0,0.013,0,100,0.0
3188.5,0.015,0,101,0.0
3189.0,0.011,0,101,0.0
3189.5,0.013,0,100,0.0
3190.0,0.011,0,100,0.0
3190.5,0.01,0,100,0.0
3191.0,0.011,0,100,0.0
3191.5,0.011,0,99,0.6000000000000001
3192.0,0.008,0,99,2.4000000000000004
3192.5,0.008,0,99,3.6
3193.0,0.008,0,99,3.6
3193.5,0.01,0,100,3.6
3194.0,0.01,0,100,3.6
3194.5,0.011,0,100,3.0
3195.0,0.01,0,99,3.0
3195.5,0.008,0,99,3.0
3196.0,0.008,0,99,3.0
3196.5,0.008,0,99,3.0
3197.0,0.008,0,99,3.6
3197.5,0.01,0,99,3.6
3198.0,0.01,0,99,3.6
3198.5,0.01,0,100,4.2
3199.0,0.01,0,100,4.800000000000001
3199.5,0.013,0,100,4.2
3200.0,0.01,0,100,4.2
3200.5,0.008,0,100,3.6
3201.0,0.008,0,100,3.6
3201.5,0.01,0,100,3.6
3202.0,0.01,0,100,3.6
3202.5,0.01,0,100,4.2
3203.0,0.011,0,100,3.6
3203.5,0.01,0,100,3.6
3204.0,0.01,0,100,3.6
3204.5,0.01,0,100,3.6
3205.0,0.011,0,100,3.0
3205.5,0.01,0,101,3.0
3206.0,0.011,0,100,3.0
3206.5,0.013,0,101,3.0
3207.0,0.011,0,101,3.0
3207.5,0.01,0,100,3.0
3208.0,0.01,0,100,3.0
3208.5,0.008,0,100,2.4000000000000004
3209.0,0.008,0,100,1.8
3209.5,0.008,0,101,1.8
3210.0,0.008,0,101,1.2000000000000002
3210.5,0.011,0,101,1.2000000000000002
3211.0,0.013,0,100,1.2000000000000002
3211.5,0.008,0,100,1.2000000000000002
3212.0,0.008,0,99,1.2000000000000002
3212.5,0.008,0,99,1.2000000000000002
3213.0,0.006,0,98,1.2000000000000002
3213.5,0.006,0,98,1.2000000000000002
3214.0,0.006,0,98,0.6000000000000001
3214.5,0.005,0,98,0.0
3215.0,0.01,0,98,0.0
3215.5,0.01,0,98,0.0
3216.0,0.011,0,98,0.0
3216.5,0.011,0,98,0.0
3217.0,0.011,0,98,0.0
3217.5,0.01,0,98,0.0
3218.0,0.01,0,98,0.0
3218.5,0.01,0,98,0.0
3219.0,0.01,0,99,0.0
3219.5,0.01,0,99,0.0
3220.0,0.008,0,99,0.0
3220.5,0.008,0,100,0.0
3221.0,0.01,0,100,0.0
3221.5,0.01,0,101,0.0
3222.0,0.006,0,101,0.0
3222.5,0.008,0,100,0.0
3223.0,0.008,0,100,0.0
3223.5,0.008,0,100,0.0
3224.0,0.01,0,100,0.0
3224.5,0.011,0,99,1.2000000000000002
3225.0,0.011,0,99,3.0
3225.5,0.011,0,100,3.6
3226.0,0.01,0,100,3.6
3226.5,0.006,0,100,3.6
3227.0,0.008,0,100,3.6
3227.5,0.008,0,100,3.0
3228.0,0.01,0,99,3.0
3228.5,0.01,0,99,3.0
3229.0,0.008,0,99,3.0
3229.5,0.006,0,99,3.0
3230.0,0.006,0,99,3.6
3230.5,0.008,0,100,3.6
3231.0,0.01,0,100,4.2
3231.5,0.01,0,100,4.2
3232.0,0.011,0,100,4.2
3232.5,0.008,0,101,4.2
3233.0,0.01,0,100,3.6
3233.5,0.011,0,100,3.6
3234.0,0.01,0,100,3.6
3234.5,0.006,0,100,3.6
3235.0,0.006,0,100,4.2
3235.5,0.003,0,100,3.6
3236.0,0.006,0,100,3.6
3236.5,0.01,0,101,3.6
3237.0,0.011,0,101,3.6
3237.5,0.011,0,100,3.0
3238.0,0.011,0,101,3.0
3238.5,0.011,0,101,2.4000000000000004
3239.0,0.01,0,101,2.4000000000000004
3239.5,0.01,0,101,2.4000000000000004
3240.0,0.008,0,101,3.0
3240.5,0.008,0,101,3.6
3241.0,0.01,0,101,2.4000000000000004
3241.5,0.008,0,101,1.8
3242.0,0.008,0,101,1.8
3242.5,0.008,0,102,1.2000000000000002
3243.0,0.008,0,102,1.2000000000000002
3243.5,0.01,0,101,1.2000000000000002
3244.0,0.008,0,100,1.2000000000000002
3244.5,0.006,0,100,1.2000000000000002
3245.0,0.01,0,99,1.2000000000000002
3245.5,0.01,0,99,1.2000000000000002
3246.0,0.011,0,98,1.2000000000000002
3246.5,0.008,0,99,0.6000000000000001
3247.0,0.008,0,98,0.0
3247.5,0.006,0,98,0.0
3248.0,0.008,0,98,0.0
3248.5,0.006,0,99,0.0
3249.0,0.008,0,99,0.0
3249.5,0.008,0,98,0.0
3250.0,0.01,0,99,0.0
3250.5,0.01,0,99,0.0
3251.0,0.011,0,98,0.0
3251.5,0.011,0,99,0.0
3252.0,0.011,0,99,0.0
3252.5,0.008,0,100,0.0
3253.0,0.01,0,101,0.0
3253.5,0.01,0,101,0.0
3254.0,0.013,0,101,0.0
3254.5,0.011,0,101,0.0
3255.0,0.011,0,101,0.0
3255.5,0.01,0,100,0.0
3256.0,0.01,0,100,0.0
3256.5,0.008,0,100,0.0
3257.0,0.008,0,99,1.2000000000000002
3257.5,0.008,0,99,3.0
3258.0,0.01,0,100,3.6
3258.5,0.01,0,100,3.6
3259.0,0.008,0,100,3.6
3259.5,0.01,0,100,3.0
3260.0,0.008,0,100,3.0
3260.5,0.008,0,99,3.0
3261.0,0.006,0,99,3.0
3261.5,0.008,0,99,3.0
3262.0,0.008,0,99,3.0
3262.5,0.008,0,99,3.6
3263.0,0.01,0,100,3.6
3263.5,0.01,0,100,4.2
3264.0,0.008,0,100,4.800000000000001
3264.5,0.011,0,100,4.2
3265.0,0.01,0,100,3.6
3265.5,0.01,0,100,3.6
3266.0,0.01,0,100,3.6
3266.5,0.01,0,100,3.6
3267.0,0.006,0,100,3.6
3267.5,0.01,0,100,3.6
3268.0,0.01,0,100,3.6
3268.5,0.01,0,100,3.6
3269.0,0.008,0,100,3.6
3269.5,0.01,0,100,3.6
3270.0,0.008,0,100,3.0
3270.5,0.011,0,100,3.0
3271.0,0.01,0,100,3.0
3271.5,0.01,0,100,3.0
3272.0,0.01,0,100,3.0
3272.5,0.008,0,101,3.0
3273.0,0.008,0,100,3.0
3273.5,0.011,0,100,2.4000000000000004
3274.0,0.01,0,100,1.8
3274.5,0.01,0,100,1.8
3275.0,0.008,0,101,1.8
3275.5,0.01,0,101,1.2000000000000002
3276.0,0.01,0,100,1.2000000000000002
3276.5,0.013,0,100,1.2000000000000002
3277.0,0.01,0,99,1.2000000000000002
3277.5,0.008,0,99,1.2000000000000002
3278.0,0.008,0,98,1.2000000000000002
3278.5,0.008,0,98,1.2000000000000002
3279.0,0.008,0,98,0.6000000000000001
3279.5,0.013,0,98,0.0
3280.0,0.011,0,98,0.0
3280.5,0.008,0,98,0.0
3281.0,0.006,0,98,0.0
3281.5,0.008,0,98,0.0
3282.0,0.01,0,98,0.0
3282.5,0.013,0,98,0.0
3283.0,0.01,0,98,0.0
3283.5,0.01,0,98,0.0
3284.0,0.01,0,98,0.0
3284.5,0.01,0,99,0.0
3285.0,0.01,0,99,0.0
3285.5,0.01,0,100,0.0
3286.0,0.01,0,100,0.0
3286.5,0.008,0,101,0.0
3287.0,0.01,0,101,0.0
3287.5,0.01,0,100,0.0
3288.0,0.01,0,100,0.0
3288.5,0.011,0,100,0.0
3289.0,0.01,0,100,0.0
3289.5,0.008,0,99,0.6000000000000001
3290.0,0.01,0,99,2.4000000000000004
3290.5,0.011,0,99,3.6
3291.0,0.01,0,100,3.6
3291.5,0.01,0,100,3.6
3292.0,0.01,0,100,3.6
3292.5,0.011,0,100,3.0
3293.0,0.01,0,99,3.0
3293.5,0.01,0,99,3.0
3294.0,0.008,0,99,3.0
3294.5,0.008,0,99,3.0
3295.0,0.008,0,99,3.6
3295.5,0.006,0,99,3.6
3296.0,0.005,0,99,4.2
3296.5,0.006,0,100,4.800000000000001
3297.0,0.005,0,100,4.2
3297.5,0.01,0,100,3.6
3298.0,0.011,0,100,3.6
3298.5,0.01,0,100,3.6
3299.0,0.011,0,100,3.6
3299.5,0.01,0,100,3.6
3300.0,0.011,0,100,3.6
3300.5,0.01,0,100,3.0
3301.0,0.008,0,101,3.0
3301.5,0.008,0,100,3.0
3302.0,0.008,0,101,2.4000000000000004
3302.5,0.006,0,101,2.4000000000000004
3303.0,0.01,0,101,3.0
3303.5,0.01,0,100,3.0
3304.0,0.011,0,101,3.0
3304.5,0.01,0,101,1.8
3305.0,0.01,0,101,1.8
3305.5,0.01,0,101,1.2000000000000002
3306.0,0.01,0,101,1.2000000000000002
3306.5,0.011,0,101,1.2000000000000002
3307.0,0.01,0,100,1.2000000000000002
3307.5,0.008,0,99,1.2000000000000002
3308.0,0.008,0,99,1.2000000000000002
3308.5,0.008,0,99,1.2000000000000002
3309.0,0.006,0,98,1.2000000000000002
3309.5,0.008,0,98,0.6000000000000001
3310.0,0.006,0,98,0.0
3310.5,0.005,0,98,0.0
3311.0,0.006,0,98,0.0
3311.5,0.006,0,99,0.0
3312.0,0.008,0,99,0.0
3312.5,0.01,0,99,0.0
3313.0,0.01,0,98,0.0
3313.5,0.01,0,99,0.0
3314.0,0.008,0,98,0.0
3314.5,0.008,0,99,0.0
3315.0,0.01,0,99,0.0
3315.5,0.01,0,99,0.0
3316.0,0.008,0,100,0.0
3316.5,0.01,0,101,0.0
3317.0,0.011,0,101,0.0
3317.5,0.011,0,101,0.0
3318.0,0.011,0,101,0.0
3318.5,0.011,0,100,0.0
3319.0,0.01,0,100,0.0
3319.5,0.008,0,100,0.0
3320.0,0.008,0,100,0.6000000000000001
3320.5,0.006,0,99,2.4000000000000004
3321.0,0.008,0,99,3.6
3321.5,0.01,0,100,3.6
3322.0,0.011,0,100,3.6
3322.5,0.01,0,100,3.0
3323.0,0.006,0,100,3.0
3323.5,0.005,0,99,3.0
3324.0,0.006,0,99,3.0
3324.5,0.005,0,99,3.0
3325.0,0.008,0,99,3.0
3325.5,0.006,0,99,3.0
3326.0,0.008,0,100,3.6
3326.5,0.008,0,100,3.6
3327.0,0.01,0,100,4.2
3327.5,0.01,0,100,4.2
3328.0,0.008,0,100,3.6
3328.5,0.008,0,100,3.6
3329.0,0.005,0,100,3.0
3329.5,0.006,0,100,3.0
3330.0,0.008,0,100,3.0
3330.5,0.008,0,100,3.6
3331.0,0.008,0,100,3.6
3331.5,0.011,0,100,3.6
3332.0,0.008,0,100,3.6
3332.5,0.008,0,101,3.6
3333.0,0.008,0,100,3.0
3333.5,0.008,0,101,3.0
3334.0,0.01,0,101,2.4000000000000004
3334.5,0.011,0,100,2.4000000000000004
3335.0,0.01,0,101,2.4000000000000004
3335.5,0.008,0,101,2.4000000000000004
3336.0,0.008,0,101,3.0
3336.5,0.008,0,100,3.0
3337.0,0.005,0,100,1.8
3337.5,0.008,0,101,1.8
3338.0,0.006,0,101,1.2000000000000002
3338.5,0.008,0,101,1.2000000000000002
3339.0,0.008,0,101,1.2000000000000002
3339.5,0.008,0,100,1.2000000000000002
3340.0,0.008,0,100,1.2000000000000002
3340.5,0.008,0,99,1.2000000000000002
3341.0,0.005,0,99,1.2000000000000002
3341.5,0.005,0,98,1.2000000000000002
3342.0,0.003,0,98,1.2000000000000002
3342.5,0.006,0,98,0.0
3343.0,0.008,0,98,0.0
3343.5,0.008,0,98,0.0
3344.0,0.008,0,98,0.0
3344.5,0.008,0,98,0.0
3345.0,0.008,0,99,0.0
3345.5,0.008,0,98,0.0
3346.0,0.008,0,98,0.0
3346.5,0.011,0,98,0.0
3347.0,0.01,0,98,0.0
3347.5,0.01,0,100,0.0
3348.0,0.008,0,99,0.0
3348.5,0.008,0,100,0.0
3349.0,0.005,0,101,0.0
3349.5,0.008,0,100,0.0
3350.0,0.008,0,101,0.0
3350.5,0.008,0,101,0.0
3351.0,0.006,0,100,0.0
3351.5,0.008,0,100,0.0
3352.0,0.008,0,100,0.0
3352.5,0.01,0,100,0.6000000000000001
3353.0,0.01,0,99,1.8
3353.5,0.008,0,99,3.0
3354.0,0.008,0,100,3.6
3354.5,0.008,0,100,3.6
3355.0,0.006,0,100,3.6
3355.5,0.01,0,100,3.0
3356.0,0.01,0,99,3.0
3356.5,0.01,0,99,3.0
3357.0,0.01,0,99,3.0
3357.5,0.01,0,99,3.0
3358.0,0.006,0,99,3.6
3358.5,0.01,0,99,3.6
3359.0,0.008,0,99,3.6
3359.5,0.008,0,100,4.2
3360.0,0.01,0,100,4.2
3360.5,0.01,0,100,4.2
3361.0,0.008,0,100,3.6
3361.5,0.01,0,100,3.6
3362.0,0.008,0,100,3.0
3362.5,0.006,0,100,3.0
3363.0,0.006,0,100,3.6
3363.5,0.006,0,100,4.2
3364.0,0.005,0,100,3.6
3364.5,0.008,0,100,3.6
3365.0,0.01,0,99,3.6
3365.5,0.008,0,100,3.0
3366.0,0.011,0,100,3.0
3366.5,0.01,0,100,2.4000000000000004
3367.0,0.008,0,101,2.4000000000000004
3367.5,0.01,0,100,2.4000000000000004
3368.0,0.008,0,100,2.4000000000000004
3368.5,0.008,0,100,3.0
3369.0,0.01,0,100,3.0
3369.5,0.011,0,100,2.4000000000000004
3370.0,0.008,0,100,1.8
3370.5,0.01,0,100,1.2000000000000002
3371.0,0.008,0,100,1.2000000000000002
3371.5,0.008,0,100,1.2000000000000002
3372.0,0.01,0,99,1.2000000000000002
3372.5,0.008,0,99,1.2000000000000002
3373.0,0.006,0,98,1.2000000000000002
3373.5,0.008,0,98,1.2000000000000002
3374.0,0.008,0,97,1.2000000000000002
3374.5,0.008,0,97,0.6000000000000001
3375.0,0.006,0,97,0.0
3375.5,0.005,0,98,0.0
3376.0,0.005,0,98,0.0
3376.5,0.006,0,98,0.0
3377.0,0.008,0,98,0.0
3377.5,0.01,0,98,0.0
3378.0,0.008,0,98,0.0
3378.5,0.01,0,98,0.0
3379.0,0.008,0,98,0.0
3379.5,0.008,0,99,0.0
3380.0,0.008,0,99,0.0
3380.5,0.008,0,99,0.0
3381.0,0.008,0,100,0.0
3381.5,0.008,0,100,0.0
3382.0,0.008,0,101,0.0
3382.5,0.01,0,100,0.0
3383.0,0.01,0,100,0.0
3383.5,0.01,0,100,0.0
3384.0,0.011,0,100,0.0
3384.5,0.01,0,100,0.0
3385.0,0.01,0,99,1.2000000000000002
3385.5,0.01,0,99,3.0
3386.0,0.01,0,99,3.6
3386.5,0.01,0,100,3.6
3387.0,0.01,0,100,3.6
3387.5,0.008,0,100,3.6
3388.0,0.008,0,99,3.0
3388.5,0.008,0,99,3.0
3389.0,0.008,0,99,3.0
3389.5,0.006,0,99,3.0
3390.0,0.008,0,99,3.0
3390.5,0.008,0,99,3.6
3391.0,0.006,0,100,3.6
3391.5,0.01,0,99,4.2
3392.0,0.008,0,100,4.2
3392.5,0.011,0,100,4.2
3393.0,0.011,0,100,3.6
3393.5,0.011,0,100,3.6
3394.0,0.01,0,100,3.0
3394.5,0.011,0,100,3.0
3395.0,0.008,0,100,3.6
3395.5,0.011,0,100,3.6
3396.0,0.01,0,99,3.6
3396.5,0.008,0,100,3.6
3397.0,0.008,0,100,3.6
3397.5,0.008,0,100,3.6
3398.0,0.008,0,100,3.0
3398.5,0.011,0,100,3.0
3399.0,0.008,0,100,2.4000000000000004
3399.5,0.01,0,101,2.4000000000000004
3400.0,0.011,0,101,2.4000000000000004
3400.5,0.011,0,100,3.0
3401.0,0.01,0,101,3.0
3401.5,0.011,0,100,2.4000000000000004
3402.0,0.01,0,100,1.8
3402.5,0.008,0,100,1.8
3403.0,0.006,0,101,1.2000000000000002
3403.5,0.01,0,101,1.2000000000000002
3404.0,0.008,0,101,1.2000000000000002
3404.5,0.011,0,100,1.2000000000000002
3405.0,0.01,0,99,1.2000000000000002
3405.5,0.006,0,99,1.2000000000000002
3406.0,0.006,0,98,1.2000000000000002
3406.5,0.008,0,98,1.2000000000000002
3407.0,0.01,0,98,0.6000000000000001
3407.5,0.008,0,98,0.0
3408.0,0.01,0,98,0.0
3408.5,0.008,0,98,0.0
3409.0,0.008,0,98,0.0
3409.5,0.008,0,98,0.0
3410.0,0.008,0,99,0.0
3410.5,0.006,0,98,0.0
3411.0,0.01,0,98,0.0
3411.5,0.011,0,98,0.0
3412.0,0.01,0,99,0.0
3412.5,0.008,0,99,0.0
3413.0,0.008,0,99,0.0
3413.5,0.008,0,100,0.0
3414.0,0.01,0,100,0.0
3414.5,0.011,0,101,0.0
3415.0,0.01,0,101,0.0
3415.5,0.008,0,100,0.0
3416.0,0.008,0,100,0.0
3416.5,0.008,0,100,0.0
3417.0,0.01,0,100,0.0
3417.5,0.008,0,100,3.6
3418.0,0.006,0,100,3.6
3418.5,0.01,0,100,3.0
3419.0,0.011,0,100,3.0
3419.5,0.011,0,99,3.0
3420.0,0.01,0,99,2.4000000000000004
3420.5,0.01,0,99,2.4000000000000004
3421.0,0.006,0,99,3.0
3421.5,0.008,0,99,3.0
3422.0,0.008,0,100,3.0
3422.5,0.008,0,100,3.6
3423.0,0.01,0,100,4.2
3423.5,0.01,0,100,4.2
3424.0,0.008,0,100,3.6
3424.5,0.008,0,100,3.6
3425.0,0.01,0,100,3.0
3425.5,0.008,0,100,3.0
3426.0,0.006,0,100,3.6
3426.5,0.005,0,100,3.6
3427.0,0.005,0,100,3.6
3427.5,0.008,0,100,3.6
3428.0,0.008,0,100,3.6
3428.5,0.01,0,100,3.6
3429.0,0.01,0,100,3.0
3429.5,0.008,0,100,3.0
3430.0,0.008,0,100,2.4000000000000004
3430.5,0.008,0,100,2.4000000000000004
3431.0,0.01,0,101,2.4000000000000004
3431.5,0.011,0,101,3.0
3432.0,0.01,0,100,3.0
3432.5,0.008,0,100,3.0
3433.0,0.006,0,100,1.8
3433.5,0.011,0,100,1.8
3434.0,0.01,0,100,1.2000000000000002
3434.5,0.01,0,101,1.2000000000000002
3435.0,0.008,0,100,1.2000000000000002
3435.5,0.005,0,100,1.2000000000000002
3436.0,0.005,0,99,1.2000000000000002
3436.5,0.008,0,99,1.2000000000000002
3437.0,0.01,0,98,1.2000000000000002
3437.5,0.008,0,98,1.2000000000000002
3438.0,0.008,0,97,1.2000000000000002
3438.5,0.008,0,97,0.0
3439.0,0.005,0,97,0.0
3439.5,0.005,0,97,0.0
3440.0,0.008,0,98,0.0
3440.5,0.006,0,98,0.0
3441.0,0.01,0,98,0.0
3441.5,0.01,0,98,0.0
3442.0,0.008,0,98,0.0
3442.5,0.006,0,97,0.0
3443.0,0.008,0,98,0.0
3443.5,0.008,0,99,0.0
3444.0,0.008,0,99,0.0
3444.5,0.008,0,99,0.0
3445.0,0.008,0,100,0.0
3445.5,0.008,0,100,0.0
3446.0,0.01,0,100,0.0
3446.5,0.01,0,100,0.6000000000000001
3447.0,0.01,0,100,0.0
3447.5,0.008,0,100,0.0
3448.0,0.008,0,100,0.0
3448.5,0.005,0,99,0.6000000000000001
3449.0,0.008,0,99,1.8
3449.5,0.01,0,99,3.0
3450.0,0.011,0,99,3.6
3450.5,0.01,0,100,4.2
3451.0,0.01,0,99,3.6
3451.5,0.008,0,99,3.6
3452.0,0.006,0,99,3.0
3452.5,0.005,0,98,3.0
3453.0,0.008,0,99,3.0
3453.5,0.008,0,98,3.0
3454.0,0.01,0,99,3.6
3454.5,0.008,0,99,3.6
3455.0,0.01,0,99,3.6
3455.5,0.01,0,99,4.2
3456.0,0.01,0,100,4.800000000000001
3456.5,0.008,0,100,4.2
3457.0,0.01,0,100,4.2
3457.5,0.008,0,100,3.6
3458.0,0.008,0,100,3.6
3458.5,0.006,0,100,3.6
3459.0,0.008,0,100,3.6
3459.5,0.008,0,100,4.2
3460.0,0.008,0,100,3.6
3460.5,0.008,0,100,3.6
3461.0,0.008,0,100,3.6
3461.5,0.005,0,100,3.6
3462.0,0.011,0,100,3.6
3462.5,0.011,0,100,3.0
3463.0,0.011,0,100,2.4000000000000004
3463.5,0.011,0,100,2.4000000000000004
3464.0,0.01,0,101,2.4000000000000004
3464.5,0.006,0,101,3.0
3465.0,0.01,0,100,3.0
3465.5,0.008,0,100,2.4000000000000004
3466.0,0.008,0,100,1.8
3466.5,0.011,0,100,1.8
3467.0,0.01,0,101,1.2000000000000002
3467.5,0.008,0,101,1.2000000000000002
3468.0,0.01,0,100,1.2000000000000002
3468.5,0.008,0,99,1.2000000000000002
3469.0,0.008,0,99,1.2000000000000002
3469.5,0.006,0,98,1.2000000000000002
3470.0,0.006,0,98,1.2000000000000002
3470.5,0.006,0,98,1.2000000000000002
3471.0,0.01,0,98,0.6000000000000001
3471.5,0.008,0,98,0.0
3472.0,0.008,0,98,0.0
3472.5,0.008,0,98,0.0
3473.0,0.008,0,98,0.0
3473.5,0.006,0,98,0.0
3474.0,0.006,0,98,0.0
3474.5,0.006,0,98,0.0
3475.0,0.008,0,98,0.0
3475.5,0.008,0,98,0.0
3476.0,0.008,0,98,0.0
3476.5,0.008,0,99,0.0
3477.0,0.008,0,99,0.0
3477.5,0.008,0,100,0.0
3478.0,0.008,0,101,0.0
3478.5,0.01,0,100,0.0
3479.0,0.008,0,100,0.0
3479.5,0.008,0,100,0.0
3480.0,0.008,0,100,0.0
3480.5,0.008,0,100,0.0
3481.0,0.006,0,100,0.0
3481.5,0.008,0,99,1.2000000000000002
3482.0,0.006,0,99,3.0
3482.5,0.008,0,99,3.6
3483.0,0.008,0,100,3.6
3483.5,0.008,0,100,3.6
3484.0,0.008,0,100,3.6
3484.5,0.01,0,100,3.0
3485.0,0.008,0,99,3.0
3485.5,0.01,0,99,3.0
3486.0,0.006,0,99,3.0
3486.5,0.01,0,99,3.0
3487.0,0.01,0,99,3.6
3487.5,0.011,0,99,3.6
3488.0,0.008,0,99,4.2
3488.5,0.011,0,100,4.2
3489.0,0.008,0,100,4.2
3489.5,0.008,0,100,4.2
3490.0,0.006,0,100,3.6
3490.5,0.01,0,100,3.6
3491.0,0.008,0,100,3.6
3491.5,0.005,0,100,3.6
3492.0,0.005,0,100,4.2
3492.5,0.006,0,100,4.2
3493.0,0.006,0,100,3.6
3493.5,0.008,0,100,3.6
3494.0,0.008,0,100,3.6
3494.5,0.01,0,100,3.6
3495.0,0.008,0,101,3.0
3495.5,0.006,0,100,3.0
3496.0,0.006,0,101,3.0
3496.5,0.008,0,101,3.0
3497.0,0.01,0,100,3.0
3497.5,0.008,0,101,3.6
3498.0,0.01,0,100,2.4000000000000004
3498.5,0.01,0,100,1.8
3499.0,0.01,0,101,1.8
3499.5,0.01,0,101,1.2000000000000002
3500.0,0.008,0,101,1.2000000000000002
3500.5,0.008,0,100,1.2000000000000002
3501.0,0.008,0,100,1.2000000000000002
3501.5,0.008,0,99,1.2000000000000002
3502.0,0.008,0,99,1.2000000000000002
3502.5,0.01,0,98,1.2000000000000002
3503.0,0.008,0,98,1.2000000000000002
3503.5,0.008,0,98,1.2000000000000002
3504.0,0.006,0,98,0.0
3504.5,0.008,0,98,0.0
3505.0,0.006,0,98,0.0
3505.5,0.008,0,98,0.0
3506.0,0.008,0,98,0.0
3506.5,0.008,0,98,0.0
3507.0,0.006,0,98,0.0
3507.5,0.008,0,98,0.0
3508.0,0.006,0,98,0.0
3508.5,0.006,0,99,0.0
3509.0,0.006,0,99,0.0
3509.5,0.006,0,99,0.0
3510.0,0.006,0,100,0.0
3510.5,0.008,0,100,0.0
3511.0,0.008,0,101,0.0
3511.5,0.008,0,101,0.0
3512.0,0.008,0,101,0.0
3512.5,0.006,0,100,0.0
3513.0,0.006,0,100,0.0
3513.5,0.008,0,100,0.0
3514.0,0.008,0,100,0.6000000000000001
3514.5,0.006,0,99,2.4000000000000004
3515.0,0.008,0,100,3.6
3515.5,0.008,0,100,3.6
3516.0,0.01,0,101,3.6
3516.5,0.008,0,100,3.6
3517.0,0.006,0,100,3.0
3517.5,0.005,0,100,3.0
3518.0,0.008,0,99,3.0
3518.5,0.005,0,99,3.0
3519.0,0.006,0,99,3.0
3519.5,0.008,0,99,3.6
3520.0,0.006,0,100,3.6
3520.5,0.003,0,100,3.6
3521.0,0.006,0,100,4.2
3521.5,0.005,0,100,4.2
3522.0,0.008,0,100,4.2
3522.5,0.006,0,101,3.6
3523.0,0.005,0,100,3.0
3523.5,0.006,0,100,3.0
3524.0,0.006,0,100,3.0
3524.5,0.006,0,100,3.6
3525.0,0.008,0,100,3.6
3525.5,0.008,0,100,3.6
3526.0,0.005,0,100,3.6
3526.5,0.003,0,100,3.6
3527.0,0.006,0,100,3.0
3527.5,0.008,0,100,3.0
3528.0,0.01,0,100,2.4000000000000004
3528.5,0.006,0,100,2.4000000000000004
3529.0,0.006,0,101,2.4000000000000004
3529.5,0.005,0,101,2.4000000000000004
3530.0,0.008,0,100,3.0
3530.5,0.006,0,100,3.0
3531.0,0.01,0,100,1.8
3531.5,0.01,0,100,1.8
3532.0,0.006,0,100,1.2000000000000002
3532.5,0.005,0,101,1.2000000000000002
3533.0,0.008,0,100,1.2000000000000002
3533.5,0.008,0,100,1.2000000000000002
3534.0,0.01,0,99,1.2000000000000002
3534.5,0.006,0,99,1.2000000000000002
3535.0,0.006,0,98,1.2000000000000002
3535.5,0.003,0,97,1.2000000000000002
3536.0,0.006,0,97,1.2000000000000002
3536.5,0.008,0,97,0.0
3537.0,0.008,0,97,0.0
3537.5,0.008,0,97,0.0
3538.0,0.008,0,98,0.0
3538.5,0.006,0,98,0.0
3539.0,0.006,0,98,0.0
3539.5,0.008,0,98,0.0
3540.0,0.01,0,98,0.0
3540.5,0.008,0,97,0.0
3541.0,0.006,0,98,0.0
3541.5,0.008,0,98,0.0
3542.0,0.006,0,98,0.0
3542.5,0.008,0,100,0.0
3543.0,0.006,0,100,0.0
3543.5,0.008,0,100,0.0
3544.0,0.006,0,101,0.0
3544.5,0.008,0,100,0.0
3545.0,0.006,0,100,0.0
3545.5,0.008,0,100,0.0
3546.0,0.006,0,100,0.0
3546.5,0.01,0,100,0.0
3547.0,0.008,0,99,1.8
3547.5,0.006,0,99,3.0
3548.0,0.006,0,99,3.6
3548.5,0.006,0,100,3.6
3549.0,0.005,0,100,3.6
3549.5,0.01,0,100,3.0
3550.0,0.01,0,99,3.0
3550.5,0.008,0,99,3.0
3551.0,0.008,0,99,3.0
3551.5,0.006,0,99,3.0
3552.0,0.005,0,99,3.6
3552.5,0.01,0,99,3.6
3553.0,0.01,0,99,3.6
3553.5,0.01,0,100,4.2
3554.0,0.008,0,100,4.800000000000001
3554.5,0.006,0,100,4.2
3555.0,0.003,0,100,4.2
3555.5,0.006,0,100,3.6
3556.0,0.008,0,100,3.0
3556.5,0.006,0,100,3.0
3557.0,0.006,0,100,3.6
3557.5,0.005,0,100,3.6
3558.0,0.005,0,100,3.6
3558.5,0.008,0,100,3.6
3559.0,0.008,0,100,3.6
3559.5,0.008,0,100,3.0
3560.0,0.008,0,100,3.0
3560.5,0.006,0,101,3.0
3561.0,0.006,0,100,2.4000000000000004
3561.5,0.008,0,100,2.4000000000000004
3562.0,0.01,0,101,3.0
3562.5,0.01,0,100,3.0
3563.0,0.008,0,100,3.6
3563.5,0.008,0,100,2.4000000000000004
3564.0,0.006,0,101,1.8
3564.5,0.008,0,101,1.8
3565.0,0.01,0,101,1.2000000000000002
3565.5,0.008,0,101,1.2000000000000002
3566.0,0.006,0,100,1.2000000000000002
3566.5,0.006,0,100,1.2000000000000002
3567.0,0.006,0,99,1.2000000000000002
3567.5,0.008,0,99,1.2000000000000002
3568.0,0.008,0,98,1.2000000000000002
3568.5,0.006,0,98,1.2000000000000002
3569.0,0.008,0,98,0.6000000000000001
3569.5,0.005,0,98,0.0
3570.0,0.005,0,98,0.0
3570.5,0.008,0,98,0.0
3571.0,0.01,0,98,0.0
3571.5,0.01,0,98,0.0
3572.0,0.008,0,98,0.0
3572.5,0.01,0,98,0.0
3573.0,0.005,0,98,0.0
3573.5,0.01,0,98,0.0
3574.0,0.008,0,99,0.0
3574.5,0.008,0,99,0.0
3575.0,0.006,0,99,0.0
3575.5,0.008,0,100,0.0
3576.0,0.006,0,100,0.0
3576.5,0.01,0,101,0.0
3577.0,0.008,0,101,0.0
3577.5,0.008,0,100,0.6000000000000001
3578.0,0.005,0,100,0.0
3578.5,0.006,0,100,0.0
3579.0,0.005,0,100,0.0
3579.5,0.008,0,99,1.2000000000000002
3580.0,0.01,0,99,2.4000000000000004
3580.5,0.011,0,100,3.6
3581.0,0.01,0,100,3.6
3581.5,0.008,0,100,3.6
3582.0,0.008,0,100,3.0
3582.5,0.008,0,99,3.0
3583.0,0.006,0,99,3.0
3583.5,0.008,0,99,3.0
3584.0,0.011,0,98,3.0
3584.5,0.01,0,98,3.6
3585.0,0.01,0,99,3.6
3585.5,0.01,0,99,3.6
3586.0,0.008,0,99,4.2
3586.5,0.008,0,100,4.800000000000001
3587.0,0.01,0,100,4.800000000000001
3587.5,0.008,0,100,4.2
3588.0,0.01,0,100,3.6
3588.5,0.01,0,99,3.6
3589.0,0.008,0,100,3.6
3589.5,0.008,0,100,3.6
3590.0,0.008,0,99,3.6
3590.5,0.005,0,100,3.6
3591.0,0.006,0,99,3.6
3591.5,0.006,0,99,3.6
3592.0,0.006,0,100,3.6
3592.5,0.005,0,100,3.0
3593.0,0.008,0,100,3.0
3593.5,0.006,0,100,3.0
3594.0,0.008,0,100,3.0
3594.5,0.006,0,100,3.0
3595.0,0.006,0,100,3.0
3595.5,0.006,0,100,3.6
3596.0,0.011,0,100,3.0
3596.5,0.01,0,100,1.8
3597.0,0.011,0,100,1.8
3597.5,0.008,0,101,1.2000000000000002
3598.0,0.008,0,100,1.2000000000000002
3598.5,0.008,0,100,1.2000000000000002
3599.0,0.01,0,99,1.2000000000000002
3599.5,0.006,0,99,1.2000000000000002
3600.0,0.008,0,98,1.2000000000000002
3600.5,0.008,0,98,1.2000000000000002
3601.0,0.008,0,97,1.2000000000000002
3601.5,0.01,0,97,1.2000000000000002
3602.0,0.011,0,97,0.0
3602.5,0.006,0,97,0.0
3603.0,0.008,0,97,0.0
3603.5,0.008,0,98,0.0
3604.0,0.01,0,98,0.0
3604.5,0.01,0,98,0.0
3605.0,0.011,0,97,0.0
3605.5,0.01,0,98,0.0
3606.0,0.01,0,98,0.0
3606.5,0.013,0,98,0.0
3607.0,0.015,0,99,0.0
3607.5,0.011,0,99,0.0
3608.0,0.013,0,99,0.0
3608.5,0.011,0,100,0.0
3609.0,0.01,0,100,0.6000000000000001
3609.5,0.01,0,100,0.0
3610.0,0.013,0,100,0.0
3610.5,0.013,0,100,0.0
3611.0,0.011,0,99,0.0
3611.5,0.011,0,99,0.0
3612.0,0.01,0,99,0.6000000000000001
3612.5,0.011,0,98,2.4000000000000004
3613.0,0.011,0,99,3.6
3613.5,0.01,0,99,3.6
3614.0,0.01,0,100,3.6
3614.5,0.01,0,100,3.6
3615.0,0.01,0,100,3.6
3615.5,0.011,0,99,3.0
3616.0,0.011,0,99,3.0
3616.5,0.011,0,99,3.0
3617.0,0.011,0,99,3.6
3617.5,0.011,0,99,3.6
3618.0,0.011,0,99,3.6
3618.5,0.013,0,100,3.6
3619.0,0.015,0,100,4.2
3619.5,0.013,0,100,4.800000000000001
3620.0,0.013,0,100,4.2
3620.5,0.011,0,100,4.2
3621.0,0.011,0,100,3.6
3621.5,0.011,0,100,3.6
3622.0,0.01,0,100,3.6
3622.5,0.01,0,100,3.6
3623.0,0.01,0,100,4.2
3623.5,0.01,0,100,3.6
3624.0,0.011,0,100,3.6
3624.5,0.013,0,100,3.6
3625.0,0.015,0,100,3.6
3625.5,0.013,0,100,3.0
3626.0,0.011,0,100,3.0
3626.5,0.011,0,100,3.0
3627.0,0.011,0,101,2.4000000000000004
3627.5,0.015,0,100,3.0
3628.0,0.016,0,100,3.0
3628.5,0.015,0,101,3.6
3629.0,0.015,0,100,2.4000000000000004
3629.5,0.013,0,100,1.8
3630.0,0.011,0,100,1.2000000000000002
3630.5,0.013,0,101,1.2000000000000002
3631.0,0.013,0,100,1.2000000000000002
3631.5,0.013,0,100,1.2000000000000002
3632.0,0.013,0,99,1.2000000000000002
3632.5,0.013,0,99,1.2000000000000002
3633.0,0.011,0,98,1.2000000000000002
3633.5,0.015,0,98,1.2000000000000002
3634.0,0.013,0,98,1.2000000000000002
3634.5,0.011,0,98,0.6000000000000001
3635.0,0.01,0,98,0.0
3635.5,0.011,0,98,0.0
3636.0,0.011,0,98,0.0
3636.5,0.015,0,98,0.0
3637.0,0.013,0,98,0.0
3637.5,0.015,0,98,0.0
3638.0,0.011,0,98,0.0
3638.5,0.011,0,98,0.0
3639.0,0.013,0,98,0.0
3639.5,0.013,0,99,0.0
3640.0,0.011,0,99,0.0
3640.5,0.013,0,100,0.0
3641.0,0.011,0,100,0.0
3641.5,0.015,0,100,0.0
3642.0,0.013,0,101,0.0
3642.5,0.011,0,100,0.0
3643.0,0.011,0,100,0.0
3643.5,0.01,0,100,0.0
3644.0,0.008,0,100,0.0
3644.5,0.011,0,100,0.0
3645.0,0.01,0,99,1.8
3645.5,0.013,0,99,3.0
3646.0,0.015,0,99,3.6
3646.5,0.015,0,100,3.6
3647.0,0.013,0,100,3.6
3647.5,0.013,0,99,3.6
3648.0,0.015,0,100,3.6
3648.5,0.013,0,100,4.2
3649.0,0.013,0,100,4.800000000000001
3649.5,0.011,0,100,4.2
3650.0,0.011,0,100,4.2
3650.5,0.013,0,100,3.6
3651.0,0.013,0,100,3.6
3651.5,0.01,0,100,3.0
3652.0,0.013,0,100,3.6
3652.5,0.011,0,100,4.2
3653.0,0.011,0,100,3.6
3653.5,0.013,0,100,3.6
3654.0,0.013,0,100,3.6
3654.5,0.01,0,100,3.6
3655.0,0.015,0,100,3.6
3655.5,0.013,0,101,3.0
3656.0,0.015,0,100,3.0
3656.5,0.011,0,100,3.0
3657.0,0.013,0,101,3.0
3657.5,0.01,0,101,3.0
3658.0,0.011,0,100,3.6
3658.5,0.013,0,100,2.4000000000000004
3659.0,0.015,0,100,1.8
3659.5,0.013,0,101,1.8
3660.0,0.015,0,101,1.2000000000000002
3660.5,0.013,0,101,1.2000000000000002
3661.0,0.013,0,100,1.2000000000000002
3661.5,0.013,0,99,1.2000000000000002
3662.0,0.015,0,99,1.2000000000000002
3662.5,0.013,0,98,1.2000000000000002
3663.0,0.011,0,98,1.2000000000000002
3663.5,0.011,0,98,1.2000000000000002
3664.0,0.013,0,98,0.6000000000000001
3664.5,0.015,0,98,0.0
3665.0,0.016,0,97,0.0
3665.5,0.015,0,97,0.0
3666.0,0.015,0,98,0.0
3666.5,0.013,0,98,0.0
3667.0,0.015,0,98,0.0
3667.5,0.015,0,98,0.0
3668.0,0.016,0,98,0.0
3668.5,0.018,0,98,0.0
3669.0,0.018,0,98,0.0
3669.5,0.015,0,99,0.0
3670.0,0.015,0,99,0.0
3670.5,0.015,0,100,0.0
3671.0,0.015,0,100,0.0
3671.5,0.018,0,100,0.0
3672.0,0.016,0,101,0.0
3672.5,0.013,0,100,0.0
3673.0,0.013,0,100,0.0
3673.5,0.013,0,100,0.0
3674.0,0.015,0,100,0.0
3674.5,0.018,0,99,0.6000000000000001
3675.0,0.016,0,99,2.4000000000000004
3675.5,0.015,0,99,3.6
3676.0,0.015,0,100,3.6
3676.5,0.013,0,100,3.6
3677.0,0.015,0,100,3.6
3677.5,0.018,0,99,3.0
3678.0,0.016,0,99,3.0
3678.5,0.016,0,99,3.0
3679.0,0.015,0,99,3.0
3679.5,0.015,0,98,3.6
3680.0,0.015,0,99,3.6
3680.5,0.016,0,99,3.6
3681.0,0.016,0,99,4.2
3681.5,0.016,0,99,4.800000000000001
3682.0,0.018,0,100,4.800000000000001
3682.5,0.016,0,100,4.2
3683.0,0.016,0,100,4.2
3683.5,0.018,0,99,3.6
3684.0,0.018,0,99,3.6
3684.5,0.015,0,99,3.6
3685.0,0.015,0,99,4.2
3685.5,0.013,0,100,4.2
3686.0,0.011,0,100,3.6
3686.5,0.018,0,100,3.6
3687.0,0.018,0,100,3.6
3687.5,0.015,0,100,3.6
3688.0,0.013,0,100,3.0
3688.5,0.013,0,100,3.0
3689.0,0.013,0,100,3.0
3689.5,0.015,0,100,3.0
3690.0,0.016,0,101,3.0
3690.5,0.016,0,100,3.0
3691.0,0.016,0,100,3.0
3691.5,0.015,0,100,2.4000000000000004
3692.0,0.011,0,100,1.8
3692.5,0.015,0,100,1.8
3693.0,0.015,0,101,1.2000000000000002
3693.5,0.015,0,100,1.2000000000000002
3694.0,0.015,0,100,1.2000000000000002
3694.5,0.015,0,99,1.2000000000000002
3695.0,0.013,0,99,1.2000000000000002
3695.5,0.018,0,97,1.2000000000000002
3696.0,0.015,0,97,1.2000000000000002
3696.5,0.013,0,97,0.0
3697.0,0.013,0,97,0.0
3697.5,0.015,0,97,0.0
3698.0,0.018,0,98,0.0
3698.5,0.018,0,98,0.0
3699.0,0.018,0,98,0.0
3699.5,0.016,0,97,0.0
3700.0,0.016,0,98,0.0
3700.5,0.016,0,98,0.0
3701.0,0.018,0,98,0.0
3701.5,0.018,0,99,0.0
3702.0,0.016,0,99,0.0
3702.5,0.015,0,99,0.0
3703.0,0.019,0,100,0.0
3703.5,0.019,0,100,0.0
3704.0,0.018,0,100,0.0
3704.5,0.018,0,100,0.0
3705.0,0.016,0,100,0.0
3705.5,0.016,0,99,0.0
3706.0,0.016,0,99,0.0
3706.5,0.016,0,99,0.0
3707.0,0.019,0,99,1.8
3707.5,0.019,0,98,3.0
3708.0,0.019,0,99,3.6
3708.5,0.019,0,99,4.2
3709.0,0.019,0,99,3.6
3709.5,0.019,0,99,3.6
3710.0,0.019,0,99,3.0
3710.5,0.019,0,98,3.0
3711.0,0.019,0,99,3.0
3711.5,0.021,0,98,3.6
3712.0,0.021,0,98,3.6
3712.5,0.023,0,99,4.2
3713.0,0.021,0,99,3.6
3713.5,0.024,0,99,4.2
3714.0,0.021,0,100,4.800000000000001
3714.5,0.023,0,100,4.800000000000001
3715.0,0.023,0,100,4.2
3715.5,0.023,0,100,4.2
3716.0,0.024,0,99,3.6
3716.5,0.026,0,99,3.6
3717.0,0.024,0,99,4.2
3717.5,0.027,0,99,4.2
3718.0,0.026,0,99,3.6
3718.5,0.026,0,99,3.6
3719.0,0.023,0,99,4.2
3719.5,0.026,0,99,4.2
3720.0,0.024,0,99,3.6
3720.5,0.029,0,99,3.6
3721.0,0.027,0,99,3.6
3721.5,0.026,0,99,3.6
3722.0,0.027,0,99,3.6
3722.5,0.026,0,99,3.6
3723.0,0.027,0,99,3.6
3723.5,0.031,0,99,3.0
3724.0,0.032,0,99,2.4000000000000004
3724.5,0.029,0,99,1.8
3725.0,0.026,0,99,1.8
3725.5,0.029,0,99,1.2000000000000002
3726.0,0.031,0,99,1.2000000000000002
3726.5,0.032,0,98,1.2000000000000002
3727.0,0.032,0,97,1.2000000000000002
3727.5,0.029,0,97,1.2000000000000002
3728.0,0.024,0,96,1.2000000000000002
3728.5,0.027,0,96,1.2000000000000002
3729.0,0.031,0,96,1.2000000000000002
3729.5,0.035,0,96,0.0
3730.0,0.04,0,96,0.0
3730.5,0.037,0,95,0.0
3731.0,0.031,0,96,0.0
3731.5,0.029,0,96,0.0
3732.0,0.029,0,96,0.0
3732.5,0.031,0,96,0.0
3733.0,0.032,0,96,0.0
3733.5,0.035,0,96,0.0
3734.0,0.035,0,97,0.0
3734.5,0.035,0,97,0.0
3735.0,0.037,0,97,0.0
3735.5,0.037,0,97,0.0
3736.0,0.034,0,98,0.0
3736.5,0.034,0,99,0.0
3737.0,0.037,0,99,0.6000000000000001
3737.5,0.037,0,99,0.0
3738.0,0.037,0,98,0.0
3738.5,0.039,0,98,0.0
3739.0,0.035,0,98,0.0
3739.5,0.035,0,98,0.0
3740.0,0.037,0,97,1.8
3740.5,0.034,0,97,3.6
3741.0,0.034,0,97,4.800000000000001
3741.5,0.035,0,98,4.800000000000001
3742.0,0.035,0,98,4.800000000000001
3742.5,0.039,0,98,4.800000000000001
3743.0,0.042,0,97,4.2
3743.5,0.039,0,97,4.2
3744.0,0.035,0,97,3.6
3744.5,0.034,0,97,4.2
3745.0,0.035,0,97,4.2
3745.5,0.04,0,97,4.800000000000001
3746.0,0.044,0,98,4.800000000000001
3746.5,0.042,0,98,4.800000000000001
3747.0,0.04,0,98,5.4
3747.5,0.039,0,98,6.0
3748.0,0.039,0,98,5.4
3748.5,0.04,0,99,5.4
3749.0,0.04,0,98,4.800000000000001
3749.5,0.04,0,98,4.800000000000001
3750.0,0.037,0,98,4.800000000000001
3750.5,0.039,0,98,5.4
3751.0,0.04,0,98,5.4
3751.5,0.04,0,98,4.2
3752.0,0.044,0,98,4.800000000000001
3752.5,0.042,0,98,4.800000000000001
3753.0,0.04,0,98,4.800000000000001
3753.5,0.04,0,99,4.2
3754.0,0.039,0,99,4.2
3754.5,0.042,0,99,4.2
3755.0,0.045,0,99,3.6
3755.5,0.04,0,99,4.2
3756.0,0.05,0,98,4.800000000000001
3756.5,0.053,0,98,4.800000000000001
3757.0,0.044,0,99,3.0
3757.5,0.042,0,99,2.4000000000000004
3758.0,0.044,0,99,1.8
3758.5,0.045,0,99,1.8
3759.0,0.052,0,99,1.8
3759.5,0.05,0,98,1.2000000000000002
3760.0,0.045,0,97,1.2000000000000002
3760.5,0.045,0,97,1.2000000000000002
3761.0,0.048,0,97,1.2000000000000002
3761.5,0.047,0,96,1.2000000000000002
3762.0,0.052,0,95,1.2000000000000002
3762.5,0.052,0,96,0.6000000000000001
3763.0,0.048,0,95,0.0
3763.5,0.047,0,95,0.0
3764.0,0.056,0,95,0.0
3764.5,0.06,0,96,0.0
3765.0,0.058,0,96,0.0
3765.5,0.058,0,95,0.0
3766.0,0.056,0,95,0.0
3766.5,0.055,0,95,0.0
3767.0,0.056,0,95,0.0
3767.5,0.068,0,96,0.0
3768.0,0.069,0,97,0.0
3768.5,0.071,0,97,0.0
3769.0,0.074,0,97,0.0
3769.5,0.076,0,96,0.0
3770.0,0.074,0,95,0.0
3770.5,0.073,0,95,0.0
3771.0,0.073,0,95,0.0
3771.5,0.076,0,94,1.8
3772.0,0.076,0,93,4.2
3772.5,0.077,0,93,5.4
3773.0,0.081,0,94,6.0
3773.5,0.084,0,94,6.0
3774.0,0.081,0,94,6.0
3774.5,0.081,0,94,6.0
3775.0,0.084,0,93,6.0
3775.5,0.09,0,93,6.0
3776.0,0.098,0,93,6.0
3776.5,0.097,0,93,6.0
3777.0,0.097,0,93,7.2
3777.5,0.092,0,93,7.800000000000001
3778.0,0.093,0,93,6.6000000000000005
3778.5,0.097,0,93,9.600000000000001
3779.0,0.105,0,93,9.600000000000001
3779.5,0.106,0,93,9.600000000000001
3780.0,0.103,0,93,9.600000000000001
3780.5,0.102,0,93,9.600000000000001
3781.0,0.108,0,93,9.600000000000001
3781.5,0.11,0,93,9.600000000000001
3782.0,0.111,0,93,9.600000000000001
3782.5,0.111,0,93,9.600000000000001
3783.0,0.113,0,92,9.600000000000001
3783.5,0.111,0,92,9.600000000000001
3784.0,0.111,0,91,9.600000000000001
3784.5,0.113,0,91,9.600000000000001
3785.0,0.119,0,91,9.600000000000001
3785.5,0.122,0,91,9.600000000000001
3786.0,0.126,0,92,9.600000000000001
3786.5,0.126,0,92,9.600000000000001
3787.0,0.122,0,92,9.600000000000001
3787.5,0.121,0,92,9.600000000000001
3788.0,0.126,0,92,9.600000000000001
3788.5,0.127,0,92,9.600000000000001
3789.0,0.132,0,92,9.600000000000001
3789.5,0.135,0,91,4.800000000000001
3790.0,0.135,0,91,3.6
3790.5,0.137,0,91,3.6
3791.0,0.137,0,91,3.0
3791.5,0.139,0,91,2.4000000000000004
3792.0,0.142,0,91,2.4000000000000004
3792.5,0.143,0,91,2.4000000000000004
3793.0,0.145,0,90,2.4000000000000004
3793.5,0.147,0,90,2.4000000000000004
3794.0,0.147,0,89,2.4000000000000004
3794.5,0.148,0,89,2.4000000000000004
3795.0,0.151,0,89,2.4000000000000004
3795.5,0.156,0,88,1.2000000000000002
3796.0,0.156,0,87,0.0
3796.5,0.158,0,87,0.0
3797.0,0.158,0,87,0.0
3797.5,0.16,0,87,0.0
3798.0,0.163,0,88,0.0
3798.5,0.166,0,88,0.0
3799.0,0.169,0,88,0.0
3799.5,0.171,0,89,0.0
3800.0,0.172,0,88,0.0
3800.5,0.172,0,88,0.0
3801.0,0.172,0,89,0.0
3801.5,0.172,0,89,0.0
3802.0,0.172,0,88,0.0
3802.5,0.177,0,88,0.6000000000000001
3803.0,0.179,0,89,1.2000000000000002
3803.5,0.18,0,89,1.2000000000000002
3804.0,0.185,0,89,1.2000000000000002
3804.5,0.187,0,89,1.2000000000000002
3805.0,0.189,0,89,1.2000000000000002
3805.5,0.189,0,89,1.2000000000000002
3806.0,0.19,0,89,1.2000000000000002
3806.5,0.192,0,89,1.2000000000000002
3807.0,0.197,0,88,1.8
3807.5,0.197,0,86,5.4
3808.0,0.197,0,85,9.600000000000001
3808.5,0.197,0,85,10.8
3809.0,0.203,0,86,12.0
3809.5,0.211,0,86,12.0
3810.0,0.213,0,86,12.0
3810.5,0.214,0,86,12.0
3811.0,0.216,0,86,12.0
3811.5,0.216,0,86,12.0
3812.0,0.216,0,87,12.0
3812.5,0.216,0,87,12.0
3813.0,0.227,0,87,12.600000000000001
3813.5,0.229,0,87,12.600000000000001
3814.0,0.232,0,87,12.0
3814.5,0.232,0,86,13.200000000000001
3815.0,0.232,0,85,14.4
3815.5,0.232,0,86,16.2
3816.0,0.235,0,85,16.8
3816.5,0.24,0,86,17.400000000000002
3817.0,0.24,0,86,17.400000000000002
3817.5,0.242,0,86,17.400000000000002
3818.0,0.245,0,86,17.400000000000002
3818.5,0.245,0,87,17.400000000000002
3819.0,0.248,0,87,18.0
3819.5,0.253,0,87,18.6
3820.0,0.259,0,87,15.600000000000001
3820.5,0.259,0,85,13.8
3821.0,0.259,0,84,13.8
3821.5,0.264,0,83,14.4
3822.0,0.267,0,83,15.0
3822.5,0.269,0,84,15.0
3823.0,0.269,0,85,15.0
3823.5,0.276,0,85,15.0
3824.0,0.28,0,85,15.0
3824.5,0.285,0,86,15.0
3825.0,0.292,0,85,15.600000000000001
3825.5,0.292,0,85,16.2
3826.0,0.292,0,86,15.600000000000001
3826.5,0.292,0,85,10.200000000000001
3827.0,0.3,0,84,9.600000000000001
3827.5,0.301,0,82,7.2
3828.0,0.305,0,82,6.0
3828.5,0.309,0,83,6.0
3829.0,0.311,0,83,6.0
3829.5,0.311,0,83,6.0
3830.0,0.313,0,83,5.4
3830.5,0.319,0,83,6.0
3831.0,0.325,0,83,5.4
3831.5,0.325,0,83,6.0
3832.0,0.329,0,82,6.0
3832.5,0.33,0,82,6.0
3833.0,0.33,0,82,4.2
3833.5,0.332,0,80,1.8
3834.0,0.334,0,78,0.0
3834.5,0.345,0,78,0.0
3835.0,0.353,0,78,0.0
3835.5,0.354,0,78,0.0
3836.0,0.359,0,78,0.0
3836.5,0.359,0,79,0.0
3837.0,0.364,0,79,0.0
3837.5,0.367,0,80,0.0
3838.0,0.372,0,81,0.0
3838.5,0.375,0,81,0.0
3839.0,0.379,0,81,0.0
3839.5,0.388,0,81,0.0
3840.0,0.388,0,81,0.0
3840.5,0.388,0,78,0.6000000000000001
3841.0,0.39,0,77,3.0
3841.5,0.393,0,77,3.6
3842.0,0.403,0,78,4.2
3842.5,0.408,0,78,4.2
3843.0,0.412,0,79,4.800000000000001
3843.5,0.419,0,79,4.800000000000001
3844.0,0.419,0,79,4.800000000000001
3844.5,0.419,0,79,4.2
3845.0,0.422,0,79,4.800000000000001
3845.5,0.429,0,79,4.800000000000001
3846.0,0.435,0,78,4.2
3846.5,0.435,0,77,9.600000000000001
3847.0,0.435,0,73,16.8
3847.5,0.44,0,71,21.0
3848.0,0.441,0,71,22.8
3848.5,0.443,0,71,25.3
3849.0,0.45,0,72,25.900000000000002
3849.5,0.451,0,74,25.8
3850.0,0.459,0,75,26.400000000000002
3850.5,0.464,0,76,26.400000000000002
3851.0,0.469,0,76,25.8
3851.5,0.475,0,77,25.8
3852.0,0.479,0,78,25.8
3852.5,0.479,0,78,25.8
3853.0,0.485,0,78,25.8
3853.5,0.488,0,78,26.400000000000002
3854.0,0.493,0,78,26.400000000000002
3854.5,0.496,0,76,23.400000000000002
3855.0,0.496,0,73,26.400000000000002
3855.5,0.499,0,72,30.6
3856.0,0.504,0,72,34.800000000000004
3856.5,0.508,0,72,36.6
3857.0,0.517,0,73,37.2
3857.5,0.52,1,74,37.800000000000004
3858.0,0.525,1,75,37.800000000000004
3858.5,0.527,1,76,38.400000000000006
3859.0,0.527,1,76,38.400000000000006
3859.5,0.527,2,77,38.400000000000006
3860.0,0.527,2,77,38.400000000000006
3860.5,0.528,2,77,39.0
3861.0,0.537,2,77,32.4
3861.5,0.537,3,74,27.700000000000003
3862.0,0.537,3,71,30.1
3862.5,0.543,3,71,31.3
3863.0,0.543,3,71,31.8
3863.5,0.543,4,72,32.4
3864.0,0.543,4,73,33.0
3864.5,0.554,4,74,33.0
3865.0,0.556,4,75,33.0
3865.5,0.556,5,76,33.0
3866.0,0.561,5,77,33.0
3866.5,0.567,5,77,33.0
3867.0,0.572,5,77,33.6
3867.5,0.574,5,77,34.2
3868.0,0.575,6,76,25.200000000000003
3868.5,0.582,6,74,18.6
3869.0,0.583,6,71,16.2
3869.5,0.596,6,71,15.600000000000001
3870.0,0.601,7,72,15.600000000000001
3870.5,0.606,7,72,15.600000000000001
3871.0,0.614,7,73,15.600000000000001
3871.5,0.62,7,74,15.600000000000001
3872.0,0.622,7,75,15.600000000000001
3872.5,0.633,8,75,15.600000000000001
3873.0,0.636,8,76,15.600000000000001
3873.5,0.641,8,76,15.600000000000001
3874.0,0.646,8,76,15.600000000000001
3874.5,0.654,9,76,16.2
3875.0,0.661,9,75,15.600000000000001
3875.5,0.661,9,73,9.600000000000001
3876.0,0.661,9,69,5.4
3876.5,0.661,9,67,3.0
3877.0,0.672,10,66,3.0
3877.5,0.672,10,66,3.0
3878.0,0.673,10,67,3.0
3878.5,0.682,10,68,3.0
3879.0,0.686,10,70,3.0
3879.5,0.693,11,71,3.6
3880.0,0.694,11,72,3.6
3880.5,0.702,11,73,3.6
3881.0,0.711,11,73,3.6
3881.5,0.715,11,73,3.6
3882.0,0.715,12,73,3.6
3882.5,0.723,12,73,3.6
3883.0,0.723,12,72,1.2000000000000002
3883.5,0.725,12,70,4.2
3884.0,0.725,13,67,9.600000000000001
3884.5,0.725,13,65,12.0
3885.0,0.733,13,65,13.8
3885.5,0.738,13,66,15.0
3886.0,0.74,13,67,15.600000000000001
3886.5,0.751,14,69,15.600000000000001
3887.0,0.76,14,70,15.600000000000001
3887.5,0.764,14,71,15.600000000000001
3888.0,0.769,14,72,15.600000000000001
3888.5,0.775,15,73,15.600000000000001
3889.0,0.778,15,73,15.600000000000001
3889.5,0.788,15,73,15.600000000000001
3890.0,0.789,15,72,13.8
3890.5,0.789,15,70,19.8
3891.0,0.789,15,65,34.2
3891.5,0.785,16,62,42.6
3892.0,0.789,16,61,46.2
3892.5,0.791,16,62,48.6
3893.0,0.794,16,64,50.400000000000006
3893.5,0.804,16,65,51.0
3894.0,0.814,17,67,51.6
3894.5,0.82,17,68,51.6
3895.0,0.82,17,69,51.0
3895.5,0.831,17,70,45.0
3896.0,0.831,17,69,39.6
3896.5,0.831,18,68,36.6
3897.0,0.831,18,65,36.0
3897.5,0.83,18,62,36.6
3898.0,0.83,18,59,37.2
3898.5,0.83,18,57,38.400000000000006
3899.0,0.833,19,56,40.2
3899.5,0.833,19,53,40.800000000000004
3900.0,0.833,19,51,35.4
3900.5,0.83,19,50,43.2
3901.0,0.83,19,44,48.6
3901.5,0.828,19,41,55.800000000000004
3902.0,0.83,19,40,61.2
3902.5,0.833,19,40,62.400000000000006
3903.0,0.841,19,41,64.2
3903.5,0.849,20,41,64.8
3904.0,0.856,20,42,64.8
3904.5,0.864,20,44,59.400000000000006
3905.0,0.865,20,45,53.400000000000006
3905.5,0.865,20,45,49.800000000000004
3906.0,0.867,20,42,49.2
3906.5,0.867,20,40,49.2
3907.0,0.867,20,38,49.800000000000004
3907.5,0.868,21,36,51.0
3908.0,0.868,21,35,52.2
3908.5,0.87,21,34,53.400000000000006
3909.0,0.873,21,33,55.2
3909.5,0.875,21,32,55.800000000000004
3910.0,0.876,21,32,57.0
3910.5,0.881,21,32,58.2
3911.0,0.885,21,31,59.400000000000006
3911.5,0.889,21,31,60.6
3912.0,0.891,21,31,61.800000000000004
3912.5,0.894,22,31,62.400000000000006
3913.0,0.897,22,31,63.0
3913.5,0.901,22,30,49.800000000000004
3914.0,0.901,22,30,44.400000000000006
3914.5,0.901,22,30,46.800000000000004
3915.0,0.901,22,27,51.0
3915.5,0.888,22,27,52.2
3916.0,0.888,22,23,52.800000000000004
3916.5,0.888,22,23,54.0
3917.0,0.888,22,20,54.6
3917.5,0.891,22,18,55.800000000000004
3918.0,0.894,22,18,56.400000000000006
3918.5,0.899,22,18,57.0
3919.0,0.904,22,18,58.2
3919.5,0.91,22,18,58.800000000000004
3920.0,0.915,23,19,59.400000000000006
3920.5,0.923,23,21,60.0
3921.0,0.928,23,23,60.0
3921.5,0.934,23,25,60.6
3922.0,0.939,23,27,60.0
3922.5,0.946,23,29,60.0
3923.0,0.951,23,30,60.0
3923.5,0.96,23,32,60.0
3924.0,0.965,23,33,59.400000000000006
3924.5,0.97,23,35,59.400000000000006
3925.0,0.975,24,37,59.400000000000006
3925.5,0.981,24,38,59.400000000000006
3926.0,0.984,24,39,59.400000000000006
3926.5,0.989,24,40,59.400000000000006
3927.0,0.989,24,40,59.400000000000006
3927.5,0.997,24,41,59.400000000000006
3928.0,0.999,24,41,59.400000000000006
3928.5,0.999,24,41,60.0
3929.0,1.004,24,0,46.2
3929.5,1.009,24,0,32.4
3930.0,1.009,24,0,18.0
3930.5,1.009,24,0,9.600000000000001
3931.0,1.009,24,0,5.4
3931.5,1.009,24,0,2.4000000000000004
3932.0,0.925,24,0,1.8
3932.5,0.896,24,0,2.4000000000000004
3933.0,0.86,24,0,2.4000000000000004
3933.5,0.817,24,0,3.6
3934.0,0.789,24,0,4.2
3934.5,0.76,24,0,4.800000000000001
3935.0,0.738,24,0,6.0
3935.5,0.715,24,0,8.4
3936.0,0.702,24,0,9.600000000000001
3936.5,0.685,24,0,9.600000000000001
3937.0,0.67,24,0,10.200000000000001
3937.5,0.653,24,0,10.8
3938.0,0.646,24,0,12.0
3938.5,0.628,24,0,12.600000000000001
3939.0,0.615,24,0,13.200000000000001
3939.5,0.601,24,0,13.8
3940.0,0.593,24,0,13.8
3940.5,0.585,24,0,14.4
3941.0,0.58,24,0,14.4
3941.5,0.562,24,0,14.4
3942.0,0.556,24,0,14.4
3942.5,0.548,24,0,14.4
3943.0,0.537,24,0,13.8
3943.5,0.524,24,0,13.8
3944.0,0.514,24,0,13.8
3944.5,0.504,24,0,13.200000000000001
3945.0,0.501,24,0,13.200000000000001
3945.5,0.488,24,0,12.600000000000001
3946.0,0.479,24,0,12.0
3946.5,0.467,24,0,11.4
3947.0,0.464,24,0,11.4
3947.5,0.454,24,0,10.8
3948.0,0.446,24,0,10.200000000000001
3948.5,0.438,24,0,9.600000000000001
3949.0,0.433,24,0,9.600000000000001
3949.5,0.427,24,0,9.600000000000001
3950.0,0.424,24,0,9.600000000000001
3950.5,0.424,24,0,9.600000000000001
3951.0,0.417,24,0,7.800000000000001
3951.5,0.409,24,0,6.6000000000000005
3952.0,0.406,24,0,6.0
3952.5,0.401,24,0,5.4
3953.0,0.398,24,0,4.800000000000001
3953.5,0.393,24,0,4.800000000000001
3954.0,0.387,24,0,4.2
3954.5,0.383,24,0,3.6
3955.0,0.379,24,0,3.6
3955.5,0.375,24,0,3.0
3956.0,0.372,24,0,2.4000000000000004
3956.5,0.369,24,0,1.8
3957.0,0.366,24,0,1.8
3957.5,0.359,24,0,1.2000000000000002
3958.0,0.359,24,0,1.2000000000000002
3958.5,0.354,24,0,0.6000000000000001
3959.0,0.351,24,0,0.6000000000000001
3959.5,0.345,24,0,0.0
3960.0,0.343,24,0,0.0
3960.5,0.338,24,0,0.0
3961.0,0.334,24,0,0.0
3961.5,0.33,24,0,0.0
3962.0,0.327,24,0,0.0
3962.5,0.322,24,0,0.0
3963.0,0.319,24,0,0.0
3963.5,0.316,24,0,0.0
3964.0,0.313,24,0,0.0
3964.5,0.311,24,0,0.0
3965.0,0.308,24,0,0.0
3965.5,0.303,24,0,0.0
3966.0,0.301,24,0,0.0
3966.5,0.298,24,0,0.0
3967.0,0.296,24,0,0.0
3967.5,0.293,24,0,0.0
3968.0,0.292,24,0,0.0
3968.5,0.288,24,0,0.0
3969.0,0.285,24,0,0.0
3969.5,0.284,24,0,0.0
3970.0,0.282,24,0,0.0
3970.5,0.28,24,0,0.0
3971.0,0.279,24,0,0.0
3971.5,0.276,24,0,0.0
3972.0,0.274,24,0,0.0
3972.5,0.271,24,0,0.0
3973.0,0.269,24,0,0.0
3973.5,0.267,24,0,0.0
3974.0,0.266,24,0,0.0
3974.5,0.261,24,0,0.0
3975.0,0.261,24,0,0.0
3975.5,0.256,24,0,0.0
3976.0,0.255,24,0,0.0
3976.5,0.251,24,0,0.0
3977.0,0.251,24,0,0.0
3977.5,0.248,24,0,0.0
3978.0,0.247,24,0,0.0
3978.5,0.245,24,0,0.0
3979.0,0.242,24,0,0.0
3979.5,0.219,24,0,0.0
3980.0,0.219,24,0,0.0
3980.5,0.216,24,0,0.0
3981.0,0.216,24,0,0.0
3981.5,0.214,24,0,0.0
3982.0,0.213,24,0,0.0
3982.5,0.211,24,0,0.0
3983.0,0.209,24,0,0.0
3983.5,0.208,24,0,0.0
3984.0,0.208,24,0,0.0
3984.5,0.206,24,0,0.0
3985.0,0.205,24,0,0.0
3985.5,0.203,24,0,0.0
3986.0,0.201,24,0,0.0
3986.5,0.2,24,0,0.0
3987.0,0.198,24,0,0.0
3987.5,0.198,24,0,0.0
3988.0,0.197,24,0,0.0
3988.5,0.195,24,0,0.0
3989.0,0.193,24,0,0.0
3989.5,0.192,24,0,0.0
3990.0,0.192,24,0,0.0
3990.5,0.19,24,0,0.0
3991.0,0.189,24,0,0.0
3991.5,0.187,24,0,0.0
3992.0,0.185,24,0,0.0
3992.5,0.184,24,0,0.0
3993.0,0.184,24,0,0.0
3993.5,0.182,24,0,0.0
3994.0,0.18,24,0,0.0
3994.5,0.179,24,0,0.0
3995.0,0.179,24,0,0.0
3995.5,0.177,24,0,0.0
3996.0,0.176,24,0,0.0
3996.5,0.174,24,0,0.0
3997.0,0.174,24,0,0.0
3997.5,0.171,24,0,0.0
3998.0,0.171,24,0,0.0
3998.5,0.171,24,0,0.0
3999.0,0.169,24,0,0.0
3999.5,0.169,24,0,0.0
4000.0,0.168,24,0,0.0
4000.5,0.168,24,0,0.0
4001.0,0.166,24,0,0.0
4001.5,0.164,24,0,0.0
4002.0,0.164,24,0,0.0
4002.5,0.161,24,0,0.0
4003.0,0.16,24,0,0.0
4003.5,0.158,24,0,0.0
4004.0,0.16,24,0,0.0
4004.5,0.158,24,0,0.0
4005.0,0.153,24,0,0.0
4005.5,0.15,24,0,0.0
4006.0,0.148,24,0,0.0
4006.5,0.143,24,0,0.0
4007.0,0.14,24,0,0.0
4007.5,0.135,24,0,0.0
4008.0,0.132,24,0,0.0
4008.5,0.129,24,0,0.0
4009.0,0.126,24,0,0.0
4009.5,0.119,24,0,0.0
4010.0,0.116,24,0,0.0
4010.5,0.113,24,0,0.0
4011.0,0.108,24,0,0.0
4011.5,0.103,24,0,0.0
4012.0,0.1,24,0,0.0
4012.5,0.097,24,0,0.0
4013.0,0.093,24,0,0.0
4013.5,0.09,24,0,0.0
4014.0,0.087,24,0,0.0
4014.5,0.082,24,0,0.0
4015.0,0.079,24,0,0.0
4015.5,0.076,24,0,0.0
4016.0,0.074,24,0,0.0
4016.5,0.069,24,0,0.0
4017.0,0.069,24,0,0.0
4017.5,0.064,24,0,0.0
4018.0,0.064,24,0,0.0
4018.5,0.061,24,0,0.0
4019.0,0.06,24,0,0.0
4019.5,0.056,24,0,0.0
4020.0,0.055,24,0,0.0
4020.5,0.052,24,0,0.0
4021.0,0.05,24,0,0.0
4021.5,0.048,24,0,0.0
4022.0,0.048,24,0,0.0
4022.5,0.045,24,0,0.0
4023.0,0.045,24,0,0.0
4023.5,0.042,24,0,0.0
