Time,Torque,Angle,Rotating speed,Power
0,0.006,0,12,12.600000000000001
0.5,0.006,0,10,13.8
1.0,0.008,0,12,13.8
1.5,0.008,0,11,13.200000000000001
2.0,0.008,0,26,12.600000000000001
2.5,0.01,1,33,12.0
3.0,0.01,1,38,10.8
3.5,0.008,1,44,9.600000000000001
4.0,0.008,1,48,9.600000000000001
4.5,0.008,1,50,9.0
5.0,0.008,1,54,6.0
5.5,0.01,2,55,5.4
6.0,0.008,2,57,4.800000000000001
6.5,0.008,2,57,4.2
7.0,0.008,2,58,3.6
7.5,0.008,2,59,3.6
8.0,0.008,3,59,3.0
8.5,0.006,3,59,3.6
9.0,0.006,3,60,5.4
9.5,0.008,3,62,5.4
10.0,0.008,3,64,4.2
10.5,0.01,4,67,3.0
11.0,0.01,4,69,3.0
11.5,0.008,4,72,2.4000000000000004
12.0,0.01,4,75,2.4000000000000004
12.5,0.008,4,77,1.8
13.0,0.008,5,79,1.8
13.5,0.006,5,79,1.8
14.0,0.008,5,80,1.8
14.5,0.01,5,80,1.2000000000000002
15.0,0.008,6,81,1.2000000000000002
15.5,0.008,6,81,1.2000000000000002
16.0,0.008,6,81,1.2000000000000002
16.5,0.008,6,81,1.2000000000000002
17.0,0.008,7,81,0.0
17.5,0.006,7,81,0.0
18.0,0.008,7,81,0.0
18.5,0.01,7,81,0.0
19.0,0.006,8,81,0.0
19.5,0.008,8,81,0.0
20.0,0.01,8,81,0.0
20.5,0.008,8,80,0.0
21.0,0.006,9,80,0.0
21.5,0.006,9,81,0.0
22.0,0.008,9,81,0.0
22.5,0.008,9,83,0.0
23.0,0.008,10,86,0.0
23.5,0.011,10,89,0.0
24.0,0.01,10,90,0.0
24.5,0.008,10,93,0.6000000000000001
25.0,0.006,11,96,0.6000000000000001
25.5,0.01,11,98,0.6000000000000001
26.0,0.008,11,100,0.6000000000000001
26.5,0.01,12,101,0.6000000000000001
27.0,0.006,12,102,0.6000000000000001
27.5,0.008,12,103,0.6000000000000001
28.0,0.008,13,103,0.0
28.5,0.01,13,103,1.8
29.0,0.008,13,102,3.6
29.5,0.008,13,103,5.4
30.0,0.006,14,105,9.600000000000001
30.5,0.008,14,107,10.8
31.0,0.01,14,110,11.4
31.5,0.01,15,113,11.4
32.0,0.011,15,116,10.8
32.5,0.01,15,118,10.200000000000001
33.0,0.01,16,120,10.200000000000001
33.5,0.008,16,122,9.600000000000001
34.0,0.01,17,124,9.600000000000001
34.5,0.01,17,124,9.600000000000001
35.0,0.008,17,126,9.600000000000001
35.5,0.008,18,126,9.600000000000001
36.0,0.008,18,126,7.800000000000001
36.5,0.006,19,127,6.0
37.0,0.011,19,127,6.0
37.5,0.005,19,127,6.6000000000000005
38.0,0.008,20,126,5.4
38.5,0.006,20,128,5.4
39.0,0.006,20,127,4.800000000000001
39.5,0.011,21,127,4.800000000000001
40.0,0.005,21,127,4.2
40.5,0.008,22,127,4.2
41.0,0.005,22,128,4.2
41.5,0.005,22,128,4.800000000000001
42.0,0.01,23,127,4.2
42.5,0.005,23,127,3.0
43.0,0.008,24,127,2.4000000000000004
43.5,0.006,24,127,2.4000000000000004
44.0,0.008,24,126,2.4000000000000004
44.5,0.006,25,126,1.8
45.0,0.005,25,125,1.8
45.5,0.008,25,124,1.8
46.0,0.008,26,123,1.8
46.5,0.013,26,123,1.2000000000000002
47.0,0.006,27,122,0.6000000000000001
47.5,0.01,27,122,0.0
48.0,0.005,27,122,0.0
48.5,0.006,28,122,0.0
49.0,0.01,28,121,0.0
49.5,0.008,28,121,0.0
50.0,0.005,29,120,0.0
50.5,0.008,29,120,0.0
51.0,0.006,29,121,0.0
51.5,0.011,30,120,0.6000000000000001
52.0,0.008,30,121,0.6000000000000001
52.5,0.008,30,121,0.6000000000000001
53.0,0.008,31,121,0.6000000000000001
53.5,0.006,31,120,0.6000000000000001
54.0,0.008,32,120,0.6000000000000001
54.5,0.006,32,120,0.6000000000000001
55.0,0.006,32,119,0.6000000000000001
55.5,0.006,33,118,2.4000000000000004
56.0,0.006,33,118,3.6
56.5,0.01,33,119,4.2
57.0,0.008,34,119,3.6
57.5,0.008,34,118,3.6
58.0,0.008,34,117,3.0
58.5,0.006,35,117,3.0
59.0,0.005,35,116,3.0
59.5,0.006,35,116,3.6
60.0,0.01,36,116,3.6
60.5,0.01,36,116,4.2
61.0,0.006,37,116,4.800000000000001
61.5,0.006,37,116,4.800000000000001
62.0,0.006,37,116,4.2
62.5,0.008,38,116,3.6
63.0,0.008,38,115,3.6
63.5,0.006,38,115,3.6
64.0,0.006,39,115,3.6
64.5,0.008,39,115,4.2
65.0,0.008,39,115,3.6
65.5,0.008,40,114,3.6
66.0,0.006,40,114,3.6
66.5,0.008,40,114,3.6
67.0,0.006,41,114,3.0
67.5,0.01,41,114,3.0
68.0,0.008,41,114,3.0
68.5,0.008,42,113,3.0
69.0,0.008,42,113,3.6
69.5,0.006,42,113,3.0
70.0,0.006,43,113,2.4000000000000004
70.5,0.005,43,113,1.8
71.0,0.008,43,113,1.8
71.5,0.006,44,113,1.8
72.0,0.006,44,112,1.2000000000000002
72.5,0.006,44,111,1.2000000000000002
73.0,0.006,45,110,1.2000000000000002
73.5,0.008,45,109,1.2000000000000002
74.0,0.006,45,109,1.8
74.5,0.006,46,109,1.2000000000000002
75.0,0.005,46,108,0.6000000000000001
75.5,0.008,46,108,0.0
76.0,0.006,47,108,0.0
76.5,0.006,47,108,0.0
77.0,0.006,47,108,0.0
77.5,0.008,48,107,0.0
78.0,0.008,48,108,0.0
78.5,0.008,48,108,0.0
79.0,0.01,49,107,0.0
79.5,0.008,49,108,0.0
80.0,0.008,49,108,0.0
80.5,0.008,50,109,0.6000000000000001
81.0,0.008,50,109,0.6000000000000001
81.5,0.006,50,109,0.6000000000000001
82.0,0.008,51,109,0.6000000000000001
82.5,0.006,51,109,0.0
83.0,0.008,51,108,0.0
83.5,0.008,52,108,0.0
84.0,0.006,52,108,0.6000000000000001
84.5,0.01,52,107,2.4000000000000004
85.0,0.006,53,107,3.6
85.5,0.01,53,108,4.2
86.0,0.006,53,107,3.6
86.5,0.006,54,107,3.6
87.0,0.005,54,107,3.0
87.5,0.006,54,106,3.0
88.0,0.006,54,106,3.0
88.5,0.008,55,105,3.0
89.0,0.005,55,105,3.6
89.5,0.008,55,105,3.6
90.0,0.005,56,106,4.2
90.5,0.005,56,106,4.800000000000001
91.0,0.008,56,106,4.800000000000001
91.5,0.006,57,106,4.2
92.0,0.006,57,106,4.2
92.5,0.006,57,105,3.6
93.0,0.006,58,105,3.6
93.5,0.01,60,105,3.6
94.0,0.008,60,105,3.6
94.5,0.008,60,105,3.0
95.0,0.006,61,105,3.0
95.5,0.006,61,105,3.0
96.0,0.006,61,106,3.0
96.5,0.008,61,105,3.0
97.0,0.006,62,105,3.6
97.5,0.011,62,104,2.4000000000000004
98.0,0.005,62,105,1.8
98.5,0.008,63,105,1.8
99.0,0.006,63,105,1.2000000000000002
99.5,0.008,63,104,1.2000000000000002
100.0,0.006,64,104,1.2000000000000002
100.5,0.008,64,103,1.2000000000000002
101.0,0.005,64,103,1.2000000000000002
101.5,0.006,65,102,1.2000000000000002
102.0,0.008,65,102,1.2000000000000002
102.5,0.006,65,101,1.2000000000000002
103.0,0.005,66,101,0.6000000000000001
103.5,0.008,66,101,0.0
104.0,0.006,66,101,0.0
104.5,0.006,66,101,0.0
105.0,0.006,67,102,0.0
105.5,0.008,67,101,0.0
106.0,0.006,67,101,0.0
106.5,0.01,68,101,0.0
107.0,0.006,68,102,0.0
107.5,0.008,68,102,0.0
108.0,0.006,69,102,0.0
108.5,0.008,69,102,0.0
109.0,0.008,69,103,0.0
109.5,0.008,70,103,0.6000000000000001
110.0,0.006,70,104,0.6000000000000001
110.5,0.008,70,103,0.6000000000000001
111.0,0.008,70,103,0.0
111.5,0.006,71,103,0.0
112.0,0.01,71,103,0.0
112.5,0.006,71,102,0.6000000000000001
113.0,0.01,72,102,1.8
113.5,0.006,72,102,3.6
114.0,0.008,72,102,4.2
114.5,0.008,73,103,4.2
115.0,0.011,73,103,3.6
115.5,0.006,73,102,3.6
116.0,0.008,74,102,3.0
116.5,0.006,74,101,3.0
117.0,0.008,74,101,3.0
117.5,0.005,74,101,3.6
118.0,0.011,75,101,3.6
118.5,0.006,75,101,3.6
119.0,0.006,75,101,4.2
119.5,0.006,76,101,4.800000000000001
120.0,0.006,76,102,4.800000000000001
120.5,0.005,76,102,4.800000000000001
121.0,0.01,77,102,4.2
121.5,0.006,77,102,3.6
122.0,0.008,77,102,3.6
122.5,0.006,78,101,3.6
123.0,0.006,78,101,4.2
123.5,0.005,78,102,4.2
124.0,0.01,78,102,3.6
124.5,0.01,79,101,4.2
125.0,0.008,79,101,4.2
125.5,0.006,79,102,3.6
126.0,0.006,80,102,3.6
126.5,0.005,80,102,3.0
127.0,0.01,80,102,3.0
127.5,0.008,81,102,3.0
128.0,0.008,81,102,3.6
128.5,0.006,81,101,3.6
129.0,0.006,82,102,3.0
129.5,0.005,82,101,2.4000000000000004
130.0,0.011,82,102,1.8
130.5,0.006,82,102,1.8
131.0,0.011,83,102,1.8
131.5,0.006,83,101,1.2000000000000002
132.0,0.006,83,101,1.2000000000000002
132.5,0.006,84,100,1.2000000000000002
133.0,0.01,84,100,1.2000000000000002
133.5,0.006,84,99,1.2000000000000002
134.0,0.008,85,99,1.8
134.5,0.006,85,99,1.2000000000000002
135.0,0.006,85,99,0.0
135.5,0.005,85,99,0.0
136.0,0.008,86,99,0.0
136.5,0.006,86,99,0.0
137.0,0.008,86,99,0.0
137.5,0.006,87,99,0.0
138.0,0.006,87,99,0.0
138.5,0.005,87,99,0.0
139.0,0.01,88,99,0.0
139.5,0.005,88,100,0.0
140.0,0.008,88,100,0.0
140.5,0.006,88,100,0.0
141.0,0.008,89,101,0.6000000000000001
141.5,0.005,89,101,0.6000000000000001
142.0,0.008,89,101,0.6000000000000001
142.5,0.006,90,102,0.0
143.0,0.01,90,101,0.6000000000000001
143.5,0.006,90,101,0.0
144.0,0.008,91,101,0.0
144.5,0.005,91,101,0.0
145.0,0.008,91,100,1.2000000000000002
145.5,0.006,91,100,3.0
146.0,0.01,92,100,3.6
146.5,0.006,92,101,4.2
147.0,0.006,92,101,3.6
147.5,0.005,93,101,3.6
148.0,0.008,93,100,3.6
148.5,0.006,93,100,3.6
149.0,0.008,94,100,3.0
149.5,0.008,94,100,3.6
150.0,0.006,94,99,3.6
150.5,0.005,94,100,3.6
151.0,0.006,95,100,3.6
151.5,0.005,95,100,4.2
152.0,0.008,95,100,4.800000000000001
152.5,0.006,96,101,4.800000000000001
153.0,0.005,96,101,4.2
153.5,0.005,96,101,4.2
154.0,0.006,97,101,3.6
154.5,0.006,97,100,3.6
155.0,0.008,97,100,3.6
155.5,0.005,97,100,4.800000000000001
156.0,0.005,98,101,4.2
156.5,0.005,98,100,3.6
157.0,0.006,98,101,3.6
157.5,0.005,99,101,3.6
158.0,0.01,99,101,3.6
158.5,0.006,99,101,3.6
159.0,0.005,100,101,3.0
159.5,0.005,100,101,3.0
160.0,0.006,100,101,3.0
160.5,0.005,101,101,3.0
161.0,0.008,101,101,3.6
161.5,0.006,101,101,3.0
162.0,0.005,102,101,2.4000000000000004
162.5,0.005,102,101,1.8
163.0,0.006,102,102,1.8
163.5,0.005,102,102,1.2000000000000002
164.0,0.01,103,101,1.2000000000000002
164.5,0.006,103,100,1.2000000000000002
165.0,0.003,103,100,1.2000000000000002
165.5,0.005,104,99,1.2000000000000002
166.0,0.006,104,99,1.2000000000000002
166.5,0.005,104,98,1.2000000000000002
167.0,0.006,105,98,0.6000000000000001
167.5,0.005,105,98,0.0
168.0,0.003,105,98,0.0
168.5,0.003,105,98,0.0
169.0,0.003,106,99,0.0
169.5,0.006,106,99,0.0
170.0,0.003,106,98,0.0
170.5,0.006,107,98,0.0
171.0,0.005,107,98,0.0
171.5,0.005,107,98,0.0
172.0,0.003,107,99,0.0
172.5,0.005,108,100,0.0
173.0,0.005,108,99,0.0
173.5,0.006,108,100,0.6000000000000001
174.0,0.003,109,101,0.6000000000000001
174.5,0.006,109,101,0.6000000000000001
175.0,0.005,109,101,0.6000000000000001
175.5,0.005,110,101,0.6000000000000001
176.0,0.005,110,100,0.0
176.5,0.005,110,100,0.0
177.0,0.005,111,100,0.0
177.5,0.006,111,100,1.2000000000000002
178.0,0.005,111,99,3.0
178.5,0.006,111,100,3.6
179.0,0.005,112,100,4.2
179.5,0.006,112,100,4.2
180.0,0.005,112,100,3.6
180.5,0.006,113,100,3.6
181.0,0.003,113,99,3.6
181.5,0.006,113,99,3.0
182.0,0.003,113,99,3.0
182.5,0.006,114,99,3.6
183.0,0.003,114,99,4.2
183.5,0.006,114,99,4.2
184.0,0.005,115,99,4.800000000000001
184.5,0.005,115,100,4.800000000000001
185.0,0.003,115,100,4.800000000000001
185.5,0.006,116,100,4.800000000000001
186.0,0.005,116,100,4.2
186.5,0.005,116,100,4.2
187.0,0.003,117,100,4.2
187.5,0.003,117,100,4.2
188.0,0.005,117,100,4.2
188.5,0.006,117,100,4.2
189.0,0.005,118,100,4.2
189.5,0.005,118,100,4.2
190.0,0.003,119,100,3.6
190.5,0.003,119,100,3.6
191.0,0.006,119,100,3.0
191.5,0.008,120,100,3.0
192.0,0.005,120,100,3.0
192.5,0.005,120,100,3.0
193.0,0.005,120,100,3.6
193.5,0.005,121,100,3.0
194.0,0.006,121,100,2.4000000000000004
194.5,0.006,121,100,1.8
195.0,0.006,122,101,1.8
195.5,0.005,122,101,1.2000000000000002
196.0,0.005,122,100,1.2000000000000002
196.5,0.005,123,100,1.2000000000000002
197.0,0.008,123,99,1.2000000000000002
197.5,0.006,123,99,1.2000000000000002
198.0,0.005,123,98,1.2000000000000002
198.5,0.005,124,98,1.8
199.0,0.003,124,98,1.2000000000000002
199.5,0.003,124,98,0.0
200.0,0.006,125,98,0.0
200.5,0.006,125,98,0.0
201.0,0.005,125,98,0.0
201.5,0.005,126,98,0.0
202.0,0.003,126,98,0.0
202.5,0.005,126,98,0.0
203.0,0.005,126,98,0.0
203.5,0.005,127,98,0.0
204.0,0.005,127,98,0.0
204.5,0.006,127,99,0.0
205.0,0.003,128,99,0.0
205.5,0.005,128,99,0.0
206.0,0.005,128,100,0.0
206.5,0.005,128,100,0.6000000000000001
207.0,0.005,129,101,0.6000000000000001
207.5,0.006,129,100,0.0
208.0,0.005,129,100,0.0
208.5,0.006,130,100,0.0
209.0,0.005,130,100,0.0
209.5,0.006,130,99,0.6000000000000001
210.0,0.005,131,99,2.4000000000000004
210.5,0.006,131,99,3.6
211.0,0.005,131,99,4.2
211.5,0.006,131,100,4.2
212.0,0.006,132,100,4.2
212.5,0.006,132,100,4.2
213.0,0.006,132,99,3.6
213.5,0.006,133,99,3.0
214.0,0.005,133,99,3.0
214.5,0.008,133,99,3.6
215.0,0.005,134,99,3.6
215.5,0.006,134,99,4.2
216.0,0.006,134,100,4.2
216.5,0.006,135,100,4.800000000000001
217.0,0.005,135,100,4.800000000000001
217.5,0.008,135,100,4.800000000000001
218.0,0.005,135,101,4.2
218.5,0.005,136,100,4.2
219.0,0.005,136,100,3.6
219.5,0.005,136,100,3.6
220.0,0.005,137,100,4.2
220.5,0.006,137,100,4.800000000000001
221.0,0.006,137,100,4.2
221.5,0.006,137,100,4.2
222.0,0.005,138,100,4.2
222.5,0.008,138,100,3.6
223.0,0.005,138,101,3.6
223.5,0.006,139,100,3.0
224.0,0.005,139,100,3.0
224.5,0.006,139,101,3.0
225.0,0.005,140,101,3.0
225.5,0.006,140,101,3.6
226.0,0.006,140,101,3.6
226.5,0.006,141,100,2.4000000000000004
227.0,0.006,141,101,1.8
227.5,0.006,141,101,1.8
228.0,0.005,141,101,1.8
228.5,0.008,142,101,1.2000000000000002
229.0,0.005,142,100,1.2000000000000002
229.5,0.008,142,100,1.2000000000000002
230.0,0.005,143,99,1.2000000000000002
230.5,0.008,143,99,1.2000000000000002
231.0,0.005,143,98,1.2000000000000002
231.5,0.008,144,98,1.2000000000000002
232.0,0.005,144,98,0.6000000000000001
232.5,0.006,144,98,0.0
233.0,0.005,144,98,0.0
233.5,0.006,145,98,0.0
234.0,0.005,145,98,0.0
234.5,0.008,145,99,0.0
235.0,0.005,146,98,0.0
235.5,0.005,146,98,0.0
236.0,0.006,146,98,0.0
236.5,0.005,146,99,0.0
237.0,0.006,147,99,0.0
237.5,0.006,147,99,0.0
238.0,0.005,147,100,0.0
238.5,0.005,151,100,4.2
239.0,0.006,151,100,3.6
239.5,0.006,152,100,3.6
240.0,0.006,152,99,3.0
240.5,0.006,152,99,3.0
241.0,0.008,153,99,3.0
241.5,0.006,153,99,3.6
242.0,0.006,153,99,3.6
242.5,0.008,153,99,3.6
243.0,0.006,154,99,4.2
243.5,0.006,154,100,4.800000000000001
244.0,0.008,154,100,4.800000000000001
244.5,0.006,155,100,4.800000000000001
245.0,0.005,155,100,4.2
245.5,0.006,155,100,4.2
246.0,0.006,156,100,3.6
246.5,0.008,156,100,3.6
247.0,0.006,156,100,4.2
247.5,0.006,156,100,4.800000000000001
248.0,0.006,157,99,3.6
248.5,0.008,157,99,3.6
249.0,0.006,157,100,3.6
249.5,0.008,158,100,3.6
250.0,0.006,158,100,3.6
250.5,0.005,158,100,3.6
251.0,0.006,159,101,3.0
251.5,0.01,159,101,3.0
252.0,0.005,159,101,3.0
252.5,0.008,159,101,3.6
253.0,0.006,160,101,3.6
253.5,0.006,160,101,3.0
254.0,0.006,160,101,1.8
254.5,0.01,161,101,1.8
255.0,0.006,161,101,1.8
255.5,0.008,161,101,1.2000000000000002
256.0,0.006,162,101,1.2000000000000002
256.5,0.006,162,100,1.2000000000000002
257.0,0.008,162,100,1.2000000000000002
257.5,0.01,162,99,1.2000000000000002
258.0,0.008,163,98,1.2000000000000002
258.5,0.008,163,98,1.2000000000000002
259.0,0.008,163,98,0.6000000000000001
259.5,0.01,164,98,0.0
260.0,0.006,164,98,0.0
260.5,0.01,164,98,0.0
261.0,0.006,165,98,0.0
261.5,0.01,165,98,0.0
262.0,0.008,165,98,0.0
262.5,0.008,165,98,0.0
263.0,0.006,166,98,0.0
263.5,0.008,166,98,0.0
264.0,0.008,166,99,0.0
264.5,0.01,167,99,0.0
265.0,0.008,167,99,0.0
265.5,0.006,167,100,0.6000000000000001
266.0,0.006,168,101,0.0
266.5,0.011,168,101,0.6000000000000001
267.0,0.008,168,101,0.6000000000000001
267.5,0.01,168,100,0.0
268.0,0.01,169,100,0.0
268.5,0.01,169,100,0.0
269.0,0.006,169,100,0.0
269.5,0.011,170,99,1.8
270.0,0.008,170,99,3.0
270.5,0.008,170,100,4.2
271.0,0.008,171,100,4.2
271.5,0.008,171,100,4.2
272.0,0.006,171,100,3.6
272.5,0.01,171,100,3.6
273.0,0.008,172,99,3.0
273.5,0.01,172,99,3.0
274.0,0.01,172,99,3.6
274.5,0.008,173,99,3.6
275.0,0.006,173,99,4.2
275.5,0.008,173,100,4.2
276.0,0.008,174,100,4.800000000000001
276.5,0.01,174,100,4.800000000000001
277.0,0.01,174,100,4.800000000000001
277.5,0.008,175,100,4.2
278.0,0.008,175,100,4.2
278.5,0.006,175,100,3.6
279.0,0.006,175,100,3.6
279.5,0.01,176,100,3.6
280.0,0.01,176,100,4.2
280.5,0.008,176,100,4.2
281.0,0.006,177,100,4.2
281.5,0.008,177,100,4.2
282.0,0.008,177,100,3.6
282.5,0.01,177,100,3.6
283.0,0.011,178,100,3.6
283.5,0.006,178,101,3.6
284.0,0.008,178,101,3.0
284.5,0.008,179,101,3.0
285.0,0.008,179,101,3.6
285.5,0.008,179,101,3.6
286.0,0.01,180,100,3.0
286.5,0.008,180,100,2.4000000000000004
287.0,0.008,180,101,1.8
287.5,0.008,180,101,1.8
288.0,0.01,181,101,1.8
288.5,0.01,181,100,1.2000000000000002
289.0,0.01,181,99,1.2000000000000002
289.5,0.006,182,99,1.2000000000000002
290.0,0.008,182,98,1.2000000000000002
290.5,0.008,182,98,1.2000000000000002
291.0,0.008,183,97,1.2000000000000002
291.5,0.008,183,98,0.6000000000000001
292.0,0.01,183,97,0.0
292.5,0.008,184,97,0.0
293.0,0.008,184,97,0.0
293.5,0.008,184,98,0.0
294.0,0.01,184,98,0.0
294.5,0.01,185,97,0.0
295.0,0.01,185,98,0.0
295.5,0.006,185,98,0.0
296.0,0.01,186,98,0.0
296.5,0.008,186,98,0.0
297.0,0.01,186,99,0.0
297.5,0.006,186,99,0.0
298.0,0.01,187,99,0.0
298.5,0.01,187,100,0.0
299.0,0.01,187,100,0.6000000000000001
299.5,0.008,188,100,0.6000000000000001
300.0,0.011,188,100,0.6000000000000001
300.5,0.008,188,100,0.0
301.0,0.01,189,99,0.0
301.5,0.008,189,99,0.0
302.0,0.01,189,99,1.2000000000000002
302.5,0.008,189,98,3.0
303.0,0.01,190,99,4.2
303.5,0.01,190,100,4.2
304.0,0.011,190,100,4.2
304.5,0.008,191,99,4.2
305.0,0.008,191,99,3.6
305.5,0.008,191,99,3.6
306.0,0.01,192,99,3.6
306.5,0.008,192,99,3.6
307.0,0.011,192,99,3.6
307.5,0.01,192,99,4.2
308.0,0.008,193,99,4.2
308.5,0.01,193,99,4.2
309.0,0.008,193,100,4.800000000000001
309.5,0.01,194,100,4.800000000000001
310.0,0.008,194,100,4.800000000000001
310.5,0.01,194,100,4.2
311.0,0.008,195,100,3.6
311.5,0.011,195,100,3.6
312.0,0.008,195,100,3.6
312.5,0.008,195,100,4.2
313.0,0.008,196,100,4.2
313.5,0.008,196,100,4.2
314.0,0.006,196,100,4.2
314.5,0.01,197,100,4.2
315.0,0.008,197,100,3.6
315.5,0.008,197,100,3.6
316.0,0.008,198,100,3.6
316.5,0.008,198,101,3.0
317.0,0.008,198,101,3.0
317.5,0.01,198,101,3.6
318.0,0.01,199,101,3.6
318.5,0.01,199,101,3.6
319.0,0.008,199,100,2.4000000000000004
319.5,0.01,200,100,1.8
320.0,0.01,200,101,1.8
320.5,0.01,200,101,1.8
321.0,0.008,201,100,1.2000000000000002
321.5,0.01,201,100,1.2000000000000002
322.0,0.008,201,99,1.2000000000000002
322.5,0.01,201,99,1.2000000000000002
323.0,0.008,202,98,1.2000000000000002
323.5,0.01,202,98,1.2000000000000002
324.0,0.008,202,98,1.2000000000000002
324.5,0.01,203,98,0.6000000000000001
325.0,0.006,203,98,0.0
325.5,0.01,203,97,0.0
326.0,0.008,204,98,0.0
326.5,0.01,204,98,0.0
327.0,0.008,204,98,0.0
327.5,0.008,204,98,0.0
328.0,0.006,205,98,0.0
328.5,0.01,205,98,0.0
329.0,0.008,205,98,0.0
329.5,0.01,206,99,0.0
330.0,0.008,206,99,0.0
330.5,0.008,206,99,0.0
331.0,0.008,207,101,0.6000000000000001
331.5,0.008,208,100,0.0
332.0,0.01,208,100,0.0
332.5,0.006,208,100,0.0
333.0,0.01,209,100,0.6000000000000001
333.5,0.008,209,99,2.4000000000000004
334.0,0.01,209,99,3.6
334.5,0.008,210,100,4.2
335.0,0.01,210,100,4.2
335.5,0.008,210,100,3.6
336.0,0.01,210,100,3.6
336.5,0.008,211,99,3.6
337.0,0.01,211,99,3.6
337.5,0.01,211,99,3.0
338.0,0.008,212,99,3.6
338.5,0.01,212,99,4.2
339.0,0.01,212,99,4.2
339.5,0.01,213,100,4.2
340.0,0.01,213,100,4.800000000000001
340.5,0.01,213,100,4.800000000000001
341.0,0.01,213,101,4.800000000000001
341.5,0.01,214,101,4.800000000000001
342.0,0.008,214,100,4.2
342.5,0.008,214,100,3.6
343.0,0.011,215,100,3.6
343.5,0.008,215,100,4.2
344.0,0.006,215,101,4.2
344.5,0.01,216,100,3.6
345.0,0.008,216,100,3.6
345.5,0.006,216,100,3.6
346.0,0.01,216,101,3.6
346.5,0.008,217,101,3.6
347.0,0.006,217,101,3.0
347.5,0.008,217,101,3.0
348.0,0.008,218,101,3.0
348.5,0.006,218,101,3.0
349.0,0.01,218,101,3.6
349.5,0.008,219,100,3.6
350.0,0.006,219,101,2.4000000000000004
350.5,0.008,219,101,1.8
351.0,0.01,219,101,1.8
351.5,0.008,220,101,1.8
352.0,0.01,220,101,1.2000000000000002
352.5,0.008,220,100,1.2000000000000002
353.0,0.005,221,100,1.2000000000000002
353.5,0.008,221,99,1.2000000000000002
354.0,0.01,221,99,1.8
354.5,0.006,222,98,1.2000000000000002
355.0,0.01,222,98,1.2000000000000002
355.5,0.008,222,98,0.6000000000000001
356.0,0.006,223,98,0.0
356.5,0.01,223,98,0.0
357.0,0.01,223,98,0.0
357.5,0.008,223,98,0.0
358.0,0.008,224,98,0.0
358.5,0.01,224,98,0.0
359.0,0.008,224,99,0.0
359.5,0.01,225,98,0.0
360.0,0.008,225,98,0.0
360.5,0.008,225,100,0.0
361.0,0.008,225,99,0.0
361.5,0.01,226,100,0.0
362.0,0.008,226,101,0.6000000000000001
362.5,0.01,226,101,0.6000000000000001
363.0,0.008,227,101,0.6000000000000001
363.5,0.008,227,101,0.0
364.0,0.008,227,101,0.6000000000000001
364.5,0.01,228,100,0.0
365.0,0.006,228,100,0.0
365.5,0.011,228,100,0.6000000000000001
366.0,0.006,229,100,1.8
366.5,0.01,229,100,3.6
367.0,0.01,229,100,4.2
367.5,0.01,229,101,4.2
368.0,0.008,230,101,3.6
368.5,0.01,230,100,3.6
369.0,0.008,230,100,3.0
369.5,0.01,231,99,3.0
370.0,0.008,231,100,3.0
370.5,0.01,231,99,3.6
371.0,0.01,232,99,3.6
371.5,0.013,232,100,3.6
372.0,0.01,232,100,4.2
372.5,0.011,232,100,4.800000000000001
373.0,0.01,233,101,4.800000000000001
373.5,0.01,233,101,4.800000000000001
374.0,0.008,233,101,4.2
374.5,0.013,234,100,3.6
375.0,0.008,234,100,3.6
375.5,0.008,234,100,3.6
376.0,0.008,234,100,4.2
376.5,0.006,235,100,4.2
377.0,0.008,235,100,3.6
377.5,0.013,235,100,3.6
378.0,0.008,236,100,3.6
378.5,0.01,236,101,3.6
379.0,0.008,236,100,3.6
379.5,0.008,237,101,3.0
380.0,0.01,237,101,3.0
380.5,0.011,237,101,3.0
381.0,0.008,238,101,3.0
381.5,0.008,238,101,3.6
382.0,0.01,238,100,3.6
382.5,0.008,238,101,2.4000000000000004
383.0,0.01,239,101,1.8
383.5,0.011,239,101,1.8
384.0,0.008,239,101,1.8
384.5,0.008,240,101,1.8
385.0,0.008,240,101,1.2000000000000002
385.5,0.01,240,100,1.2000000000000002
386.0,0.01,241,99,1.2000000000000002
386.5,0.01,241,99,1.2000000000000002
387.0,0.008,241,98,1.8
387.5,0.008,242,98,1.8
388.0,0.01,242,98,0.6000000000000001
388.5,0.01,242,98,0.0
389.0,0.01,242,98,0.0
389.5,0.01,243,98,0.0
390.0,0.008,243,99,0.0
390.5,0.008,243,99,0.0
391.0,0.008,244,98,0.0
391.5,0.01,244,98,0.0
392.0,0.008,244,98,0.0
392.5,0.008,244,98,0.0
393.0,0.011,245,99,0.0
393.5,0.008,245,99,0.0
394.0,0.008,245,99,0.0
394.5,0.01,246,100,0.6000000000000001
395.0,0.006,246,101,0.6000000000000001
395.5,0.006,246,101,0.6000000000000001
396.0,0.01,247,101,0.6000000000000001
396.5,0.008,247,100,0.0
397.0,0.008,247,100,0.0
397.5,0.008,248,100,0.0
398.0,0.008,248,100,0.6000000000000001
398.5,0.008,248,99,1.8
399.0,0.011,248,99,3.6
399.5,0.008,249,100,4.2
400.0,0.01,249,100,4.2
400.5,0.011,249,100,4.2
401.0,0.008,250,100,3.6
401.5,0.008,250,99,3.0
402.0,0.011,251,99,3.0
402.5,0.008,251,99,3.6
403.0,0.008,251,99,3.6
403.5,0.01,252,100,3.6
404.0,0.01,252,100,4.800000000000001
404.5,0.01,252,100,4.800000000000001
405.0,0.013,253,100,4.800000000000001
405.5,0.011,253,100,4.2
406.0,0.008,253,100,3.6
406.5,0.008,253,100,3.6
407.0,0.01,254,100,3.6
407.5,0.008,254,100,4.2
408.0,0.011,254,100,4.2
408.5,0.008,255,100,3.6
409.0,0.008,255,100,4.2
409.5,0.008,255,100,4.2
410.0,0.01,256,100,3.6
410.5,0.008,256,100,3.6
411.0,0.01,256,100,3.6
411.5,0.01,257,100,3.0
412.0,0.008,257,100,3.0
412.5,0.008,257,100,3.0
413.0,0.01,257,101,3.6
413.5,0.008,258,100,3.6
414.0,0.01,258,100,3.0
414.5,0.01,258,100,2.4000000000000004
415.0,0.008,259,100,1.8
415.5,0.008,259,101,1.8
416.0,0.01,259,100,1.2000000000000002
416.5,0.01,260,100,1.2000000000000002
417.0,0.01,260,99,1.2000000000000002
417.5,0.01,260,99,1.2000000000000002
418.0,0.013,260,98,1.2000000000000002
418.5,0.008,261,98,1.2000000000000002
419.0,0.01,261,98,1.2000000000000002
419.5,0.01,261,98,0.6000000000000001
420.0,0.013,262,98,0.0
420.5,0.01,262,98,0.0
421.0,0.01,262,97,0.0
421.5,0.008,263,98,0.0
422.0,0.01,263,98,0.0
422.5,0.008,263,98,0.0
423.0,0.01,263,98,0.0
423.5,0.01,264,98,0.0
424.0,0.01,264,98,0.0
424.5,0.008,264,99,0.0
425.0,0.008,265,99,0.0
425.5,0.01,265,99,0.0
426.0,0.01,265,100,0.0
426.5,0.011,265,100,0.6000000000000001
427.0,0.01,267,100,0.0
427.5,0.008,268,99,1.2000000000000002
428.0,0.008,268,99,3.0
428.5,0.01,268,99,3.6
429.0,0.011,268,100,4.2
429.5,0.008,269,100,3.6
430.0,0.01,269,100,3.6
430.5,0.008,269,100,3.6
431.0,0.008,270,99,3.0
431.5,0.01,270,99,3.0
432.0,0.01,270,99,3.6
432.5,0.008,271,99,3.6
433.0,0.011,271,99,3.6
433.5,0.01,271,100,3.6
434.0,0.008,272,100,4.2
434.5,0.008,272,100,4.800000000000001
435.0,0.011,272,100,4.800000000000001
435.5,0.008,272,100,4.2
436.0,0.01,273,100,4.2
436.5,0.008,273,100,3.6
437.0,0.01,273,100,3.6
437.5,0.01,274,100,3.6
438.0,0.008,274,100,4.2
438.5,0.006,274,100,4.2
439.0,0.011,274,100,3.6
439.5,0.008,275,100,3.6
440.0,0.006,275,100,3.6
440.5,0.008,275,100,3.6
441.0,0.01,276,101,3.0
441.5,0.008,276,101,3.0
442.0,0.01,276,101,3.0
442.5,0.008,277,101,3.0
443.0,0.008,277,101,3.0
443.5,0.008,277,101,3.6
444.0,0.01,277,101,3.0
444.5,0.008,278,101,2.4000000000000004
445.0,0.01,278,101,1.8
445.5,0.008,278,101,1.8
446.0,0.01,279,101,1.2000000000000002
446.5,0.008,279,101,1.2000000000000002
447.0,0.01,279,100,1.2000000000000002
447.5,0.006,280,99,1.2000000000000002
448.0,0.008,280,99,1.2000000000000002
448.5,0.008,280,99,1.2000000000000002
449.0,0.01,281,98,1.8
449.5,0.008,281,98,1.2000000000000002
450.0,0.008,281,98,0.0
450.5,0.008,281,98,0.0
451.0,0.011,282,98,0.0
451.5,0.008,282,98,0.0
452.0,0.006,282,98,0.0
452.5,0.008,283,98,0.0
453.0,0.008,283,98,0.0
453.5,0.006,283,98,0.0
454.0,0.008,283,98,0.0
454.5,0.006,284,99,0.0
455.0,0.01,284,99,0.0
455.5,0.01,284,99,0.0
456.0,0.01,285,100,0.0
456.5,0.008,285,100,0.6000000000000001
457.0,0.008,285,101,0.6000000000000001
457.5,0.008,286,101,0.6000000000000001
458.0,0.008,286,100,0.0
458.5,0.008,286,100,0.0
459.0,0.006,287,100,0.0
459.5,0.006,287,100,0.0
460.0,0.008,287,99,1.2000000000000002
460.5,0.006,287,99,2.4000000000000004
461.0,0.006,288,99,3.6
461.5,0.008,288,100,4.2
462.0,0.008,288,100,4.2
462.5,0.006,289,100,3.6
463.0,0.008,289,100,3.6
463.5,0.006,289,99,3.0
464.0,0.006,290,99,3.0
464.5,0.01,290,99,3.0
465.0,0.008,290,99,3.6
465.5,0.006,290,99,3.6
466.0,0.005,291,99,3.6
466.5,0.006,291,100,4.2
467.0,0.005,291,100,4.800000000000001
467.5,0.01,292,100,4.800000000000001
468.0,0.008,292,100,4.2
468.5,0.006,292,100,4.2
469.0,0.006,292,100,3.6
469.5,0.008,293,100,3.6
470.0,0.006,293,100,3.6
470.5,0.008,293,100,4.2
471.0,0.006,294,100,4.2
471.5,0.005,294,100,3.6
472.0,0.006,294,100,3.6
472.5,0.006,295,100,3.6
473.0,0.006,295,101,3.6
473.5,0.006,295,100,3.0
474.0,0.006,296,101,3.0
474.5,0.005,296,101,3.0
475.0,0.005,296,101,3.0
475.5,0.005,296,101,3.0
476.0,0.006,297,101,3.6
476.5,0.008,297,100,3.0
477.0,0.006,297,100,2.4000000000000004
477.5,0.006,298,101,1.8
478.0,0.003,298,101,1.8
478.5,0.006,298,101,1.2000000000000002
479.0,0.006,299,101,1.2000000000000002
479.5,0.006,299,100,1.2000000000000002
480.0,0.005,299,100,1.2000000000000002
480.5,0.006,299,99,1.2000000000000002
481.0,0.005,300,99,1.2000000000000002
481.5,0.006,300,98,1.8
482.0,0.005,300,98,1.2000000000000002
482.5,0.008,301,98,0.6000000000000001
483.0,0.005,301,98,0.0
483.5,0.006,301,98,0.0
484.0,0.006,302,98,0.0
484.5,0.008,302,98,0.0
485.0,0.006,302,98,0.0
485.5,0.008,302,98,0.0
486.0,0.006,303,98,0.0
486.5,0.006,303,98,0.0
487.0,0.005,303,98,0.0
487.5,0.006,304,99,0.0
488.0,0.006,304,99,0.0
488.5,0.008,304,100,0.6000000000000001
489.0,0.006,305,101,0.6000000000000001
489.5,0.006,305,101,0.6000000000000001
490.0,0.006,305,101,0.6000000000000001
490.5,0.005,305,101,0.6000000000000001
491.0,0.006,306,100,0.0
491.5,0.006,306,100,0.0
492.0,0.006,306,100,0.0
492.5,0.006,307,100,0.6000000000000001
493.0,0.005,307,99,2.4000000000000004
493.5,0.006,307,99,3.6
494.0,0.006,308,100,4.2
494.5,0.006,308,100,4.2
495.0,0.006,308,100,4.2
495.5,0.006,308,100,3.6
496.0,0.006,309,99,3.0
496.5,0.006,309,99,3.0
497.0,0.006,309,99,3.6
497.5,0.008,310,99,3.6
498.0,0.006,310,99,3.6
498.5,0.01,310,99,3.6
499.0,0.006,311,100,3.6
499.5,0.006,311,100,4.800000000000001
500.0,0.005,311,100,4.800000000000001
500.5,0.006,311,100,4.2
501.0,0.005,312,101,4.2
501.5,0.006,312,100,3.6
502.0,0.006,312,100,3.6
502.5,0.005,313,100,3.6
503.0,0.008,313,100,4.2
503.5,0.006,313,100,4.2
504.0,0.005,314,100,3.6
504.5,0.006,314,100,3.6
505.0,0.008,314,100,4.2
505.5,0.005,314,100,3.6
506.0,0.005,315,101,3.6
506.5,0.008,315,101,3.0
507.0,0.006,315,101,3.0
507.5,0.006,316,100,3.0
508.0,0.006,316,100,3.0
508.5,0.005,316,101,3.6
509.0,0.005,317,100,3.6
509.5,0.006,317,100,2.4000000000000004
510.0,0.006,317,101,1.8
510.5,0.006,317,101,1.8
511.0,0.008,318,101,1.2000000000000002
511.5,0.006,318,101,1.2000000000000002
512.0,0.005,318,100,1.2000000000000002
512.5,0.005,319,100,1.2000000000000002
513.0,0.005,319,99,1.2000000000000002
513.5,0.005,319,99,1.2000000000000002
514.0,0.006,320,98,1.2000000000000002
514.5,0.005,320,98,1.2000000000000002
515.0,0.006,320,98,0.6000000000000001
515.5,0.008,321,98,0.0
516.0,0.006,321,98,0.0
516.5,0.006,321,98,0.0
517.0,0.006,321,98,0.0
517.5,0.006,322,98,0.0
518.0,0.006,322,98,0.0
518.5,0.008,322,98,0.0
519.0,0.006,323,98,0.0
519.5,0.008,323,98,0.0
520.0,0.008,323,99,0.0
520.5,0.006,323,99,0.0
521.0,0.006,324,99,0.0
521.5,0.008,324,100,0.0
522.0,0.008,324,101,0.0
522.5,0.006,325,101,0.6000000000000001
523.0,0.01,325,101,0.0
523.5,0.006,325,100,0.0
524.0,0.008,326,100,0.0
524.5,0.006,326,100,0.0
525.0,0.006,326,100,0.6000000000000001
525.5,0.006,326,100,1.8
526.0,0.008,327,99,3.6
526.5,0.006,327,100,4.2
527.0,0.006,327,100,4.2
527.5,0.008,328,100,3.6
528.0,0.006,328,100,3.6
528.5,0.006,328,100,3.0
529.0,0.01,329,99,3.0
529.5,0.006,329,99,3.0
530.0,0.008,329,99,3.0
530.5,0.006,330,99,3.6
531.0,0.008,330,99,3.6
531.5,0.005,330,100,3.6
532.0,0.008,330,100,4.2
532.5,0.008,331,100,4.2
533.0,0.008,331,100,4.2
533.5,0.008,331,100,3.6
534.0,0.006,332,100,3.6
534.5,0.005,332,100,3.6
535.0,0.008,332,100,3.6
535.5,0.01,332,100,3.6
536.0,0.006,333,100,4.2
536.5,0.008,333,99,3.6
537.0,0.008,333,100,3.6
537.5,0.005,334,100,3.6
538.0,0.01,334,100,3.6
538.5,0.006,334,100,3.6
539.0,0.006,335,100,3.0
539.5,0.006,335,100,3.0
540.0,0.006,335,101,3.0
540.5,0.005,336,101,3.0
541.0,0.008,336,100,3.0
541.5,0.006,336,100,3.6
542.0,0.006,336,100,2.4000000000000004
542.5,0.006,337,100,1.8
543.0,0.006,337,101,1.8
543.5,0.005,337,101,1.8
544.0,0.006,339,99,1.8
544.5,0.006,339,99,1.2000000000000002
545.0,0.005,339,98,1.2000000000000002
545.5,0.006,339,98,1.2000000000000002
546.0,0.008,340,98,0.6000000000000001
546.5,0.006,340,98,0.0
547.0,0.008,340,98,0.0
547.5,0.008,341,98,0.0
548.0,0.006,341,98,0.0
548.5,0.008,341,98,0.0
549.0,0.01,341,98,0.0
549.5,0.006,342,98,0.0
550.0,0.01,342,98,0.0
550.5,0.006,342,98,0.0
551.0,0.006,343,99,0.0
551.5,0.006,343,99,0.0
552.0,0.008,343,99,0.0
552.5,0.006,344,100,0.0
553.0,0.008,344,100,0.0
553.5,0.008,344,101,0.6000000000000001
554.0,0.006,345,101,0.0
554.5,0.006,345,100,0.0
555.0,0.008,345,100,0.0
555.5,0.005,345,100,0.0
556.0,0.008,346,100,0.0
556.5,0.006,346,99,1.2000000000000002
557.0,0.006,346,99,3.0
557.5,0.006,347,99,3.6
558.0,0.006,347,100,3.6
558.5,0.006,347,100,3.6
559.0,0.008,347,100,3.6
559.5,0.008,348,99,3.0
560.0,0.006,348,99,3.0
560.5,0.006,348,99,3.0
561.0,0.008,349,98,3.6
561.5,0.01,349,98,3.6
562.0,0.008,349,99,4.2
562.5,0.008,350,99,3.6
563.0,0.006,350,99,4.800000000000001
563.5,0.008,350,100,4.800000000000001
564.0,0.008,350,100,4.800000000000001
564.5,0.006,351,100,4.2
565.0,0.008,351,100,4.2
565.5,0.01,351,100,3.6
566.0,0.008,352,100,4.2
566.5,0.006,352,100,3.6
567.0,0.008,352,100,4.2
567.5,0.006,353,100,3.6
568.0,0.01,353,100,3.6
568.5,0.01,353,100,3.6
569.0,0.008,354,100,3.6
569.5,0.008,354,100,3.6
570.0,0.008,354,101,3.0
570.5,0.008,354,100,3.0
571.0,0.01,355,100,3.0
571.5,0.008,355,101,3.0
572.0,0.006,355,101,3.0
572.5,0.008,356,100,3.6
573.0,0.008,356,100,3.0
573.5,0.008,356,101,2.4000000000000004
574.0,0.01,357,101,1.8
574.5,0.008,357,101,1.8
575.0,0.006,357,101,1.8
575.5,0.006,357,100,1.2000000000000002
576.0,0.006,358,100,1.2000000000000002
576.5,0.006,358,99,1.2000000000000002
577.0,0.01,358,99,1.2000000000000002
577.5,0.008,359,98,1.2000000000000002
578.0,0.008,359,98,1.2000000000000002
578.5,0.005,359,98,1.2000000000000002
579.0,0.008,360,98,0.0
579.5,0.008,360,98,0.0
580.0,0.008,360,98,0.0
580.5,0.01,360,98,0.0
581.0,0.008,361,99,0.0
581.5,0.006,361,98,0.0
582.0,0.006,361,98,0.0
582.5,0.008,362,99,0.0
583.0,0.011,362,98,0.0
583.5,0.01,362,99,0.0
584.0,0.006,363,99,0.0
584.5,0.008,363,99,0.0
585.0,0.008,363,100,0.6000000000000001
585.5,0.008,363,101,0.6000000000000001
586.0,0.008,364,101,0.6000000000000001
586.5,0.01,364,101,0.0
587.0,0.006,364,101,0.0
587.5,0.01,365,100,0.0
588.0,0.006,365,100,0.0
588.5,0.006,365,100,0.6000000000000001
589.0,0.006,365,100,1.2000000000000002
589.5,0.006,366,99,3.0
590.0,0.008,366,100,3.6
590.5,0.008,366,100,4.2
591.0,0.008,367,100,3.6
591.5,0.008,367,100,3.6
592.0,0.008,367,100,3.6
592.5,0.006,368,99,3.0
593.0,0.008,368,99,3.0
593.5,0.008,368,99,3.0
594.0,0.008,369,99,3.6
594.5,0.008,369,99,3.6
595.0,0.008,369,100,3.6
595.5,0.008,369,100,4.2
596.0,0.01,370,100,4.800000000000001
596.5,0.01,370,100,4.800000000000001
597.0,0.008,370,100,4.2
597.5,0.01,371,100,3.6
598.0,0.008,371,100,3.6
598.5,0.01,371,100,3.6
599.0,0.008,372,100,3.6
599.5,0.01,372,100,4.2
600.0,0.01,372,100,4.2
600.5,0.01,372,100,3.6
601.0,0.006,373,100,3.6
601.5,0.008,373,100,3.6
602.0,0.01,373,100,3.6
602.5,0.01,374,101,3.6
603.0,0.006,374,100,3.0
603.5,0.008,374,100,3.0
604.0,0.008,375,100,3.0
604.5,0.008,375,101,3.0
605.0,0.01,375,101,3.6
605.5,0.01,375,100,3.0
606.0,0.006,376,100,2.4000000000000004
606.5,0.008,376,101,1.8
607.0,0.008,376,101,1.8
607.5,0.008,377,101,1.8
608.0,0.008,377,101,1.2000000000000002
608.5,0.01,377,100,1.2000000000000002
609.0,0.008,378,99,1.2000000000000002
609.5,0.008,378,99,1.2000000000000002
610.0,0.006,378,99,1.2000000000000002
610.5,0.008,379,98,1.8
611.0,0.006,379,98,1.2000000000000002
611.5,0.011,379,98,0.0
612.0,0.008,379,98,0.0
612.5,0.006,380,98,0.0
613.0,0.008,380,98,0.0
613.5,0.01,380,99,0.0
614.0,0.01,381,99,0.0
614.5,0.01,381,98,0.0
615.0,0.01,381,98,0.0
615.5,0.008,381,99,0.0
616.0,0.01,382,98,0.0
616.5,0.01,382,99,0.0
617.0,0.01,382,100,0.0
617.5,0.008,383,100,0.0
618.0,0.01,383,101,0.6000000000000001
618.5,0.008,383,101,0.6000000000000001
619.0,0.01,384,101,0.6000000000000001
619.5,0.01,384,101,0.6000000000000001
620.0,0.008,384,100,0.0
620.5,0.006,384,100,0.0
621.0,0.006,385,100,0.0
621.5,0.008,385,100,0.6000000000000001
622.0,0.01,385,99,2.4000000000000004
622.5,0.008,386,99,3.6
623.0,0.008,386,100,4.2
623.5,0.006,386,100,3.6
624.0,0.008,387,100,3.6
624.5,0.008,387,100,3.0
625.0,0.008,387,99,3.0
625.5,0.006,388,99,3.0
626.0,0.008,388,99,3.0
626.5,0.008,388,99,3.6
627.0,0.008,388,99,3.6
627.5,0.008,389,100,3.6
628.0,0.01,389,100,4.2
628.5,0.006,389,100,4.2
629.0,0.01,390,100,4.2
629.5,0.008,390,100,4.2
630.0,0.008,390,101,3.6
630.5,0.008,390,100,3.6
631.0,0.01,391,100,3.6
631.5,0.008,391,100,3.6
632.0,0.008,391,100,3.6
632.5,0.006,392,100,3.6
633.0,0.01,392,100,3.6
633.5,0.008,392,100,3.6
634.0,0.01,393,100,3.6
634.5,0.01,393,101,3.6
635.0,0.01,393,101,3.0
635.5,0.006,394,101,3.0
636.0,0.008,394,101,3.0
636.5,0.01,394,101,3.0
637.0,0.01,394,101,3.0
637.5,0.006,395,101,3.0
638.0,0.008,395,101,3.0
638.5,0.006,395,100,1.8
639.0,0.008,396,101,1.8
639.5,0.008,396,101,1.8
640.0,0.01,396,101,1.8
640.5,0.006,397,100,1.2000000000000002
641.0,0.006,397,100,1.2000000000000002
641.5,0.006,397,99,1.2000000000000002
642.0,0.008,397,99,1.2000000000000002
642.5,0.008,398,99,1.2000000000000002
643.0,0.01,398,98,1.2000000000000002
643.5,0.006,398,98,1.2000000000000002
644.0,0.008,399,98,0.6000000000000001
644.5,0.006,399,98,0.0
645.0,0.01,399,98,0.0
645.5,0.008,400,98,0.0
646.0,0.01,400,98,0.0
646.5,0.008,400,98,0.0
647.0,0.008,400,98,0.0
647.5,0.006,401,98,0.0
648.0,0.008,401,98,0.0
648.5,0.008,401,99,0.0
649.0,0.01,402,98,0.0
649.5,0.01,402,99,0.0
650.0,0.008,402,100,0.0
650.5,0.008,403,100,0.0
651.0,0.01,403,101,0.0
651.5,0.008,403,101,0.0
652.0,0.01,403,101,0.0
652.5,0.008,404,100,0.0
653.0,0.006,404,100,0.0
653.5,0.008,404,100,0.0
654.0,0.008,405,100,0.6000000000000001
654.5,0.006,405,99,2.4000000000000004
655.0,0.01,405,99,3.6
655.5,0.006,406,100,3.6
656.0,0.01,406,100,3.6
656.5,0.008,406,100,3.6
657.0,0.006,406,100,3.6
657.5,0.006,407,99,3.0
658.0,0.011,407,99,3.0
658.5,0.008,407,99,3.0
659.0,0.008,408,99,3.0
659.5,0.006,408,99,3.6
660.0,0.008,408,99,3.6
660.5,0.008,409,100,3.6
661.0,0.011,409,100,4.800000000000001
661.5,0.01,409,100,4.800000000000001
662.0,0.008,409,100,4.2
662.5,0.008,410,100,4.2
663.0,0.008,410,100,3.6
663.5,0.006,410,100,3.6
664.0,0.01,411,100,3.6
664.5,0.008,411,100,3.6
665.0,0.008,411,100,4.2
665.5,0.008,412,100,3.6
666.0,0.008,412,100,3.6
666.5,0.006,412,100,3.6
667.0,0.011,412,100,3.6
667.5,0.01,413,100,3.0
668.0,0.006,413,100,3.0
668.5,0.01,413,100,2.4000000000000004
669.0,0.005,414,101,2.4000000000000004
669.5,0.008,414,101,3.0
670.0,0.01,414,100,3.0
670.5,0.01,415,100,3.0
671.0,0.006,415,100,2.4000000000000004
671.5,0.008,415,100,1.8
672.0,0.006,415,101,1.8
672.5,0.008,416,101,1.2000000000000002
673.0,0.006,416,100,1.2000000000000002
673.5,0.01,416,100,1.2000000000000002
674.0,0.008,417,99,1.2000000000000002
674.5,0.008,417,99,1.2000000000000002
675.0,0.008,417,98,1.2000000000000002
675.5,0.006,418,98,1.2000000000000002
676.0,0.006,418,98,1.2000000000000002
676.5,0.01,418,98,0.6000000000000001
677.0,0.006,418,98,0.0
677.5,0.008,419,98,0.0
678.0,0.006,419,98,0.0
678.5,0.01,419,98,0.0
679.0,0.006,420,98,0.0
679.5,0.011,420,98,0.0
680.0,0.01,421,98,0.0
680.5,0.008,421,98,0.0
681.0,0.008,421,99,0.0
681.5,0.006,421,99,0.0
682.0,0.01,422,99,0.0
682.5,0.008,422,100,0.0
683.0,0.01,422,100,0.0
683.5,0.006,423,100,0.0
684.0,0.008,423,101,0.0
684.5,0.005,423,100,0.0
685.0,0.01,423,100,0.0
685.5,0.006,424,100,0.0
686.0,0.01,424,99,0.0
686.5,0.006,424,99,1.8
687.0,0.008,425,99,3.0
687.5,0.006,425,99,3.6
688.0,0.01,425,100,3.6
688.5,0.006,426,100,3.6
689.0,0.008,426,100,3.6
689.5,0.008,426,99,3.0
690.0,0.006,427,99,3.0
690.5,0.005,427,99,3.0
691.0,0.008,427,98,3.0
691.5,0.006,427,99,3.6
692.0,0.008,428,99,4.2
692.5,0.008,428,99,3.6
693.0,0.006,428,99,4.2
693.5,0.005,429,100,4.800000000000001
694.0,0.006,429,100,4.800000000000001
694.5,0.008,429,100,4.2
695.0,0.01,430,100,3.6
695.5,0.008,430,100,3.6
696.0,0.008,430,99,3.6
696.5,0.006,430,99,3.6
697.0,0.006,431,99,4.2
697.5,0.008,431,99,3.6
698.0,0.006,431,99,3.6
698.5,0.008,432,100,3.6
699.0,0.008,432,100,3.6
699.5,0.008,432,99,3.6
700.0,0.006,433,100,3.0
700.5,0.008,433,100,3.0
701.0,0.006,433,99,3.0
701.5,0.008,433,100,3.0
702.0,0.006,434,100,3.0
702.5,0.006,434,100,3.6
703.0,0.006,434,100,3.0
703.5,0.008,435,100,1.8
704.0,0.008,435,100,1.8
704.5,0.008,435,100,1.8
705.0,0.008,436,100,1.2000000000000002
705.5,0.006,436,100,1.2000000000000002
706.0,0.005,436,99,1.2000000000000002
706.5,0.008,436,98,1.2000000000000002
707.0,0.008,437,98,1.2000000000000002
707.5,0.006,437,98,1.2000000000000002
708.0,0.005,437,97,1.2000000000000002
708.5,0.006,438,97,1.2000000000000002
709.0,0.008,438,97,0.0
709.5,0.008,438,97,0.0
710.0,0.008,438,97,0.0
710.5,0.008,439,97,0.0
711.0,0.006,439,98,0.0
711.5,0.006,439,98,0.0
712.0,0.006,440,97,0.0
712.5,0.008,440,98,0.0
713.0,0.008,440,98,0.0
713.5,0.01,441,98,0.0
714.0,0.006,441,99,0.0
714.5,0.006,441,99,0.0
715.0,0.006,441,99,0.0
715.5,0.01,442,100,0.6000000000000001
716.0,0.006,442,101,0.0
716.5,0.011,442,101,0.6000000000000001
717.0,0.006,443,100,0.0
717.5,0.006,443,100,0.0
718.0,0.006,443,100,0.0
718.5,0.006,444,100,0.0
719.0,0.006,444,99,0.6000000000000001
719.5,0.01,444,99,2.4000000000000004
720.0,0.006,444,99,3.6
720.5,0.006,445,100,4.2
721.0,0.006,445,100,4.2
721.5,0.01,445,100,3.6
722.0,0.006,446,100,3.6
722.5,0.008,446,99,3.0
723.0,0.005,446,99,3.0
723.5,0.006,447,99,3.0
724.0,0.006,447,98,3.6
724.5,0.006,447,99,3.6
725.0,0.006,447,99,4.2
725.5,0.006,448,99,4.2
726.0,0.008,448,99,4.800000000000001
726.5,0.008,448,100,4.800000000000001
727.0,0.008,449,100,4.800000000000001
727.5,0.008,449,100,4.2
728.0,0.006,449,100,3.6
728.5,0.006,450,100,3.6
729.0,0.008,450,100,3.6
729.5,0.006,450,100,4.2
730.0,0.008,450,100,4.800000000000001
730.5,0.006,451,100,4.2
731.0,0.008,451,99,4.2
731.5,0.006,451,100,4.2
732.0,0.008,452,100,3.6
732.5,0.006,452,100,3.6
733.0,0.008,452,100,3.0
733.5,0.006,453,100,3.0
734.0,0.006,453,100,3.0
734.5,0.005,453,100,3.0
735.0,0.01,453,100,3.6
735.5,0.006,454,100,3.6
736.0,0.01,454,100,2.4000000000000004
736.5,0.005,454,100,1.8
737.0,0.008,455,100,1.8
737.5,0.005,455,101,1.8
738.0,0.008,455,100,1.2000000000000002
738.5,0.005,456,100,1.2000000000000002
739.0,0.008,456,99,1.2000000000000002
739.5,0.005,456,99,1.2000000000000002
740.0,0.006,457,98,1.2000000000000002
740.5,0.005,457,98,1.8
741.0,0.008,457,97,1.2000000000000002
741.5,0.005,457,97,0.6000000000000001
742.0,0.008,458,97,0.0
742.5,0.005,458,97,0.0
743.0,0.006,458,98,0.0
743.5,0.005,459,98,0.0
744.0,0.008,459,98,0.0
744.5,0.006,459,98,0.0
745.0,0.006,459,98,0.0
745.5,0.005,460,98,0.0
746.0,0.006,460,98,0.0
746.5,0.005,460,99,0.0
747.0,0.01,461,99,0.0
747.5,0.006,461,100,0.0
748.0,0.006,461,100,0.6000000000000001
748.5,0.006,462,101,0.6000000000000001
749.0,0.005,462,101,0.0
749.5,0.005,462,101,0.0
750.0,0.008,462,100,0.0
750.5,0.006,463,100,0.0
751.0,0.006,463,100,0.0
751.5,0.006,463,100,0.0
752.0,0.005,464,99,1.8
752.5,0.005,464,99,3.0
753.0,0.008,464,100,3.6
753.5,0.006,465,100,3.6
754.0,0.005,465,100,3.6
754.5,0.006,465,100,3.6
755.0,0.005,465,100,3.6
755.5,0.003,466,99,3.0
756.0,0.006,466,99,3.0
756.5,0.005,466,99,3.6
757.0,0.006,467,99,3.6
757.5,0.005,467,99,4.2
758.0,0.006,467,100,4.2
758.5,0.005,467,100,4.800000000000001
759.0,0.003,468,100,4.800000000000001
759.5,0.005,468,100,4.800000000000001
760.0,0.005,468,100,4.2
760.5,0.005,469,100,3.6
761.0,0.005,469,100,3.6
761.5,0.005,469,100,3.6
762.0,0.006,470,100,3.6
762.5,0.005,470,100,4.2
763.0,0.005,470,101,3.6
763.5,0.006,471,100,3.6
764.0,0.006,471,100,3.6
764.5,0.005,471,100,3.6
765.0,0.006,471,100,3.6
765.5,0.005,472,101,3.0
766.0,0.005,472,101,3.0
766.5,0.008,472,100,3.0
767.0,0.006,473,101,3.0
767.5,0.005,473,101,3.0
768.0,0.003,473,100,3.6
768.5,0.005,474,100,2.4000000000000004
769.0,0.006,474,100,1.8
769.5,0.006,474,101,1.8
770.0,0.005,475,101,1.8
770.5,0.006,475,101,1.2000000000000002
771.0,0.005,475,101,1.2000000000000002
771.5,0.005,475,100,1.2000000000000002
772.0,0.005,476,99,1.2000000000000002
772.5,0.005,476,99,1.2000000000000002
773.0,0.005,476,98,1.2000000000000002
773.5,0.006,477,98,1.2000000000000002
774.0,0.005,478,98,0.0
774.5,0.006,478,98,0.0
775.0,0.005,479,98,0.0
775.5,0.006,479,99,0.0
776.0,0.006,479,98,0.0
776.5,0.006,480,99,0.0
777.0,0.006,480,99,0.0
777.5,0.006,480,99,0.0
778.0,0.005,480,99,0.0
778.5,0.006,481,100,0.0
779.0,0.006,481,101,0.0
779.5,0.006,481,101,0.0
780.0,0.008,482,101,0.0
780.5,0.006,482,100,0.0
781.0,0.005,482,100,0.0
781.5,0.008,483,100,0.0
782.0,0.006,483,100,0.0
782.5,0.006,483,100,1.2000000000000002
783.0,0.005,483,99,3.0
783.5,0.008,484,100,3.6
784.0,0.006,484,100,4.2
784.5,0.008,484,100,3.6
785.0,0.005,485,100,3.6
785.5,0.006,485,100,3.0
786.0,0.005,485,99,3.0
786.5,0.008,486,99,3.0
787.0,0.006,486,99,3.0
787.5,0.006,486,99,3.6
788.0,0.005,486,99,4.2
788.5,0.005,487,100,3.6
789.0,0.005,487,100,4.2
789.5,0.011,487,100,4.800000000000001
790.0,0.005,488,101,4.800000000000001
790.5,0.006,488,101,4.2
791.0,0.006,488,100,3.6
791.5,0.006,489,101,3.6
792.0,0.005,489,101,3.6
792.5,0.008,489,100,3.6
793.0,0.006,489,100,3.6
793.5,0.005,490,101,3.6
794.0,0.005,490,100,3.6
794.5,0.006,490,100,3.6
795.0,0.005,491,101,3.6
795.5,0.01,491,100,3.0
796.0,0.005,491,100,3.0
796.5,0.005,492,100,3.0
797.0,0.006,492,101,2.4000000000000004
797.5,0.005,492,101,3.0
798.0,0.006,492,101,3.0
798.5,0.01,493,100,3.6
799.0,0.005,493,100,3.0
799.5,0.006,493,100,1.8
800.0,0.006,494,101,1.8
800.5,0.006,494,101,1.8
801.0,0.003,494,101,1.2000000000000002
801.5,0.008,495,100,1.2000000000000002
802.0,0.005,495,100,1.2000000000000002
802.5,0.003,495,99,1.2000000000000002
803.0,0.006,496,99,1.2000000000000002
803.5,0.006,496,98,1.2000000000000002
804.0,0.005,496,98,1.2000000000000002
804.5,0.006,496,98,1.2000000000000002
805.0,0.006,497,98,0.0
805.5,0.005,497,98,0.0
806.0,0.005,497,98,0.0
806.5,0.005,498,98,0.0
807.0,0.005,498,98,0.0
807.5,0.005,498,98,0.0
808.0,0.01,499,98,0.0
808.5,0.005,499,98,0.0
809.0,0.008,499,98,0.0
809.5,0.006,499,99,0.0
810.0,0.006,500,99,0.0
810.5,0.006,500,99,0.0
811.0,0.008,500,100,0.0
811.5,0.005,501,100,0.6000000000000001
812.0,0.008,501,101,0.0
812.5,0.006,501,101,0.0
813.0,0.006,501,100,0.0
813.5,0.006,502,100,0.0
814.0,0.008,502,100,0.0
814.5,0.006,502,100,0.0
815.0,0.008,503,99,1.2000000000000002
815.5,0.008,503,99,2.4000000000000004
816.0,0.006,503,99,3.6
816.5,0.005,504,100,4.2
817.0,0.008,504,100,3.6
817.5,0.006,504,100,3.6
818.0,0.008,505,100,3.6
818.5,0.006,505,99,3.0
819.0,0.006,505,99,3.0
819.5,0.005,505,99,3.0
820.0,0.008,506,99,3.0
820.5,0.006,506,99,3.6
821.0,0.008,506,100,3.6
821.5,0.006,507,100,4.2
822.0,0.006,507,100,4.800000000000001
822.5,0.005,507,100,4.2
823.0,0.008,507,100,4.2
823.5,0.005,508,100,3.6
824.0,0.008,508,100,3.6
824.5,0.006,508,100,3.0
825.0,0.006,509,100,3.6
825.5,0.005,509,100,3.6
826.0,0.006,509,100,3.6
826.5,0.006,510,100,3.6
827.0,0.008,510,100,3.6
827.5,0.006,510,100,3.6
828.0,0.005,511,100,3.6
828.5,0.006,511,100,3.0
829.0,0.008,511,100,3.0
829.5,0.01,511,100,3.0
830.0,0.008,512,100,3.0
830.5,0.006,512,100,3.0
831.0,0.006,512,100,3.6
831.5,0.005,513,100,3.0
832.0,0.008,513,100,2.4000000000000004
832.5,0.008,513,100,1.8
833.0,0.006,514,100,1.8
833.5,0.006,514,101,1.2000000000000002
834.0,0.005,514,100,1.2000000000000002
834.5,0.006,514,99,1.2000000000000002
835.0,0.006,515,99,1.2000000000000002
835.5,0.006,515,99,1.2000000000000002
836.0,0.006,515,98,1.2000000000000002
836.5,0.006,516,97,1.2000000000000002
837.0,0.003,516,97,1.2000000000000002
837.5,0.006,516,97,0.6000000000000001
838.0,0.006,516,98,0.0
838.5,0.008,517,97,0.0
839.0,0.006,517,98,0.0
839.5,0.008,517,98,0.0
840.0,0.005,518,98,0.0
840.5,0.008,518,97,0.0
841.0,0.005,518,98,0.0
841.5,0.008,519,98,0.0
842.0,0.006,519,98,0.0
842.5,0.008,519,99,0.0
843.0,0.006,520,99,0.0
843.5,0.008,520,99,0.0
844.0,0.006,520,100,0.6000000000000001
844.5,0.01,520,100,0.6000000000000001
845.0,0.008,521,100,0.6000000000000001
845.5,0.008,521,100,0.0
846.0,0.006,521,100,0.0
846.5,0.008,522,100,0.0
847.0,0.006,522,100,0.0
847.5,0.008,522,99,0.6000000000000001
848.0,0.008,522,99,1.8
848.5,0.01,523,99,3.6
849.0,0.008,523,99,4.2
849.5,0.01,523,100,4.2
850.0,0.008,524,100,3.6
850.5,0.008,524,100,3.6
851.0,0.01,524,99,3.6
851.5,0.01,525,99,3.0
852.0,0.008,525,99,3.0
852.5,0.008,525,99,3.6
853.0,0.006,525,99,3.6
853.5,0.008,526,99,4.2
854.0,0.008,526,100,4.2
854.5,0.01,526,100,4.800000000000001
855.0,0.01,527,100,4.800000000000001
855.5,0.008,527,100,4.800000000000001
856.0,0.008,527,100,4.2
856.5,0.008,528,100,3.6
857.0,0.008,528,100,3.6
857.5,0.01,528,100,3.6
858.0,0.006,529,100,4.2
858.5,0.008,529,100,4.2
859.0,0.008,529,100,3.6
859.5,0.008,529,100,3.6
860.0,0.008,530,100,3.6
860.5,0.011,530,100,3.6
861.0,0.01,530,100,3.6
861.5,0.008,531,101,3.0
862.0,0.008,531,100,3.0
862.5,0.01,531,101,3.0
863.0,0.008,532,101,3.0
863.5,0.01,532,101,3.0
864.0,0.008,532,100,3.6
864.5,0.01,532,100,2.4000000000000004
865.0,0.01,533,101,1.8
865.5,0.008,533,101,1.8
866.0,0.008,533,101,1.8
866.5,0.01,534,101,1.8
867.0,0.008,534,100,1.8
867.5,0.008,534,99,1.2000000000000002
868.0,0.01,535,99,1.2000000000000002
868.5,0.008,535,99,1.2000000000000002
869.0,0.006,535,98,1.2000000000000002
869.5,0.01,535,98,1.2000000000000002
870.0,0.008,536,98,0.6000000000000001
870.5,0.006,536,98,0.0
871.0,0.008,536,98,0.0
871.5,0.008,537,98,0.0
872.0,0.008,537,98,0.0
872.5,0.011,537,98,0.0
873.0,0.008,537,98,0.0
873.5,0.006,538,98,0.0
874.0,0.008,538,97,0.0
874.5,0.008,538,98,0.0
875.0,0.008,539,99,0.0
875.5,0.008,539,99,0.0
876.0,0.01,539,99,0.0
876.5,0.008,540,100,0.6000000000000001
877.0,0.01,540,100,0.6000000000000001
877.5,0.008,540,100,0.6000000000000001
878.0,0.01,540,100,0.6000000000000001
878.5,0.01,541,100,0.6000000000000001
879.0,0.01,541,100,0.6000000000000001
879.5,0.008,541,100,0.0
880.0,0.008,542,99,0.0
880.5,0.008,542,99,1.8
881.0,0.011,542,99,3.0
881.5,0.01,543,99,3.6
882.0,0.01,543,100,3.6
882.5,0.01,543,100,3.6
883.0,0.011,544,100,3.6
883.5,0.01,544,99,3.0
884.0,0.011,544,99,3.0
884.5,0.01,544,99,3.0
885.0,0.01,545,98,3.0
885.5,0.008,545,99,3.6
886.0,0.011,545,99,3.6
886.5,0.01,546,99,3.6
887.0,0.008,546,99,4.2
887.5,0.01,546,100,4.800000000000001
888.0,0.01,546,100,4.800000000000001
888.5,0.008,547,100,4.2
889.0,0.013,547,100,3.6
889.5,0.01,547,100,3.6
890.0,0.008,548,99,3.6
890.5,0.01,548,100,3.6
891.0,0.01,548,100,4.2
891.5,0.01,549,100,4.2
892.0,0.011,549,100,3.6
892.5,0.011,552,100,2.4000000000000004
893.0,0.011,553,101,1.8
893.5,0.01,553,101,1.2000000000000002
894.0,0.01,553,101,1.2000000000000002
894.5,0.01,553,100,1.2000000000000002
895.0,0.01,554,100,1.2000000000000002
895.5,0.01,554,99,1.2000000000000002
896.0,0.01,554,99,1.2000000000000002
896.5,0.01,555,98,1.2000000000000002
897.0,0.008,555,98,1.2000000000000002
897.5,0.01,555,98,1.2000000000000002
898.0,0.008,555,98,0.0
898.5,0.01,556,98,0.0
899.0,0.01,556,98,0.0
899.5,0.01,556,98,0.0
900.0,0.008,557,98,0.0
900.5,0.01,557,98,0.0
901.0,0.01,557,98,0.0
901.5,0.01,558,98,0.0
902.0,0.011,558,98,0.0
902.5,0.01,558,98,0.0
903.0,0.008,558,99,0.0
903.5,0.01,559,99,0.0
904.0,0.008,559,100,0.0
904.5,0.01,559,101,0.0
905.0,0.01,560,101,0.0
905.5,0.011,560,101,0.0
906.0,0.008,560,101,0.0
906.5,0.011,561,100,0.0
907.0,0.011,561,100,0.0
907.5,0.01,561,100,0.0
908.0,0.01,561,100,0.6000000000000001
908.5,0.01,562,99,2.4000000000000004
909.0,0.01,562,99,3.6
909.5,0.01,562,100,4.2
910.0,0.01,563,100,3.6
910.5,0.01,563,100,3.6
911.0,0.01,563,100,3.6
911.5,0.01,564,99,3.0
912.0,0.01,564,99,3.0
912.5,0.011,564,99,3.0
913.0,0.01,564,99,3.6
913.5,0.008,565,99,3.6
914.0,0.008,565,100,3.6
914.5,0.008,565,100,4.2
915.0,0.01,566,100,4.800000000000001
915.5,0.011,566,100,4.800000000000001
916.0,0.01,566,100,4.2
916.5,0.01,567,101,4.2
917.0,0.01,567,100,3.6
917.5,0.008,567,100,3.6
918.0,0.008,568,100,3.6
918.5,0.013,568,100,4.2
919.0,0.011,568,100,4.2
919.5,0.01,568,100,3.6
920.0,0.008,569,100,3.6
920.5,0.008,569,100,3.6
921.0,0.008,569,100,3.6
921.5,0.015,570,100,3.6
922.0,0.01,570,101,3.0
922.5,0.01,570,101,3.0
923.0,0.01,571,100,3.0
923.5,0.01,571,101,3.0
924.0,0.008,571,101,3.6
924.5,0.013,571,100,3.0
925.0,0.008,572,100,2.4000000000000004
925.5,0.01,572,101,1.8
926.0,0.01,572,101,1.8
926.5,0.01,573,101,1.2000000000000002
927.0,0.008,573,101,1.2000000000000002
927.5,0.011,573,100,1.2000000000000002
928.0,0.008,574,99,1.2000000000000002
928.5,0.01,574,99,1.2000000000000002
929.0,0.01,574,99,1.2000000000000002
929.5,0.01,574,98,1.2000000000000002
930.0,0.008,575,98,1.2000000000000002
930.5,0.011,575,98,0.6000000000000001
931.0,0.008,575,98,0.0
931.5,0.01,576,98,0.0
932.0,0.01,576,98,0.0
932.5,0.01,576,99,0.0
933.0,0.01,577,98,0.0
933.5,0.01,577,98,0.0
934.0,0.008,577,98,0.0
934.5,0.006,577,98,0.0
935.0,0.01,578,98,0.0
935.5,0.01,578,99,0.0
936.0,0.01,578,100,0.0
936.5,0.008,579,100,0.0
937.0,0.011,579,100,0.6000000000000001
937.5,0.01,579,101,0.0
938.0,0.01,579,101,0.0
938.5,0.01,580,101,0.0
939.0,0.01,580,100,0.0
939.5,0.008,580,100,0.0
940.0,0.011,581,100,0.0
940.5,0.008,581,100,0.6000000000000001
941.0,0.011,581,99,2.4000000000000004
941.5,0.01,582,99,3.6
942.0,0.01,582,100,4.2
942.5,0.008,582,101,4.2
943.0,0.011,583,100,3.6
943.5,0.01,583,100,3.6
944.0,0.01,583,99,3.0
944.5,0.011,583,99,3.0
945.0,0.01,584,99,3.6
945.5,0.01,584,99,3.6
946.0,0.011,584,99,3.6
946.5,0.01,585,100,3.6
947.0,0.01,585,100,4.2
947.5,0.01,585,100,4.800000000000001
948.0,0.01,586,100,4.800000000000001
948.5,0.008,586,100,4.2
949.0,0.01,586,101,3.6
949.5,0.01,586,100,3.6
950.0,0.01,587,100,3.6
950.5,0.01,587,100,3.6
951.0,0.008,587,100,4.2
951.5,0.008,588,100,4.2
952.0,0.01,588,100,3.6
952.5,0.008,588,100,3.6
953.0,0.013,589,100,3.6
953.5,0.011,589,100,3.6
954.0,0.01,589,101,3.0
954.5,0.01,589,101,3.0
955.0,0.011,590,101,3.0
955.5,0.01,590,101,3.0
956.0,0.011,590,101,3.0
956.5,0.01,591,100,3.6
957.0,0.01,591,101,3.0
957.5,0.008,591,100,2.4000000000000004
958.0,0.013,592,101,1.8
958.5,0.01,592,101,1.8
959.0,0.011,592,101,1.8
959.5,0.01,593,101,1.2000000000000002
960.0,0.01,593,100,1.2000000000000002
960.5,0.008,593,99,1.2000000000000002
961.0,0.011,593,99,1.2000000000000002
961.5,0.01,594,98,1.2000000000000002
962.0,0.01,594,98,1.2000000000000002
962.5,0.01,594,98,1.2000000000000002
963.0,0.01,595,98,0.6000000000000001
963.5,0.01,595,98,0.0
964.0,0.011,595,98,0.0
964.5,0.01,595,98,0.0
965.0,0.011,596,98,0.0
965.5,0.011,596,99,0.0
966.0,0.01,596,98,0.0
966.5,0.01,597,98,0.0
967.0,0.013,597,98,0.0
967.5,0.01,597,99,0.0
968.0,0.01,598,99,0.0
968.5,0.011,598,99,0.0
969.0,0.01,598,100,0.0
969.5,0.01,598,100,0.6000000000000001
970.0,0.01,599,101,0.6000000000000001
970.5,0.01,599,101,0.6000000000000001
971.0,0.011,599,101,0.0
971.5,0.011,600,100,0.0
972.0,0.01,600,100,0.0
972.5,0.008,600,100,0.0
973.0,0.01,601,100,0.6000000000000001
973.5,0.011,601,99,1.8
974.0,0.01,601,99,3.6
974.5,0.011,601,100,4.2
975.0,0.01,602,100,4.2
975.5,0.01,602,100,3.6
976.0,0.01,602,100,3.6
976.5,0.01,603,99,3.0
977.0,0.01,603,99,3.0
977.5,0.011,603,99,3.0
978.0,0.01,604,99,3.6
978.5,0.008,604,99,3.6
979.0,0.01,604,99,3.6
979.5,0.01,604,99,3.6
980.0,0.011,605,100,4.800000000000001
980.5,0.01,605,100,4.800000000000001
981.0,0.008,605,100,4.800000000000001
981.5,0.01,606,100,4.2
982.0,0.01,606,100,3.6
982.5,0.01,606,100,3.6
983.0,0.01,607,100,3.6
983.5,0.01,607,100,4.2
984.0,0.01,607,100,4.2
984.5,0.011,608,99,3.6
985.0,0.008,608,100,3.6
985.5,0.01,608,100,3.6
986.0,0.013,608,100,3.6
986.5,0.01,609,100,3.6
987.0,0.008,609,101,3.0
987.5,0.01,609,100,3.0
988.0,0.01,610,100,3.0
988.5,0.011,610,101,3.0
989.0,0.011,610,101,3.6
989.5,0.011,611,100,3.6
990.0,0.01,611,100,2.4000000000000004
990.5,0.01,611,100,1.8
991.0,0.01,611,101,1.8
991.5,0.011,612,101,1.2000000000000002
992.0,0.01,612,101,1.2000000000000002
992.5,0.013,612,100,1.2000000000000002
993.0,0.01,613,100,1.2000000000000002
993.5,0.011,613,99,1.2000000000000002
994.0,0.01,613,99,1.2000000000000002
994.5,0.01,613,98,1.2000000000000002
995.0,0.01,614,98,1.2000000000000002
995.5,0.013,614,98,0.6000000000000001
996.0,0.01,614,98,0.0
996.5,0.011,615,98,0.0
997.0,0.01,615,98,0.0
997.5,0.011,615,98,0.0
998.0,0.008,616,98,0.0
998.5,0.011,616,98,0.0
999.0,0.008,616,98,0.0
999.5,0.01,616,98,0.0
1000.0,0.01,617,98,0.0
1000.5,0.011,617,99,0.0
1001.0,0.01,617,99,0.0
1001.5,0.011,618,99,0.0
1002.0,0.01,618,100,0.6000000000000001
1002.5,0.011,618,100,0.0
1003.0,0.01,619,101,0.0
1003.5,0.011,619,101,0.0
1004.0,0.01,619,100,0.0
1004.5,0.011,619,100,0.0
1005.0,0.01,620,100,0.0
1005.5,0.011,620,100,0.0
1006.0,0.013,620,99,1.8
1006.5,0.011,621,99,3.0
1007.0,0.01,623,99,3.0
1007.5,0.01,623,99,3.0
1008.0,0.01,623,98,3.0
1008.5,0.011,623,98,3.6
1009.0,0.011,624,99,3.6
1009.5,0.011,624,99,3.6
1010.0,0.01,624,99,4.2
1010.5,0.01,625,100,4.800000000000001
1011.0,0.01,625,100,4.800000000000001
1011.5,0.01,625,100,4.2
1012.0,0.008,625,100,3.6
1012.5,0.01,626,100,3.6
1013.0,0.01,626,100,3.6
1013.5,0.01,626,100,3.6
1014.0,0.008,627,100,4.2
1014.5,0.01,627,100,3.6
1015.0,0.01,627,100,3.6
1015.5,0.01,628,100,3.6
1016.0,0.01,628,100,3.6
1016.5,0.011,628,100,3.0
1017.0,0.008,628,101,3.0
1017.5,0.01,629,101,3.0
1018.0,0.01,629,100,2.4000000000000004
1018.5,0.011,629,101,2.4000000000000004
1019.0,0.011,630,101,3.0
1019.5,0.011,630,101,3.6
1020.0,0.011,630,100,3.0
1020.5,0.011,631,100,1.8
1021.0,0.011,631,101,1.8
1021.5,0.01,631,101,1.8
1022.0,0.01,632,101,1.2000000000000002
1022.5,0.01,632,100,1.2000000000000002
1023.0,0.01,632,100,1.2000000000000002
1023.5,0.011,632,99,1.2000000000000002
1024.0,0.011,633,99,1.2000000000000002
1024.5,0.011,633,98,1.2000000000000002
1025.0,0.01,633,98,1.2000000000000002
1025.5,0.01,634,98,0.6000000000000001
1026.0,0.01,634,98,0.0
1026.5,0.011,634,98,0.0
1027.0,0.011,634,98,0.0
1027.5,0.011,635,98,0.0
1028.0,0.01,635,98,0.0
1028.5,0.01,635,98,0.0
1029.0,0.01,636,98,0.0
1029.5,0.011,636,99,0.0
1030.0,0.011,636,98,0.0
1030.5,0.011,637,98,0.0
1031.0,0.01,637,100,0.0
1031.5,0.01,637,99,0.0
1032.0,0.01,637,100,0.0
1032.5,0.01,638,101,0.0
1033.0,0.01,638,101,0.0
1033.5,0.01,638,101,0.0
1034.0,0.01,639,101,0.0
1034.5,0.008,639,100,0.0
1035.0,0.01,639,100,0.0
1035.5,0.01,640,100,0.0
1036.0,0.01,640,99,1.2000000000000002
1036.5,0.01,640,99,3.0
1037.0,0.01,641,100,3.6
1037.5,0.011,641,100,4.2
1038.0,0.011,641,100,3.6
1038.5,0.011,641,100,3.6
1039.0,0.01,642,100,3.0
1039.5,0.01,642,99,3.0
1040.0,0.01,642,99,3.0
1040.5,0.011,643,99,3.0
1041.0,0.011,643,99,3.6
1041.5,0.011,643,99,3.6
1042.0,0.01,643,99,3.6
1042.5,0.013,644,100,4.2
1043.0,0.011,644,100,4.800000000000001
1043.5,0.013,644,100,4.800000000000001
1044.0,0.01,645,100,4.2
1044.5,0.01,645,100,3.6
1045.0,0.008,645,100,3.6
1045.5,0.008,646,100,3.6
1046.0,0.01,646,100,3.6
1046.5,0.011,646,100,3.6
1047.0,0.01,647,100,4.2
1047.5,0.008,647,100,3.6
1048.0,0.008,647,100,3.6
1048.5,0.01,647,100,3.6
1049.0,0.01,648,100,3.6
1049.5,0.008,648,100,3.0
1050.0,0.01,648,100,3.0
1050.5,0.01,649,101,3.0
1051.0,0.008,649,101,3.0
1051.5,0.01,649,100,3.0
1052.0,0.008,650,101,3.6
1052.5,0.01,650,101,3.0
1053.0,0.01,650,100,2.4000000000000004
1053.5,0.01,650,101,1.8
1054.0,0.008,651,101,1.2000000000000002
1054.5,0.01,651,101,1.2000000000000002
1055.0,0.01,651,101,1.2000000000000002
1055.5,0.01,652,100,1.2000000000000002
1056.0,0.011,652,99,1.2000000000000002
1056.5,0.01,652,99,1.2000000000000002
1057.0,0.01,652,98,1.2000000000000002
1057.5,0.01,653,98,1.2000000000000002
1058.0,0.008,653,98,1.2000000000000002
1058.5,0.008,653,98,0.6000000000000001
1059.0,0.011,654,98,0.0
1059.5,0.008,654,98,0.0
1060.0,0.008,654,98,0.0
1060.5,0.008,655,98,0.0
1061.0,0.01,655,98,0.0
1061.5,0.008,655,98,0.0
1062.0,0.01,656,98,0.0
1062.5,0.008,656,98,0.0
1063.0,0.008,656,98,0.0
1063.5,0.008,656,99,0.0
1064.0,0.008,657,99,0.0
1064.5,0.006,657,100,0.0
1065.0,0.01,657,100,0.6000000000000001
1065.5,0.008,658,101,0.0
1066.0,0.008,658,101,0.6000000000000001
1066.5,0.006,658,100,0.0
1067.0,0.008,659,100,0.0
1067.5,0.006,659,100,0.0
1068.0,0.01,659,100,0.0
1068.5,0.008,659,99,0.6000000000000001
1069.0,0.006,660,99,2.4000000000000004
1069.5,0.006,660,99,3.6
1070.0,0.008,660,100,4.2
1070.5,0.008,661,100,4.2
1071.0,0.01,661,100,3.6
1071.5,0.008,661,100,3.6
1072.0,0.01,662,99,3.0
1072.5,0.008,662,99,3.0
1073.0,0.008,662,99,3.0
1073.5,0.008,662,99,3.6
1074.0,0.013,663,99,3.6
1074.5,0.008,663,99,3.6
1075.0,0.008,663,99,4.2
1075.5,0.006,664,99,4.2
1076.0,0.008,664,100,4.800000000000001
1076.5,0.006,664,100,4.2
1077.0,0.01,665,100,4.2
1077.5,0.008,665,100,3.6
1078.0,0.008,665,100,3.6
1078.5,0.006,665,100,3.6
1079.0,0.006,666,100,4.2
1079.5,0.006,666,100,4.2
1080.0,0.011,666,100,3.6
1080.5,0.006,667,100,3.6
1081.0,0.006,667,100,3.6
1081.5,0.008,667,100,3.6
1082.0,0.008,667,101,3.6
1082.5,0.006,668,101,3.0
1083.0,0.011,668,101,3.0
1083.5,0.008,668,101,3.0
1084.0,0.006,669,101,3.0
1084.5,0.008,669,101,3.0
1085.0,0.008,669,101,3.0
1085.5,0.006,670,101,2.4000000000000004
1086.0,0.01,670,101,1.8
1086.5,0.01,670,101,1.8
1087.0,0.006,671,101,1.8
1087.5,0.006,671,101,1.2000000000000002
1088.0,0.006,671,100,1.2000000000000002
1088.5,0.005,671,100,1.2000000000000002
1089.0,0.008,672,99,1.2000000000000002
1089.5,0.01,672,99,1.2000000000000002
1090.0,0.006,672,98,1.2000000000000002
1090.5,0.008,673,98,1.2000000000000002
1091.0,0.008,673,98,0.6000000000000001
1091.5,0.008,673,98,0.0
1092.0,0.008,674,98,0.0
1092.5,0.008,674,98,0.0
1093.0,0.008,674,99,0.0
1093.5,0.008,674,98,0.0
1094.0,0.008,675,98,0.0
1094.5,0.008,675,99,0.0
1095.0,0.006,675,98,0.0
1095.5,0.008,676,99,0.0
1096.0,0.006,676,99,0.0
1096.5,0.01,676,99,0.0
1097.0,0.008,676,100,0.0
1097.5,0.005,677,101,0.0
1098.0,0.005,677,101,0.0
1098.5,0.01,677,101,0.6000000000000001
1099.0,0.008,678,101,0.0
1099.5,0.006,678,100,0.0
1100.0,0.006,678,100,0.0
1100.5,0.006,679,100,0.0
1101.0,0.006,679,100,0.6000000000000001
1101.5,0.008,679,100,1.8
1102.0,0.006,680,99,3.0
1102.5,0.01,680,100,3.6
1103.0,0.01,680,100,3.6
1103.5,0.008,680,100,3.6
1104.0,0.008,681,100,3.0
1104.5,0.01,681,99,3.0
1105.0,0.01,681,99,3.0
1105.5,0.01,682,99,3.0
1106.0,0.01,682,99,3.0
1106.5,0.008,682,99,3.6
1107.0,0.01,683,99,3.6
1107.5,0.01,683,100,3.6
1108.0,0.008,683,100,4.2
1108.5,0.011,683,100,4.800000000000001
1109.0,0.01,684,100,4.2
1109.5,0.01,684,100,3.6
1110.0,0.008,684,100,3.6
1110.5,0.008,685,100,3.6
1111.0,0.008,685,100,3.6
1111.5,0.011,685,100,3.6
1112.0,0.008,686,100,4.2
1112.5,0.01,686,100,3.6
1113.0,0.006,686,100,3.6
1113.5,0.008,686,100,3.6
1114.0,0.008,687,100,3.6
1114.5,0.01,687,100,3.0
1115.0,0.008,687,101,3.0
1115.5,0.008,688,100,3.0
1116.0,0.006,688,100,3.0
1116.5,0.01,688,101,3.0
1117.0,0.01,689,101,3.0
1117.5,0.01,689,100,3.0
1118.0,0.01,689,100,2.4000000000000004
1118.5,0.008,690,101,1.8
1119.0,0.006,690,101,1.8
1119.5,0.01,690,101,1.8
1120.0,0.008,690,101,1.2000000000000002
1120.5,0.01,691,101,1.2000000000000002
1121.0,0.01,691,100,1.2000000000000002
1121.5,0.008,691,99,1.2000000000000002
1122.0,0.008,692,99,1.2000000000000002
1122.5,0.01,692,98,1.2000000000000002
1123.0,0.008,692,98,1.2000000000000002
1123.5,0.011,692,98,0.6000000000000001
1124.0,0.01,693,98,0.0
1124.5,0.008,693,98,0.0
1125.0,0.01,694,98,0.0
1125.5,0.008,694,98,0.0
1126.0,0.013,694,98,0.0
1126.5,0.008,695,98,0.0
1127.0,0.008,695,98,0.0
1127.5,0.008,695,98,0.0
1128.0,0.008,696,98,0.0
1128.5,0.008,696,99,0.0
1129.0,0.011,696,99,0.0
1129.5,0.008,696,100,0.0
1130.0,0.005,697,100,0.6000000000000001
1130.5,0.008,697,100,0.6000000000000001
1131.0,0.008,697,100,0.0
1131.5,0.008,698,100,0.0
1132.0,0.008,698,100,0.0
1132.5,0.008,698,100,0.0
1133.0,0.008,698,99,0.0
1133.5,0.008,699,99,1.8
1134.0,0.008,699,99,3.0
1134.5,0.008,699,99,4.2
1135.0,0.008,700,100,4.2
1135.5,0.008,700,100,3.6
1136.0,0.008,700,100,3.6
1136.5,0.01,701,99,3.6
1137.0,0.01,701,99,3.0
1137.5,0.01,701,99,3.0
1138.0,0.008,701,98,3.6
1138.5,0.008,702,98,3.6
1139.0,0.008,702,99,4.2
1139.5,0.01,702,99,3.6
1140.0,0.008,703,99,4.2
1140.5,0.01,703,100,4.800000000000001
1141.0,0.008,703,100,4.800000000000001
1141.5,0.01,704,100,4.2
1142.0,0.01,704,100,3.6
1142.5,0.008,704,100,3.6
1143.0,0.006,704,100,3.6
1143.5,0.01,705,100,3.6
1144.0,0.006,705,100,4.2
1144.5,0.008,705,100,4.2
1145.0,0.01,706,100,3.6
1145.5,0.01,706,100,3.6
1146.0,0.008,706,100,3.6
1146.5,0.008,706,100,3.6
1147.0,0.006,707,100,3.0
1147.5,0.008,707,100,3.0
1148.0,0.008,707,100,3.0
1148.5,0.01,708,100,3.0
1149.0,0.008,708,100,3.0
1149.5,0.008,708,100,3.6
1150.0,0.008,709,100,3.0
1150.5,0.01,709,100,2.4000000000000004
1151.0,0.008,709,101,1.8
1151.5,0.01,710,101,1.8
1152.0,0.008,710,101,1.2000000000000002
1152.5,0.008,710,100,1.2000000000000002
1153.0,0.008,710,100,1.2000000000000002
1153.5,0.008,711,99,1.2000000000000002
1154.0,0.01,711,99,1.2000000000000002
1154.5,0.01,711,98,1.2000000000000002
1155.0,0.008,712,98,1.8
1155.5,0.008,712,98,1.2000000000000002
1156.0,0.008,712,98,0.0
1156.5,0.011,713,98,0.0
1157.0,0.008,713,98,0.0
1157.5,0.008,713,98,0.0
1158.0,0.008,713,98,0.0
1158.5,0.008,714,98,0.0
1159.0,0.01,714,98,0.0
1159.5,0.008,714,98,0.0
1160.0,0.01,715,98,0.0
1160.5,0.008,715,98,0.0
1161.0,0.008,715,99,0.0
1161.5,0.008,715,99,0.0
1162.0,0.008,716,100,0.0
1162.5,0.008,716,101,0.6000000000000001
1163.0,0.008,716,101,0.6000000000000001
1163.5,0.008,717,101,0.0
1164.0,0.008,717,101,0.6000000000000001
1164.5,0.008,717,100,0.0
1165.0,0.008,718,100,0.0
1165.5,0.008,718,100,0.0
1166.0,0.006,718,100,1.2000000000000002
1166.5,0.006,719,99,2.4000000000000004
1167.0,0.008,719,99,3.6
1167.5,0.008,719,100,3.6
1168.0,0.011,719,100,3.6
1168.5,0.01,720,100,3.6
1169.0,0.01,720,100,3.0
1169.5,0.008,720,99,3.0
1170.0,0.01,721,99,3.0
1170.5,0.008,721,99,3.0
1171.0,0.01,721,99,3.0
1171.5,0.008,722,99,3.6
1172.0,0.01,722,100,3.6
1172.5,0.01,722,100,4.2
1173.0,0.01,722,100,4.800000000000001
1173.5,0.01,723,100,4.2
1174.0,0.01,723,100,4.2
1174.5,0.008,723,101,3.6
1175.0,0.008,724,100,3.0
1175.5,0.008,724,100,3.0
1176.0,0.01,724,100,3.6
1176.5,0.011,725,100,4.2
1177.0,0.011,725,100,4.2
1177.5,0.01,725,100,3.6
1178.0,0.008,725,101,3.6
1178.5,0.008,726,100,3.6
1179.0,0.01,726,100,3.6
1179.5,0.008,726,101,3.0
1180.0,0.01,727,101,3.0
1180.5,0.008,727,100,3.0
1181.0,0.008,727,101,3.0
1181.5,0.01,728,101,3.0
1182.0,0.01,728,101,3.0
1182.5,0.008,728,100,3.0
1183.0,0.01,729,100,2.4000000000000004
1183.5,0.008,729,101,1.8
1184.0,0.008,729,101,1.8
1184.5,0.008,729,101,1.2000000000000002
1185.0,0.01,730,101,1.2000000000000002
1185.5,0.008,730,100,1.2000000000000002
1186.0,0.01,730,100,1.2000000000000002
1186.5,0.008,731,99,1.2000000000000002
1187.0,0.01,731,99,1.2000000000000002
1187.5,0.01,731,98,1.2000000000000002
1188.0,0.01,731,98,1.2000000000000002
1188.5,0.008,732,98,0.6000000000000001
1189.0,0.013,732,98,0.0
1189.5,0.011,732,98,0.0
1190.0,0.01,733,98,0.0
1190.5,0.01,733,99,0.0
1191.0,0.011,733,99,0.0
1191.5,0.01,734,98,0.0
1192.0,0.011,734,98,0.0
1192.5,0.01,734,98,0.0
1193.0,0.011,735,99,0.0
1193.5,0.01,735,99,0.0
1194.0,0.011,735,99,0.0
1194.5,0.01,735,100,0.0
1195.0,0.013,736,101,0.0
1195.5,0.01,736,101,0.0
1196.0,0.01,736,101,0.6000000000000001
1196.5,0.008,737,101,0.0
1197.0,0.011,737,101,0.0
1197.5,0.008,737,100,0.0
1198.0,0.013,738,100,0.0
1198.5,0.01,738,100,0.6000000000000001
1199.0,0.01,738,99,2.4000000000000004
1199.5,0.01,738,99,3.6
1200.0,0.011,739,100,4.2
1200.5,0.008,739,101,4.2
1201.0,0.013,739,100,3.6
1201.5,0.01,740,100,3.6
1202.0,0.01,740,100,3.0
1202.5,0.01,740,99,3.0
1203.0,0.01,740,99,3.0
1203.5,0.01,741,99,3.0
1204.0,0.013,741,99,3.6
1204.5,0.013,741,100,3.6
1205.0,0.01,742,100,4.2
1205.5,0.011,742,100,4.800000000000001
1206.0,0.01,742,100,4.800000000000001
1206.5,0.01,743,100,4.2
1207.0,0.013,743,101,3.6
1207.5,0.013,743,100,3.6
1208.0,0.01,744,100,3.6
1208.5,0.01,744,100,3.6
1209.0,0.01,744,100,3.6
1209.5,0.008,744,101,4.2
1210.0,0.011,745,100,3.6
1210.5,0.011,745,100,3.6
1211.0,0.01,745,100,3.6
1211.5,0.011,746,100,3.6
1212.0,0.008,746,100,3.0
1212.5,0.008,746,100,3.0
1213.0,0.01,747,101,3.0
1213.5,0.011,747,100,3.0
1214.0,0.01,747,100,3.0
1214.5,0.008,747,100,3.0
1215.0,0.006,748,100,3.0
1215.5,0.011,748,100,2.4000000000000004
1216.0,0.01,748,100,1.8
1216.5,0.011,749,101,1.8
1217.0,0.008,749,101,1.2000000000000002
1217.5,0.01,749,100,1.2000000000000002
1218.0,0.008,750,99,1.2000000000000002
1218.5,0.008,750,99,1.2000000000000002
1219.0,0.011,750,98,1.2000000000000002
1219.5,0.01,751,98,1.2000000000000002
1220.0,0.01,751,98,1.2000000000000002
1220.5,0.01,751,98,0.0
1221.0,0.008,752,98,0.0
1221.5,0.008,752,98,0.0
1222.0,0.011,752,98,0.0
1222.5,0.01,753,98,0.0
1223.0,0.011,753,98,0.0
1223.5,0.011,753,98,0.0
1224.0,0.01,753,99,0.0
1224.5,0.01,754,98,0.0
1225.0,0.013,754,98,0.0
1225.5,0.01,754,99,0.0
1226.0,0.011,755,99,0.0
1226.5,0.01,755,100,0.0
1227.0,0.01,755,101,0.0
1227.5,0.008,756,101,0.0
1228.0,0.011,756,101,0.0
1228.5,0.008,756,101,0.0
1229.0,0.01,756,100,0.0
1229.5,0.01,757,100,0.0
1230.0,0.008,757,100,0.0
1230.5,0.008,757,100,0.6000000000000001
1231.0,0.01,758,99,1.8
1231.5,0.008,758,99,3.0
1232.0,0.011,758,100,3.6
1232.5,0.008,759,100,3.6
1233.0,0.008,759,100,3.6
1233.5,0.008,759,100,3.0
1234.0,0.011,759,99,3.0
1234.5,0.008,760,99,3.0
1235.0,0.011,760,99,3.0
1235.5,0.01,760,99,3.0
1236.0,0.01,761,99,3.6
1236.5,0.01,761,99,3.6
1237.0,0.011,761,100,3.6
1237.5,0.01,762,100,4.2
1238.0,0.011,762,100,4.2
1238.5,0.01,762,100,4.2
1239.0,0.008,762,100,3.6
1239.5,0.008,763,100,3.6
1240.0,0.01,763,100,3.0
1240.5,0.01,763,100,3.0
1241.0,0.01,764,100,3.6
1241.5,0.008,764,100,4.2
1242.0,0.008,764,100,3.6
1242.5,0.008,765,100,3.6
1243.0,0.01,765,100,3.6
1243.5,0.008,767,101,3.0
1244.0,0.008,767,101,3.0
1244.5,0.008,767,100,3.0
1245.0,0.01,768,100,2.4000000000000004
1245.5,0.008,768,100,1.8
1246.0,0.008,768,101,1.8
1246.5,0.006,769,101,1.2000000000000002
1247.0,0.01,769,101,1.2000000000000002
1247.5,0.01,769,100,1.2000000000000002
1248.0,0.008,769,99,1.2000000000000002
1248.5,0.01,770,99,1.2000000000000002
1249.0,0.006,770,99,1.2000000000000002
1249.5,0.008,770,98,1.2000000000000002
1250.0,0.01,771,98,1.2000000000000002
1250.5,0.008,771,98,0.6000000000000001
1251.0,0.01,771,98,0.0
1251.5,0.01,771,98,0.0
1252.0,0.008,772,98,0.0
1252.5,0.008,772,98,0.0
1253.0,0.01,772,98,0.0
1253.5,0.01,773,98,0.0
1254.0,0.01,773,98,0.0
1254.5,0.008,773,98,0.0
1255.0,0.008,774,98,0.0
1255.5,0.008,774,99,0.0
1256.0,0.01,774,99,0.0
1256.5,0.008,774,99,0.0
1257.0,0.01,775,100,0.0
1257.5,0.008,775,101,0.0
1258.0,0.008,775,101,0.0
1258.5,0.008,776,101,0.6000000000000001
1259.0,0.008,776,100,0.0
1259.5,0.008,776,100,0.0
1260.0,0.01,777,100,0.0
1260.5,0.01,777,100,0.0
1261.0,0.01,777,99,1.2000000000000002
1261.5,0.006,777,99,3.0
1262.0,0.01,778,99,3.6
1262.5,0.006,778,100,3.6
1263.0,0.01,778,100,3.6
1263.5,0.008,779,100,3.6
1264.0,0.01,779,99,3.0
1264.5,0.008,779,99,3.0
1265.0,0.01,780,99,3.0
1265.5,0.008,780,98,3.0
1266.0,0.011,780,98,3.6
1266.5,0.011,780,99,3.6
1267.0,0.008,781,99,3.6
1267.5,0.008,781,99,4.2
1268.0,0.01,781,100,4.2
1268.5,0.01,782,100,4.800000000000001
1269.0,0.01,782,100,4.2
1269.5,0.01,782,100,3.6
1270.0,0.008,783,100,3.6
1270.5,0.01,783,100,3.6
1271.0,0.008,783,100,3.6
1271.5,0.008,783,100,4.2
1272.0,0.01,784,100,3.6
1272.5,0.01,784,100,3.6
1273.0,0.006,784,100,3.6
1273.5,0.011,785,100,3.6
1274.0,0.006,785,100,3.6
1274.5,0.008,785,100,3.0
1275.0,0.011,786,100,3.0
1275.5,0.008,786,100,3.0
1276.0,0.006,786,100,3.0
1276.5,0.01,786,100,3.0
1277.0,0.008,787,100,3.6
1277.5,0.008,787,100,3.0
1278.0,0.01,787,100,1.8
1278.5,0.008,788,100,1.8
1279.0,0.008,788,100,1.2000000000000002
1279.5,0.008,788,100,1.2000000000000002
1280.0,0.008,789,100,1.2000000000000002
1280.5,0.008,789,99,1.2000000000000002
1281.0,0.01,789,99,1.2000000000000002
1281.5,0.008,789,98,1.2000000000000002
1282.0,0.008,790,98,1.2000000000000002
1282.5,0.008,790,97,1.2000000000000002
1283.0,0.006,790,98,1.2000000000000002
1283.5,0.01,791,97,0.0
1284.0,0.006,791,98,0.0
1284.5,0.01,791,98,0.0
1285.0,0.008,792,98,0.0
1285.5,0.008,792,98,0.0
1286.0,0.008,792,98,0.0
1286.5,0.01,792,98,0.0
1287.0,0.008,793,98,0.0
1287.5,0.011,793,98,0.0
1288.0,0.008,793,99,0.0
1288.5,0.01,794,98,0.0
1289.0,0.006,794,99,0.0
1289.5,0.008,794,100,0.0
1290.0,0.008,794,100,0.0
1290.5,0.01,795,101,0.6000000000000001
1291.0,0.008,795,101,0.6000000000000001
1291.5,0.01,795,100,0.0
1292.0,0.008,796,100,0.0
1292.5,0.01,796,100,0.0
1293.0,0.006,796,100,0.0
1293.5,0.01,797,99,0.6000000000000001
1294.0,0.006,797,99,2.4000000000000004
1294.5,0.01,797,99,3.6
1295.0,0.008,798,100,4.2
1295.5,0.01,798,100,4.2
1296.0,0.008,798,100,3.6
1296.5,0.008,798,100,3.6
1297.0,0.008,799,99,3.0
1297.5,0.01,799,99,3.0
1298.0,0.006,799,99,3.6
1298.5,0.008,800,99,3.6
1299.0,0.008,800,99,3.6
1299.5,0.006,800,99,3.6
1300.0,0.01,801,100,4.2
1300.5,0.01,801,100,4.2
1301.0,0.008,801,100,4.800000000000001
1301.5,0.008,801,100,4.2
1302.0,0.006,802,100,4.2
1302.5,0.008,802,100,3.6
1303.0,0.01,802,100,3.6
1303.5,0.01,803,100,3.6
1304.0,0.008,803,100,3.6
1304.5,0.008,803,100,4.2
1305.0,0.01,803,100,3.6
1305.5,0.008,804,100,3.6
1306.0,0.008,804,100,3.6
1306.5,0.01,804,100,3.6
1307.0,0.008,805,100,3.0
1307.5,0.006,805,100,3.0
1308.0,0.01,805,100,3.0
1308.5,0.008,806,100,3.0
1309.0,0.008,806,101,3.0
1309.5,0.01,806,100,3.0
1310.0,0.008,807,100,3.0
1310.5,0.006,807,100,2.4000000000000004
1311.0,0.008,807,100,2.4000000000000004
1311.5,0.006,808,101,1.8
1312.0,0.008,808,101,1.2000000000000002
1312.5,0.01,808,100,1.2000000000000002
1313.0,0.006,808,100,1.2000000000000002
1313.5,0.006,809,99,1.2000000000000002
1314.0,0.008,809,99,1.2000000000000002
1314.5,0.006,809,98,1.2000000000000002
1315.0,0.008,810,98,1.2000000000000002
1315.5,0.008,810,98,1.2000000000000002
1316.0,0.008,810,98,0.6000000000000001
1316.5,0.008,810,98,0.0
1317.0,0.01,811,98,0.0
1317.5,0.008,811,98,0.0
1318.0,0.01,811,98,0.0
1318.5,0.008,812,98,0.0
1319.0,0.01,812,98,0.0
1319.5,0.006,812,98,0.0
1320.0,0.01,812,98,0.0
1320.5,0.008,813,98,0.0
1321.0,0.01,813,99,0.0
1321.5,0.01,813,99,0.0
1322.0,0.011,814,99,0.0
1322.5,0.008,814,101,0.0
1323.0,0.01,814,100,0.0
1323.5,0.008,815,101,0.6000000000000001
1324.0,0.008,815,101,0.6000000000000001
1324.5,0.01,815,100,0.0
1325.0,0.008,816,100,0.0
1325.5,0.006,816,100,0.0
1326.0,0.008,816,100,0.6000000000000001
1326.5,0.008,816,99,1.8
1327.0,0.008,817,99,3.6
1327.5,0.008,817,100,4.2
1328.0,0.008,817,101,3.6
1328.5,0.008,818,100,3.6
1329.0,0.01,818,100,3.0
1329.5,0.01,818,100,3.0
1330.0,0.008,819,99,3.0
1330.5,0.006,819,99,3.0
1331.0,0.008,819,99,3.0
1331.5,0.006,819,99,3.6
1332.0,0.01,820,100,3.6
1332.5,0.008,820,100,3.6
1333.0,0.008,820,100,4.800000000000001
1333.5,0.008,821,100,4.2
1334.0,0.008,821,101,4.2
1334.5,0.008,821,101,3.6
1335.0,0.01,822,100,3.6
1335.5,0.008,822,100,3.0
1336.0,0.01,822,100,3.0
1336.5,0.006,822,100,3.6
1337.0,0.006,823,100,4.2
1337.5,0.006,823,100,3.6
1338.0,0.011,823,100,3.6
1338.5,0.008,824,100,3.6
1339.0,0.008,824,100,3.6
1339.5,0.006,824,100,3.6
1340.0,0.008,825,101,3.0
1340.5,0.006,825,100,3.0
1341.0,0.011,825,100,3.0
1341.5,0.005,826,101,3.0
1342.0,0.008,826,101,3.0
1342.5,0.006,826,100,3.6
1343.0,0.008,826,100,2.4000000000000004
1343.5,0.006,827,100,1.8
1344.0,0.011,827,101,1.8
1344.5,0.006,827,101,1.8
1345.0,0.006,828,101,1.2000000000000002
1345.5,0.008,828,100,1.2000000000000002
1346.0,0.008,828,99,1.2000000000000002
1346.5,0.005,828,99,1.2000000000000002
1347.0,0.01,829,99,1.2000000000000002
1347.5,0.008,829,98,1.2000000000000002
1348.0,0.006,829,98,1.2000000000000002
1348.5,0.008,830,98,0.6000000000000001
1349.0,0.008,830,98,0.0
1349.5,0.008,830,98,0.0
1350.0,0.008,831,98,0.0
1350.5,0.01,831,98,0.0
1351.0,0.006,831,98,0.0
1351.5,0.011,831,98,0.0
1352.0,0.01,832,98,0.0
1352.5,0.006,832,98,0.0
1353.0,0.006,832,98,0.0
1353.5,0.01,833,98,0.0
1354.0,0.006,833,100,0.0
1354.5,0.008,833,99,0.0
1355.0,0.008,834,100,0.0
1355.5,0.008,834,101,0.0
1356.0,0.006,834,101,0.6000000000000001
1356.5,0.01,834,101,0.0
1357.0,0.006,835,101,0.0
1357.5,0.01,835,100,0.0
1358.0,0.006,835,100,0.0
1358.5,0.006,836,100,0.0
1359.0,0.006,837,100,3.6
1359.5,0.008,837,100,3.0
1360.0,0.006,838,100,3.0
1360.5,0.008,838,99,3.0
1361.0,0.006,838,99,3.0
1361.5,0.008,839,99,3.0
1362.0,0.008,839,99,3.0
1362.5,0.008,839,99,3.6
1363.0,0.008,840,100,3.6
1363.5,0.008,840,100,4.2
1364.0,0.008,840,100,4.2
1364.5,0.01,841,100,4.2
1365.0,0.008,841,100,4.2
1365.5,0.008,841,100,3.6
1366.0,0.006,841,100,3.0
1366.5,0.01,842,100,3.0
1367.0,0.008,842,100,3.6
1367.5,0.01,842,100,4.2
1368.0,0.006,843,100,3.6
1368.5,0.008,843,100,3.6
1369.0,0.008,843,100,3.6
1369.5,0.01,843,100,3.6
1370.0,0.006,844,100,3.0
1370.5,0.011,844,100,3.0
1371.0,0.006,844,100,3.0
1371.5,0.006,845,101,3.0
1372.0,0.006,845,101,3.0
1372.5,0.01,845,101,3.0
1373.0,0.008,846,100,3.0
1373.5,0.01,846,100,2.4000000000000004
1374.0,0.006,846,100,1.8
1374.5,0.008,846,101,1.8
1375.0,0.006,847,101,1.8
1375.5,0.01,847,101,1.2000000000000002
1376.0,0.006,847,100,1.2000000000000002
1376.5,0.01,848,100,1.2000000000000002
1377.0,0.006,848,99,1.2000000000000002
1377.5,0.008,848,99,1.2000000000000002
1378.0,0.006,849,98,1.2000000000000002
1378.5,0.008,849,98,1.2000000000000002
1379.0,0.008,849,98,0.6000000000000001
1379.5,0.008,850,98,0.0
1380.0,0.008,850,98,0.0
1380.5,0.008,850,98,0.0
1381.0,0.006,850,98,0.0
1381.5,0.011,851,98,0.0
1382.0,0.01,851,98,0.0
1382.5,0.006,851,98,0.0
1383.0,0.008,852,98,0.0
1383.5,0.01,852,98,0.0
1384.0,0.006,852,98,0.0
1384.5,0.006,852,99,0.0
1385.0,0.01,853,100,0.0
1385.5,0.01,853,100,0.0
1386.0,0.008,853,101,0.0
1386.5,0.008,854,101,0.0
1387.0,0.008,854,101,0.0
1387.5,0.008,854,101,0.0
1388.0,0.008,855,100,0.0
1388.5,0.008,855,100,0.0
1389.0,0.008,855,100,0.0
1389.5,0.008,856,100,1.2000000000000002
1390.0,0.006,856,99,3.0
1390.5,0.008,856,100,3.6
1391.0,0.006,856,100,3.6
1391.5,0.006,857,100,3.6
1392.0,0.006,857,100,3.0
1392.5,0.008,857,100,3.0
1393.0,0.006,858,99,3.0
1393.5,0.006,858,99,3.0
1394.0,0.008,858,99,3.0
1394.5,0.008,859,99,3.6
1395.0,0.01,859,99,3.6
1395.5,0.008,859,99,3.6
1396.0,0.006,859,99,4.2
1396.5,0.008,860,100,4.800000000000001
1397.0,0.01,860,100,4.2
1397.5,0.006,860,100,4.2
1398.0,0.01,861,100,3.6
1398.5,0.008,861,100,3.6
1399.0,0.01,861,100,3.6
1399.5,0.008,861,100,3.6
1400.0,0.008,862,100,4.2
1400.5,0.008,862,100,3.6
1401.0,0.01,862,99,3.6
1401.5,0.008,863,100,3.6
1402.0,0.01,863,100,3.6
1402.5,0.008,863,100,3.0
1403.0,0.008,864,100,3.0
1403.5,0.008,864,100,3.0
1404.0,0.01,864,100,2.4000000000000004
1404.5,0.01,865,100,3.0
1405.0,0.01,865,100,3.0
1405.5,0.006,865,100,3.0
1406.0,0.01,865,100,3.0
1406.5,0.008,866,100,1.8
1407.0,0.011,866,100,1.8
1407.5,0.008,866,101,1.2000000000000002
1408.0,0.01,867,101,1.2000000000000002
1408.5,0.008,869,98,0.0
1409.0,0.01,870,98,0.0
1409.5,0.008,870,98,0.0
1410.0,0.008,870,98,0.0
1410.5,0.01,871,98,0.0
1411.0,0.011,871,98,0.0
1411.5,0.01,871,98,0.0
1412.0,0.011,871,98,0.0
1412.5,0.01,872,98,0.0
1413.0,0.01,872,99,0.0
1413.5,0.01,872,99,0.0
1414.0,0.01,873,100,0.0
1414.5,0.011,873,100,0.6000000000000001
1415.0,0.013,873,100,0.6000000000000001
1415.5,0.01,874,101,0.6000000000000001
1416.0,0.008,874,100,0.0
1416.5,0.01,874,100,0.6000000000000001
1417.0,0.008,874,100,0.0
1417.5,0.01,875,100,0.0
1418.0,0.011,875,99,0.6000000000000001
1418.5,0.01,875,99,2.4000000000000004
1419.0,0.008,876,99,3.6
1419.5,0.011,876,100,4.2
1420.0,0.008,876,100,4.2
1420.5,0.011,876,100,3.6
1421.0,0.01,877,100,3.6
1421.5,0.01,877,99,3.0
1422.0,0.008,877,99,3.0
1422.5,0.01,878,99,3.0
1423.0,0.008,878,99,3.6
1423.5,0.01,878,99,3.6
1424.0,0.011,879,99,3.6
1424.5,0.01,879,100,3.6
1425.0,0.01,879,100,4.800000000000001
1425.5,0.011,880,100,4.800000000000001
1426.0,0.01,880,100,4.2
1426.5,0.011,880,100,3.6
1427.0,0.008,880,100,3.6
1427.5,0.011,881,100,3.6
1428.0,0.01,881,100,3.6
1428.5,0.011,881,100,3.6
1429.0,0.01,882,100,4.2
1429.5,0.011,882,100,3.6
1430.0,0.01,882,99,4.2
1430.5,0.011,883,100,3.6
1431.0,0.01,883,100,3.6
1431.5,0.011,883,100,3.0
1432.0,0.01,883,100,3.0
1432.5,0.011,884,101,3.0
1433.0,0.008,884,100,3.0
1433.5,0.011,884,101,3.0
1434.0,0.011,885,100,3.0
1434.5,0.011,885,100,3.0
1435.0,0.01,885,100,2.4000000000000004
1435.5,0.011,885,100,1.8
1436.0,0.008,886,100,1.8
1436.5,0.01,886,101,1.8
1437.0,0.011,886,100,1.2000000000000002
1437.5,0.011,887,100,1.2000000000000002
1438.0,0.008,887,99,1.2000000000000002
1438.5,0.01,887,99,1.2000000000000002
1439.0,0.01,888,98,1.2000000000000002
1439.5,0.01,888,98,1.2000000000000002
1440.0,0.011,888,98,1.2000000000000002
1440.5,0.013,889,98,0.6000000000000001
1441.0,0.008,889,98,0.0
1441.5,0.01,889,98,0.0
1442.0,0.01,889,98,0.0
1442.5,0.013,890,98,0.0
1443.0,0.01,890,98,0.0
1443.5,0.011,890,97,0.0
1444.0,0.011,891,98,0.0
1444.5,0.008,891,98,0.0
1445.0,0.011,891,98,0.0
1445.5,0.013,891,99,0.0
1446.0,0.011,892,99,0.0
1446.5,0.011,892,99,0.0
1447.0,0.011,892,100,0.0
1447.5,0.01,893,101,0.0
1448.0,0.011,893,101,0.0
1448.5,0.011,893,101,0.0
1449.0,0.011,894,100,0.0
1449.5,0.01,894,100,0.0
1450.0,0.01,894,100,0.0
1450.5,0.01,895,100,0.0
1451.0,0.011,895,99,1.8
1451.5,0.01,895,99,3.0
1452.0,0.011,895,100,3.6
1452.5,0.01,896,100,3.6
1453.0,0.01,896,100,3.6
1453.5,0.01,896,100,3.0
1454.0,0.011,897,99,3.0
1454.5,0.01,897,99,3.0
1455.0,0.01,897,99,3.0
1455.5,0.011,897,99,3.0
1456.0,0.011,901,100,4.2
1456.5,0.011,901,100,3.6
1457.0,0.008,902,100,3.6
1457.5,0.013,902,100,3.6
1458.0,0.011,902,100,3.6
1458.5,0.011,903,100,3.0
1459.0,0.011,903,101,3.0
1459.5,0.011,903,101,3.0
1460.0,0.01,904,101,2.4000000000000004
1460.5,0.013,904,101,2.4000000000000004
1461.0,0.011,904,101,3.0
1461.5,0.011,904,101,3.0
1462.0,0.01,905,100,2.4000000000000004
1462.5,0.011,905,101,1.8
1463.0,0.011,905,101,1.8
1463.5,0.011,906,101,1.8
1464.0,0.01,906,101,1.2000000000000002
1464.5,0.011,906,100,1.2000000000000002
1465.0,0.01,907,100,1.2000000000000002
1465.5,0.01,907,99,1.2000000000000002
1466.0,0.011,907,99,1.2000000000000002
1466.5,0.013,907,98,1.2000000000000002
1467.0,0.011,908,98,1.2000000000000002
1467.5,0.011,908,98,0.6000000000000001
1468.0,0.011,908,98,0.0
1468.5,0.011,909,98,0.0
1469.0,0.01,909,98,0.0
1469.5,0.013,909,98,0.0
1470.0,0.011,910,99,0.0
1470.5,0.013,910,98,0.0
1471.0,0.013,910,98,0.0
1471.5,0.013,910,98,0.0
1472.0,0.011,911,98,0.0
1472.5,0.015,911,99,0.0
1473.0,0.011,911,99,0.0
1473.5,0.011,912,100,0.0
1474.0,0.013,912,100,0.0
1474.5,0.013,912,101,0.6000000000000001
1475.0,0.011,913,101,0.6000000000000001
1475.5,0.015,913,101,0.0
1476.0,0.013,913,100,0.0
1476.5,0.015,913,100,0.0
1477.0,0.013,914,100,0.0
1477.5,0.013,914,100,0.0
1478.0,0.011,914,100,1.8
1478.5,0.015,915,99,3.0
1479.0,0.011,915,100,3.6
1479.5,0.013,915,100,3.6
1480.0,0.011,916,100,3.6
1480.5,0.013,916,100,3.6
1481.0,0.01,916,100,3.0
1481.5,0.011,916,99,3.0
1482.0,0.01,917,99,3.0
1482.5,0.011,917,99,3.0
1483.0,0.011,917,99,3.6
1483.5,0.013,918,99,3.6
1484.0,0.011,918,100,3.6
1484.5,0.011,918,100,4.2
1485.0,0.011,919,100,4.800000000000001
1485.5,0.011,919,100,4.2
1486.0,0.013,919,100,4.2
1486.5,0.011,919,100,3.6
1487.0,0.011,920,100,3.6
1487.5,0.013,920,100,3.6
1488.0,0.011,920,100,3.6
1488.5,0.01,921,100,4.2
1489.0,0.013,921,100,3.6
1489.5,0.011,921,100,3.6
1490.0,0.011,922,100,3.6
1490.5,0.011,922,100,3.6
1491.0,0.011,922,100,3.6
1491.5,0.011,922,100,3.0
1492.0,0.011,923,100,3.0
1492.5,0.013,923,100,2.4000000000000004
1493.0,0.011,923,101,3.0
1493.5,0.013,924,100,3.0
1494.0,0.013,924,100,3.6
1494.5,0.01,924,100,2.4000000000000004
1495.0,0.013,925,100,1.8
1495.5,0.011,925,101,1.8
1496.0,0.01,925,101,1.2000000000000002
1496.5,0.01,925,101,1.2000000000000002
1497.0,0.015,926,100,1.2000000000000002
1497.5,0.008,926,100,1.2000000000000002
1498.0,0.011,926,99,1.2000000000000002
1498.5,0.01,927,99,1.2000000000000002
1499.0,0.01,927,98,1.2000000000000002
1499.5,0.01,927,98,1.2000000000000002
1500.0,0.013,928,98,1.2000000000000002
1500.5,0.01,928,98,0.0
1501.0,0.011,928,98,0.0
1501.5,0.01,929,98,0.0
1502.0,0.011,929,98,0.0
1502.5,0.01,929,98,0.0
1503.0,0.013,929,98,0.0
1503.5,0.01,930,98,0.0
1504.0,0.013,930,98,0.0
1504.5,0.011,930,98,0.0
1505.0,0.015,931,99,0.0
1505.5,0.011,931,99,0.0
1506.0,0.013,931,99,0.0
1506.5,0.011,931,100,0.0
1507.0,0.015,932,100,0.6000000000000001
1507.5,0.011,932,101,0.6000000000000001
1508.0,0.013,932,101,0.6000000000000001
1508.5,0.01,933,100,0.0
1509.0,0.011,933,100,0.0
1509.5,0.011,933,100,0.0
1510.0,0.013,934,100,0.0
1510.5,0.011,934,99,1.2000000000000002
1511.0,0.011,934,99,3.0
1511.5,0.011,934,99,3.6
1512.0,0.011,935,100,4.2
1512.5,0.01,935,100,3.6
1513.0,0.013,935,100,3.6
1513.5,0.013,936,99,3.0
1514.0,0.01,936,99,3.0
1514.5,0.011,936,99,3.0
1515.0,0.01,937,99,3.0
1515.5,0.011,937,99,3.6
1516.0,0.011,937,99,3.6
1516.5,0.013,937,99,3.6
1517.0,0.01,938,100,4.2
1517.5,0.011,938,100,4.800000000000001
1518.0,0.01,938,100,4.800000000000001
1518.5,0.01,939,100,4.2
1519.0,0.011,939,100,3.6
1519.5,0.013,939,100,3.6
1520.0,0.011,940,100,3.6
1520.5,0.01,940,100,3.6
1521.0,0.011,940,100,3.6
1521.5,0.01,940,100,3.6
1522.0,0.011,941,100,3.6
1522.5,0.013,941,100,3.6
1523.0,0.011,941,100,3.6
1523.5,0.01,942,100,3.6
1524.0,0.01,942,101,3.0
1524.5,0.01,942,101,3.0
1525.0,0.011,943,100,2.4000000000000004
1525.5,0.013,943,101,3.0
1526.0,0.01,943,101,3.0
1526.5,0.01,944,100,3.0
1527.0,0.011,944,100,3.0
1527.5,0.011,944,100,2.4000000000000004
1528.0,0.01,944,101,1.8
1528.5,0.011,945,101,1.8
1529.0,0.011,945,101,1.8
1529.5,0.011,945,101,1.2000000000000002
1530.0,0.011,946,100,1.2000000000000002
1530.5,0.011,946,99,1.2000000000000002
1531.0,0.01,946,99,1.2000000000000002
1531.5,0.011,947,98,1.2000000000000002
1532.0,0.01,947,98,1.8
1532.5,0.011,947,98,1.2000000000000002
1533.0,0.011,947,98,0.6000000000000001
1533.5,0.011,948,98,0.0
1534.0,0.011,948,98,0.0
1534.5,0.011,948,98,0.0
1535.0,0.01,949,98,0.0
1535.5,0.011,949,98,0.0
1536.0,0.011,949,97,0.0
1536.5,0.011,949,98,0.0
1537.0,0.01,950,98,0.0
1537.5,0.013,950,98,0.0
1538.0,0.01,950,99,0.0
1538.5,0.011,951,99,0.0
1539.0,0.011,951,100,0.0
1539.5,0.013,951,100,0.6000000000000001
1540.0,0.011,952,100,0.6000000000000001
1540.5,0.013,952,101,0.0
1541.0,0.011,952,100,0.0
1541.5,0.013,952,100,0.6000000000000001
1542.0,0.013,953,100,0.0
1542.5,0.011,953,100,0.0
1543.0,0.011,953,99,0.6000000000000001
1543.5,0.011,954,99,2.4000000000000004
1544.0,0.015,954,99,3.6
1544.5,0.011,954,100,3.6
1545.0,0.013,955,100,3.6
1545.5,0.011,955,100,3.6
1546.0,0.011,955,100,3.0
1546.5,0.011,955,99,3.0
1547.0,0.011,956,99,3.0
1547.5,0.011,956,98,3.0
1548.0,0.013,957,99,3.6
1548.5,0.011,957,99,3.6
1549.0,0.011,957,99,3.6
1549.5,0.011,958,99,4.2
1550.0,0.015,958,100,4.2
1550.5,0.011,958,100,4.2
1551.0,0.011,958,100,3.6
1551.5,0.011,959,100,3.6
1552.0,0.013,959,100,3.6
1552.5,0.011,959,100,3.6
1553.0,0.013,960,100,3.6
1553.5,0.013,960,100,4.2
1554.0,0.013,960,100,3.6
1554.5,0.011,961,99,3.6
1555.0,0.013,961,100,3.6
1555.5,0.011,961,100,3.6
1556.0,0.013,961,100,3.0
1556.5,0.013,962,100,3.0
1557.0,0.011,962,100,2.4000000000000004
1557.5,0.013,962,100,3.0
1558.0,0.011,963,100,3.0
1558.5,0.013,963,100,3.0
1559.0,0.013,963,100,3.0
1559.5,0.013,964,100,2.4000000000000004
1560.0,0.011,964,100,1.8
1560.5,0.011,964,101,1.8
1561.0,0.011,964,101,1.2000000000000002
1561.5,0.013,965,101,1.2000000000000002
1562.0,0.011,965,100,1.2000000000000002
1562.5,0.013,965,99,1.2000000000000002
1563.0,0.01,966,99,1.2000000000000002
1563.5,0.01,966,98,1.2000000000000002
1564.0,0.011,966,98,1.2000000000000002
1564.5,0.011,967,98,1.2000000000000002
1565.0,0.011,967,98,0.6000000000000001
1565.5,0.013,967,98,0.0
1566.0,0.01,967,98,0.0
1566.5,0.011,968,98,0.0
1567.0,0.01,968,98,0.0
1567.5,0.011,968,98,0.0
1568.0,0.01,969,98,0.0
1568.5,0.011,969,98,0.0
1569.0,0.011,969,98,0.0
1569.5,0.013,969,98,0.0
1570.0,0.011,970,98,0.0
1570.5,0.013,970,99,0.0
1571.0,0.011,970,99,0.0
1571.5,0.015,971,100,0.0
1572.0,0.011,971,100,0.6000000000000001
1572.5,0.011,971,100,0.6000000000000001
1573.0,0.013,973,99,1.8
1573.5,0.013,973,99,3.0
1574.0,0.013,974,99,3.6
1574.5,0.011,974,100,3.6
1575.0,0.013,974,100,3.6
1575.5,0.013,975,99,3.6
1576.0,0.015,975,99,3.0
1576.5,0.011,975,98,3.0
1577.0,0.011,976,98,3.0
1577.5,0.011,976,98,3.0
1578.0,0.013,976,98,3.6
1578.5,0.01,976,98,3.6
1579.0,0.01,977,99,3.6
1579.5,0.011,977,99,4.800000000000001
1580.0,0.011,977,99,4.800000000000001
1580.5,0.011,978,100,4.800000000000001
1581.0,0.011,978,100,4.2
1581.5,0.011,978,100,4.2
1582.0,0.008,978,100,3.6
1582.5,0.01,979,99,3.6
1583.0,0.011,979,100,3.6
1583.5,0.011,979,99,4.2
1584.0,0.013,980,100,4.2
1584.5,0.011,980,100,3.6
1585.0,0.01,980,100,3.6
1585.5,0.013,981,99,3.6
1586.0,0.011,981,100,3.6
1586.5,0.011,981,101,3.0
1587.0,0.011,982,100,3.0
1587.5,0.011,982,100,3.0
1588.0,0.011,982,100,3.0
1588.5,0.013,982,100,3.0
1589.0,0.011,983,100,3.6
1589.5,0.011,983,100,3.0
1590.0,0.011,983,100,2.4000000000000004
1590.5,0.011,984,100,1.8
1591.0,0.01,984,100,1.8
1591.5,0.011,984,101,1.2000000000000002
1592.0,0.011,985,100,1.2000000000000002
1592.5,0.01,985,100,1.2000000000000002
1593.0,0.011,985,99,1.2000000000000002
1593.5,0.01,985,99,1.2000000000000002
1594.0,0.01,986,98,1.2000000000000002
1594.5,0.011,986,98,1.2000000000000002
1595.0,0.01,986,98,1.2000000000000002
1595.5,0.01,987,97,0.6000000000000001
1596.0,0.011,987,98,0.0
1596.5,0.011,987,98,0.0
1597.0,0.011,988,98,0.0
1597.5,0.013,988,98,0.0
1598.0,0.011,988,98,0.0
1598.5,0.01,988,98,0.0
1599.0,0.013,989,98,0.0
1599.5,0.011,989,98,0.0
1600.0,0.011,989,98,0.0
1600.5,0.013,990,99,0.0
1601.0,0.011,990,99,0.0
1601.5,0.011,990,100,0.0
1602.0,0.013,990,100,0.6000000000000001
1602.5,0.013,991,101,0.6000000000000001
1603.0,0.011,991,101,0.0
1603.5,0.013,991,100,0.0
1604.0,0.011,992,100,0.0
1604.5,0.011,992,100,0.0
1605.0,0.011,992,100,0.0
1605.5,0.011,993,99,0.6000000000000001
1606.0,0.011,993,99,2.4000000000000004
1606.5,0.013,993,99,3.6
1607.0,0.013,993,100,4.2
1607.5,0.013,994,100,3.6
1608.0,0.011,994,100,3.6
1608.5,0.011,994,100,3.6
1609.0,0.01,995,99,3.0
1609.5,0.011,995,99,3.0
1610.0,0.011,995,99,3.0
1610.5,0.011,996,99,3.0
1611.0,0.01,996,99,3.6
1611.5,0.011,996,100,3.6
1612.0,0.01,996,100,4.2
1612.5,0.011,997,100,4.2
1613.0,0.011,997,100,4.2
1613.5,0.011,997,100,4.2
1614.0,0.011,998,100,3.6
1614.5,0.01,998,100,3.6
1615.0,0.01,998,100,3.6
1615.5,0.013,999,100,3.6
1616.0,0.011,999,100,3.6
1616.5,0.01,999,100,4.2
1617.0,0.011,999,100,3.6
1617.5,0.01,1000,100,3.6
1618.0,0.01,1000,100,3.6
1618.5,0.011,1000,100,3.6
1619.0,0.011,1001,101,3.0
1619.5,0.01,1001,101,3.0
1620.0,0.01,1001,101,3.0
1620.5,0.011,1002,101,3.0
1621.0,0.01,1002,101,3.0
1621.5,0.011,1002,101,3.0
1622.0,0.013,1002,101,3.0
1622.5,0.01,1003,101,2.4000000000000004
1623.0,0.01,1003,101,1.8
1623.5,0.011,1003,101,1.8
1624.0,0.01,1004,102,1.2000000000000002
1624.5,0.013,1004,101,1.2000000000000002
1625.0,0.011,1004,101,1.2000000000000002
1625.5,0.008,1005,100,1.2000000000000002
1626.0,0.01,1005,99,1.2000000000000002
1626.5,0.011,1005,99,1.2000000000000002
1627.0,0.008,1006,98,1.2000000000000002
1627.5,0.011,1006,98,1.2000000000000002
1628.0,0.011,1006,98,0.6000000000000001
1628.5,0.008,1006,98,0.0
1629.0,0.01,1007,98,0.0
1629.5,0.01,1007,98,0.0
1630.0,0.01,1007,98,0.0
1630.5,0.01,1008,98,0.0
1631.0,0.011,1008,98,0.0
1631.5,0.008,1008,98,0.0
1632.0,0.01,1009,98,0.0
1632.5,0.01,1009,99,0.0
1633.0,0.01,1009,99,0.0
1633.5,0.01,1009,99,0.0
1634.0,0.011,1010,100,0.0
1634.5,0.01,1010,100,0.6000000000000001
1635.0,0.01,1010,100,0.6000000000000001
1635.5,0.011,1011,101,0.6000000000000001
1636.0,0.01,1011,101,0.0
1636.5,0.008,1011,100,0.0
1637.0,0.011,1012,100,0.0
1637.5,0.01,1012,100,0.0
1638.0,0.01,1012,100,0.6000000000000001
1638.5,0.011,1012,99,2.4000000000000004
1639.0,0.008,1013,99,3.6
1639.5,0.01,1013,100,4.2
1640.0,0.013,1013,100,3.6
1640.5,0.01,1014,100,3.6
1641.0,0.011,1014,100,3.6
1641.5,0.01,1014,99,3.0
1642.0,0.011,1015,99,3.0
1642.5,0.008,1015,99,3.0
1643.0,0.01,1015,99,3.6
1643.5,0.008,1015,99,3.6
1644.0,0.011,1016,99,3.6
1644.5,0.01,1016,100,3.6
1645.0,0.01,1016,100,4.2
1645.5,0.008,1017,100,4.800000000000001
1646.0,0.01,1017,100,4.800000000000001
1646.5,0.008,1017,101,4.2
1647.0,0.011,1017,100,3.6
1647.5,0.008,1018,100,3.6
1648.0,0.008,1018,100,3.6
1648.5,0.006,1018,99,3.6
1649.0,0.006,1019,100,4.2
1649.5,0.008,1019,100,3.6
1650.0,0.011,1019,100,3.6
1650.5,0.011,1020,100,3.6
1651.0,0.008,1020,100,3.6
1651.5,0.01,1020,100,3.6
1652.0,0.008,1021,101,3.0
1652.5,0.008,1021,101,3.0
1653.0,0.011,1021,101,3.0
1653.5,0.011,1022,101,3.0
1654.0,0.008,1022,101,3.0
1654.5,0.008,1022,100,3.0
1655.0,0.01,1022,100,2.4000000000000004
1655.5,0.01,1023,101,1.8
1656.0,0.01,1023,101,1.8
1656.5,0.01,1023,101,1.8
1657.0,0.008,1024,101,1.2000000000000002
1657.5,0.008,1024,100,1.2000000000000002
1658.0,0.01,1024,100,1.2000000000000002
1658.5,0.008,1025,99,1.2000000000000002
1659.0,0.01,1025,99,1.2000000000000002
1659.5,0.01,1025,98,1.2000000000000002
1660.0,0.006,1025,98,1.2000000000000002
1660.5,0.006,1026,98,0.6000000000000001
1661.0,0.008,1026,98,0.0
1661.5,0.008,1026,98,0.0
1662.0,0.008,1027,98,0.0
1662.5,0.008,1027,98,0.0
1663.0,0.008,1027,98,0.0
1663.5,0.008,1027,98,0.0
1664.0,0.008,1028,98,0.0
1664.5,0.01,1028,98,0.0
1665.0,0.01,1029,99,0.0
1665.5,0.01,1029,99,0.0
1666.0,0.01,1029,99,0.0
1666.5,0.008,1030,100,0.0
1667.0,0.01,1030,100,0.0
1667.5,0.008,1030,101,0.0
1668.0,0.01,1030,101,0.0
1668.5,0.01,1031,100,0.0
1669.0,0.008,1031,100,0.0
1669.5,0.008,1031,100,0.0
1670.0,0.01,1032,100,0.0
1670.5,0.008,1032,99,1.8
1671.0,0.01,1032,99,3.0
1671.5,0.01,1033,100,3.6
1672.0,0.01,1033,100,4.2
1672.5,0.01,1033,100,3.6
1673.0,0.011,1033,100,3.6
1673.5,0.008,1034,99,3.0
1674.0,0.01,1034,99,3.0
1674.5,0.008,1034,99,3.0
1675.0,0.008,1035,99,3.0
1675.5,0.008,1035,99,3.6
1676.0,0.011,1035,99,3.6
1676.5,0.01,1036,100,4.2
1677.0,0.01,1036,100,4.800000000000001
1677.5,0.01,1036,100,4.800000000000001
1678.0,0.008,1036,100,4.800000000000001
1678.5,0.008,1037,101,4.2
1679.0,0.008,1037,100,3.6
1679.5,0.008,1037,100,3.6
1680.0,0.01,1038,100,3.0
1680.5,0.01,1038,100,3.6
1681.0,0.01,1038,100,4.2
1681.5,0.008,1039,100,3.6
1682.0,0.008,1039,100,3.6
1682.5,0.008,1039,101,3.6
1683.0,0.01,1040,101,3.6
1683.5,0.01,1040,101,3.0
1684.0,0.01,1040,101,3.0
1684.5,0.011,1040,101,2.4000000000000004
1685.0,0.01,1041,101,2.4000000000000004
1685.5,0.01,1041,101,3.0
1686.0,0.011,1041,101,3.0
1686.5,0.01,1042,101,3.6
1687.0,0.01,1042,100,2.4000000000000004
1687.5,0.01,1042,101,1.8
1688.0,0.01,1043,101,1.8
1688.5,0.011,1043,101,1.2000000000000002
1689.0,0.011,1043,101,1.2000000000000002
1689.5,0.01,1043,101,1.2000000000000002
1690.0,0.011,1044,100,1.2000000000000002
1690.5,0.01,1044,99,1.2000000000000002
1691.0,0.01,1044,99,1.2000000000000002
1691.5,0.008,1045,98,1.2000000000000002
1692.0,0.01,1045,98,1.2000000000000002
1692.5,0.011,1045,98,0.6000000000000001
1693.0,0.013,1046,98,0.0
1693.5,0.01,1046,98,0.0
1694.0,0.01,1046,98,0.0
1694.5,0.01,1046,98,0.0
1695.0,0.01,1047,99,0.0
1695.5,0.01,1047,98,0.0
1696.0,0.008,1047,98,0.0
1696.5,0.01,1048,98,0.0
1697.0,0.01,1048,98,0.0
1697.5,0.01,1048,99,0.0
1698.0,0.011,1048,99,0.0
1698.5,0.01,1049,100,0.0
1699.0,0.01,1049,100,0.6000000000000001
1699.5,0.01,1049,101,0.6000000000000001
1700.0,0.01,1050,101,0.6000000000000001
1700.5,0.01,1050,101,0.6000000000000001
1701.0,0.011,1050,100,0.6000000000000001
1701.5,0.01,1051,100,0.0
1702.0,0.01,1051,100,0.0
1702.5,0.011,1051,100,0.0
1703.0,0.011,1051,99,1.2000000000000002
1703.5,0.01,1052,99,3.0
1704.0,0.01,1052,99,3.6
1704.5,0.011,1052,100,3.6
1705.0,0.01,1053,100,3.6
1705.5,0.011,1053,100,3.6
1706.0,0.01,1053,99,3.0
1706.5,0.01,1054,99,3.0
1707.0,0.01,1054,99,3.0
1707.5,0.011,1054,98,3.0
1708.0,0.01,1055,99,3.6
1708.5,0.011,1055,99,3.6
1709.0,0.01,1055,99,4.2
1709.5,0.01,1055,99,4.800000000000001
1710.0,0.01,1056,100,4.800000000000001
1710.5,0.011,1056,100,4.800000000000001
1711.0,0.008,1056,100,4.2
1711.5,0.011,1057,100,3.6
1712.0,0.01,1057,100,3.6
1712.5,0.008,1057,100,3.6
1713.0,0.008,1057,100,3.6
1713.5,0.008,1058,100,4.2
1714.0,0.006,1058,100,3.6
1714.5,0.011,1058,100,3.6
1715.0,0.01,1059,100,3.6
1715.5,0.01,1059,100,3.6
1716.0,0.008,1059,100,3.6
1716.5,0.01,1060,101,3.0
1717.0,0.008,1060,100,3.0
1717.5,0.011,1060,100,2.4000000000000004
1718.0,0.01,1061,101,2.4000000000000004
1718.5,0.011,1061,100,3.0
1719.0,0.008,1061,100,3.6
1719.5,0.011,1061,100,3.0
1720.0,0.01,1062,100,1.8
1720.5,0.01,1062,101,1.8
1721.0,0.01,1062,101,1.8
1721.5,0.01,1063,101,1.2000000000000002
1722.0,0.008,1063,100,1.2000000000000002
1722.5,0.01,1063,100,1.2000000000000002
1723.0,0.01,1064,99,1.2000000000000002
1723.5,0.011,1064,99,1.2000000000000002
1724.0,0.01,1064,98,1.2000000000000002
1724.5,0.01,1064,98,1.2000000000000002
1725.0,0.01,1065,98,1.2000000000000002
1725.5,0.011,1065,98,0.0
1726.0,0.01,1065,98,0.0
1726.5,0.013,1066,98,0.0
1727.0,0.01,1066,98,0.0
1727.5,0.011,1066,98,0.0
1728.0,0.008,1066,98,0.0
1728.5,0.011,1067,98,0.0
1729.0,0.01,1067,98,0.0
1729.5,0.011,1067,98,0.0
1730.0,0.011,1068,99,0.0
1730.5,0.008,1068,99,0.0
1731.0,0.011,1068,99,0.0
1731.5,0.01,1069,100,0.6000000000000001
1732.0,0.011,1069,100,0.6000000000000001
1732.5,0.01,1069,100,0.6000000000000001
1733.0,0.01,1070,101,0.6000000000000001
1733.5,0.01,1070,100,0.0
1734.0,0.01,1070,100,0.0
1734.5,0.01,1070,100,0.6000000000000001
1735.0,0.01,1071,100,0.0
1735.5,0.01,1071,99,1.2000000000000002
1736.0,0.01,1071,99,2.4000000000000004
1736.5,0.015,1072,99,3.6
1737.0,0.011,1072,100,3.6
1737.5,0.011,1072,100,3.6
1738.0,0.011,1073,100,3.6
1738.5,0.01,1073,99,3.0
1739.0,0.01,1073,99,3.0
1739.5,0.011,1073,99,3.0
1740.0,0.01,1074,99,3.0
1740.5,0.011,1074,98,3.0
1741.0,0.01,1074,99,3.6
1741.5,0.01,1075,99,3.6
1742.0,0.01,1075,99,4.2
1742.5,0.011,1075,99,4.800000000000001
1743.0,0.011,1075,100,4.2
1743.5,0.008,1076,100,4.2
1744.0,0.01,1076,100,4.2
1744.5,0.01,1076,100,3.6
1745.0,0.01,1077,100,3.6
1745.5,0.011,1077,100,3.6
1746.0,0.01,1077,100,4.2
1746.5,0.008,1078,100,4.2
1747.0,0.01,1078,100,3.6
1747.5,0.008,1078,100,3.6
1748.0,0.008,1079,100,3.6
1748.5,0.011,1079,100,3.6
1749.0,0.011,1079,100,3.0
1749.5,0.01,1079,100,3.0
1750.0,0.01,1080,100,3.0
1750.5,0.008,1080,101,3.0
1751.0,0.008,1080,101,3.0
1751.5,0.01,1081,101,3.0
1752.0,0.011,1081,100,3.0
1752.5,0.008,1081,100,2.4000000000000004
1753.0,0.01,1082,101,1.8
1753.5,0.011,1082,101,1.8
1754.0,0.008,1082,101,1.2000000000000002
1754.5,0.01,1082,101,1.2000000000000002
1755.0,0.011,1083,100,1.2000000000000002
1755.5,0.008,1083,100,1.2000000000000002
1756.0,0.01,1083,99,1.2000000000000002
1756.5,0.01,1084,99,1.8
1757.0,0.01,1084,98,1.2000000000000002
1757.5,0.01,1084,98,1.2000000000000002
1758.0,0.013,1085,98,0.6000000000000001
1758.5,0.008,1085,98,0.0
1759.0,0.011,1085,98,0.0
1759.5,0.01,1085,98,0.0
1760.0,0.01,1086,98,0.0
1760.5,0.01,1086,98,0.0
1761.0,0.011,1086,98,0.0
1761.5,0.01,1087,98,0.0
1762.0,0.011,1087,98,0.0
1762.5,0.01,1087,98,0.0
1763.0,0.01,1088,99,0.0
1763.5,0.008,1088,99,0.0
1764.0,0.011,1088,100,0.0
1764.5,0.008,1088,100,0.6000000000000001
1765.0,0.01,1089,101,0.6000000000000001
1765.5,0.01,1089,101,0.0
1766.0,0.01,1089,101,0.6000000000000001
1766.5,0.008,1090,100,0.0
1767.0,0.011,1090,100,0.0
1767.5,0.01,1090,100,0.0
1768.0,0.011,1090,100,0.6000000000000001
1768.5,0.01,1091,99,2.4000000000000004
1769.0,0.01,1091,99,3.6
1769.5,0.008,1091,100,3.6
1770.0,0.011,1092,100,3.6
1770.5,0.008,1092,100,3.6
1771.0,0.015,1092,100,3.0
1771.5,0.011,1093,99,3.0
1772.0,0.01,1093,99,3.0
1772.5,0.011,1093,99,3.0
1773.0,0.011,1094,99,3.0
1773.5,0.011,1094,99,3.6
1774.0,0.013,1094,99,3.6
1774.5,0.011,1094,99,4.2
1775.0,0.01,1095,100,4.2
1775.5,0.011,1095,100,4.800000000000001
1776.0,0.011,1095,100,4.2
1776.5,0.01,1096,100,3.6
1777.0,0.011,1096,100,3.6
1777.5,0.01,1096,100,3.6
1778.0,0.008,1097,100,3.6
1778.5,0.008,1097,100,4.2
1779.0,0.01,1097,99,4.2
1779.5,0.008,1097,100,3.6
1780.0,0.01,1098,99,3.6
1780.5,0.01,1098,99,3.6
1781.0,0.01,1098,100,3.6
1781.5,0.008,1099,100,3.0
1782.0,0.01,1099,100,3.0
1782.5,0.01,1099,100,3.0
1783.0,0.011,1099,100,2.4000000000000004
1783.5,0.01,1100,100,3.0
1784.0,0.01,1100,100,3.0
1784.5,0.01,1100,100,3.6
1785.0,0.01,1101,100,2.4000000000000004
1785.5,0.011,1101,100,1.8
1786.0,0.01,1101,100,1.8
1786.5,0.011,1102,100,1.2000000000000002
1787.0,0.01,1102,100,1.2000000000000002
1787.5,0.01,1102,100,1.2000000000000002
1788.0,0.01,1103,99,1.2000000000000002
1788.5,0.011,1103,99,1.2000000000000002
1789.0,0.011,1103,98,1.2000000000000002
1789.5,0.011,1103,97,1.2000000000000002
1790.0,0.01,1104,97,1.2000000000000002
1790.5,0.01,1104,97,0.6000000000000001
1791.0,0.008,1104,97,0.0
1791.5,0.01,1105,97,0.0
1792.0,0.01,1105,97,0.0
1792.5,0.011,1105,98,0.0
1793.0,0.01,1105,98,0.0
1793.5,0.01,1106,97,0.0
1794.0,0.01,1106,98,0.0
1794.5,0.01,1106,98,0.0
1795.0,0.01,1107,98,0.0
1795.5,0.011,1107,98,0.0
1796.0,0.011,1107,99,0.0
1796.5,0.008,1108,99,0.0
1797.0,0.011,1108,100,0.6000000000000001
1797.5,0.01,1108,100,0.6000000000000001
1798.0,0.01,1109,101,0.6000000000000001
1798.5,0.011,1109,100,0.6000000000000001
1799.0,0.01,1109,100,0.0
1799.5,0.01,1109,100,0.0
1800.0,0.01,1110,100,0.0
1800.5,0.011,1110,100,0.0
1801.0,0.01,1110,99,1.2000000000000002
1801.5,0.013,1111,99,3.0
1802.0,0.011,1111,99,3.6
1802.5,0.01,1111,100,4.2
1803.0,0.008,1111,100,3.6
1803.5,0.011,1112,100,3.6
1804.0,0.011,1112,99,3.0
1804.5,0.011,1113,99,3.0
1805.0,0.011,1113,99,3.0
1805.5,0.011,1113,99,3.0
1806.0,0.011,1114,99,3.6
1806.5,0.011,1114,100,3.6
1807.0,0.013,1114,100,4.2
1807.5,0.011,1114,100,4.2
1808.0,0.01,1115,100,4.2
1808.5,0.011,1115,100,3.6
1809.0,0.01,1115,100,3.6
1809.5,0.011,1116,100,3.6
1810.0,0.01,1116,100,3.6
1810.5,0.01,1116,100,3.6
1811.0,0.008,1117,100,4.2
1811.5,0.01,1117,100,3.6
1812.0,0.01,1117,100,3.6
1812.5,0.01,1118,100,3.6
1813.0,0.011,1118,100,3.6
1813.5,0.011,1118,101,3.0
1814.0,0.008,1118,101,3.0
1814.5,0.01,1119,100,2.4000000000000004
1815.0,0.008,1119,100,2.4000000000000004
1815.5,0.01,1119,101,3.0
1816.0,0.011,1120,101,3.0
1816.5,0.011,1120,101,3.0
1817.0,0.01,1120,100,2.4000000000000004
1817.5,0.011,1121,100,1.8
1818.0,0.011,1121,101,1.8
1818.5,0.01,1121,101,1.8
1819.0,0.013,1121,101,1.2000000000000002
1819.5,0.01,1122,101,1.2000000000000002
1820.0,0.01,1122,100,1.2000000000000002
1820.5,0.011,1122,99,1.2000000000000002
1821.0,0.008,1123,99,1.2000000000000002
1821.5,0.01,1123,98,1.2000000000000002
1822.0,0.011,1123,98,1.2000000000000002
1822.5,0.011,1124,98,1.2000000000000002
1823.0,0.008,1124,98,0.0
1823.5,0.011,1124,98,0.0
1824.0,0.01,1124,98,0.0
1824.5,0.008,1125,98,0.0
1825.0,0.008,1125,99,0.0
1825.5,0.01,1125,98,0.0
1826.0,0.01,1126,98,0.0
1826.5,0.01,1126,98,0.0
1827.0,0.008,1126,99,0.0
1827.5,0.01,1127,99,0.0
1828.0,0.008,1127,99,0.0
1828.5,0.011,1127,100,0.0
1829.0,0.01,1127,100,0.0
1829.5,0.011,1128,101,0.0
1830.0,0.01,1128,101,0.0
1830.5,0.01,1128,101,0.0
1831.0,0.008,1129,101,0.0
1831.5,0.01,1129,100,0.0
1832.0,0.01,1129,100,0.0
1832.5,0.01,1130,100,0.0
1833.0,0.01,1130,99,1.2000000000000002
1833.5,0.01,1130,99,3.0
1834.0,0.01,1130,100,3.6
1834.5,0.01,1131,100,3.6
1835.0,0.01,1131,100,3.6
1835.5,0.013,1131,100,3.6
1836.0,0.01,1132,100,3.0
1836.5,0.01,1132,99,3.0
1837.0,0.01,1132,99,3.0
1837.5,0.011,1133,99,3.0
1838.0,0.01,1133,99,3.0
1838.5,0.013,1133,99,3.6
1839.0,0.011,1133,99,3.6
1839.5,0.01,1134,99,4.2
1840.0,0.008,1134,100,4.2
1840.5,0.01,1134,100,4.2
1841.0,0.01,1135,100,4.2
1841.5,0.011,1135,100,3.6
1842.0,0.01,1135,100,3.0
1842.5,0.008,1136,100,3.0
1843.0,0.008,1136,100,3.0
1843.5,0.008,1136,100,3.6
1844.0,0.01,1136,100,3.6
1844.5,0.011,1137,100,3.6
1845.0,0.01,1137,99,3.6
1845.5,0.01,1137,100,3.6
1846.0,0.008,1138,100,3.6
1846.5,0.01,1138,100,3.0
1847.0,0.01,1138,101,2.4000000000000004
1847.5,0.008,1139,100,2.4000000000000004
1848.0,0.011,1139,100,2.4000000000000004
1848.5,0.008,1139,100,3.0
1849.0,0.008,1139,100,3.6
1849.5,0.008,1140,100,3.0
1850.0,0.01,1140,100,2.4000000000000004
1850.5,0.011,1140,100,1.8
1851.0,0.01,1141,100,1.2000000000000002
1851.5,0.01,1141,101,1.2000000000000002
1852.0,0.008,1141,100,1.2000000000000002
1852.5,0.01,1142,100,1.2000000000000002
1853.0,0.01,1142,99,1.2000000000000002
1853.5,0.008,1142,99,1.2000000000000002
1854.0,0.011,1143,98,1.2000000000000002
1854.5,0.01,1143,98,1.2000000000000002
1855.0,0.008,1143,98,1.2000000000000002
1855.5,0.01,1143,98,0.0
1856.0,0.01,1144,98,0.0
1856.5,0.008,1144,98,0.0
1857.0,0.01,1144,98,0.0
1857.5,0.011,1145,98,0.0
1858.0,0.008,1145,98,0.0
1858.5,0.01,1145,98,0.0
1859.0,0.01,1145,98,0.0
1859.5,0.01,1146,98,0.0
1860.0,0.01,1146,99,0.0
1860.5,0.01,1146,99,0.0
1861.0,0.008,1147,99,0.0
1861.5,0.008,1147,100,0.0
1862.0,0.008,1147,100,0.6000000000000001
1862.5,0.008,1148,101,0.6000000000000001
1863.0,0.01,1148,101,0.6000000000000001
1863.5,0.008,1148,101,0.0
1864.0,0.008,1148,100,0.0
1864.5,0.006,1149,100,0.0
1865.0,0.008,1149,100,0.0
1865.5,0.008,1149,100,0.6000000000000001
1866.0,0.008,1150,99,2.4000000000000004
1866.5,0.008,1150,99,3.6
1867.0,0.011,1150,100,3.6
1867.5,0.008,1151,100,3.6
1868.0,0.01,1151,100,3.6
1868.5,0.008,1151,100,3.0
1869.0,0.01,1151,99,3.0
1869.5,0.01,1152,99,3.0
1870.0,0.01,1152,99,3.0
1870.5,0.01,1152,99,3.6
1871.0,0.011,1153,99,3.6
1871.5,0.01,1153,99,3.6
1872.0,0.01,1153,99,4.2
1872.5,0.01,1153,100,4.800000000000001
1873.0,0.011,1154,100,4.800000000000001
1873.5,0.008,1154,100,4.2
1874.0,0.011,1154,100,4.2
1874.5,0.008,1155,100,3.6
1875.0,0.01,1155,100,3.6
1875.5,0.008,1155,100,3.6
1876.0,0.013,1156,100,3.6
1876.5,0.008,1156,100,4.2
1877.0,0.01,1156,100,3.6
1877.5,0.006,1157,100,3.6
1878.0,0.008,1157,100,3.6
1878.5,0.008,1157,101,3.6
1879.0,0.011,1158,101,3.6
1879.5,0.01,1158,100,3.0
1880.0,0.008,1158,100,3.0
1880.5,0.008,1158,101,3.0
1881.0,0.01,1159,101,3.0
1881.5,0.008,1159,100,3.0
1882.0,0.011,1159,100,3.0
1882.5,0.01,1160,100,2.4000000000000004
1883.0,0.01,1160,101,1.8
1883.5,0.01,1160,101,1.8
1884.0,0.01,1160,101,1.2000000000000002
1884.5,0.006,1161,101,1.2000000000000002
1885.0,0.013,1161,100,1.2000000000000002
1885.5,0.008,1161,99,1.2000000000000002
1886.0,0.01,1162,99,1.2000000000000002
1886.5,0.008,1162,98,1.2000000000000002
1887.0,0.011,1162,98,1.2000000000000002
1887.5,0.008,1163,98,1.2000000000000002
1888.0,0.01,1163,98,0.6000000000000001
1888.5,0.01,1163,97,0.0
1889.0,0.006,1163,98,0.0
1889.5,0.01,1164,98,0.0
1890.0,0.01,1164,98,0.0
1890.5,0.01,1164,98,0.0
1891.0,0.008,1165,97,0.0
1891.5,0.01,1165,98,0.0
1892.0,0.008,1165,98,0.0
1892.5,0.008,1166,98,0.0
1893.0,0.008,1166,98,0.0
1893.5,0.01,1166,99,0.0
1894.0,0.008,1166,99,0.0
1894.5,0.01,1167,100,0.0
1895.0,0.006,1167,100,0.0
1895.5,0.008,1167,100,0.0
1896.0,0.006,1168,100,0.0
1896.5,0.008,1168,100,0.0
1897.0,0.006,1168,100,0.0
1897.5,0.01,1168,99,0.0
1898.0,0.006,1169,99,0.0
1898.5,0.008,1169,99,1.8
1899.0,0.006,1169,99,3.0
1899.5,0.008,1170,99,3.6
1900.0,0.008,1170,100,4.2
1900.5,0.01,1170,100,3.6
1901.0,0.006,1171,100,3.6
1901.5,0.01,1171,99,3.6
1902.0,0.01,1171,99,3.0
1902.5,0.008,1172,99,3.0
1903.0,0.006,1172,98,3.6
1903.5,0.011,1172,99,3.6
1904.0,0.006,1172,99,3.6
1904.5,0.01,1173,99,3.6
1905.0,0.01,1173,99,4.2
1905.5,0.008,1173,100,4.800000000000001
1906.0,0.006,1174,100,4.800000000000001
1906.5,0.011,1174,100,4.2
1907.0,0.008,1174,100,3.6
1907.5,0.01,1175,100,3.6
1908.0,0.008,1175,100,3.6
1908.5,0.008,1175,100,3.6
1909.0,0.006,1175,100,4.2
1909.5,0.01,1176,100,3.6
1910.0,0.008,1176,100,3.6
1910.5,0.006,1176,100,3.6
1911.0,0.006,1177,100,3.6
1911.5,0.006,1177,100,3.6
1912.0,0.005,1177,100,3.0
1912.5,0.008,1177,100,3.0
1913.0,0.008,1178,100,3.0
1913.5,0.006,1178,100,3.0
1914.0,0.006,1178,100,3.0
1914.5,0.006,1179,100,3.6
1915.0,0.005,1179,100,3.0
1915.5,0.008,1179,100,1.8
1916.0,0.008,1180,100,1.8
1916.5,0.006,1180,101,1.8
1917.0,0.006,1180,100,1.2000000000000002
1917.5,0.006,1181,100,1.2000000000000002
1918.0,0.006,1181,100,1.2000000000000002
1918.5,0.008,1181,99,1.2000000000000002
1919.0,0.006,1181,99,1.2000000000000002
1919.5,0.008,1182,98,1.2000000000000002
1920.0,0.006,1183,98,0.0
1920.5,0.008,1183,97,0.0
1921.0,0.006,1183,98,0.0
1921.5,0.006,1184,98,0.0
1922.0,0.006,1184,98,0.0
1922.5,0.006,1184,97,0.0
1923.0,0.005,1185,98,0.0
1923.5,0.01,1185,98,0.0
1924.0,0.006,1185,98,0.0
1924.5,0.006,1186,99,0.0
1925.0,0.008,1186,99,0.0
1925.5,0.008,1186,100,0.0
1926.0,0.006,1187,100,0.6000000000000001
1926.5,0.008,1187,101,0.0
1927.0,0.006,1187,101,0.0
1927.5,0.008,1187,100,0.6000000000000001
1928.0,0.005,1188,100,0.0
1928.5,0.006,1188,100,0.0
1929.0,0.005,1188,100,0.0
1929.5,0.008,1189,99,1.2000000000000002
1930.0,0.008,1189,99,3.0
1930.5,0.01,1189,99,3.6
1931.0,0.006,1189,100,4.2
1931.5,0.01,1190,100,3.6
1932.0,0.006,1190,100,3.6
1932.5,0.006,1190,100,3.6
1933.0,0.006,1191,99,3.0
1933.5,0.01,1191,99,3.0
1934.0,0.006,1191,99,3.0
1934.5,0.008,1192,99,3.6
1935.0,0.008,1192,99,3.6
1935.5,0.01,1192,99,3.6
1936.0,0.006,1192,100,4.2
1936.5,0.01,1193,100,4.800000000000001
1937.0,0.008,1193,100,4.800000000000001
1937.5,0.008,1193,100,4.2
1938.0,0.006,1194,100,4.2
1938.5,0.008,1194,100,3.6
1939.0,0.008,1194,100,3.6
1939.5,0.01,1195,100,3.6
1940.0,0.008,1195,100,4.2
1940.5,0.006,1195,100,4.2
1941.0,0.006,1196,100,3.6
1941.5,0.006,1196,100,3.6
1942.0,0.006,1196,100,4.2
1942.5,0.01,1196,100,3.6
1943.0,0.008,1197,100,3.6
1943.5,0.006,1197,100,3.0
1944.0,0.006,1197,100,3.0
1944.5,0.006,1198,100,3.0
1945.0,0.005,1198,101,3.0
1945.5,0.01,1198,100,3.6
1946.0,0.006,1199,100,3.0
1946.5,0.006,1199,100,2.4000000000000004
1947.0,0.008,1199,100,1.8
1947.5,0.006,1199,101,1.8
1948.0,0.006,1200,101,1.8
1948.5,0.011,1200,100,1.2000000000000002
1949.0,0.006,1200,100,1.2000000000000002
1949.5,0.008,1201,99,1.2000000000000002
1950.0,0.006,1201,99,1.2000000000000002
1950.5,0.01,1201,98,1.2000000000000002
1951.0,0.008,1202,98,1.2000000000000002
1951.5,0.011,1202,98,1.2000000000000002
1952.0,0.006,1202,98,0.6000000000000001
1952.5,0.006,1202,98,0.0
1953.0,0.008,1203,98,0.0
1953.5,0.008,1203,98,0.0
1954.0,0.008,1203,98,0.0
1954.5,0.01,1204,98,0.0
1955.0,0.01,1204,98,0.0
1955.5,0.006,1204,98,0.0
1956.0,0.008,1204,97,0.0
1956.5,0.006,1205,98,0.0
1957.0,0.008,1205,99,0.0
1957.5,0.008,1205,99,0.0
1958.0,0.01,1206,99,0.0
1958.5,0.008,1206,100,0.0
1959.0,0.006,1206,100,0.6000000000000001
1959.5,0.008,1207,100,0.6000000000000001
1960.0,0.008,1207,101,0.6000000000000001
1960.5,0.006,1207,100,0.6000000000000001
1961.0,0.008,1207,100,0.0
1961.5,0.006,1208,100,0.0
1962.0,0.01,1208,99,0.6000000000000001
1962.5,0.006,1208,99,1.8
1963.0,0.01,1209,99,3.6
1963.5,0.006,1209,99,4.2
1964.0,0.01,1209,100,4.2
1964.5,0.006,1210,100,3.6
1965.0,0.008,1210,100,3.6
1965.5,0.008,1210,99,3.0
1966.0,0.008,1211,99,3.0
1966.5,0.008,1211,99,3.0
1967.0,0.01,1211,98,3.6
1967.5,0.008,1211,99,3.6
1968.0,0.011,1212,99,3.6
1968.5,0.01,1212,99,4.2
1969.0,0.008,1212,100,4.800000000000001
1969.5,0.006,1213,100,4.800000000000001
1970.0,0.011,1213,100,4.800000000000001
1970.5,0.008,1213,100,4.2
1971.0,0.011,1213,100,3.6
1971.5,0.008,1214,100,3.6
1972.0,0.008,1214,100,3.6
1972.5,0.006,1214,100,4.2
1973.0,0.01,1215,100,4.2
1973.5,0.01,1215,100,4.2
1974.0,0.011,1215,100,3.6
1974.5,0.008,1216,100,4.2
1975.0,0.006,1216,100,3.6
1975.5,0.008,1216,100,3.6
1976.0,0.008,1216,101,3.0
1976.5,0.01,1217,100,3.0
1977.0,0.01,1217,100,3.0
1977.5,0.008,1217,101,3.0
1978.0,0.006,1218,101,3.0
1978.5,0.008,1218,100,3.6
1979.0,0.01,1218,100,2.4000000000000004
1979.5,0.008,1219,101,1.8
1980.0,0.01,1219,101,1.8
1980.5,0.008,1219,101,1.8
1981.0,0.006,1220,101,1.2000000000000002
1981.5,0.008,1220,100,1.2000000000000002
1982.0,0.01,1220,99,1.2000000000000002
1982.5,0.01,1220,99,1.2000000000000002
1983.0,0.01,1221,99,1.2000000000000002
1983.5,0.008,1221,98,1.2000000000000002
1984.0,0.008,1221,98,1.2000000000000002
1984.5,0.01,1222,98,0.6000000000000001
1985.0,0.01,1222,98,0.0
1985.5,0.008,1222,98,0.0
1986.0,0.01,1222,98,0.0
1986.5,0.01,1223,98,0.0
1987.0,0.008,1223,98,0.0
1987.5,0.011,1223,98,0.0
1988.0,0.01,1224,98,0.0
1988.5,0.01,1224,98,0.0
1989.0,0.01,1224,98,0.0
1989.5,0.01,1225,99,0.0
1990.0,0.008,1225,99,0.0
1990.5,0.01,1225,99,0.0
1991.0,0.01,1226,100,0.6000000000000001
1991.5,0.008,1226,101,0.6000000000000001
1992.0,0.01,1226,101,0.0
1992.5,0.01,1226,100,0.6000000000000001
1993.0,0.006,1227,100,0.6000000000000001
1993.5,0.01,1227,100,0.6000000000000001
1994.0,0.008,1227,100,0.0
1994.5,0.01,1228,100,0.0
1995.0,0.01,1228,99,1.8
1995.5,0.01,1228,99,3.0
1996.0,0.008,1228,99,3.6
1996.5,0.01,1229,100,4.2
1997.0,0.01,1229,100,4.2
1997.5,0.011,1229,100,3.6
1998.0,0.01,1230,100,3.6
1998.5,0.01,1230,99,3.0
1999.0,0.008,1230,99,3.0
1999.5,0.011,1231,99,3.0
2000.0,0.011,1231,99,3.6
2000.5,0.01,1231,99,3.6
2001.0,0.01,1231,100,3.6
2001.5,0.011,1232,100,4.800000000000001
2002.0,0.01,1232,100,4.800000000000001
2002.5,0.011,1232,101,4.800000000000001
2003.0,0.01,1233,101,4.2
2003.5,0.011,1233,101,3.6
2004.0,0.01,1233,100,3.6
2004.5,0.011,1234,100,3.6
2005.0,0.01,1234,100,3.6
2005.5,0.011,1234,100,4.2
2006.0,0.01,1235,100,3.6
2006.5,0.011,1235,100,3.6
2007.0,0.01,1235,101,3.6
2007.5,0.011,1235,101,3.6
2008.0,0.01,1236,101,3.6
2008.5,0.013,1236,101,3.0
2009.0,0.01,1236,101,3.0
2009.5,0.01,1237,101,3.0
2010.0,0.008,1237,101,3.0
2010.5,0.011,1237,101,3.0
2011.0,0.01,1238,101,3.0
2011.5,0.011,1238,101,2.4000000000000004
2012.0,0.01,1238,101,1.8
2012.5,0.011,1238,101,1.8
2013.0,0.008,1239,101,1.8
2013.5,0.011,1239,101,1.2000000000000002
2014.0,0.011,1239,101,1.2000000000000002
2014.5,0.011,1240,100,1.2000000000000002
2015.0,0.011,1240,100,1.2000000000000002
2015.5,0.01,1240,99,1.2000000000000002
2016.0,0.01,1241,99,1.2000000000000002
2016.5,0.011,1241,98,1.2000000000000002
2017.0,0.011,1241,98,0.6000000000000001
2017.5,0.013,1241,98,0.0
2018.0,0.011,1242,98,0.0
2018.5,0.011,1242,98,0.0
2019.0,0.011,1242,99,0.0
2019.5,0.013,1243,99,0.0
2020.0,0.01,1243,98,0.0
2020.5,0.011,1243,98,0.0
2021.0,0.011,1244,98,0.0
2021.5,0.01,1244,98,0.0
2022.0,0.01,1244,98,0.0
2022.5,0.013,1244,99,0.0
2023.0,0.01,1245,99,0.0
2023.5,0.01,1245,100,0.0
2024.0,0.011,1245,100,0.0
2024.5,0.01,1246,101,0.0
2025.0,0.01,1246,101,0.0
2025.5,0.011,1246,100,0.0
2026.0,0.01,1247,100,0.0
2026.5,0.008,1247,100,0.0
2027.0,0.011,1247,100,0.0
2027.5,0.01,1247,99,1.2000000000000002
2028.0,0.01,1248,99,3.0
2028.5,0.01,1248,99,3.6
2029.0,0.01,1248,100,4.2
2029.5,0.01,1249,100,3.6
2030.0,0.011,1249,100,3.6
2030.5,0.01,1249,100,3.0
2031.0,0.01,1250,99,3.0
2031.5,0.01,1250,99,3.0
2032.0,0.011,1250,99,3.0
2032.5,0.01,1250,99,3.6
2033.0,0.013,1251,99,3.6
2033.5,0.01,1251,100,3.6
2034.0,0.01,1251,100,4.2
2034.5,0.01,1252,100,4.800000000000001
2035.0,0.011,1252,100,4.2
2035.5,0.01,1252,100,4.2
2036.0,0.011,1253,100,3.6
2036.5,0.01,1253,100,3.6
2037.0,0.011,1253,100,3.0
2037.5,0.01,1253,100,3.6
2038.0,0.011,1254,100,3.6
2038.5,0.011,1254,100,3.6
2039.0,0.013,1254,100,3.6
2039.5,0.01,1255,100,3.6
2040.0,0.011,1255,100,3.6
2040.5,0.008,1255,100,3.6
2041.0,0.01,1256,101,3.0
2041.5,0.01,1256,101,3.0
2042.0,0.01,1256,101,3.0
2042.5,0.01,1256,101,3.0
2043.0,0.011,1257,101,3.0
2043.5,0.01,1257,101,3.0
2044.0,0.01,1257,100,3.0
2044.5,0.01,1258,101,1.8
2045.0,0.011,1258,101,1.8
2045.5,0.01,1258,101,1.2000000000000002
2046.0,0.013,1259,101,1.2000000000000002
2046.5,0.008,1259,100,1.2000000000000002
2047.0,0.01,1259,100,1.2000000000000002
2047.5,0.01,1260,99,1.2000000000000002
2048.0,0.013,1260,99,1.2000000000000002
2048.5,0.01,1260,98,1.2000000000000002
2049.0,0.013,1260,98,1.2000000000000002
2049.5,0.013,1261,98,0.6000000000000001
2050.0,0.01,1261,97,0.0
2050.5,0.01,1261,98,0.0
2051.0,0.013,1262,98,0.0
2051.5,0.011,1262,98,0.0
2052.0,0.011,1262,98,0.0
2052.5,0.013,1262,98,0.0
2053.0,0.011,1263,98,0.0
2053.5,0.01,1263,98,0.0
2054.0,0.013,1263,98,0.0
2054.5,0.011,1264,98,0.0
2055.0,0.011,1264,99,0.0
2055.5,0.011,1264,99,0.0
2056.0,0.011,1265,100,0.0
2056.5,0.011,1265,100,0.0
2057.0,0.011,1265,101,0.6000000000000001
2057.5,0.011,1265,101,0.0
2058.0,0.01,1266,100,0.0
2058.5,0.011,1266,100,0.0
2059.0,0.01,1266,100,0.0
2059.5,0.01,1267,100,0.0
2060.0,0.011,1267,99,0.6000000000000001
2060.5,0.01,1267,99,2.4000000000000004
2061.0,0.011,1268,99,3.6
2061.5,0.013,1268,100,3.6
2062.0,0.01,1268,100,3.6
2062.5,0.01,1268,100,3.6
2063.0,0.011,1269,100,3.0
2063.5,0.011,1269,99,3.0
2064.0,0.01,1269,99,3.0
2064.5,0.013,1270,99,3.0
2065.0,0.013,1270,99,3.6
2065.5,0.011,1270,99,3.6
2066.0,0.011,1271,99,3.6
2066.5,0.013,1271,100,4.2
2067.0,0.011,1271,100,4.800000000000001
2067.5,0.013,1271,100,4.800000000000001
2068.0,0.011,1272,100,4.2
2068.5,0.013,1272,100,3.6
2069.0,0.01,1272,100,3.6
2069.5,0.011,1273,100,3.6
2070.0,0.011,1273,100,3.6
2070.5,0.013,1273,100,3.6
2071.0,0.013,1274,100,4.2
2071.5,0.011,1274,100,3.6
2072.0,0.011,1274,100,3.6
2072.5,0.013,1275,100,3.6
2073.0,0.011,1275,100,3.6
2073.5,0.015,1275,100,3.0
2074.0,0.011,1275,100,3.0
2074.5,0.011,1276,101,3.0
2075.0,0.011,1276,100,3.0
2075.5,0.011,1276,101,3.0
2076.0,0.011,1277,101,3.0
2076.5,0.013,1277,100,3.0
2077.0,0.011,1277,100,2.4000000000000004
2077.5,0.013,1278,100,1.8
2078.0,0.011,1278,101,1.8
2078.5,0.011,1278,101,1.2000000000000002
2079.0,0.011,1278,100,1.2000000000000002
2079.5,0.015,1279,100,1.2000000000000002
2080.0,0.011,1279,99,1.2000000000000002
2080.5,0.011,1279,99,1.2000000000000002
2081.0,0.011,1280,98,1.2000000000000002
2081.5,0.011,1280,98,1.2000000000000002
2082.0,0.013,1280,97,0.6000000000000001
2082.5,0.011,1281,97,0.0
2083.0,0.013,1281,98,0.0
2083.5,0.01,1281,98,0.0
2084.0,0.013,1282,98,0.0
2084.5,0.011,1282,98,0.0
2085.0,0.013,1282,97,0.0
2085.5,0.013,1283,98,0.0
2086.0,0.013,1283,98,0.0
2086.5,0.013,1283,98,0.0
2087.0,0.013,1283,99,0.0
2087.5,0.011,1284,99,0.0
2088.0,0.015,1284,99,0.0
2088.5,0.011,1284,100,0.0
2089.0,0.011,1285,100,0.6000000000000001
2089.5,0.01,1285,100,0.6000000000000001
2090.0,0.011,1285,100,0.0
2090.5,0.011,1286,100,0.0
2091.0,0.013,1286,100,0.0
2091.5,0.011,1286,100,0.0
2092.0,0.013,1286,99,0.0
2092.5,0.01,1287,99,1.8
2093.0,0.01,1287,99,3.0
2093.5,0.011,1287,99,3.6
2094.0,0.013,1288,100,4.2
2094.5,0.01,1288,100,3.6
2095.0,0.011,1288,100,3.6
2095.5,0.011,1289,99,3.0
2096.0,0.011,1289,99,3.0
2096.5,0.011,1289,99,3.0
2097.0,0.011,1289,99,3.0
2097.5,0.011,1290,99,3.6
2098.0,0.011,1290,99,3.6
2098.5,0.013,1290,100,4.2
2099.0,0.011,1291,100,4.800000000000001
2099.5,0.01,1291,100,4.800000000000001
2100.0,0.011,1291,100,4.2
2100.5,0.011,1292,101,3.6
2101.0,0.011,1292,100,3.6
2101.5,0.011,1292,100,3.6
2102.0,0.011,1292,100,3.6
2102.5,0.011,1293,100,4.2
2103.0,0.011,1293,100,3.6
2103.5,0.011,1294,100,3.6
2104.0,0.011,1294,100,3.6
2104.5,0.013,1294,100,3.6
2105.0,0.013,1295,100,3.6
2105.5,0.011,1295,101,3.0
2106.0,0.013,1295,101,3.0
2106.5,0.011,1295,101,3.0
2107.0,0.013,1296,101,3.0
2107.5,0.011,1296,101,3.0
2108.0,0.013,1296,101,3.6
2108.5,0.01,1297,100,3.0
2109.0,0.011,1297,101,1.8
2109.5,0.011,1297,101,1.8
2110.0,0.013,1298,101,1.8
2110.5,0.01,1298,101,1.8
2111.0,0.015,1298,100,1.2000000000000002
2111.5,0.01,1299,100,1.2000000000000002
2112.0,0.011,1299,99,1.2000000000000002
2112.5,0.011,1299,99,1.2000000000000002
2113.0,0.013,1299,98,1.2000000000000002
2113.5,0.01,1300,98,1.2000000000000002
2114.0,0.011,1300,98,0.6000000000000001
2114.5,0.011,1300,98,0.0
2115.0,0.013,1301,98,0.0
2115.5,0.011,1301,98,0.0
2116.0,0.015,1301,98,0.0
2116.5,0.011,1301,98,0.0
2117.0,0.011,1302,98,0.0
2117.5,0.011,1302,98,0.0
2118.0,0.013,1302,98,0.0
2118.5,0.011,1303,98,0.0
2119.0,0.013,1303,99,0.0
2119.5,0.011,1303,99,0.0
2120.0,0.013,1304,99,0.0
2120.5,0.011,1304,100,0.0
2121.0,0.013,1304,100,0.6000000000000001
2121.5,0.013,1304,100,0.0
2122.0,0.013,1305,100,0.0
2122.5,0.011,1305,100,0.0
2123.0,0.011,1305,100,0.0
2123.5,0.013,1306,100,0.0
2124.0,0.013,1306,100,0.0
2124.5,0.013,1306,99,1.2000000000000002
2125.0,0.013,1307,99,3.0
2125.5,0.011,1307,99,3.6
2126.0,0.01,1307,100,4.2
2126.5,0.011,1307,100,4.2
2127.0,0.011,1308,100,3.6
2127.5,0.011,1308,99,3.0
2128.0,0.011,1308,99,3.0
2128.5,0.013,1309,99,3.0
2129.0,0.013,1309,99,3.0
2129.5,0.015,1309,99,3.6
2130.0,0.011,1310,99,3.6
2130.5,0.011,1310,99,3.6
2131.0,0.011,1310,99,4.2
2131.5,0.011,1310,100,4.800000000000001
2132.0,0.013,1311,100,4.800000000000001
2132.5,0.013,1311,100,4.2
2133.0,0.011,1311,100,3.6
2133.5,0.013,1312,100,3.6
2134.0,0.011,1312,100,3.6
2134.5,0.013,1312,100,3.6
2135.0,0.011,1313,100,3.6
2135.5,0.011,1313,100,3.6
2136.0,0.013,1313,100,3.6
2136.5,0.013,1314,100,3.6
2137.0,0.013,1314,100,3.6
2137.5,0.013,1314,100,3.0
2138.0,0.013,1314,101,3.0
2138.5,0.013,1315,100,3.0
2139.0,0.011,1315,100,2.4000000000000004
2139.5,0.013,1315,101,3.0
2140.0,0.011,1316,101,3.0
2140.5,0.013,1316,101,3.6
2141.0,0.011,1316,101,3.0
2141.5,0.011,1317,100,1.8
2142.0,0.013,1317,101,1.8
2142.5,0.011,1317,101,1.8
2143.0,0.011,1317,101,1.2000000000000002
2143.5,0.011,1318,101,1.2000000000000002
2144.0,0.011,1318,100,1.2000000000000002
2144.5,0.011,1318,99,1.2000000000000002
2145.0,0.011,1319,99,1.2000000000000002
2145.5,0.011,1319,98,1.2000000000000002
2146.0,0.011,1319,98,1.2000000000000002
2146.5,0.013,1319,98,1.2000000000000002
2147.0,0.011,1320,98,0.0
2147.5,0.013,1320,98,0.0
2148.0,0.013,1320,98,0.0
2148.5,0.011,1321,98,0.0
2149.0,0.013,1321,98,0.0
2149.5,0.013,1321,98,0.0
2150.0,0.013,1322,98,0.0
2150.5,0.016,1322,97,0.0
2151.0,0.011,1322,98,0.0
2151.5,0.013,1322,99,0.0
2152.0,0.013,1323,98,0.0
2152.5,0.013,1323,99,0.0
2153.0,0.011,1323,100,0.0
2153.5,0.015,1324,100,0.0
2154.0,0.011,1324,100,0.0
2154.5,0.011,1324,101,0.0
2155.0,0.011,1325,100,0.0
2155.5,0.011,1325,100,0.0
2156.0,0.01,1325,100,0.0
2156.5,0.011,1325,100,0.0
2157.0,0.011,1326,99,1.2000000000000002
2157.5,0.011,1326,99,2.4000000000000004
2158.0,0.011,1326,99,3.6
2158.5,0.013,1327,100,4.2
2159.0,0.011,1327,100,3.6
2159.5,0.015,1327,100,3.6
2160.0,0.011,1328,99,3.6
2160.5,0.011,1328,99,3.0
2161.0,0.011,1328,99,3.0
2161.5,0.013,1328,99,3.0
2162.0,0.011,1329,99,3.6
2162.5,0.015,1329,99,3.6
2163.0,0.013,1329,99,3.6
2163.5,0.015,1330,99,4.2
2164.0,0.013,1330,99,4.800000000000001
2164.5,0.011,1330,100,4.800000000000001
2165.0,0.013,1331,100,4.2
2165.5,0.015,1331,100,3.6
2166.0,0.013,1331,100,3.6
2166.5,0.013,1331,100,3.6
2167.0,0.011,1332,100,3.6
2167.5,0.011,1332,100,3.6
2168.0,0.013,1332,100,4.2
2168.5,0.015,1333,100,3.6
2169.0,0.013,1333,100,3.6
2169.5,0.011,1333,100,3.6
2170.0,0.013,1334,100,3.6
2170.5,0.013,1334,100,3.0
2171.0,0.013,1334,100,3.0
2171.5,0.011,1334,100,3.0
2172.0,0.015,1335,100,3.0
2172.5,0.01,1335,100,3.0
2173.0,0.011,1335,100,3.6
2173.5,0.011,1336,100,3.0
2174.0,0.013,1336,100,2.4000000000000004
2174.5,0.011,1336,100,1.8
2175.0,0.015,1337,101,1.8
2175.5,0.011,1337,101,1.8
2176.0,0.013,1337,101,1.8
2176.5,0.011,1338,100,1.2000000000000002
2177.0,0.011,1338,99,1.2000000000000002
2177.5,0.01,1338,99,1.2000000000000002
2178.0,0.013,1338,98,1.2000000000000002
2178.5,0.011,1339,98,1.2000000000000002
2179.0,0.01,1339,98,1.2000000000000002
2179.5,0.011,1339,98,0.6000000000000001
2180.0,0.011,1340,98,0.0
2180.5,0.01,1340,98,0.0
2181.0,0.013,1340,98,0.0
2181.5,0.011,1340,98,0.0
2182.0,0.013,1341,98,0.0
2182.5,0.013,1341,98,0.0
2183.0,0.011,1341,99,0.0
2183.5,0.011,1342,98,0.0
2184.0,0.015,1342,98,0.0
2184.5,0.011,1342,99,0.0
2185.0,0.015,1343,99,0.0
2185.5,0.011,1343,100,0.0
2186.0,0.015,1343,101,0.0
2186.5,0.011,1343,101,0.0
2187.0,0.013,1344,101,0.0
2187.5,0.011,1344,101,0.0
2188.0,0.013,1344,101,0.0
2188.5,0.013,1345,100,0.0
2189.0,0.011,1345,100,0.0
2189.5,0.011,1345,100,0.0
2190.0,0.011,1346,99,1.8
2190.5,0.01,1346,100,3.0
2191.0,0.013,1346,100,3.6
2191.5,0.013,1347,100,3.6
2192.0,0.011,1347,100,3.6
2192.5,0.01,1347,100,3.0
2193.0,0.011,1347,99,3.0
2193.5,0.01,1348,99,3.0
2194.0,0.013,1348,99,3.0
2194.5,0.013,1348,99,3.0
2195.0,0.01,1349,99,3.6
2195.5,0.01,1349,99,3.6
2196.0,0.011,1349,99,3.6
2196.5,0.011,1349,100,4.2
2197.0,0.011,1350,100,4.800000000000001
2197.5,0.011,1350,100,4.2
2198.0,0.01,1350,100,4.2
2198.5,0.01,1351,100,3.6
2199.0,0.011,1351,100,3.6
2199.5,0.011,1351,100,3.6
2200.0,0.01,1352,100,3.6
2200.5,0.013,1352,100,4.2
2201.0,0.01,1352,100,3.6
2201.5,0.01,1352,100,3.6
2202.0,0.011,1353,100,3.6
2202.5,0.011,1353,100,3.6
2203.0,0.011,1353,100,3.0
2203.5,0.013,1354,101,3.0
2204.0,0.011,1354,101,3.0
2204.5,0.01,1354,100,3.0
2205.0,0.011,1355,101,3.0
2205.5,0.011,1355,101,3.0
2206.0,0.008,1355,100,3.6
2206.5,0.011,1356,100,2.4000000000000004
2207.0,0.011,1356,101,1.8
2207.5,0.008,1356,101,1.8
2208.0,0.01,1356,101,1.8
2208.5,0.01,1357,101,1.2000000000000002
2209.0,0.01,1357,100,1.2000000000000002
2209.5,0.01,1357,100,1.2000000000000002
2210.0,0.01,1358,99,1.2000000000000002
2210.5,0.01,1358,98,1.2000000000000002
2211.0,0.01,1358,98,1.2000000000000002
2211.5,0.011,1358,98,1.2000000000000002
2212.0,0.008,1359,98,0.6000000000000001
2212.5,0.01,1359,98,0.0
2213.0,0.008,1359,98,0.0
2213.5,0.01,1360,98,0.0
2214.0,0.01,1360,98,0.0
2214.5,0.011,1360,98,0.0
2215.0,0.01,1361,98,0.0
2215.5,0.011,1361,98,0.0
2216.0,0.01,1361,98,0.0
2216.5,0.01,1362,98,0.0
2217.0,0.011,1362,98,0.0
2217.5,0.01,1362,99,0.0
2218.0,0.01,1362,99,0.0
2218.5,0.011,1363,100,0.0
2219.0,0.01,1363,100,0.0
2219.5,0.01,1363,100,0.0
2220.0,0.01,1364,100,0.0
2220.5,0.011,1364,100,0.0
2221.0,0.011,1364,100,0.0
2221.5,0.011,1364,100,0.6000000000000001
2222.0,0.008,1365,99,0.0
2222.5,0.011,1365,99,1.2000000000000002
2223.0,0.01,1365,99,3.0
2223.5,0.01,1366,99,3.6
2224.0,0.01,1366,100,4.2
2224.5,0.01,1366,100,3.6
2225.0,0.01,1367,100,3.6
2225.5,0.01,1367,99,3.0
2226.0,0.01,1367,99,3.0
2226.5,0.011,1367,99,3.0
2227.0,0.01,1368,98,3.0
2227.5,0.01,1368,99,3.6
2228.0,0.008,1368,99,3.6
2228.5,0.011,1369,99,3.6
2229.0,0.008,1369,99,4.2
2229.5,0.011,1369,100,4.800000000000001
2230.0,0.01,1370,100,4.800000000000001
2230.5,0.01,1370,100,4.2
2231.0,0.01,1370,100,3.6
2231.5,0.008,1370,100,3.6
2232.0,0.01,1371,100,3.6
2232.5,0.01,1371,100,3.6
2233.0,0.01,1371,100,3.6
2233.5,0.011,1372,100,3.6
2234.0,0.01,1372,100,3.6
2234.5,0.008,1372,100,3.6
2235.0,0.01,1373,100,3.6
2235.5,0.01,1373,101,3.6
2236.0,0.008,1373,101,3.0
2236.5,0.011,1373,100,3.0
2237.0,0.01,1374,101,3.0
2237.5,0.008,1374,101,3.0
2238.0,0.01,1374,101,3.0
2238.5,0.008,1375,101,3.0
2239.0,0.008,1375,101,2.4000000000000004
2239.5,0.011,1375,101,1.8
2240.0,0.01,1376,101,1.8
2240.5,0.01,1376,101,1.2000000000000002
2241.0,0.01,1376,101,1.2000000000000002
2241.5,0.008,1377,101,1.2000000000000002
2242.0,0.008,1377,100,1.2000000000000002
2242.5,0.01,1377,100,1.2000000000000002
2243.0,0.01,1377,99,1.2000000000000002
2243.5,0.008,1378,99,1.2000000000000002
2244.0,0.008,1378,98,1.2000000000000002
2244.5,0.006,1378,98,0.6000000000000001
2245.0,0.008,1379,98,0.0
2245.5,0.01,1379,98,0.0
2246.0,0.01,1379,98,0.0
2246.5,0.008,1380,99,0.0
2247.0,0.01,1380,99,0.0
2247.5,0.008,1381,98,0.0
2248.0,0.011,1381,99,0.0
2248.5,0.008,1381,99,0.0
2249.0,0.01,1382,99,0.0
2249.5,0.01,1382,99,0.0
2250.0,0.01,1382,100,0.0
2250.5,0.008,1382,101,0.0
2251.0,0.01,1383,101,0.6000000000000001
2251.5,0.008,1383,101,0.6000000000000001
2252.0,0.01,1383,100,0.0
2252.5,0.008,1384,100,0.0
2253.0,0.01,1384,100,0.0
2253.5,0.008,1384,100,0.0
2254.0,0.01,1385,100,1.2000000000000002
2254.5,0.01,1385,99,3.0
2255.0,0.01,1385,100,3.6
2255.5,0.01,1386,100,3.6
2256.0,0.008,1386,100,3.6
2256.5,0.008,1386,100,3.6
2257.0,0.008,1386,100,3.0
2257.5,0.008,1387,99,3.0
2258.0,0.01,1387,99,3.0
2258.5,0.01,1387,99,3.0
2259.0,0.01,1388,99,3.0
2259.5,0.006,1388,99,3.6
2260.0,0.01,1388,100,3.6
2260.5,0.01,1389,100,3.6
2261.0,0.01,1389,100,4.2
2261.5,0.008,1389,100,4.2
2262.0,0.01,1389,100,4.2
2262.5,0.01,1390,100,3.6
2263.0,0.01,1390,100,3.6
2263.5,0.008,1390,100,3.6
2264.0,0.011,1391,100,3.6
2264.5,0.01,1391,100,3.6
2265.0,0.008,1391,100,4.2
2265.5,0.008,1391,100,3.6
2266.0,0.01,1392,100,3.6
2266.5,0.01,1392,101,3.6
2267.0,0.011,1392,100,3.6
2267.5,0.01,1393,101,3.0
2268.0,0.01,1393,101,3.0
2268.5,0.008,1393,100,2.4000000000000004
2269.0,0.008,1394,101,3.0
2269.5,0.008,1394,101,3.0
2270.0,0.011,1394,101,3.0
2270.5,0.01,1395,100,3.0
2271.0,0.008,1395,100,2.4000000000000004
2271.5,0.01,1395,101,1.8
2272.0,0.01,1396,101,1.2000000000000002
2272.5,0.01,1396,101,1.2000000000000002
2273.0,0.01,1397,99,1.2000000000000002
2273.5,0.01,1397,98,1.2000000000000002
2274.0,0.008,1398,98,1.2000000000000002
2274.5,0.008,1398,98,1.2000000000000002
2275.0,0.008,1398,98,0.0
2275.5,0.006,1398,98,0.0
2276.0,0.01,1399,98,0.0
2276.5,0.008,1399,98,0.0
2277.0,0.01,1399,98,0.0
2277.5,0.008,1400,98,0.0
2278.0,0.011,1400,98,0.0
2278.5,0.01,1400,98,0.0
2279.0,0.01,1401,98,0.0
2279.5,0.01,1401,99,0.0
2280.0,0.01,1401,100,0.0
2280.5,0.008,1401,99,0.0
2281.0,0.01,1402,100,0.0
2281.5,0.01,1402,101,0.0
2282.0,0.01,1402,101,0.0
2282.5,0.008,1403,101,0.0
2283.0,0.011,1403,101,0.0
2283.5,0.008,1403,100,0.0
2284.0,0.01,1404,100,0.0
2284.5,0.008,1404,100,0.0
2285.0,0.01,1404,100,0.6000000000000001
2285.5,0.01,1404,99,2.4000000000000004
2286.0,0.01,1405,99,3.6
2286.5,0.01,1405,100,3.6
2287.0,0.01,1405,100,3.6
2287.5,0.01,1406,100,3.6
2288.0,0.011,1406,99,3.0
2288.5,0.01,1406,99,3.0
2289.0,0.01,1407,99,3.0
2289.5,0.008,1407,99,3.0
2290.0,0.01,1407,98,3.0
2290.5,0.008,1407,99,3.6
2291.0,0.011,1408,99,3.6
2291.5,0.01,1408,99,4.2
2292.0,0.011,1408,99,4.2
2292.5,0.01,1409,100,4.800000000000001
2293.0,0.01,1409,100,4.2
2293.5,0.008,1409,100,4.2
2294.0,0.011,1410,99,3.6
2294.5,0.01,1410,100,3.6
2295.0,0.01,1410,100,3.6
2295.5,0.01,1410,100,3.6
2296.0,0.01,1411,100,4.2
2296.5,0.008,1411,100,3.6
2297.0,0.013,1411,100,3.6
2297.5,0.01,1412,100,3.6
2298.0,0.01,1412,101,3.0
2298.5,0.01,1412,101,3.0
2299.0,0.01,1413,100,3.0
2299.5,0.01,1413,101,2.4000000000000004
2300.0,0.013,1413,100,2.4000000000000004
2300.5,0.01,1413,100,3.0
2301.0,0.01,1414,100,3.0
2301.5,0.01,1414,100,3.0
2302.0,0.01,1414,100,2.4000000000000004
2302.5,0.01,1415,101,1.8
2303.0,0.013,1415,101,1.8
2303.5,0.01,1415,101,1.2000000000000002
2304.0,0.01,1416,101,1.2000000000000002
2304.5,0.01,1416,100,1.2000000000000002
2305.0,0.01,1416,99,1.2000000000000002
2305.5,0.008,1416,99,1.2000000000000002
2306.0,0.013,1417,99,1.2000000000000002
2306.5,0.01,1417,98,1.2000000000000002
2307.0,0.01,1417,98,1.2000000000000002
2307.5,0.01,1418,98,0.6000000000000001
2308.0,0.01,1418,98,0.0
2308.5,0.01,1418,98,0.0
2309.0,0.013,1419,98,0.0
2309.5,0.01,1419,98,0.0
2310.0,0.01,1419,98,0.0
2310.5,0.01,1419,98,0.0
2311.0,0.01,1420,98,0.0
2311.5,0.01,1420,98,0.0
2312.0,0.011,1420,99,0.0
2312.5,0.011,1421,99,0.0
2313.0,0.011,1421,99,0.0
2313.5,0.01,1421,100,0.0
2314.0,0.01,1422,100,0.0
2314.5,0.01,1422,101,0.0
2315.0,0.011,1422,101,0.0
2315.5,0.01,1422,101,0.0
2316.0,0.01,1423,100,0.0
2316.5,0.01,1423,100,0.0
2317.0,0.01,1423,100,0.0
2317.5,0.01,1424,100,0.6000000000000001
2318.0,0.01,1424,99,1.8
2318.5,0.011,1424,99,3.0
2319.0,0.011,1425,100,3.6
2319.5,0.011,1425,100,3.6
2320.0,0.01,1425,100,3.6
2320.5,0.01,1425,99,3.6
2321.0,0.01,1426,99,3.0
2321.5,0.011,1426,99,3.0
2322.0,0.011,1426,99,3.0
2322.5,0.011,1427,98,3.0
2323.0,0.006,1427,98,3.6
2323.5,0.011,1427,99,4.2
2324.0,0.008,1428,99,3.6
2324.5,0.01,1428,99,4.2
2325.0,0.01,1428,100,4.800000000000001
2325.5,0.011,1428,100,4.2
2326.0,0.008,1429,100,4.2
2326.5,0.011,1429,100,3.6
2327.0,0.008,1429,99,3.6
2327.5,0.011,1430,99,3.6
2328.0,0.008,1430,99,3.6
2328.5,0.011,1430,99,4.2
2329.0,0.01,1431,99,3.6
2329.5,0.01,1431,99,3.6
2330.0,0.008,1431,100,3.6
2330.5,0.011,1431,100,3.6
2331.0,0.011,1432,100,3.0
2331.5,0.013,1432,100,3.0
2332.0,0.01,1432,100,3.0
2332.5,0.01,1433,101,3.0
2333.0,0.01,1433,101,3.0
2333.5,0.013,1433,100,3.0
2334.0,0.01,1434,101,3.6
2334.5,0.015,1434,100,2.4000000000000004
2335.0,0.01,1434,100,1.8
2335.5,0.01,1435,100,1.8
2336.0,0.01,1435,101,1.8
2336.5,0.011,1435,100,1.2000000000000002
2337.0,0.01,1435,100,1.2000000000000002
2337.5,0.011,1436,99,1.2000000000000002
2338.0,0.01,1436,99,1.2000000000000002
2338.5,0.01,1436,99,1.2000000000000002
2339.0,0.01,1437,98,1.8
2339.5,0.011,1437,98,1.2000000000000002
2340.0,0.01,1437,98,0.6000000000000001
2340.5,0.01,1437,98,0.0
2341.0,0.01,1438,98,0.0
2341.5,0.008,1438,98,0.0
2342.0,0.008,1438,98,0.0
2342.5,0.011,1439,98,0.0
2343.0,0.011,1439,98,0.0
2343.5,0.01,1439,98,0.0
2344.0,0.01,1440,98,0.0
2344.5,0.01,1440,98,0.0
2345.0,0.008,1440,98,0.0
2345.5,0.008,1440,99,0.0
2346.0,0.01,1441,99,0.0
2346.5,0.01,1441,100,0.6000000000000001
2347.0,0.01,1441,100,0.6000000000000001
2347.5,0.01,1442,101,0.6000000000000001
2348.0,0.008,1442,101,0.6000000000000001
2348.5,0.01,1442,100,0.6000000000000001
2349.0,0.01,1443,100,0.0
2349.5,0.011,1443,100,0.0
2350.0,0.011,1443,100,0.0
2350.5,0.01,1443,99,1.2000000000000002
2351.0,0.008,1444,99,3.0
2351.5,0.01,1444,99,3.6
2352.0,0.011,1444,100,4.2
2352.5,0.01,1445,100,3.6
2353.0,0.011,1445,100,3.6
2353.5,0.01,1445,99,3.0
2354.0,0.011,1446,99,3.0
2354.5,0.01,1446,99,3.0
2355.0,0.01,1446,99,3.0
2355.5,0.01,1446,99,3.6
2356.0,0.011,1447,99,3.6
2356.5,0.01,1447,99,3.6
2357.0,0.01,1447,99,4.2
2357.5,0.01,1448,100,4.800000000000001
2358.0,0.01,1448,100,4.800000000000001
2358.5,0.01,1448,100,4.2
2359.0,0.01,1449,100,3.6
2359.5,0.011,1449,100,3.6
2360.0,0.008,1449,100,3.6
2360.5,0.01,1449,100,3.6
2361.0,0.01,1450,100,4.2
2361.5,0.01,1450,100,3.6
2362.0,0.01,1450,100,3.6
2362.5,0.01,1451,100,3.6
2363.0,0.011,1451,100,3.6
2363.5,0.01,1451,100,3.6
2364.0,0.01,1452,101,3.0
2364.5,0.01,1452,100,3.0
2365.0,0.011,1452,100,3.0
2365.5,0.01,1452,101,3.0
2366.0,0.013,1453,101,3.0
2366.5,0.011,1453,100,3.0
2367.0,0.011,1453,100,3.0
2367.5,0.01,1454,100,2.4000000000000004
2368.0,0.015,1454,100,1.8
2368.5,0.011,1454,101,1.8
2369.0,0.01,1455,101,1.2000000000000002
2369.5,0.01,1455,100,1.2000000000000002
2370.0,0.011,1455,100,1.2000000000000002
2370.5,0.01,1455,99,1.2000000000000002
2371.0,0.011,1456,99,1.2000000000000002
2371.5,0.01,1456,98,1.2000000000000002
2372.0,0.01,1456,98,1.2000000000000002
2372.5,0.01,1457,98,1.2000000000000002
2373.0,0.011,1457,98,0.0
2373.5,0.01,1457,98,0.0
2374.0,0.013,1458,98,0.0
2374.5,0.011,1458,98,0.0
2375.0,0.01,1458,98,0.0
2375.5,0.01,1458,98,0.0
2376.0,0.01,1459,98,0.0
2376.5,0.01,1459,98,0.0
2377.0,0.011,1459,98,0.0
2377.5,0.011,1460,99,0.0
2378.0,0.011,1460,99,0.0
2378.5,0.013,1460,99,0.0
2379.0,0.01,1460,100,0.0
2379.5,0.011,1461,100,0.0
2380.0,0.013,1461,101,0.0
2380.5,0.011,1461,101,0.0
2381.0,0.011,1462,100,0.0
2381.5,0.01,1462,100,0.0
2382.0,0.01,1462,100,0.0
2382.5,0.01,1463,100,0.0
2383.0,0.013,1463,99,0.6000000000000001
2383.5,0.01,1463,99,2.4000000000000004
2384.0,0.011,1464,99,3.6
2384.5,0.01,1464,100,3.6
2385.0,0.011,1464,100,3.6
2385.5,0.01,1464,100,3.6
2386.0,0.01,1465,100,3.0
2386.5,0.011,1465,99,3.0
2387.0,0.011,1466,99,3.0
2387.5,0.011,1466,99,3.0
2388.0,0.011,1466,99,3.6
2388.5,0.008,1467,100,3.6
2389.0,0.011,1467,100,4.2
2389.5,0.01,1467,100,4.800000000000001
2390.0,0.011,1467,100,4.800000000000001
2390.5,0.013,1468,100,4.2
2391.0,0.01,1468,101,3.6
2391.5,0.008,1468,100,3.6
2392.0,0.01,1469,100,3.6
2392.5,0.01,1469,100,3.6
2393.0,0.013,1469,100,3.6
2393.5,0.01,1470,100,4.2
2394.0,0.01,1470,100,3.6
2394.5,0.01,1470,100,3.6
2395.0,0.01,1470,100,3.6
2395.5,0.01,1471,100,3.6
2396.0,0.011,1471,100,3.0
2396.5,0.011,1471,100,3.0
2397.0,0.01,1472,100,3.0
2397.5,0.01,1472,101,3.0
2398.0,0.01,1472,101,3.0
2398.5,0.011,1473,101,3.0
2399.0,0.011,1473,100,3.0
2399.5,0.011,1473,100,2.4000000000000004
2400.0,0.011,1474,101,1.8
2400.5,0.01,1474,101,1.8
2401.0,0.011,1474,101,1.2000000000000002
2401.5,0.011,1474,101,1.2000000000000002
2402.0,0.011,1475,100,1.2000000000000002
2402.5,0.01,1475,99,1.2000000000000002
2403.0,0.01,1475,99,1.2000000000000002
2403.5,0.01,1476,99,1.2000000000000002
2404.0,0.01,1476,98,1.2000000000000002
2404.5,0.01,1476,98,1.2000000000000002
2405.0,0.013,1476,98,0.6000000000000001
2405.5,0.01,1477,98,0.0
2406.0,0.011,1477,98,0.0
2406.5,0.01,1477,98,0.0
2407.0,0.01,1478,99,0.0
2407.5,0.011,1478,99,0.0
2408.0,0.013,1478,98,0.0
2408.5,0.01,1479,98,0.0
2409.0,0.01,1479,98,0.0
2409.5,0.01,1479,98,0.0
2410.0,0.01,1479,100,0.0
2410.5,0.011,1480,99,0.0
2411.0,0.011,1480,100,0.0
2411.5,0.01,1480,101,0.0
2412.0,0.01,1481,101,0.0
2412.5,0.011,1482,100,0.0
2413.0,0.01,1482,100,0.0
2413.5,0.011,1483,100,0.6000000000000001
2414.0,0.01,1483,99,2.4000000000000004
2414.5,0.01,1483,100,3.6
2415.0,0.011,1483,100,3.6
2415.5,0.011,1484,101,3.6
2416.0,0.011,1484,100,3.6
2416.5,0.01,1484,100,3.0
2417.0,0.01,1485,99,3.0
2417.5,0.01,1485,99,3.0
2418.0,0.008,1485,99,3.0
2418.5,0.01,1485,99,3.0
2419.0,0.01,1486,99,3.6
2419.5,0.011,1486,100,3.6
2420.0,0.01,1486,100,3.6
2420.5,0.01,1487,100,4.2
2421.0,0.01,1487,100,4.800000000000001
2421.5,0.011,1487,100,4.2
2422.0,0.01,1488,101,3.6
2422.5,0.01,1488,100,3.6
2423.0,0.01,1488,100,3.0
2423.5,0.01,1489,100,3.6
2424.0,0.011,1489,100,3.6
2424.5,0.008,1489,100,4.2
2425.0,0.01,1489,100,3.6
2425.5,0.011,1490,100,3.6
2426.0,0.01,1490,100,3.6
2426.5,0.01,1490,100,3.6
2427.0,0.011,1491,100,3.0
2427.5,0.01,1491,100,3.0
2428.0,0.013,1491,101,2.4000000000000004
2428.5,0.011,1492,101,3.0
2429.0,0.011,1492,101,3.0
2429.5,0.008,1492,101,3.0
2430.0,0.01,1492,100,3.0
2430.5,0.01,1493,100,2.4000000000000004
2431.0,0.011,1493,101,1.8
2431.5,0.011,1493,101,1.8
2432.0,0.011,1494,101,1.2000000000000002
2432.5,0.01,1494,100,1.2000000000000002
2433.0,0.011,1494,100,1.2000000000000002
2433.5,0.01,1495,99,1.2000000000000002
2434.0,0.008,1495,99,1.2000000000000002
2434.5,0.01,1495,98,1.2000000000000002
2435.0,0.01,1495,98,1.2000000000000002
2435.5,0.01,1496,98,1.8
2436.0,0.01,1496,98,0.6000000000000001
2436.5,0.008,1496,98,0.0
2437.0,0.011,1497,98,0.0
2437.5,0.01,1497,98,0.0
2438.0,0.011,1497,98,0.0
2438.5,0.008,1498,98,0.0
2439.0,0.01,1498,98,0.0
2439.5,0.008,1498,98,0.0
2440.0,0.01,1498,98,0.0
2440.5,0.01,1499,98,0.0
2441.0,0.011,1499,98,0.0
2441.5,0.01,1499,99,0.0
2442.0,0.01,1500,99,0.0
2442.5,0.01,1500,100,0.6000000000000001
2443.0,0.011,1500,101,0.6000000000000001
2443.5,0.008,1500,101,0.6000000000000001
2444.0,0.011,1501,100,0.0
2444.5,0.01,1501,100,0.0
2445.0,0.01,1501,100,0.0
2445.5,0.01,1502,100,0.0
2446.0,0.01,1502,100,0.6000000000000001
2446.5,0.008,1502,99,1.8
2447.0,0.013,1503,99,3.0
2447.5,0.01,1503,100,3.6
2448.0,0.01,1503,100,4.2
2448.5,0.01,1503,100,3.6
2449.0,0.01,1504,100,3.6
2449.5,0.01,1504,100,3.0
2450.0,0.013,1504,99,3.0
2450.5,0.011,1505,99,3.0
2451.0,0.011,1505,99,3.0
2451.5,0.01,1505,99,3.6
2452.0,0.01,1506,99,3.6
2452.5,0.008,1506,100,3.6
2453.0,0.013,1506,100,4.2
2453.5,0.011,1507,100,4.800000000000001
2454.0,0.011,1507,100,4.2
2454.5,0.01,1507,100,4.2
2455.0,0.01,1507,100,3.6
2455.5,0.008,1508,100,3.6
2456.0,0.01,1508,100,3.6
2456.5,0.011,1508,100,3.6
2457.0,0.01,1509,100,4.2
2457.5,0.01,1509,100,3.6
2458.0,0.008,1509,100,3.6
2458.5,0.008,1509,100,3.6
2459.0,0.011,1510,100,3.6
2459.5,0.01,1510,100,3.6
2460.0,0.01,1510,100,3.0
2460.5,0.01,1511,100,3.0
2461.0,0.008,1511,100,3.0
2461.5,0.008,1511,101,3.0
2462.0,0.011,1512,100,3.0
2462.5,0.01,1512,100,3.6
2463.0,0.011,1512,100,2.4000000000000004
2463.5,0.01,1513,100,1.8
2464.0,0.01,1513,101,1.8
2464.5,0.01,1513,101,1.8
2465.0,0.011,1513,101,1.2000000000000002
2465.5,0.01,1514,100,1.2000000000000002
2466.0,0.01,1514,99,1.2000000000000002
2466.5,0.011,1514,99,1.2000000000000002
2467.0,0.008,1515,98,1.2000000000000002
2467.5,0.01,1515,98,1.2000000000000002
2468.0,0.01,1515,98,1.2000000000000002
2468.5,0.011,1516,98,1.2000000000000002
2469.0,0.008,1516,98,0.0
2469.5,0.01,1516,98,0.0
2470.0,0.01,1516,98,0.0
2470.5,0.01,1517,98,0.0
2471.0,0.008,1517,98,0.0
2471.5,0.011,1517,98,0.0
2472.0,0.008,1518,98,0.0
2472.5,0.011,1518,98,0.0
2473.0,0.008,1518,98,0.0
2473.5,0.01,1518,99,0.0
2474.0,0.01,1519,99,0.0
2474.5,0.011,1519,99,0.0
2475.0,0.008,1519,100,0.0
2475.5,0.011,1520,100,0.0
2476.0,0.01,1520,101,0.6000000000000001
2476.5,0.01,1520,101,0.0
2477.0,0.01,1521,100,0.0
2477.5,0.011,1521,100,0.0
2478.0,0.008,1521,100,0.0
2478.5,0.011,1522,100,0.0
2479.0,0.01,1522,99,1.2000000000000002
2479.5,0.01,1522,99,3.0
2480.0,0.01,1522,99,3.6
2480.5,0.011,1523,100,3.6
2481.0,0.008,1523,100,3.6
2481.5,0.011,1523,100,3.6
2482.0,0.011,1524,100,3.0
2482.5,0.01,1524,99,3.6
2483.0,0.01,1524,99,3.0
2483.5,0.01,1525,99,3.0
2484.0,0.01,1525,99,3.0
2484.5,0.011,1525,99,3.6
2485.0,0.01,1525,100,3.6
2485.5,0.011,1526,100,4.2
2486.0,0.01,1526,100,4.800000000000001
2486.5,0.01,1526,100,4.2
2487.0,0.01,1527,101,4.2
2487.5,0.011,1527,100,3.6
2488.0,0.008,1527,100,3.6
2488.5,0.008,1528,100,3.6
2489.0,0.008,1528,100,3.6
2489.5,0.008,1528,100,4.2
2490.0,0.008,1528,100,3.6
2490.5,0.01,1529,99,3.6
2491.0,0.01,1529,100,3.6
2491.5,0.008,1529,101,3.6
2492.0,0.008,1530,100,3.6
2492.5,0.01,1530,100,3.0
2493.0,0.008,1530,100,3.0
2493.5,0.01,1531,101,2.4000000000000004
2494.0,0.008,1531,100,2.4000000000000004
2494.5,0.008,1531,100,3.0
2495.0,0.008,1531,100,3.0
2495.5,0.008,1532,100,3.0
2496.0,0.01,1532,100,1.8
2496.5,0.011,1532,101,1.8
2497.0,0.01,1533,101,1.2000000000000002
2497.5,0.008,1533,101,1.2000000000000002
2498.0,0.008,1533,100,1.2000000000000002
2498.5,0.01,1534,100,1.2000000000000002
2499.0,0.01,1534,99,1.2000000000000002
2499.5,0.008,1534,99,1.2000000000000002
2500.0,0.01,1534,98,1.2000000000000002
2500.5,0.008,1535,98,1.2000000000000002
2501.0,0.01,1535,98,0.6000000000000001
2501.5,0.01,1535,97,0.0
2502.0,0.008,1536,98,0.0
2502.5,0.01,1536,97,0.0
2503.0,0.008,1536,98,0.0
2503.5,0.008,1537,98,0.0
2504.0,0.008,1537,98,0.0
2504.5,0.006,1537,98,0.0
2505.0,0.008,1537,98,0.0
2505.5,0.01,1538,98,0.0
2506.0,0.008,1538,98,0.0
2506.5,0.01,1538,99,0.0
2507.0,0.01,1539,99,0.0
2507.5,0.008,1539,100,0.0
2508.0,0.01,1539,100,0.6000000000000001
2508.5,0.01,1541,100,0.0
2509.0,0.01,1541,99,0.6000000000000001
2509.5,0.008,1542,99,2.4000000000000004
2510.0,0.008,1542,99,3.6
2510.5,0.01,1542,100,3.6
2511.0,0.008,1542,100,3.6
2511.5,0.01,1543,100,3.6
2512.0,0.008,1543,100,3.0
2512.5,0.008,1543,99,3.0
2513.0,0.008,1544,99,3.0
2513.5,0.01,1544,99,3.0
2514.0,0.01,1544,99,3.0
2514.5,0.008,1545,99,3.6
2515.0,0.008,1545,99,3.6
2515.5,0.008,1545,100,4.2
2516.0,0.01,1546,100,4.800000000000001
2516.5,0.008,1546,100,4.2
2517.0,0.008,1546,100,4.2
2517.5,0.008,1546,100,3.6
2518.0,0.006,1547,100,3.6
2518.5,0.008,1547,100,3.6
2519.0,0.008,1547,100,3.6
2519.5,0.01,1548,100,3.6
2520.0,0.006,1548,100,4.2
2520.5,0.008,1548,100,3.6
2521.0,0.006,1549,100,3.6
2521.5,0.01,1549,100,3.6
2522.0,0.008,1549,100,3.6
2522.5,0.01,1549,100,3.0
2523.0,0.006,1550,100,3.0
2523.5,0.006,1550,100,3.0
2524.0,0.006,1550,100,3.0
2524.5,0.01,1551,100,3.0
2525.0,0.008,1551,100,3.6
2525.5,0.01,1551,100,3.0
2526.0,0.006,1552,100,2.4000000000000004
2526.5,0.008,1552,100,1.8
2527.0,0.006,1552,100,1.8
2527.5,0.01,1552,101,1.8
2528.0,0.008,1553,100,1.2000000000000002
2528.5,0.008,1553,100,1.2000000000000002
2529.0,0.008,1553,99,1.2000000000000002
2529.5,0.006,1554,99,1.2000000000000002
2530.0,0.006,1554,98,1.2000000000000002
2530.5,0.008,1554,97,1.8
2531.0,0.008,1555,97,1.2000000000000002
2531.5,0.006,1555,97,0.6000000000000001
2532.0,0.008,1555,97,0.0
2532.5,0.006,1555,97,0.0
2533.0,0.006,1556,97,0.0
2533.5,0.008,1556,98,0.0
2534.0,0.006,1556,98,0.0
2534.5,0.008,1557,97,0.0
2535.0,0.008,1557,98,0.0
2535.5,0.006,1557,98,0.0
2536.0,0.008,1557,98,0.0
2536.5,0.008,1558,98,0.0
2537.0,0.008,1558,99,0.0
2537.5,0.008,1558,99,0.0
2538.0,0.006,1559,100,0.6000000000000001
2538.5,0.006,1559,100,0.6000000000000001
2539.0,0.008,1559,100,0.6000000000000001
2539.5,0.008,1560,100,0.6000000000000001
2540.0,0.006,1560,100,0.0
2540.5,0.008,1560,100,0.0
2541.0,0.008,1561,100,0.0
2541.5,0.006,1561,100,0.0
2542.0,0.008,1561,99,1.8
2542.5,0.008,1561,99,3.0
2543.0,0.008,1562,99,3.6
2543.5,0.01,1562,100,4.2
2544.0,0.01,1562,100,3.6
2544.5,0.008,1563,100,3.6
2545.0,0.01,1563,99,3.0
2545.5,0.008,1563,99,3.0
2546.0,0.008,1563,99,3.0
2546.5,0.01,1564,98,3.0
2547.0,0.01,1564,98,3.6
2547.5,0.01,1564,99,4.2
2548.0,0.011,1565,99,3.6
2548.5,0.01,1565,100,4.2
2549.0,0.008,1565,100,4.800000000000001
2549.5,0.008,1566,100,4.2
2550.0,0.01,1566,100,4.2
2550.5,0.008,1566,100,3.6
2551.0,0.008,1566,100,3.6
2551.5,0.01,1567,100,3.6
2552.0,0.01,1567,100,3.6
2552.5,0.006,1567,100,4.2
2553.0,0.01,1568,100,3.6
2553.5,0.006,1568,100,3.6
2554.0,0.01,1568,100,3.6
2554.5,0.008,1569,100,3.6
2555.0,0.01,1569,100,3.0
2555.5,0.008,1569,100,3.0
2556.0,0.01,1570,100,3.0
2556.5,0.008,1570,101,3.0
2557.0,0.01,1570,101,3.0
2557.5,0.008,1570,100,3.0
2558.0,0.008,1571,101,3.6
2558.5,0.008,1571,101,3.0
2559.0,0.01,1571,100,2.4000000000000004
2559.5,0.01,1572,101,1.8
2560.0,0.01,1572,101,1.8
2560.5,0.011,1572,101,1.8
2561.0,0.008,1573,100,1.2000000000000002
2561.5,0.008,1573,99,1.2000000000000002
2562.0,0.01,1573,99,1.2000000000000002
2562.5,0.01,1573,98,1.2000000000000002
2563.0,0.01,1574,98,1.2000000000000002
2563.5,0.01,1574,97,1.8
2564.0,0.008,1574,97,0.6000000000000001
2564.5,0.008,1575,97,0.0
2565.0,0.01,1575,97,0.0
2565.5,0.008,1575,97,0.0
2566.0,0.008,1576,98,0.0
2566.5,0.01,1576,98,0.0
2567.0,0.008,1576,98,0.0
2567.5,0.01,1576,97,0.0
2568.0,0.008,1577,98,0.0
2568.5,0.008,1577,98,0.0
2569.0,0.008,1577,98,0.0
2569.5,0.01,1578,98,0.0
2570.0,0.008,1578,99,0.0
2570.5,0.01,1578,100,0.6000000000000001
2571.0,0.008,1578,100,0.6000000000000001
2571.5,0.008,1579,101,0.6000000000000001
2572.0,0.006,1579,101,0.6000000000000001
2572.5,0.008,1579,100,0.0
2573.0,0.006,1580,100,0.0
2573.5,0.01,1580,100,0.0
2574.0,0.01,1580,100,0.0
2574.5,0.008,1581,99,1.2000000000000002
2575.0,0.008,1581,99,2.4000000000000004
2575.5,0.011,1581,99,3.6
2576.0,0.008,1581,100,4.2
2576.5,0.011,1582,100,3.6
2577.0,0.01,1582,100,3.6
2577.5,0.008,1582,100,3.0
2578.0,0.01,1583,99,3.0
2578.5,0.01,1583,99,3.0
2579.0,0.01,1583,99,3.0
2579.5,0.01,1584,99,3.6
2580.0,0.011,1584,99,3.6
2580.5,0.01,1584,100,4.2
2581.0,0.008,1584,100,4.800000000000001
2581.5,0.01,1585,100,4.800000000000001
2582.0,0.01,1585,101,4.800000000000001
2582.5,0.01,1585,101,4.2
2583.0,0.008,1586,101,3.6
2583.5,0.01,1586,100,3.6
2584.0,0.008,1586,100,3.6
2584.5,0.01,1587,100,3.6
2585.0,0.008,1587,100,3.6
2585.5,0.01,1587,100,3.6
2586.0,0.008,1587,100,3.6
2586.5,0.01,1588,100,3.6
2587.0,0.006,1588,100,3.6
2587.5,0.013,1588,101,3.0
2588.0,0.01,1589,101,3.0
2588.5,0.01,1589,101,3.0
2589.0,0.008,1589,100,3.0
2589.5,0.01,1590,101,3.0
2590.0,0.008,1590,101,3.0
2590.5,0.013,1590,101,3.0
2591.0,0.01,1591,101,3.0
2591.5,0.01,1591,101,2.4000000000000004
2592.0,0.01,1591,101,1.8
2592.5,0.01,1591,101,1.2000000000000002
2593.0,0.008,1592,101,1.2000000000000002
2593.5,0.011,1592,100,1.2000000000000002
2594.0,0.008,1592,100,1.2000000000000002
2594.5,0.01,1593,99,1.2000000000000002
2595.0,0.01,1593,99,1.2000000000000002
2595.5,0.01,1593,98,1.2000000000000002
2596.0,0.008,1594,98,1.2000000000000002
2596.5,0.015,1594,98,1.2000000000000002
2597.0,0.01,1594,98,0.0
2597.5,0.011,1594,98,0.0
2598.0,0.011,1595,98,0.0
2598.5,0.011,1595,98,0.0
2599.0,0.01,1595,98,0.0
2599.5,0.01,1596,98,0.0
2600.0,0.011,1596,98,0.0
2600.5,0.01,1596,98,0.0
2601.0,0.011,1596,98,0.0
2601.5,0.01,1597,99,0.0
2602.0,0.01,1597,99,0.0
2602.5,0.01,1597,99,0.0
2603.0,0.01,1598,100,0.0
2603.5,0.008,1598,100,0.6000000000000001
2604.0,0.01,1598,100,0.6000000000000001
2604.5,0.008,1599,101,0.6000000000000001
2605.0,0.008,1599,100,0.6000000000000001
2605.5,0.008,1599,100,0.0
2606.0,0.01,1600,100,0.0
2606.5,0.01,1600,100,0.0
2607.0,0.01,1600,99,0.6000000000000001
2607.5,0.01,1600,99,2.4000000000000004
2608.0,0.01,1601,99,3.6
2608.5,0.01,1601,100,3.6
2609.0,0.011,1601,100,3.6
2609.5,0.01,1602,100,3.6
2610.0,0.013,1602,100,3.0
2610.5,0.01,1602,99,3.0
2611.0,0.01,1603,99,3.0
2611.5,0.01,1603,99,3.0
2612.0,0.011,1603,99,3.0
2612.5,0.01,1603,99,3.6
2613.0,0.011,1604,99,3.6
2613.5,0.011,1604,100,4.2
2614.0,0.01,1604,100,4.800000000000001
2614.5,0.01,1605,100,4.800000000000001
2615.0,0.011,1605,100,4.2
2615.5,0.01,1605,100,4.2
2616.0,0.011,1605,100,3.6
2616.5,0.011,1606,100,3.6
2617.0,0.01,1606,100,3.6
2617.5,0.008,1606,100,3.6
2618.0,0.011,1607,100,4.2
2618.5,0.01,1607,100,3.6
2619.0,0.011,1607,100,3.6
2619.5,0.008,1608,100,3.6
2620.0,0.011,1608,100,3.6
2620.5,0.008,1608,100,3.0
2621.0,0.011,1609,100,3.0
2621.5,0.01,1609,100,3.0
2622.0,0.011,1609,100,3.0
2622.5,0.01,1609,100,3.0
2623.0,0.01,1610,100,3.0
2623.5,0.01,1610,100,3.0
2624.0,0.01,1610,100,2.4000000000000004
2624.5,0.01,1611,100,1.8
2625.0,0.013,1611,101,1.8
2625.5,0.011,1611,101,1.2000000000000002
2626.0,0.01,1612,100,1.2000000000000002
2626.5,0.01,1612,100,1.2000000000000002
2627.0,0.011,1612,99,1.2000000000000002
2627.5,0.011,1612,99,1.2000000000000002
2628.0,0.011,1613,98,1.2000000000000002
2628.5,0.01,1613,98,1.2000000000000002
2629.0,0.011,1613,98,1.2000000000000002
2629.5,0.011,1614,98,0.6000000000000001
2630.0,0.011,1614,98,0.0
2630.5,0.011,1614,98,0.0
2631.0,0.013,1615,98,0.0
2631.5,0.01,1615,98,0.0
2632.0,0.011,1615,98,0.0
2632.5,0.01,1615,97,0.0
2633.0,0.011,1616,98,0.0
2633.5,0.01,1616,98,0.0
2634.0,0.013,1616,98,0.0
2634.5,0.011,1617,98,0.0
2635.0,0.01,1617,99,0.0
2635.5,0.01,1617,99,0.0
2636.0,0.011,1618,100,0.0
2636.5,0.011,1618,101,0.0
2637.0,0.013,1618,101,0.0
2637.5,0.01,1618,101,0.0
2638.0,0.01,1619,100,0.0
2638.5,0.01,1619,100,0.0
2639.0,0.01,1619,100,0.0
2639.5,0.01,1620,100,0.0
2640.0,0.011,1620,99,1.8
2640.5,0.01,1620,99,3.0
2641.0,0.01,1620,100,3.6
2641.5,0.011,1621,100,3.6
2642.0,0.011,1621,100,3.6
2642.5,0.01,1621,100,3.6
2643.0,0.011,1622,99,3.0
2643.5,0.013,1622,99,3.0
2644.0,0.01,1622,99,3.0
2644.5,0.013,1623,98,3.0
2645.0,0.01,1623,99,3.6
2645.5,0.011,1623,99,3.6
2646.0,0.013,1624,99,3.6
2646.5,0.013,1624,99,4.800000000000001
2647.0,0.011,1624,100,4.800000000000001
2647.5,0.013,1624,100,4.800000000000001
2648.0,0.011,1625,100,4.2
2648.5,0.011,1625,100,3.6
2649.0,0.011,1625,100,3.6
2649.5,0.011,1626,100,3.6
2650.0,0.01,1626,100,3.6
2650.5,0.011,1626,100,4.2
2651.0,0.011,1627,100,3.6
2651.5,0.011,1627,100,3.6
2652.0,0.01,1627,100,3.6
2652.5,0.013,1627,100,3.6
2653.0,0.011,1628,100,3.6
2653.5,0.013,1628,100,3.0
2654.0,0.01,1628,100,3.0
2654.5,0.01,1629,100,3.0
2655.0,0.01,1629,100,3.0
2655.5,0.013,1629,100,3.0
2656.0,0.011,1630,100,3.6
2656.5,0.013,1630,100,3.0
2657.0,0.011,1630,100,1.8
2657.5,0.013,1630,100,1.8
2658.0,0.011,1631,101,1.2000000000000002
2658.5,0.013,1631,100,1.2000000000000002
2659.0,0.011,1631,100,1.2000000000000002
2659.5,0.013,1632,99,1.2000000000000002
2660.0,0.011,1632,99,1.2000000000000002
2660.5,0.011,1632,99,1.2000000000000002
2661.0,0.011,1633,98,1.2000000000000002
2661.5,0.013,1633,98,1.2000000000000002
2662.0,0.013,1633,98,0.6000000000000001
2662.5,0.013,1633,98,0.0
2663.0,0.013,1634,98,0.0
2663.5,0.013,1634,98,0.0
2664.0,0.011,1634,99,0.0
2664.5,0.016,1635,99,0.0
2665.0,0.011,1635,98,0.0
2665.5,0.011,1635,98,0.0
2666.0,0.011,1635,98,0.0
2666.5,0.01,1636,98,0.0
2667.0,0.011,1636,99,0.0
2667.5,0.013,1636,100,0.0
2668.0,0.011,1637,100,0.0
2668.5,0.011,1637,101,0.0
2669.0,0.013,1637,101,0.6000000000000001
2669.5,0.011,1638,101,0.0
2670.0,0.011,1638,101,0.0
2670.5,0.013,1638,101,0.0
2671.0,0.011,1639,101,0.0
2671.5,0.011,1639,100,0.0
2672.0,0.011,1639,100,0.0
2672.5,0.011,1639,100,1.2000000000000002
2673.0,0.011,1640,99,3.0
2673.5,0.013,1640,100,3.6
2674.0,0.011,1640,101,3.6
2674.5,0.011,1641,100,3.6
2675.0,0.013,1641,100,3.6
2675.5,0.011,1641,100,3.0
2676.0,0.011,1642,99,3.0
2676.5,0.011,1642,99,3.0
2677.0,0.011,1642,99,3.0
2677.5,0.013,1642,99,3.6
2678.0,0.011,1643,99,3.6
2678.5,0.013,1643,100,3.6
2679.0,0.013,1643,100,4.2
2679.5,0.013,1644,100,4.800000000000001
2680.0,0.011,1644,101,4.2
2680.5,0.013,1644,101,4.2
2681.0,0.013,1645,101,3.6
2681.5,0.011,1645,100,3.0
2682.0,0.011,1645,100,3.6
2682.5,0.011,1645,100,3.6
2683.0,0.011,1646,100,4.2
2683.5,0.011,1646,100,3.6
2684.0,0.011,1646,100,3.6
2684.5,0.011,1647,101,3.6
2685.0,0.011,1647,100,3.6
2685.5,0.011,1647,101,3.0
2686.0,0.011,1648,101,3.0
2686.5,0.01,1648,101,3.0
2687.0,0.01,1648,101,2.4000000000000004
2687.5,0.01,1649,101,3.0
2688.0,0.011,1649,101,3.0
2688.5,0.011,1649,101,3.6
2689.0,0.01,1649,100,2.4000000000000004
2689.5,0.011,1650,100,1.8
2690.0,0.011,1650,101,1.8
2690.5,0.011,1650,101,1.8
2691.0,0.011,1651,100,1.2000000000000002
2691.5,0.01,1651,99,1.2000000000000002
2692.0,0.011,1652,99,1.2000000000000002
2692.5,0.011,1652,99,1.2000000000000002
2693.0,0.011,1652,98,1.2000000000000002
2693.5,0.011,1652,97,1.2000000000000002
2694.0,0.011,1653,98,0.6000000000000001
2694.5,0.011,1653,98,0.0
2695.0,0.011,1653,98,0.0
2695.5,0.013,1654,98,0.0
2696.0,0.01,1654,98,0.0
2696.5,0.013,1654,98,0.0
2697.0,0.011,1654,98,0.0
2697.5,0.013,1655,98,0.0
2698.0,0.011,1655,98,0.0
2698.5,0.013,1655,98,0.0
2699.0,0.011,1656,99,0.0
2699.5,0.013,1656,99,0.0
2700.0,0.013,1656,99,0.0
2700.5,0.011,1657,100,0.6000000000000001
2701.0,0.011,1657,100,0.6000000000000001
2701.5,0.011,1657,101,0.6000000000000001
2702.0,0.011,1657,101,0.6000000000000001
2702.5,0.011,1658,100,0.0
2703.0,0.011,1658,100,0.0
2703.5,0.011,1658,100,0.0
2704.0,0.011,1659,100,0.0
2704.5,0.011,1659,99,1.2000000000000002
2705.0,0.011,1659,99,3.0
2705.5,0.013,1660,99,3.6
2706.0,0.011,1660,100,3.6
2706.5,0.011,1660,100,3.6
2707.0,0.011,1660,100,3.6
2707.5,0.011,1661,100,3.6
2708.0,0.01,1661,99,3.0
2708.5,0.013,1661,99,3.0
2709.0,0.011,1662,99,3.0
2709.5,0.013,1662,99,3.0
2710.0,0.013,1662,99,3.6
2710.5,0.011,1663,100,3.6
2711.0,0.011,1663,100,4.2
2711.5,0.015,1663,100,4.800000000000001
2712.0,0.013,1664,100,4.800000000000001
2712.5,0.013,1664,100,4.2
2713.0,0.013,1664,100,4.2
2713.5,0.013,1664,100,3.6
2714.0,0.011,1665,100,3.6
2714.5,0.013,1665,100,3.6
2715.0,0.011,1665,100,3.6
2715.5,0.011,1666,100,4.2
2716.0,0.013,1666,99,3.6
2716.5,0.013,1666,100,3.6
2717.0,0.011,1666,101,3.6
2717.5,0.011,1667,100,3.0
2718.0,0.013,1667,100,3.0
2718.5,0.01,1667,101,3.0
2719.0,0.011,1668,101,3.0
2719.5,0.011,1668,101,3.0
2720.0,0.011,1668,101,3.0
2720.5,0.011,1669,100,3.6
2721.0,0.013,1669,100,3.0
2721.5,0.011,1669,100,2.4000000000000004
2722.0,0.011,1670,100,1.8
2722.5,0.011,1670,101,1.8
2723.0,0.013,1670,101,1.2000000000000002
2723.5,0.013,1670,100,1.2000000000000002
2724.0,0.013,1671,100,1.2000000000000002
2724.5,0.013,1671,99,1.2000000000000002
2725.0,0.011,1671,99,1.2000000000000002
2725.5,0.013,1672,98,1.2000000000000002
2726.0,0.011,1672,98,1.2000000000000002
2726.5,0.013,1672,98,1.2000000000000002
2727.0,0.015,1673,98,0.0
2727.5,0.011,1673,98,0.0
2728.0,0.013,1673,98,0.0
2728.5,0.013,1673,98,0.0
2729.0,0.011,1674,98,0.0
2729.5,0.013,1674,98,0.0
2730.0,0.013,1674,98,0.0
2730.5,0.013,1675,98,0.0
2731.0,0.013,1675,98,0.0
2731.5,0.013,1675,98,0.0
2732.0,0.013,1675,99,0.0
2732.5,0.011,1676,99,0.0
2733.0,0.013,1676,100,0.0
2733.5,0.011,1676,101,0.6000000000000001
2734.0,0.013,1677,101,0.0
2734.5,0.015,1677,101,0.0
2735.0,0.013,1677,101,0.0
2735.5,0.01,1678,100,0.0
2736.0,0.013,1678,100,0.0
2736.5,0.01,1678,100,0.0
2737.0,0.013,1678,100,0.6000000000000001
2737.5,0.011,1679,99,2.4000000000000004
2738.0,0.013,1679,99,3.0
2738.5,0.011,1679,100,3.6
2739.0,0.015,1680,100,3.0
2739.5,0.013,1681,99,3.0
2740.0,0.013,1681,99,3.0
2740.5,0.013,1681,99,3.0
2741.0,0.015,1682,99,3.0
2741.5,0.013,1682,99,3.6
2742.0,0.015,1682,99,3.6
2742.5,0.013,1682,100,3.6
2743.0,0.015,1683,100,4.2
2743.5,0.013,1683,100,4.2
2744.0,0.013,1683,100,4.2
2744.5,0.013,1684,101,3.6
2745.0,0.013,1684,100,3.6
2745.5,0.013,1684,99,3.0
2746.0,0.013,1684,100,3.6
2746.5,0.011,1685,99,3.6
2747.0,0.013,1685,99,4.2
2747.5,0.013,1685,100,3.6
2748.0,0.011,1686,100,3.6
2748.5,0.013,1686,100,3.6
2749.0,0.01,1686,100,3.6
2749.5,0.011,1687,100,3.0
2750.0,0.011,1687,100,3.0
2750.5,0.011,1687,100,2.4000000000000004
2751.0,0.011,1688,101,2.4000000000000004
2751.5,0.013,1688,100,3.0
2752.0,0.011,1688,100,3.0
2752.5,0.011,1688,100,3.0
2753.0,0.013,1689,100,2.4000000000000004
2753.5,0.013,1689,100,1.8
2754.0,0.013,1689,100,1.8
2754.5,0.013,1690,100,1.2000000000000002
2755.0,0.013,1690,100,1.2000000000000002
2755.5,0.011,1690,100,1.2000000000000002
2756.0,0.013,1691,99,1.2000000000000002
2756.5,0.011,1691,99,1.2000000000000002
2757.0,0.011,1691,98,1.2000000000000002
2757.5,0.015,1691,97,1.2000000000000002
2758.0,0.013,1692,97,1.2000000000000002
2758.5,0.013,1692,97,0.6000000000000001
2759.0,0.011,1692,97,0.0
2759.5,0.013,1693,97,0.0
2760.0,0.011,1693,98,0.0
2760.5,0.015,1693,98,0.0
2761.0,0.013,1693,98,0.0
2761.5,0.015,1694,97,0.0
2762.0,0.013,1694,98,0.0
2762.5,0.013,1694,98,0.0
2763.0,0.013,1695,98,0.0
2763.5,0.015,1695,98,0.0
2764.0,0.013,1695,99,0.0
2764.5,0.011,1698,100,0.0
2765.0,0.011,1698,99,0.0
2765.5,0.011,1698,99,1.8
2766.0,0.011,1699,99,3.0
2766.5,0.013,1699,99,3.6
2767.0,0.011,1699,100,3.6
2767.5,0.013,1699,100,3.6
2768.0,0.013,1700,100,3.6
2768.5,0.013,1700,99,3.0
2769.0,0.013,1700,99,3.0
2769.5,0.013,1701,99,3.0
2770.0,0.013,1701,99,3.0
2770.5,0.013,1701,99,3.6
2771.0,0.015,1702,99,4.2
2771.5,0.011,1702,99,3.6
2772.0,0.013,1702,100,4.2
2772.5,0.015,1702,100,4.800000000000001
2773.0,0.013,1703,100,4.2
2773.5,0.013,1703,100,4.2
2774.0,0.013,1703,100,3.6
2774.5,0.011,1704,100,3.6
2775.0,0.013,1704,100,3.6
2775.5,0.013,1704,100,3.6
2776.0,0.011,1705,100,4.2
2776.5,0.011,1705,100,3.6
2777.0,0.013,1705,100,3.6
2777.5,0.013,1705,100,3.6
2778.0,0.015,1706,100,3.6
2778.5,0.013,1706,100,3.6
2779.0,0.011,1706,100,3.0
2779.5,0.011,1707,100,3.0
2780.0,0.011,1707,101,3.0
2780.5,0.011,1707,101,3.0
2781.0,0.013,1708,101,3.0
2781.5,0.011,1708,101,3.6
2782.0,0.011,1708,100,3.0
2782.5,0.013,1708,100,1.8
2783.0,0.011,1709,101,1.8
2783.5,0.01,1709,101,1.8
2784.0,0.013,1709,101,1.2000000000000002
2784.5,0.013,1710,100,1.2000000000000002
2785.0,0.011,1710,99,1.2000000000000002
2785.5,0.013,1710,99,1.2000000000000002
2786.0,0.011,1711,99,1.2000000000000002
2786.5,0.011,1711,98,1.2000000000000002
2787.0,0.015,1711,98,1.2000000000000002
2787.5,0.013,1712,98,0.6000000000000001
2788.0,0.011,1712,98,0.0
2788.5,0.011,1712,98,0.0
2789.0,0.011,1712,98,0.0
2789.5,0.011,1713,98,0.0
2790.0,0.013,1714,98,0.0
2790.5,0.015,1714,99,0.0
2791.0,0.013,1715,99,0.0
2791.5,0.013,1715,99,0.0
2792.0,0.013,1715,100,0.0
2792.5,0.013,1716,100,0.0
2793.0,0.013,1716,100,0.0
2793.5,0.011,1716,101,0.0
2794.0,0.01,1717,100,0.0
2794.5,0.011,1717,100,0.0
2795.0,0.01,1717,100,0.0
2795.5,0.011,1717,99,0.0
2796.0,0.011,1718,99,1.2000000000000002
2796.5,0.011,1718,99,3.0
2797.0,0.01,1718,99,3.6
2797.5,0.011,1719,100,4.2
2798.0,0.01,1719,100,4.2
2798.5,0.013,1719,99,3.6
2799.0,0.011,1720,99,3.6
2799.5,0.013,1720,99,3.0
2800.0,0.01,1720,99,3.0
2800.5,0.011,1720,99,3.0
2801.0,0.011,1721,99,3.6
2801.5,0.015,1721,99,3.6
2802.0,0.013,1721,99,3.6
2802.5,0.011,1722,99,4.2
2803.0,0.01,1722,99,4.800000000000001
2803.5,0.011,1722,100,4.800000000000001
2804.0,0.01,1722,100,4.2
2804.5,0.013,1723,100,4.2
2805.0,0.013,1723,100,3.6
2805.5,0.011,1723,100,3.6
2806.0,0.01,1724,100,3.6
2806.5,0.011,1724,100,4.2
2807.0,0.011,1724,100,4.2
2807.5,0.011,1725,100,3.6
2808.0,0.013,1725,100,3.6
2808.5,0.011,1725,100,3.6
2809.0,0.01,1726,100,3.6
2809.5,0.011,1726,100,3.0
2810.0,0.011,1726,100,3.0
2810.5,0.011,1727,100,3.0
2811.0,0.01,1727,100,3.0
2811.5,0.01,1727,101,3.0
2812.0,0.01,1727,101,3.6
2812.5,0.01,1728,100,3.0
2813.0,0.01,1728,101,2.4000000000000004
2813.5,0.011,1728,101,1.8
2814.0,0.01,1729,101,1.8
2814.5,0.01,1729,101,1.2000000000000002
2815.0,0.01,1729,101,1.2000000000000002
2815.5,0.008,1729,100,1.2000000000000002
2816.0,0.011,1730,100,1.2000000000000002
2816.5,0.011,1730,99,1.2000000000000002
2817.0,0.01,1730,99,1.2000000000000002
2817.5,0.01,1731,98,1.2000000000000002
2818.0,0.01,1731,98,1.2000000000000002
2818.5,0.01,1731,98,0.0
2819.0,0.011,1732,98,0.0
2819.5,0.011,1732,98,0.0
2820.0,0.01,1732,99,0.0
2820.5,0.01,1732,99,0.0
2821.0,0.011,1733,98,0.0
2821.5,0.011,1733,98,0.0
2822.0,0.01,1733,99,0.0
2822.5,0.011,1734,98,0.0
2823.0,0.01,1734,99,0.0
2823.5,0.01,1734,99,0.0
2824.0,0.01,1735,99,0.0
2824.5,0.011,1735,100,0.0
2825.0,0.011,1735,101,0.6000000000000001
2825.5,0.008,1735,101,0.6000000000000001
2826.0,0.011,1736,101,0.6000000000000001
2826.5,0.008,1736,101,0.0
2827.0,0.01,1736,100,0.0
2827.5,0.01,1737,100,0.0
2828.0,0.01,1737,100,0.0
2828.5,0.01,1737,100,0.6000000000000001
2829.0,0.01,1738,99,2.4000000000000004
2829.5,0.01,1738,100,3.6
2830.0,0.01,1738,100,3.6
2830.5,0.01,1738,100,3.6
2831.0,0.01,1739,100,3.6
2831.5,0.01,1739,100,3.0
2832.0,0.008,1739,99,3.0
2832.5,0.008,1740,99,3.0
2833.0,0.01,1740,99,3.0
2833.5,0.01,1740,99,3.0
2834.0,0.01,1741,99,3.6
2834.5,0.01,1741,99,3.6
2835.0,0.008,1741,100,4.2
2835.5,0.011,1742,100,4.800000000000001
2836.0,0.011,1742,100,4.2
2836.5,0.011,1742,100,4.2
2837.0,0.01,1742,101,3.6
2837.5,0.01,1743,100,3.6
2838.0,0.01,1743,100,3.0
2838.5,0.01,1743,100,3.0
2839.0,0.013,1744,100,3.6
2839.5,0.01,1744,100,3.6
2840.0,0.01,1744,100,3.6
2840.5,0.01,1744,100,3.6
2841.0,0.01,1745,100,3.6
2841.5,0.01,1745,100,3.6
2842.0,0.011,1745,100,3.0
2842.5,0.01,1746,101,3.0
2843.0,0.01,1746,101,3.0
2843.5,0.008,1746,100,3.0
2844.0,0.008,1747,101,3.0
2844.5,0.01,1747,101,3.0
2845.0,0.013,1747,100,3.0
2845.5,0.011,1748,100,2.4000000000000004
2846.0,0.01,1748,101,1.8
2846.5,0.01,1748,101,1.8
2847.0,0.01,1748,101,1.2000000000000002
2847.5,0.008,1749,101,1.2000000000000002
2848.0,0.011,1749,100,1.2000000000000002
2848.5,0.01,1749,99,1.2000000000000002
2849.0,0.011,1750,99,1.2000000000000002
2849.5,0.01,1750,98,1.2000000000000002
2850.0,0.008,1750,98,1.2000000000000002
2850.5,0.01,1751,98,1.2000000000000002
2851.0,0.011,1751,98,0.6000000000000001
2851.5,0.01,1751,98,0.0
2852.0,0.01,1751,98,0.0
2852.5,0.01,1752,98,0.0
2853.0,0.008,1752,98,0.0
2853.5,0.01,1752,99,0.0
2854.0,0.01,1753,98,0.0
2854.5,0.011,1753,98,0.0
2855.0,0.008,1753,98,0.0
2855.5,0.011,1753,98,0.0
2856.0,0.01,1754,99,0.0
2856.5,0.01,1754,99,0.0
2857.0,0.01,1754,100,0.0
2857.5,0.01,1755,100,0.0
2858.0,0.011,1755,101,0.0
2858.5,0.01,1755,101,0.0
2859.0,0.01,1756,101,0.0
2859.5,0.01,1756,100,0.0
2860.0,0.01,1756,100,0.0
2860.5,0.01,1756,100,0.0
2861.0,0.006,1757,100,0.0
2861.5,0.01,1757,99,1.8
2862.0,0.01,1757,99,3.6
2862.5,0.008,1758,100,3.6
2863.0,0.01,1758,100,3.6
2863.5,0.01,1758,100,3.6
2864.0,0.008,1759,100,3.0
2864.5,0.01,1759,99,3.0
2865.0,0.006,1759,99,3.0
2865.5,0.01,1760,99,3.0
2866.0,0.01,1760,99,3.0
2866.5,0.011,1760,99,3.6
2867.0,0.01,1760,99,3.6
2867.5,0.011,1761,99,4.2
2868.0,0.008,1761,100,4.800000000000001
2868.5,0.01,1761,100,4.800000000000001
2869.0,0.008,1762,100,4.2
2869.5,0.011,1762,100,4.2
2870.0,0.01,1762,100,3.6
2870.5,0.011,1762,100,3.6
2871.0,0.008,1763,100,3.6
2871.5,0.01,1763,100,3.6
2872.0,0.01,1763,100,4.2
2872.5,0.011,1764,100,3.6
2873.0,0.01,1764,100,3.6
2873.5,0.011,1764,100,3.6
2874.0,0.01,1765,100,3.6
2874.5,0.011,1765,100,3.6
2875.0,0.01,1765,100,3.0
2875.5,0.011,1766,100,3.0
2876.0,0.011,1766,100,3.0
2876.5,0.011,1766,101,3.0
2877.0,0.01,1766,100,3.0
2877.5,0.01,1767,100,3.6
2878.0,0.008,1767,100,2.4000000000000004
2878.5,0.013,1767,100,1.8
2879.0,0.008,1768,100,1.8
2879.5,0.011,1768,101,1.8
2880.0,0.011,1768,100,1.2000000000000002
2880.5,0.008,1769,100,1.2000000000000002
2881.0,0.008,1769,99,1.2000000000000002
2881.5,0.013,1769,99,1.2000000000000002
2882.0,0.01,1769,98,1.2000000000000002
2882.5,0.008,1770,98,1.2000000000000002
2883.0,0.01,1770,97,1.8
2883.5,0.008,1770,98,0.6000000000000001
2884.0,0.011,1771,97,0.0
2884.5,0.01,1771,98,0.0
2885.0,0.011,1771,97,0.0
2885.5,0.01,1771,98,0.0
2886.0,0.011,1772,98,0.0
2886.5,0.01,1772,98,0.0
2887.0,0.008,1772,98,0.0
2887.5,0.008,1773,98,0.0
2888.0,0.013,1773,98,0.0
2888.5,0.01,1773,98,0.0
2889.0,0.011,1774,98,0.0
2889.5,0.01,1774,99,0.0
2890.0,0.01,1774,100,0.0
2890.5,0.01,1775,100,0.6000000000000001
2891.0,0.011,1775,100,0.6000000000000001
2891.5,0.01,1775,100,0.6000000000000001
2892.0,0.011,1775,100,0.6000000000000001
2892.5,0.01,1776,100,0.0
2893.0,0.008,1776,100,0.0
2893.5,0.01,1776,99,0.0
2894.0,0.011,1777,99,1.8
2894.5,0.008,1777,98,3.0
2895.0,0.01,1777,99,3.6
2895.5,0.01,1777,100,4.2
2896.0,0.008,1778,100,3.6
2896.5,0.008,1778,100,3.6
2897.0,0.011,1778,99,3.6
2897.5,0.01,1779,99,3.0
2898.0,0.013,1779,99,3.0
2898.5,0.011,1779,99,3.0
2899.0,0.01,1780,98,3.6
2899.5,0.01,1780,99,4.2
2900.0,0.01,1780,99,3.6
2900.5,0.01,1781,99,4.2
2901.0,0.013,1781,100,4.800000000000001
2901.5,0.01,1781,100,4.800000000000001
2902.0,0.013,1781,100,4.2
2902.5,0.01,1782,100,3.6
2903.0,0.01,1782,100,3.6
2903.5,0.01,1782,100,3.6
2904.0,0.011,1783,100,3.6
2904.5,0.01,1783,100,4.2
2905.0,0.011,1783,100,4.2
2905.5,0.01,1783,99,3.6
2906.0,0.011,1784,100,3.6
2906.5,0.01,1784,100,3.6
2907.0,0.013,1784,100,3.6
2907.5,0.011,1785,100,3.0
2908.0,0.011,1785,100,3.0
2908.5,0.011,1785,100,3.0
2909.0,0.01,1786,101,3.0
2909.5,0.01,1786,101,3.0
2910.0,0.013,1786,100,3.0
2910.5,0.011,1786,100,3.0
2911.0,0.01,1787,100,2.4000000000000004
2911.5,0.011,1787,100,1.8
2912.0,0.01,1787,101,1.8
2912.5,0.008,1788,101,1.8
2913.0,0.011,1788,100,1.2000000000000002
2913.5,0.011,1788,100,1.2000000000000002
2914.0,0.008,1789,99,1.2000000000000002
2914.5,0.01,1789,99,1.2000000000000002
2915.0,0.011,1789,98,1.2000000000000002
2915.5,0.008,1790,98,1.2000000000000002
2916.0,0.011,1790,98,1.2000000000000002
2916.5,0.011,1790,98,0.0
2917.0,0.01,1790,98,0.0
2917.5,0.01,1791,98,0.0
2918.0,0.011,1791,98,0.0
2918.5,0.01,1791,99,0.0
2919.0,0.015,1792,99,0.0
2919.5,0.013,1792,98,0.0
2920.0,0.01,1792,98,0.0
2920.5,0.01,1792,98,0.0
2921.0,0.011,1793,99,0.0
2921.5,0.011,1793,99,0.0
2922.0,0.011,1793,99,0.0
2922.5,0.011,1794,100,0.0
2923.0,0.011,1794,101,0.6000000000000001
2923.5,0.01,1794,101,0.6000000000000001
2924.0,0.011,1795,101,0.6000000000000001
2924.5,0.01,1795,101,0.0
2925.0,0.01,1795,100,0.0
2925.5,0.011,1795,100,0.0
2926.0,0.01,1796,100,0.0
2926.5,0.01,1796,100,1.2000000000000002
2927.0,0.011,1796,99,2.4000000000000004
2927.5,0.011,1797,99,3.6
2928.0,0.011,1797,100,3.6
2928.5,0.011,1797,100,3.6
2929.0,0.01,1798,100,3.6
2929.5,0.011,1798,100,3.0
2930.0,0.01,1798,99,3.0
2930.5,0.01,1799,99,3.0
2931.0,0.01,1799,99,3.0
2931.5,0.011,1799,99,3.6
2932.0,0.011,1799,99,3.6
2932.5,0.011,1800,100,3.6
2933.0,0.011,1800,100,4.2
2933.5,0.01,1800,0,2.4000000000000004
2934.0,0.008,1800,0,0.0
2934.5,0.008,1800,0,0.0
2935.0,0.008,1800,0,0.0
2935.5,0.006,1800,0,0.0
2936.0,0.005,1800,0,0.0
2936.5,0.006,1800,0,0.0
2937.0,0.005,1800,0,0.0
2937.5,0.005,1800,0,0.0
2938.0,0.008,1800,0,0.0
2938.5,0.008,1800,0,0.0
2939.0,0.008,1800,0,0.0
2939.5,0.008,1800,0,0.0
2940.0,0.008,1800,0,0.0
2940.5,0.008,1800,0,0.0
2941.0,0.008,1800,0,0.0
2941.5,0.008,1800,0,0.0
2942.0,0.008,1800,0,0.0
2942.5,0.008,1800,0,0.0
2943.0,0.008,1800,0,0.0
2943.5,0.01,1800,0,0.0
2944.0,0.01,1800,0,0.0
2944.5,0.008,1800,0,0.0
2945.0,0.008,1800,0,0.0
2945.5,0.008,1800,0,0.0
2946.0,0.008,1800,0,0.0
2946.5,0.008,1800,0,0.0
2947.0,0.008,1800,0,0.0
2947.5,0.006,1800,0,0.0
2948.0,0.005,1800,0,0.0
2948.5,0.006,1800,0,0.0
2949.0,0.005,1800,0,0.6000000000000001
2949.5,0.006,1800,0,0.0
2950.0,0.006,1800,0,0.0
2950.5,0.006,1800,0,0.6000000000000001
2951.0,0.006,1800,0,0.6000000000000001
2951.5,0.006,1800,0,0.6000000000000001
2952.0,0.006,1800,0,0.6000000000000001
2952.5,0.006,1800,0,0.6000000000000001
2953.0,0.005,1800,0,0.6000000000000001
2953.5,0.006,1800,0,0.6000000000000001
2954.0,0.006,1800,0,0.0
2954.5,0.006,1800,0,0.0
2955.0,0.006,1800,0,0.6000000000000001
2955.5,0.006,1800,0,0.6000000000000001
2956.0,0.006,1800,0,0.0
2956.5,0.006,1800,0,0.6000000000000001
2957.0,0.006,1800,0,0.6000000000000001
2957.5,0.006,1800,0,0.6000000000000001
2958.0,0.005,1800,0,0.6000000000000001
2958.5,0.006,1800,0,0.6000000000000001
2959.0,0.006,1800,0,0.6000000000000001
2959.5,0.006,1800,0,0.6000000000000001
2960.0,0.006,1800,0,0.6000000000000001
2960.5,0.006,1800,0,0.0
2961.0,0.006,1800,0,0.0
2961.5,0.008,1800,0,0.0
2962.0,0.006,1800,0,0.6000000000000001
2962.5,0.006,1800,0,0.0
2963.0,0.006,1800,0,0.0
2963.5,0.006,1800,0,0.6000000000000001
2964.0,0.006,1800,0,0.6000000000000001
2964.5,0.006,1800,0,0.6000000000000001
2965.0,0.008,1800,0,0.6000000000000001
2965.5,0.006,1800,0,0.0
2966.0,0.006,1800,0,0.6000000000000001
2966.5,0.006,1800,0,0.6000000000000001
2967.0,0.006,1800,0,0.0
2967.5,0.006,1800,0,0.6000000000000001
2968.0,0.005,1800,0,0.6000000000000001
2968.5,0.006,1800,0,0.0
2969.0,0.008,1800,0,0.0
2969.5,0.006,1800,0,0.0
2970.0,0.008,1800,0,0.0
2970.5,0.006,1800,0,0.0
2971.0,0.005,1800,0,0.0
2971.5,0.008,1800,0,0.0
2972.0,0.008,1800,0,0.0
2972.5,0.008,1800,0,0.0
2973.0,0.006,1800,0,0.0
2973.5,0.006,1800,0,0.0
2974.0,0.006,1800,0,0.0
2974.5,0.006,1800,0,0.0
2975.0,0.006,1800,0,0.0
2975.5,0.008,1800,0,0.0
2976.0,0.006,1800,0,0.0
2976.5,0.006,1800,0,0.0
2977.0,0.006,1800,0,0.0
2977.5,0.006,1800,0,0.0
2978.0,0.006,1800,0,0.0
2978.5,0.006,1800,0,0.0
2979.0,0.006,1800,0,0.0
2979.5,0.006,1800,0,0.0
2980.0,0.006,1800,0,0.0
2980.5,0.006,1800,0,0.0
2981.0,0.005,1800,0,0.0
2981.5,0.006,1800,0,0.0
2982.0,0.008,1800,0,0.0
2982.5,0.008,1800,0,0.0
2983.0,0.008,1800,0,0.0
2983.5,0.006,1800,0,0.0
2984.0,0.006,1800,0,0.0
2984.5,0.006,1800,0,0.0
2985.0,0.008,1800,0,0.0
2985.5,0.008,1800,0,0.0
2986.0,0.008,1800,0,0.0
2986.5,0.008,1800,0,0.0
2987.0,0.006,1800,0,0.0
2987.5,0.006,1800,0,0.0
2988.0,0.008,1800,0,0.0
2988.5,0.006,1800,0,0.0
2989.0,0.006,1800,0,0.0
2989.5,0.006,1800,0,0.0
2990.0,0.006,1800,0,0.0
2990.5,0.006,1800,0,0.0
2991.0,0.006,1800,0,0.0
2991.5,0.006,1800,0,0.0
2992.0,0.006,1800,0,0.0
2992.5,0.006,1800,0,0.0
2993.0,0.006,1800,0,0.0
2993.5,0.006,1800,0,0.0
2994.0,0.006,1800,0,0.0
2994.5,0.006,1800,0,0.0
2995.0,0.008,1800,0,0.0
2995.5,0.006,1800,0,0.0
2996.0,0.006,1800,0,0.0
2996.5,0.006,1800,0,0.0
2997.0,0.006,1800,0,0.6000000000000001
2997.5,0.006,1800,0,0.0
2998.0,0.006,1800,0,0.0
2998.5,0.006,1800,0,0.0
2999.0,0.006,1800,0,0.0
2999.5,0.006,1800,0,0.0
3000.0,0.006,1800,0,0.0
3000.5,0.006,1800,0,0.0
3001.0,0.006,1800,0,0.0
3001.5,0.008,1800,0,0.0
3002.0,0.006,1800,0,0.0
3002.5,0.008,1800,0,0.0
3003.0,0.006,1800,0,0.0
3003.5,0.006,1800,0,0.0
3004.0,0.006,1800,0,0.0
3004.5,0.008,1800,0,0.0
3005.0,0.008,1800,0,0.0
3005.5,0.008,1800,0,0.0
3006.0,0.006,1800,0,0.0
3006.5,0.006,1800,0,0.0
3007.0,0.008,1800,0,0.0
3007.5,0.006,1800,0,0.0
3008.0,0.006,1800,0,0.0
3008.5,0.006,1800,0,0.0
3009.0,0.006,1800,0,0.0
3009.5,0.008,1800,0,0.0
3010.0,0.008,1800,0,0.0
3010.5,0.006,1800,0,0.0
3011.0,0.006,1800,0,0.0
3011.5,0.006,1800,0,0.0
3012.0,0.006,1800,0,0.0
3012.5,0.006,1800,0,0.0
3013.0,0.008,1800,0,0.0
3013.5,0.006,1800,0,0.0
3014.0,0.008,1800,0,0.0
3014.5,0.008,1800,0,0.0
3015.0,0.008,1800,0,0.0
3015.5,0.006,1800,0,0.0
3016.0,0.006,1800,0,0.0
3016.5,0.006,1800,0,0.0
3017.0,0.008,1800,0,0.0
3017.5,0.006,1800,0,0.0
3018.0,0.008,1800,0,0.0
3018.5,0.006,1800,0,0.0
3019.0,0.006,1800,0,0.0
3019.5,0.008,1800,0,0.0
3020.0,0.008,1800,0,0.0
3020.5,0.008,1800,0,0.0
3021.0,0.008,1800,0,0.0
3021.5,0.008,1800,0,0.0
3022.0,0.01,1800,0,0.0
3022.5,0.008,1800,0,0.0
3023.0,0.006,1800,0,0.0
3023.5,0.006,1800,0,0.0
3024.0,0.008,1800,0,0.0
3024.5,0.008,1800,0,0.0
3025.0,0.006,1800,0,0.0
3025.5,0.006,1800,0,0.0
3026.0,0.008,1800,0,0.0
3026.5,0.006,1800,0,0.0
3027.0,0.006,1800,0,0.0
3027.5,0.006,1800,0,0.0
3028.0,0.006,1800,0,0.0
3028.5,0.006,1800,0,0.0
3029.0,0.006,1800,0,0.0
3029.5,0.006,1800,0,0.0
3030.0,0.006,1800,0,0.0
3030.5,0.008,1800,0,0.0
3031.0,0.006,1800,0,0.0
3031.5,0.006,1800,0,0.0
3032.0,0.008,1800,0,0.0
3032.5,0.008,1800,0,0.0
3033.0,0.008,1800,0,0.0
3033.5,0.006,1800,0,0.0
3034.0,0.006,1800,0,0.0
3034.5,0.008,1800,0,0.0
3035.0,0.006,1800,0,0.0
3035.5,0.006,1800,0,0.0
3036.0,0.008,1800,0,0.0
3036.5,0.006,1800,0,0.0
3037.0,0.008,1800,0,0.0
3037.5,0.008,1800,0,0.0
3038.0,0.006,1800,0,0.0
3038.5,0.008,1800,0,0.0
3039.0,0.008,1800,0,0.0
3039.5,0.008,1800,0,0.0
3040.0,0.008,1800,0,0.0
3040.5,0.006,1800,0,0.0
3041.0,0.008,1800,0,0.0
3041.5,0.008,1800,0,0.0
3042.0,0.006,1800,0,0.0
