Time,Torque,Angle,Rotating speed,Power
0,0.008,0,7,0.0
0.5,0.006,0,9,0.0
1.0,0.003,0,9,0.0
1.5,0.003,0,11,0.0
2.0,0.002,0,16,0.0
2.5,0.002,0,22,0.0
3.0,0.0,0,25,0.0
3.5,0.003,0,27,0.0
4.0,0.003,0,29,0.0
4.5,0.005,0,30,0.6000000000000001
5.0,0.003,0,32,0.6000000000000001
5.5,0.003,0,33,1.2000000000000002
6.0,0.005,0,38,1.2000000000000002
6.5,0.003,0,40,1.2000000000000002
7.0,0.002,0,45,1.2000000000000002
7.5,0.005,0,47,0.6000000000000001
8.0,0.005,0,50,0.0
8.5,0.003,0,52,0.0
9.0,0.003,0,53,0.0
9.5,0.003,0,54,0.0
10.0,0.003,0,55,0.0
10.5,0.005,0,56,0.0
11.0,0.006,0,57,0.0
11.5,0.01,0,58,0.0
12.0,0.008,0,58,0.0
12.5,0.005,0,59,0.0
13.0,0.005,0,59,0.0
13.5,0.006,0,59,0.0
14.0,0.005,0,59,0.0
14.5,0.006,0,60,0.0
15.0,0.01,0,61,0.0
15.5,0.01,0,64,0.0
16.0,0.008,0,66,0.0
16.5,0.01,0,71,0.0
17.0,0.01,0,73,0.0
17.5,0.008,0,75,0.0
18.0,0.008,0,76,0.0
18.5,0.008,0,78,0.0
19.0,0.01,0,80,0.0
19.5,0.008,0,81,0.0
20.0,0.008,0,82,0.0
20.5,0.01,0,82,0.0
21.0,0.006,0,82,0.0
21.5,0.008,0,82,0.0
22.0,0.008,0,82,0.0
22.5,0.008,0,83,0.0
23.0,0.008,0,82,0.6000000000000001
23.5,0.006,0,82,1.8
24.0,0.01,0,82,2.4000000000000004
24.5,0.008,0,82,2.4000000000000004
25.0,0.008,0,83,3.0
25.5,0.008,0,83,4.800000000000001
26.0,0.01,0,85,6.0
26.5,0.01,0,87,9.600000000000001
27.0,0.01,0,89,9.600000000000001
27.5,0.011,0,92,9.600000000000001
28.0,0.01,0,94,9.600000000000001
28.5,0.01,0,96,9.0
29.0,0.011,0,98,8.4
29.5,0.011,0,100,6.6000000000000005
30.0,0.016,0,101,6.0
30.5,0.019,0,102,6.0
31.0,0.018,0,102,6.0
31.5,0.019,0,103,5.4
32.0,0.027,0,103,4.800000000000001
32.5,0.032,0,103,4.2
33.0,0.039,0,103,4.2
33.5,0.042,0,103,3.6
34.0,0.04,0,103,4.2
34.5,0.039,0,102,4.2
35.0,0.032,0,101,3.6
35.5,0.031,0,102,6.0
36.0,0.037,0,104,9.600000000000001
36.5,0.044,0,107,10.200000000000001
37.0,0.077,0,110,10.8
37.5,0.095,0,112,10.200000000000001
38.0,0.106,0,113,10.200000000000001
38.5,0.106,0,114,9.600000000000001
39.0,0.105,0,115,9.600000000000001
39.5,0.11,0,115,9.600000000000001
40.0,0.106,0,115,6.0
40.5,0.11,0,115,4.2
41.0,0.106,0,116,3.6
41.5,0.105,0,116,3.0
42.0,0.11,0,115,3.0
42.5,0.105,0,114,3.0
43.0,0.11,0,114,2.4000000000000004
43.5,0.11,0,113,2.4000000000000004
44.0,0.111,0,112,2.4000000000000004
44.5,0.114,0,112,1.8
45.0,0.108,0,111,0.6000000000000001
45.5,0.111,0,110,0.0
46.0,0.106,0,110,0.0
46.5,0.106,0,111,0.0
47.0,0.108,0,111,0.0
47.5,0.11,0,111,0.0
48.0,0.102,0,111,0.0
48.5,0.108,0,111,0.0
49.0,0.111,0,112,0.0
49.5,0.108,0,112,0.0
50.0,0.106,0,111,0.0
50.5,0.106,0,113,0.6000000000000001
51.0,0.111,0,112,1.2000000000000002
51.5,0.108,0,113,1.2000000000000002
52.0,0.106,0,113,1.2000000000000002
52.5,0.11,0,112,0.6000000000000001
53.0,0.108,0,112,0.6000000000000001
53.5,0.11,0,112,0.6000000000000001
54.0,0.11,0,110,2.4000000000000004
54.5,0.111,0,110,4.800000000000001
55.0,0.108,0,110,6.6000000000000005
55.5,0.11,0,110,9.600000000000001
56.0,0.11,0,110,9.600000000000001
56.5,0.111,0,110,9.600000000000001
57.0,0.106,0,110,8.4
57.5,0.106,0,110,7.2
58.0,0.108,0,109,7.2
58.5,0.106,0,109,8.4
59.0,0.113,0,110,9.600000000000001
59.5,0.106,0,110,9.600000000000001
60.0,0.106,0,110,9.600000000000001
60.5,0.105,0,109,9.600000000000001
61.0,0.105,0,110,9.600000000000001
61.5,0.103,0,110,9.600000000000001
62.0,0.106,0,109,9.600000000000001
62.5,0.105,0,109,9.600000000000001
63.0,0.106,0,109,9.600000000000001
63.5,0.106,0,109,9.600000000000001
64.0,0.108,0,109,9.600000000000001
64.5,0.106,0,108,9.0
65.0,0.11,0,107,9.600000000000001
65.5,0.108,0,108,9.600000000000001
66.0,0.11,0,108,9.600000000000001
66.5,0.111,0,108,7.800000000000001
67.0,0.108,0,108,7.2
67.5,0.114,0,108,6.6000000000000005
68.0,0.11,0,109,7.2
68.5,0.111,0,108,9.600000000000001
69.0,0.111,0,108,6.6000000000000005
69.5,0.11,0,107,4.800000000000001
70.0,0.11,0,107,3.6
70.5,0.113,0,107,3.0
71.0,0.113,0,107,2.4000000000000004
71.5,0.111,0,107,2.4000000000000004
72.0,0.113,0,106,2.4000000000000004
72.5,0.111,0,106,2.4000000000000004
73.0,0.116,0,105,2.4000000000000004
73.5,0.11,0,104,2.4000000000000004
74.0,0.111,0,104,2.4000000000000004
74.5,0.11,0,103,0.6000000000000001
75.0,0.111,0,103,0.0
75.5,0.111,0,102,0.0
76.0,0.116,0,103,0.0
76.5,0.111,0,103,0.0
77.0,0.113,0,103,0.0
77.5,0.114,0,103,0.0
78.0,0.114,0,103,0.0
78.5,0.114,0,103,0.0
79.0,0.119,0,103,0.0
79.5,0.118,0,104,0.0
80.0,0.118,0,102,0.0
80.5,0.119,0,103,0.6000000000000001
81.0,0.119,0,104,0.6000000000000001
81.5,0.119,0,104,0.6000000000000001
82.0,0.121,0,104,0.6000000000000001
82.5,0.118,0,104,0.6000000000000001
83.0,0.116,0,104,0.6000000000000001
83.5,0.116,0,104,0.6000000000000001
84.0,0.114,0,104,0.6000000000000001
84.5,0.114,0,102,2.4000000000000004
85.0,0.113,0,102,4.800000000000001
85.5,0.11,0,102,7.800000000000001
86.0,0.113,0,103,9.600000000000001
86.5,0.113,0,103,9.600000000000001
87.0,0.111,0,103,9.600000000000001
87.5,0.113,0,103,9.600000000000001
88.0,0.113,0,102,8.4
88.5,0.111,0,103,8.4
89.0,0.111,0,102,7.800000000000001
89.5,0.111,0,103,9.600000000000001
90.0,0.11,0,103,9.600000000000001
90.5,0.113,0,103,9.600000000000001
91.0,0.113,0,103,9.600000000000001
91.5,0.113,0,103,9.600000000000001
92.0,0.114,0,102,9.600000000000001
92.5,0.113,0,103,9.600000000000001
93.0,0.111,0,103,9.600000000000001
93.5,0.116,0,103,9.600000000000001
94.0,0.114,0,103,9.600000000000001
94.5,0.114,0,103,9.600000000000001
95.0,0.113,0,103,9.600000000000001
95.5,0.116,0,102,9.600000000000001
96.0,0.116,0,102,9.600000000000001
96.5,0.118,0,102,9.600000000000001
97.0,0.116,0,102,9.600000000000001
97.5,0.116,0,102,9.600000000000001
98.0,0.114,0,102,9.600000000000001
98.5,0.116,0,102,9.600000000000001
99.0,0.116,0,103,9.0
99.5,0.119,0,103,9.600000000000001
100.0,0.118,0,103,9.600000000000001
100.5,0.118,0,102,6.6000000000000005
101.0,0.116,0,102,4.2
101.5,0.119,0,102,3.6
102.0,0.118,0,102,3.0
102.5,0.121,0,102,2.4000000000000004
103.0,0.119,0,102,2.4000000000000004
103.5,0.122,0,101,2.4000000000000004
104.0,0.119,0,101,2.4000000000000004
104.5,0.122,0,100,2.4000000000000004
105.0,0.119,0,100,2.4000000000000004
105.5,0.122,0,99,2.4000000000000004
106.0,0.119,0,99,1.8
106.5,0.121,0,98,0.0
107.0,0.119,0,98,0.0
107.5,0.121,0,98,0.0
108.0,0.121,0,99,0.0
108.5,0.121,0,99,0.0
109.0,0.121,0,99,0.0
109.5,0.121,0,99,0.0
110.0,0.121,0,99,0.0
110.5,0.121,0,99,0.0
111.0,0.121,0,100,0.0
111.5,0.121,0,100,0.0
112.0,0.122,0,99,0.0
112.5,0.124,0,100,0.6000000000000001
113.0,0.126,0,100,0.6000000000000001
113.5,0.124,0,101,0.6000000000000001
114.0,0.124,0,101,0.6000000000000001
114.5,0.126,0,100,0.6000000000000001
115.0,0.126,0,100,0.6000000000000001
115.5,0.129,0,100,0.6000000000000001
116.0,0.129,0,100,0.6000000000000001
116.5,0.127,0,99,1.8
117.0,0.126,0,98,4.800000000000001
117.5,0.131,0,98,7.800000000000001
118.0,0.131,0,98,9.600000000000001
118.5,0.132,0,98,9.600000000000001
119.0,0.131,0,98,9.600000000000001
119.5,0.132,0,98,9.600000000000001
120.0,0.134,0,98,9.600000000000001
120.5,0.134,0,98,9.600000000000001
121.0,0.135,0,98,9.600000000000001
121.5,0.134,0,98,9.600000000000001
122.0,0.137,0,98,9.600000000000001
122.5,0.135,0,99,9.600000000000001
123.0,0.139,0,99,9.600000000000001
123.5,0.135,0,98,9.600000000000001
124.0,0.137,0,98,10.8
124.5,0.135,0,98,10.8
125.0,0.134,0,99,10.8
125.5,0.135,0,98,10.8
126.0,0.139,0,98,10.8
126.5,0.134,0,98,10.8
127.0,0.137,0,99,10.8
127.5,0.135,0,99,10.8
128.0,0.137,0,98,9.600000000000001
128.5,0.137,0,97,9.600000000000001
129.0,0.14,0,97,9.600000000000001
129.5,0.132,0,97,9.600000000000001
130.0,0.139,0,98,9.600000000000001
130.5,0.137,0,98,9.600000000000001
131.0,0.142,0,99,9.600000000000001
131.5,0.14,0,99,9.600000000000001
132.0,0.14,0,100,9.600000000000001
132.5,0.14,0,99,9.600000000000001
133.0,0.142,0,99,9.600000000000001
133.5,0.142,0,99,6.6000000000000005
134.0,0.145,0,99,4.800000000000001
134.5,0.139,0,98,3.6
135.0,0.142,0,99,3.6
135.5,0.143,0,99,3.0
136.0,0.143,0,99,3.0
136.5,0.142,0,98,3.0
137.0,0.145,0,98,3.0
137.5,0.14,0,97,3.0
138.0,0.14,0,97,3.0
138.5,0.143,0,97,3.0
139.0,0.142,0,97,1.8
139.5,0.14,0,96,0.0
140.0,0.143,0,95,0.0
140.5,0.145,0,95,0.0
141.0,0.145,0,96,0.0
141.5,0.145,0,96,0.0
142.0,0.143,0,96,0.0
142.5,0.147,0,97,0.0
143.0,0.145,0,97,0.0
143.5,0.15,0,97,0.0
144.0,0.145,0,98,0.0
144.5,0.15,0,98,0.0
145.0,0.145,0,97,0.0
145.5,0.147,0,98,0.6000000000000001
146.0,0.147,0,99,1.2000000000000002
146.5,0.148,0,99,1.2000000000000002
147.0,0.145,0,99,1.2000000000000002
147.5,0.148,0,99,1.2000000000000002
148.0,0.148,0,99,1.2000000000000002
148.5,0.148,0,99,0.6000000000000001
149.0,0.147,0,99,0.6000000000000001
149.5,0.147,0,98,1.8
150.0,0.145,0,97,4.2
150.5,0.143,0,96,8.4
151.0,0.145,0,97,9.600000000000001
151.5,0.145,0,98,9.600000000000001
152.0,0.143,0,98,9.600000000000001
152.5,0.143,0,98,9.600000000000001
153.0,0.145,0,98,9.600000000000001
153.5,0.145,0,98,9.600000000000001
154.0,0.143,0,98,9.600000000000001
154.5,0.145,0,98,9.600000000000001
155.0,0.145,0,98,9.600000000000001
155.5,0.143,0,99,9.600000000000001
156.0,0.142,0,99,9.600000000000001
156.5,0.145,0,99,10.200000000000001
157.0,0.145,0,99,11.4
157.5,0.143,0,98,11.4
158.0,0.145,0,99,12.0
158.5,0.14,0,99,11.4
159.0,0.142,0,99,11.4
159.5,0.14,0,99,11.4
160.0,0.143,0,99,11.4
160.5,0.145,0,99,9.600000000000001
161.0,0.14,0,98,9.600000000000001
161.5,0.14,0,98,9.600000000000001
162.0,0.142,0,99,9.600000000000001
162.5,0.147,0,99,9.600000000000001
163.0,0.14,0,99,9.600000000000001
163.5,0.143,0,99,9.600000000000001
164.0,0.14,0,100,9.600000000000001
164.5,0.143,0,100,9.600000000000001
165.0,0.143,0,100,9.600000000000001
165.5,0.147,0,100,9.600000000000001
166.0,0.143,0,100,7.800000000000001
166.5,0.143,0,99,4.800000000000001
167.0,0.142,0,99,4.2
167.5,0.145,0,99,3.6
168.0,0.145,0,99,3.0
168.5,0.151,0,99,3.0
169.0,0.142,0,99,3.0
169.5,0.145,0,98,3.0
170.0,0.148,0,98,3.0
170.5,0.148,0,97,3.0
171.0,0.145,0,97,3.0
171.5,0.15,0,97,1.8
172.0,0.142,0,96,0.6000000000000001
172.5,0.143,0,96,0.0
173.0,0.148,0,96,0.0
173.5,0.147,0,96,0.0
174.0,0.143,0,97,0.0
174.5,0.145,0,97,0.0
175.0,0.148,0,98,0.0
175.5,0.147,0,98,0.0
176.0,0.145,0,98,0.0
176.5,0.145,0,98,0.0
177.0,0.145,0,99,0.0
177.5,0.142,0,98,0.0
178.0,0.147,0,99,0.6000000000000001
178.5,0.145,0,99,0.6000000000000001
179.0,0.143,0,100,1.2000000000000002
179.5,0.142,0,100,1.2000000000000002
180.0,0.143,0,100,1.2000000000000002
180.5,0.142,0,100,0.6000000000000001
181.0,0.145,0,100,0.6000000000000001
181.5,0.14,0,100,0.6000000000000001
182.0,0.142,0,99,1.2000000000000002
182.5,0.137,0,98,4.2
183.0,0.14,0,97,7.800000000000001
183.5,0.139,0,98,9.600000000000001
184.0,0.14,0,99,9.600000000000001
184.5,0.137,0,99,9.600000000000001
185.0,0.137,0,99,9.600000000000001
185.5,0.135,0,99,9.600000000000001
186.0,0.137,0,100,9.600000000000001
186.5,0.134,0,100,9.600000000000001
187.0,0.137,0,100,9.600000000000001
187.5,0.135,0,100,9.600000000000001
188.0,0.139,0,101,9.600000000000001
188.5,0.132,0,101,9.600000000000001
189.0,0.135,0,100,9.600000000000001
189.5,0.135,0,101,10.8
190.0,0.134,0,101,10.8
190.5,0.132,0,101,10.8
191.0,0.135,0,101,10.8
191.5,0.132,0,100,10.8
192.0,0.134,0,101,10.8
192.5,0.132,0,101,10.8
193.0,0.132,0,101,10.8
193.5,0.132,0,100,9.600000000000001
194.0,0.134,0,100,9.600000000000001
194.5,0.132,0,99,9.600000000000001
195.0,0.132,0,100,9.600000000000001
195.5,0.131,0,100,9.600000000000001
196.0,0.135,0,101,9.600000000000001
196.5,0.134,0,101,9.600000000000001
197.0,0.132,0,102,9.600000000000001
197.5,0.129,0,102,9.600000000000001
198.0,0.131,0,102,9.600000000000001
198.5,0.129,0,102,9.600000000000001
199.0,0.131,0,101,5.4
199.5,0.129,0,101,4.2
200.0,0.131,0,101,3.6
200.5,0.127,0,102,3.0
201.0,0.129,0,102,3.0
201.5,0.129,0,101,3.0
202.0,0.129,0,101,2.4000000000000004
202.5,0.127,0,101,2.4000000000000004
203.0,0.127,0,100,2.4000000000000004
203.5,0.126,0,100,3.0
204.0,0.129,0,100,2.4000000000000004
204.5,0.127,0,99,0.6000000000000001
205.0,0.129,0,98,0.0
205.5,0.127,0,98,0.0
206.0,0.127,0,99,0.0
206.5,0.122,0,99,0.0
207.0,0.131,0,99,0.0
207.5,0.129,0,99,0.0
208.0,0.129,0,99,0.0
208.5,0.127,0,100,0.0
209.0,0.129,0,100,0.0
209.5,0.132,0,99,0.0
210.0,0.131,0,100,0.6000000000000001
210.5,0.129,0,101,0.6000000000000001
211.0,0.129,0,101,0.6000000000000001
211.5,0.131,0,102,0.6000000000000001
212.0,0.129,0,101,0.6000000000000001
212.5,0.135,0,101,0.6000000000000001
213.0,0.132,0,101,0.6000000000000001
213.5,0.134,0,101,0.6000000000000001
214.0,0.134,0,100,1.8
214.5,0.134,0,99,4.800000000000001
215.0,0.134,0,99,7.800000000000001
215.5,0.137,0,99,9.600000000000001
216.0,0.135,0,100,9.600000000000001
216.5,0.135,0,100,9.600000000000001
217.0,0.135,0,100,9.600000000000001
217.5,0.14,0,99,9.600000000000001
218.0,0.139,0,99,9.600000000000001
218.5,0.139,0,99,9.600000000000001
219.0,0.137,0,99,9.600000000000001
219.5,0.139,0,100,9.600000000000001
220.0,0.137,0,100,9.600000000000001
220.5,0.14,0,100,9.600000000000001
221.0,0.139,0,99,10.200000000000001
221.5,0.137,0,99,10.8
222.0,0.137,0,99,11.4
222.5,0.139,0,99,11.4
223.0,0.14,0,100,10.8
223.5,0.139,0,100,10.8
224.0,0.139,0,99,10.8
224.5,0.139,0,100,11.4
225.0,0.142,0,100,10.8
225.5,0.14,0,99,9.600000000000001
226.0,0.142,0,99,9.600000000000001
226.5,0.14,0,98,9.600000000000001
227.0,0.143,0,98,9.600000000000001
227.5,0.142,0,99,9.600000000000001
228.0,0.145,0,99,9.600000000000001
228.5,0.142,0,99,9.600000000000001
229.0,0.145,0,100,9.600000000000001
229.5,0.143,0,100,9.600000000000001
230.0,0.145,0,100,9.600000000000001
230.5,0.145,0,99,9.600000000000001
231.0,0.147,0,99,6.0
231.5,0.142,0,98,4.2
232.0,0.142,0,98,3.6
232.5,0.143,0,99,3.6
233.0,0.145,0,99,3.0
233.5,0.147,0,98,3.0
234.0,0.14,0,98,3.0
234.5,0.142,0,98,3.0
235.0,0.142,0,97,3.0
235.5,0.147,0,97,3.0
236.0,0.142,0,97,1.2000000000000002
236.5,0.145,0,96,0.0
237.0,0.14,0,96,0.0
237.5,0.143,0,96,0.0
238.0,0.143,0,97,0.0
238.5,0.142,0,97,0.0
239.0,0.145,0,97,0.0
239.5,0.142,0,98,0.0
240.0,0.147,0,98,0.0
240.5,0.145,0,98,0.0
241.0,0.143,0,99,0.0
241.5,0.145,0,98,0.0
242.0,0.147,0,98,0.0
242.5,0.143,0,99,0.6000000000000001
243.0,0.147,0,99,1.2000000000000002
243.5,0.145,0,100,1.2000000000000002
244.0,0.145,0,100,1.2000000000000002
244.5,0.145,0,100,1.2000000000000002
245.0,0.147,0,100,0.6000000000000001
245.5,0.145,0,100,0.6000000000000001
246.0,0.148,0,100,0.6000000000000001
246.5,0.145,0,99,2.4000000000000004
247.0,0.145,0,97,5.4
247.5,0.147,0,97,9.600000000000001
248.0,0.147,0,98,9.600000000000001
248.5,0.147,0,98,9.600000000000001
249.0,0.148,0,98,9.600000000000001
249.5,0.145,0,98,9.600000000000001
250.0,0.148,0,98,9.600000000000001
250.5,0.148,0,98,9.600000000000001
251.0,0.148,0,99,9.600000000000001
251.5,0.147,0,99,9.600000000000001
252.0,0.15,0,99,9.600000000000001
252.5,0.148,0,99,9.600000000000001
253.0,0.15,0,99,9.600000000000001
253.5,0.148,0,99,10.8
254.0,0.147,0,98,11.4
254.5,0.148,0,99,12.0
255.0,0.151,0,99,12.0
255.5,0.15,0,99,12.0
256.0,0.15,0,99,11.4
256.5,0.145,0,99,12.0
257.0,0.151,0,99,12.0
257.5,0.15,0,99,11.4
258.0,0.153,0,98,9.600000000000001
258.5,0.15,0,97,9.600000000000001
259.0,0.15,0,97,9.600000000000001
259.5,0.15,0,97,10.200000000000001
260.0,0.156,0,98,9.600000000000001
260.5,0.155,0,98,9.600000000000001
261.0,0.156,0,98,9.600000000000001
261.5,0.151,0,99,9.600000000000001
262.0,0.155,0,99,9.600000000000001
262.5,0.156,0,99,10.200000000000001
263.0,0.156,0,99,9.600000000000001
263.5,0.156,0,98,6.6000000000000005
264.0,0.156,0,98,4.800000000000001
264.5,0.153,0,98,4.2
265.0,0.158,0,98,3.6
265.5,0.16,0,98,3.6
266.0,0.158,0,98,3.0
266.5,0.158,0,98,3.0
267.0,0.158,0,98,3.0
267.5,0.158,0,97,3.0
268.0,0.158,0,97,3.0
268.5,0.163,0,97,3.0
269.0,0.156,0,97,1.2000000000000002
269.5,0.16,0,96,0.0
270.0,0.156,0,95,0.0
270.5,0.16,0,95,0.0
271.0,0.156,0,96,0.0
271.5,0.158,0,96,0.0
272.0,0.151,0,96,0.0
272.5,0.156,0,97,0.0
273.0,0.155,0,97,0.0
273.5,0.16,0,97,0.0
274.0,0.153,0,98,0.0
274.5,0.155,0,99,0.0
275.0,0.156,0,97,0.0
275.5,0.155,0,98,0.6000000000000001
276.0,0.156,0,99,1.2000000000000002
276.5,0.156,0,99,1.2000000000000002
277.0,0.155,0,99,1.2000000000000002
277.5,0.155,0,100,1.2000000000000002
278.0,0.158,0,99,1.2000000000000002
278.5,0.156,0,100,1.2000000000000002
279.0,0.158,0,100,1.2000000000000002
279.5,0.158,0,99,2.4000000000000004
280.0,0.155,0,98,5.4
280.5,0.155,0,97,9.600000000000001
281.0,0.158,0,98,9.600000000000001
281.5,0.156,0,98,10.200000000000001
282.0,0.158,0,98,10.200000000000001
282.5,0.16,0,99,10.200000000000001
283.0,0.156,0,98,9.600000000000001
283.5,0.155,0,99,9.600000000000001
284.0,0.158,0,99,9.600000000000001
284.5,0.158,0,99,9.600000000000001
285.0,0.158,0,99,10.200000000000001
285.5,0.156,0,100,9.600000000000001
286.0,0.156,0,100,9.600000000000001
286.5,0.155,0,98,10.8
287.0,0.156,0,98,12.0
287.5,0.155,0,99,12.600000000000001
288.0,0.158,0,99,12.600000000000001
288.5,0.155,0,99,12.600000000000001
289.0,0.155,0,99,12.600000000000001
289.5,0.151,0,100,12.600000000000001
290.0,0.156,0,100,12.600000000000001
290.5,0.153,0,100,13.200000000000001
291.0,0.15,0,100,10.200000000000001
291.5,0.147,0,99,9.600000000000001
292.0,0.155,0,98,10.200000000000001
292.5,0.151,0,99,10.200000000000001
293.0,0.156,0,100,10.200000000000001
293.5,0.153,0,100,10.200000000000001
294.0,0.153,0,101,9.600000000000001
294.5,0.151,0,101,9.600000000000001
295.0,0.156,0,101,9.600000000000001
295.5,0.155,0,101,10.200000000000001
296.0,0.158,0,101,9.600000000000001
296.5,0.155,0,100,6.6000000000000005
297.0,0.153,0,99,4.800000000000001
297.5,0.153,0,99,4.2
298.0,0.161,0,100,3.6
298.5,0.156,0,100,3.6
299.0,0.155,0,99,3.0
299.5,0.151,0,99,3.0
300.0,0.153,0,99,3.0
300.5,0.155,0,98,3.0
301.0,0.156,0,98,3.0
301.5,0.156,0,98,3.6
302.0,0.153,0,98,1.8
302.5,0.151,0,96,0.0
303.0,0.155,0,96,0.0
303.5,0.155,0,97,0.0
304.0,0.155,0,97,0.0
304.5,0.153,0,98,0.0
305.0,0.151,0,98,0.0
305.5,0.153,0,98,0.0
306.0,0.151,0,99,0.0
306.5,0.156,0,99,0.0
307.0,0.151,0,99,0.0
307.5,0.153,0,100,0.0
308.0,0.153,0,99,0.0
308.5,0.156,0,100,0.6000000000000001
309.0,0.156,0,100,1.2000000000000002
309.5,0.16,0,100,1.2000000000000002
310.0,0.155,0,101,1.2000000000000002
310.5,0.156,0,100,1.2000000000000002
311.0,0.158,0,100,1.2000000000000002
311.5,0.16,0,100,1.2000000000000002
312.0,0.16,0,100,1.2000000000000002
312.5,0.161,0,99,3.0
313.0,0.16,0,97,6.0
313.5,0.161,0,98,9.600000000000001
314.0,0.161,0,98,10.200000000000001
314.5,0.166,0,98,10.200000000000001
315.0,0.161,0,99,10.200000000000001
315.5,0.166,0,99,10.200000000000001
316.0,0.161,0,99,9.600000000000001
316.5,0.164,0,99,9.600000000000001
317.0,0.164,0,99,9.600000000000001
317.5,0.169,0,99,10.200000000000001
318.0,0.169,0,99,10.200000000000001
318.5,0.169,0,100,9.600000000000001
319.0,0.158,0,99,10.8
319.5,0.168,0,99,12.0
320.0,0.161,0,99,12.600000000000001
320.5,0.166,0,99,13.200000000000001
321.0,0.161,0,100,12.600000000000001
321.5,0.166,0,100,12.600000000000001
322.0,0.161,0,99,12.600000000000001
322.5,0.166,0,100,12.600000000000001
323.0,0.166,0,101,12.600000000000001
323.5,0.168,0,99,11.4
324.0,0.161,0,98,9.600000000000001
324.5,0.168,0,99,9.600000000000001
325.0,0.168,0,97,10.200000000000001
325.5,0.168,0,97,10.200000000000001
326.0,0.168,0,99,10.200000000000001
326.5,0.169,0,99,10.200000000000001
327.0,0.172,0,99,10.200000000000001
327.5,0.169,0,99,6.0
328.0,0.169,0,99,4.800000000000001
328.5,0.169,0,99,4.2
329.0,0.171,0,99,3.6
329.5,0.171,0,99,3.6
330.0,0.171,0,99,3.0
330.5,0.169,0,98,3.0
331.0,0.169,0,98,3.0
331.5,0.169,0,98,3.0
332.0,0.169,0,97,3.0
332.5,0.169,0,97,3.0
333.0,0.169,0,97,1.2000000000000002
333.5,0.168,0,96,0.0
334.0,0.169,0,96,0.0
334.5,0.169,0,96,0.0
335.0,0.169,0,97,0.0
335.5,0.169,0,97,0.0
336.0,0.171,0,97,0.0
336.5,0.171,0,98,0.0
337.0,0.171,0,98,0.0
337.5,0.171,0,98,0.0
338.0,0.171,0,99,0.0
338.5,0.172,0,98,0.0
339.0,0.172,0,98,0.6000000000000001
339.5,0.172,0,99,1.2000000000000002
340.0,0.171,0,99,1.2000000000000002
340.5,0.171,0,100,1.2000000000000002
341.0,0.172,0,100,1.2000000000000002
341.5,0.176,0,100,1.2000000000000002
342.0,0.176,0,100,1.2000000000000002
342.5,0.176,0,100,1.2000000000000002
343.0,0.172,0,99,1.2000000000000002
343.5,0.174,0,98,4.2
344.0,0.174,0,97,8.4
344.5,0.179,0,97,9.600000000000001
345.0,0.179,0,98,10.200000000000001
345.5,0.179,0,98,10.8
346.0,0.177,0,98,10.8
346.5,0.177,0,98,10.8
347.0,0.177,0,98,10.200000000000001
347.5,0.18,0,98,10.200000000000001
348.0,0.18,0,98,10.200000000000001
348.5,0.18,0,99,10.8
349.0,0.179,0,99,11.4
349.5,0.18,0,99,10.200000000000001
350.0,0.18,0,98,10.8
350.5,0.184,0,98,12.0
351.0,0.184,0,99,13.200000000000001
351.5,0.184,0,99,13.200000000000001
352.0,0.18,0,98,13.200000000000001
352.5,0.18,0,98,13.200000000000001
353.0,0.18,0,99,13.200000000000001
353.5,0.184,0,99,13.200000000000001
354.0,0.184,0,98,13.8
354.5,0.184,0,99,12.0
355.0,0.182,0,97,10.200000000000001
355.5,0.182,0,97,10.200000000000001
356.0,0.182,0,97,10.8
356.5,0.184,0,97,11.4
357.0,0.184,0,98,11.4
357.5,0.184,0,98,11.4
358.0,0.185,0,98,10.8
358.5,0.185,0,98,10.8
359.0,0.185,0,99,11.4
359.5,0.19,0,100,11.4
360.0,0.19,0,99,10.8
360.5,0.19,0,98,8.4
361.0,0.19,0,98,5.4
361.5,0.187,0,97,4.800000000000001
362.0,0.187,0,98,4.2
362.5,0.19,0,98,3.6
363.0,0.19,0,98,3.6
363.5,0.19,0,98,3.6
364.0,0.19,0,97,3.6
364.5,0.189,0,97,3.6
365.0,0.189,0,97,3.6
365.5,0.189,0,97,3.6
366.0,0.192,0,96,1.8
366.5,0.192,0,95,0.0
367.0,0.192,0,94,0.0
367.5,0.187,0,95,0.0
368.0,0.189,0,95,0.0
368.5,0.189,0,96,0.0
369.0,0.189,0,96,0.0
369.5,0.189,0,97,0.0
370.0,0.189,0,97,0.0
370.5,0.189,0,97,0.0
371.0,0.189,0,97,0.0
371.5,0.189,0,99,0.0
372.0,0.185,0,97,0.0
372.5,0.185,0,98,1.2000000000000002
373.0,0.185,0,98,1.2000000000000002
373.5,0.185,0,99,1.8
374.0,0.184,0,99,1.8
374.5,0.182,0,99,1.2000000000000002
375.0,0.18,0,99,1.2000000000000002
375.5,0.18,0,100,1.2000000000000002
376.0,0.179,0,100,1.2000000000000002
376.5,0.182,0,99,2.4000000000000004
377.0,0.182,0,97,6.0
377.5,0.182,0,97,9.600000000000001
378.0,0.177,0,98,10.8
378.5,0.179,0,99,11.4
379.0,0.179,0,99,11.4
379.5,0.182,0,99,11.4
380.0,0.182,0,100,10.8
380.5,0.182,0,100,10.8
381.0,0.177,0,100,10.200000000000001
381.5,0.177,0,100,10.8
382.0,0.177,0,101,10.8
382.5,0.179,0,101,10.200000000000001
383.0,0.179,0,100,10.8
383.5,0.179,0,100,12.0
384.0,0.172,0,100,13.200000000000001
384.5,0.172,0,101,13.200000000000001
385.0,0.171,0,101,13.200000000000001
385.5,0.172,0,101,12.600000000000001
386.0,0.172,0,101,12.600000000000001
386.5,0.172,0,102,12.600000000000001
387.0,0.169,0,102,13.200000000000001
387.5,0.166,0,102,12.0
388.0,0.161,0,100,10.200000000000001
388.5,0.158,0,101,10.200000000000001
389.0,0.168,0,101,10.200000000000001
389.5,0.158,0,101,10.200000000000001
390.0,0.16,0,102,10.200000000000001
390.5,0.158,0,102,10.200000000000001
391.0,0.158,0,102,10.200000000000001
391.5,0.155,0,103,9.600000000000001
392.0,0.156,0,103,10.200000000000001
392.5,0.153,0,103,10.200000000000001
393.0,0.156,0,103,9.600000000000001
393.5,0.151,0,103,5.4
394.0,0.15,0,103,4.2
394.5,0.145,0,103,3.6
395.0,0.147,0,103,3.6
395.5,0.14,0,104,3.0
396.0,0.143,0,103,3.0
396.5,0.139,0,103,3.0
397.0,0.137,0,102,3.0
397.5,0.135,0,102,3.0
398.0,0.135,0,102,1.2000000000000002
398.5,0.139,0,101,0.0
399.0,0.14,0,101,0.0
399.5,0.14,0,101,0.0
400.0,0.139,0,102,0.0
400.5,0.137,0,102,0.0
401.0,0.139,0,102,0.0
401.5,0.142,0,103,0.0
402.0,0.142,0,103,0.0
402.5,0.143,0,103,0.0
403.0,0.14,0,104,0.0
403.5,0.14,0,103,0.0
404.0,0.14,0,104,0.6000000000000001
404.5,0.142,0,104,1.2000000000000002
405.0,0.143,0,104,1.2000000000000002
405.5,0.143,0,105,1.2000000000000002
406.0,0.142,0,104,1.2000000000000002
406.5,0.145,0,104,1.2000000000000002
407.0,0.143,0,104,0.6000000000000001
407.5,0.145,0,104,0.6000000000000001
408.0,0.143,0,103,2.4000000000000004
408.5,0.143,0,102,4.800000000000001
409.0,0.143,0,101,9.0
409.5,0.147,0,102,9.600000000000001
410.0,0.145,0,102,9.600000000000001
410.5,0.147,0,102,9.600000000000001
411.0,0.147,0,102,9.600000000000001
411.5,0.147,0,102,9.600000000000001
412.0,0.145,0,102,9.600000000000001
412.5,0.15,0,102,9.600000000000001
413.0,0.15,0,102,9.600000000000001
413.5,0.148,0,103,9.600000000000001
414.0,0.151,0,103,9.600000000000001
414.5,0.147,0,102,9.600000000000001
415.0,0.147,0,102,10.8
415.5,0.153,0,102,10.8
416.0,0.15,0,103,10.8
416.5,0.15,0,102,10.8
417.0,0.153,0,102,10.8
417.5,0.15,0,102,10.8
418.0,0.15,0,102,10.8
418.5,0.156,0,102,11.4
419.0,0.153,0,101,9.600000000000001
419.5,0.153,0,101,9.600000000000001
420.0,0.156,0,100,9.600000000000001
420.5,0.15,0,101,9.600000000000001
421.0,0.15,0,101,9.600000000000001
421.5,0.156,0,101,9.600000000000001
422.0,0.155,0,101,9.600000000000001
422.5,0.153,0,102,9.600000000000001
423.0,0.158,0,102,9.600000000000001
423.5,0.153,0,102,9.600000000000001
424.0,0.151,0,102,9.600000000000001
424.5,0.156,0,102,6.0
425.0,0.156,0,101,4.2
425.5,0.156,0,101,3.6
426.0,0.16,0,101,3.0
426.5,0.151,0,101,3.0
427.0,0.151,0,101,3.0
427.5,0.158,0,100,3.0
428.0,0.156,0,100,3.0
428.5,0.158,0,99,3.0
429.0,0.16,0,99,3.0
429.5,0.155,0,99,2.4000000000000004
430.0,0.153,0,97,0.6000000000000001
430.5,0.161,0,97,0.0
431.0,0.16,0,97,0.0
431.5,0.16,0,97,0.0
432.0,0.16,0,98,0.0
432.5,0.16,0,98,0.0
433.0,0.158,0,98,0.0
433.5,0.16,0,98,0.0
434.0,0.161,0,98,0.0
434.5,0.161,0,99,0.0
435.0,0.161,0,99,0.0
435.5,0.158,0,99,0.0
436.0,0.16,0,99,0.6000000000000001
436.5,0.166,0,99,1.2000000000000002
437.0,0.166,0,99,1.2000000000000002
437.5,0.166,0,100,1.2000000000000002
438.0,0.161,0,100,1.2000000000000002
438.5,0.166,0,100,1.2000000000000002
439.0,0.166,0,99,1.2000000000000002
439.5,0.166,0,99,0.6000000000000001
440.0,0.166,0,99,1.2000000000000002
440.5,0.166,0,98,3.6
441.0,0.166,0,97,7.800000000000001
441.5,0.166,0,97,9.600000000000001
442.0,0.166,0,97,10.200000000000001
442.5,0.169,0,98,10.200000000000001
443.0,0.169,0,98,10.200000000000001
443.5,0.172,0,98,10.200000000000001
444.0,0.172,0,98,9.600000000000001
444.5,0.172,0,98,9.600000000000001
445.0,0.172,0,98,9.600000000000001
445.5,0.169,0,99,9.600000000000001
446.0,0.171,0,99,10.200000000000001
446.5,0.171,0,99,9.600000000000001
447.0,0.171,0,98,10.200000000000001
447.5,0.171,0,98,12.0
448.0,0.171,0,98,12.600000000000001
448.5,0.171,0,99,12.600000000000001
449.0,0.172,0,99,12.600000000000001
449.5,0.172,0,99,12.0
450.0,0.177,0,98,12.600000000000001
450.5,0.177,0,99,12.600000000000001
451.0,0.177,0,99,13.200000000000001
451.5,0.171,0,99,11.4
452.0,0.174,0,98,9.600000000000001
452.5,0.174,0,98,10.200000000000001
453.0,0.174,0,98,10.200000000000001
453.5,0.174,0,98,10.200000000000001
454.0,0.174,0,99,10.200000000000001
454.5,0.171,0,99,10.200000000000001
455.0,0.172,0,99,9.600000000000001
455.5,0.172,0,100,10.200000000000001
456.0,0.172,0,100,10.200000000000001
456.5,0.172,0,100,10.200000000000001
457.0,0.172,0,100,9.600000000000001
457.5,0.172,0,99,6.0
458.0,0.172,0,99,4.800000000000001
458.5,0.172,0,99,3.6
459.0,0.172,0,99,3.6
459.5,0.172,0,99,3.6
460.0,0.172,0,99,3.0
460.5,0.172,0,98,3.0
461.0,0.172,0,98,3.0
461.5,0.172,0,98,3.0
462.0,0.172,0,97,3.6
462.5,0.171,0,97,2.4000000000000004
463.0,0.172,0,96,0.6000000000000001
463.5,0.172,0,96,0.0
464.0,0.174,0,95,0.0
464.5,0.174,0,96,0.0
465.0,0.174,0,96,0.0
465.5,0.174,0,96,0.0
466.0,0.174,0,97,0.0
466.5,0.174,0,97,0.0
467.0,0.171,0,97,0.0
467.5,0.174,0,99,0.0
468.0,0.174,0,99,0.0
468.5,0.174,0,98,0.0
469.0,0.172,0,98,0.6000000000000001
469.5,0.172,0,99,1.2000000000000002
470.0,0.172,0,99,1.2000000000000002
470.5,0.172,0,100,1.2000000000000002
471.0,0.172,0,100,1.2000000000000002
471.5,0.172,0,100,1.2000000000000002
472.0,0.172,0,100,1.2000000000000002
472.5,0.172,0,100,1.2000000000000002
473.0,0.171,0,100,1.2000000000000002
473.5,0.172,0,99,3.6
474.0,0.172,0,97,7.2
474.5,0.172,0,97,9.600000000000001
475.0,0.172,0,98,10.200000000000001
475.5,0.172,0,99,10.200000000000001
476.0,0.174,0,99,10.200000000000001
476.5,0.174,0,99,10.200000000000001
477.0,0.174,0,99,9.600000000000001
477.5,0.177,0,99,9.600000000000001
478.0,0.177,0,99,9.600000000000001
478.5,0.177,0,99,10.200000000000001
479.0,0.172,0,100,10.200000000000001
479.5,0.172,0,100,9.600000000000001
480.0,0.172,0,99,10.8
480.5,0.177,0,99,12.0
481.0,0.177,0,99,12.600000000000001
481.5,0.177,0,100,12.600000000000001
482.0,0.176,0,100,12.600000000000001
482.5,0.176,0,100,12.600000000000001
483.0,0.176,0,101,12.0
483.5,0.18,0,100,12.600000000000001
484.0,0.18,0,100,13.200000000000001
484.5,0.18,0,100,10.8
485.0,0.177,0,98,9.600000000000001
485.5,0.174,0,98,9.600000000000001
486.0,0.174,0,99,10.200000000000001
486.5,0.176,0,99,10.200000000000001
487.0,0.176,0,99,10.200000000000001
487.5,0.176,0,99,10.200000000000001
488.0,0.176,0,100,9.600000000000001
488.5,0.172,0,101,9.600000000000001
489.0,0.177,0,100,10.200000000000001
489.5,0.177,0,100,9.600000000000001
490.0,0.177,0,100,5.4
490.5,0.177,0,99,4.2
491.0,0.177,0,99,3.6
491.5,0.177,0,100,3.6
492.0,0.182,0,99,3.0
492.5,0.182,0,99,3.0
493.0,0.182,0,98,3.0
493.5,0.182,0,98,3.0
494.0,0.18,0,98,3.0
494.5,0.18,0,98,3.6
495.0,0.182,0,97,2.4000000000000004
495.5,0.182,0,96,0.6000000000000001
496.0,0.182,0,96,0.0
496.5,0.182,0,96,0.0
497.0,0.18,0,96,0.0
497.5,0.18,0,97,0.0
498.0,0.18,0,97,0.0
498.5,0.184,0,97,0.0
499.0,0.184,0,98,0.0
499.5,0.184,0,98,0.0
500.0,0.179,0,98,0.0
500.5,0.18,0,99,0.0
501.0,0.18,0,98,0.0
501.5,0.182,0,98,0.6000000000000001
502.0,0.182,0,99,1.2000000000000002
502.5,0.182,0,99,1.2000000000000002
503.0,0.179,0,99,1.2000000000000002
503.5,0.177,0,99,1.2000000000000002
504.0,0.177,0,99,1.2000000000000002
504.5,0.176,0,99,1.2000000000000002
505.0,0.174,0,100,1.2000000000000002
505.5,0.174,0,99,1.8
506.0,0.171,0,98,4.800000000000001
506.5,0.171,0,97,9.600000000000001
507.0,0.169,0,98,9.600000000000001
507.5,0.169,0,99,10.8
508.0,0.169,0,99,10.8
508.5,0.169,0,99,10.8
509.0,0.169,0,99,10.200000000000001
509.5,0.171,0,100,10.200000000000001
510.0,0.171,0,100,9.600000000000001
510.5,0.171,0,100,10.200000000000001
511.0,0.169,0,100,10.200000000000001
511.5,0.171,0,101,10.200000000000001
512.0,0.171,0,101,9.600000000000001
512.5,0.171,0,100,10.8
513.0,0.171,0,100,12.0
513.5,0.172,0,100,12.600000000000001
514.0,0.172,0,101,12.600000000000001
514.5,0.172,0,101,12.0
515.0,0.174,0,100,12.0
515.5,0.174,0,100,12.600000000000001
516.0,0.174,0,102,12.600000000000001
516.5,0.174,0,101,12.600000000000001
517.0,0.174,0,99,10.200000000000001
517.5,0.174,0,99,10.200000000000001
518.0,0.176,0,99,10.200000000000001
518.5,0.176,0,99,10.200000000000001
519.0,0.176,0,100,10.200000000000001
519.5,0.174,0,100,10.200000000000001
520.0,0.174,0,101,10.200000000000001
520.5,0.174,0,101,10.200000000000001
521.0,0.177,0,101,10.200000000000001
521.5,0.177,0,101,10.200000000000001
522.0,0.177,0,101,10.200000000000001
522.5,0.177,0,100,7.2
523.0,0.177,0,100,4.800000000000001
523.5,0.177,0,100,4.2
524.0,0.179,0,100,3.6
524.5,0.179,0,100,3.6
525.0,0.179,0,100,3.6
525.5,0.174,0,100,3.6
526.0,0.174,0,99,3.6
526.5,0.174,0,99,3.0
527.0,0.18,0,98,3.6
527.5,0.18,0,98,3.0
528.0,0.18,0,97,1.2000000000000002
528.5,0.179,0,96,0.0
529.0,0.18,0,96,0.0
529.5,0.18,0,97,0.0
530.0,0.182,0,97,0.0
530.5,0.182,0,97,0.0
531.0,0.182,0,97,0.0
531.5,0.179,0,98,0.0
532.0,0.179,0,98,0.0
532.5,0.179,0,98,0.0
533.0,0.182,0,99,0.0
533.5,0.182,0,98,0.0
534.0,0.182,0,98,0.0
534.5,0.18,0,99,1.2000000000000002
535.0,0.182,0,99,1.2000000000000002
535.5,0.182,0,100,1.2000000000000002
536.0,0.182,0,100,1.2000000000000002
536.5,0.182,0,100,1.2000000000000002
537.0,0.18,0,100,1.2000000000000002
537.5,0.18,0,99,1.2000000000000002
538.0,0.18,0,98,3.0
538.5,0.18,0,97,6.6000000000000005
539.0,0.179,0,97,9.600000000000001
539.5,0.179,0,97,10.200000000000001
540.0,0.179,0,98,10.8
540.5,0.185,0,98,10.8
541.0,0.185,0,98,10.8
541.5,0.185,0,98,10.200000000000001
542.0,0.185,0,98,10.200000000000001
542.5,0.182,0,98,10.8
543.0,0.182,0,98,10.8
543.5,0.182,0,99,11.4
544.0,0.182,0,99,10.200000000000001
544.5,0.182,0,98,10.8
545.0,0.182,0,98,12.600000000000001
545.5,0.182,0,98,13.200000000000001
546.0,0.182,0,99,13.8
546.5,0.182,0,98,13.8
547.0,0.184,0,99,13.200000000000001
547.5,0.184,0,100,13.200000000000001
548.0,0.184,0,99,13.8
548.5,0.182,0,99,13.8
549.0,0.182,0,100,13.200000000000001
549.5,0.182,0,98,10.8
550.0,0.182,0,98,10.8
550.5,0.179,0,98,10.8
551.0,0.179,0,98,11.4
551.5,0.179,0,99,10.8
552.0,0.179,0,99,10.8
552.5,0.179,0,100,10.8
553.0,0.179,0,100,10.200000000000001
553.5,0.18,0,100,10.8
554.0,0.18,0,100,10.8
554.5,0.18,0,100,10.200000000000001
555.0,0.18,0,99,6.6000000000000005
555.5,0.179,0,98,4.800000000000001
556.0,0.179,0,99,4.2
556.5,0.177,0,100,4.2
557.0,0.179,0,99,3.6
557.5,0.179,0,100,3.6
558.0,0.18,0,99,3.6
558.5,0.18,0,99,3.6
559.0,0.18,0,99,3.6
559.5,0.177,0,98,3.6
560.0,0.177,0,98,3.6
560.5,0.177,0,98,1.2000000000000002
561.0,0.177,0,97,0.0
561.5,0.177,0,97,0.0
562.0,0.177,0,97,0.0
562.5,0.179,0,97,0.0
563.0,0.184,0,98,0.0
563.5,0.184,0,98,0.0
564.0,0.184,0,98,0.0
564.5,0.185,0,98,0.0
565.0,0.185,0,99,0.0
565.5,0.185,0,99,0.0
566.0,0.182,0,98,0.0
566.5,0.182,0,98,0.6000000000000001
567.0,0.182,0,99,1.2000000000000002
567.5,0.184,0,99,1.2000000000000002
568.0,0.184,0,99,1.8
568.5,0.184,0,100,1.2000000000000002
569.0,0.182,0,99,1.2000000000000002
569.5,0.182,0,99,1.2000000000000002
570.0,0.182,0,99,1.2000000000000002
570.5,0.184,0,99,1.2000000000000002
571.0,0.184,0,98,3.6
571.5,0.184,0,96,8.4
572.0,0.182,0,97,9.600000000000001
572.5,0.182,0,97,10.8
573.0,0.182,0,97,11.4
573.5,0.182,0,98,11.4
574.0,0.182,0,98,11.4
574.5,0.184,0,98,10.8
575.0,0.184,0,99,10.8
575.5,0.185,0,99,10.8
576.0,0.185,0,99,10.8
576.5,0.185,0,99,11.4
577.0,0.185,0,100,10.200000000000001
577.5,0.185,0,100,11.4
578.0,0.185,0,98,12.600000000000001
578.5,0.184,0,99,13.8
579.0,0.184,0,99,13.8
579.5,0.184,0,99,13.8
580.0,0.184,0,99,13.8
580.5,0.184,0,99,13.8
581.0,0.184,0,100,13.8
581.5,0.18,0,99,14.4
582.0,0.18,0,100,12.600000000000001
582.5,0.182,0,99,10.8
583.0,0.182,0,98,10.8
583.5,0.182,0,98,11.4
584.0,0.182,0,98,11.4
584.5,0.182,0,99,11.4
585.0,0.182,0,100,10.8
585.5,0.182,0,100,10.8
586.0,0.18,0,101,10.8
586.5,0.18,0,102,10.8
587.0,0.18,0,101,11.4
587.5,0.177,0,101,9.600000000000001
588.0,0.177,0,100,6.0
588.5,0.177,0,100,4.800000000000001
589.0,0.177,0,101,4.2
589.5,0.177,0,101,4.2
590.0,0.177,0,101,3.6
590.5,0.176,0,101,3.6
591.0,0.176,0,100,3.6
591.5,0.177,0,100,3.6
592.0,0.177,0,100,3.6
592.5,0.177,0,100,3.6
593.0,0.177,0,99,2.4000000000000004
593.5,0.174,0,98,0.6000000000000001
594.0,0.174,0,98,0.0
594.5,0.177,0,98,0.0
595.0,0.177,0,98,0.0
595.5,0.177,0,99,0.0
596.0,0.177,0,99,0.0
596.5,0.177,0,99,0.0
597.0,0.177,0,99,0.0
597.5,0.179,0,99,0.0
598.0,0.179,0,100,0.0
598.5,0.179,0,100,0.0
599.0,0.179,0,99,0.0
599.5,0.179,0,99,1.2000000000000002
600.0,0.179,0,100,1.2000000000000002
600.5,0.182,0,100,1.8
601.0,0.182,0,101,1.2000000000000002
601.5,0.182,0,101,1.2000000000000002
602.0,0.182,0,101,1.2000000000000002
602.5,0.182,0,101,1.2000000000000002
603.0,0.182,0,101,1.2000000000000002
603.5,0.182,0,100,2.4000000000000004
604.0,0.182,0,98,6.0
604.5,0.18,0,98,9.600000000000001
605.0,0.18,0,98,10.200000000000001
605.5,0.179,0,99,10.8
606.0,0.179,0,99,10.8
606.5,0.179,0,99,10.8
607.0,0.179,0,99,10.8
607.5,0.179,0,99,10.200000000000001
608.0,0.182,0,99,10.200000000000001
608.5,0.182,0,99,10.8
609.0,0.182,0,99,10.8
609.5,0.179,0,100,10.200000000000001
610.0,0.179,0,100,10.8
610.5,0.179,0,99,12.600000000000001
611.0,0.182,0,99,13.200000000000001
611.5,0.182,0,99,13.8
612.0,0.182,0,100,13.8
612.5,0.179,0,100,13.8
613.0,0.179,0,100,13.8
613.5,0.177,0,100,13.8
614.0,0.18,0,101,13.8
614.5,0.18,0,101,13.200000000000001
615.0,0.18,0,100,10.8
615.5,0.179,0,99,10.200000000000001
616.0,0.179,0,99,10.8
616.5,0.179,0,99,10.8
617.0,0.184,0,100,10.8
617.5,0.184,0,100,10.8
618.0,0.184,0,100,10.8
618.5,0.179,0,101,10.8
619.0,0.18,0,101,10.8
619.5,0.18,0,101,10.8
620.0,0.184,0,101,10.200000000000001
620.5,0.184,0,100,6.6000000000000005
621.0,0.184,0,100,4.800000000000001
621.5,0.18,0,100,4.2
622.0,0.179,0,100,4.2
622.5,0.179,0,100,3.6
623.0,0.185,0,100,3.6
623.5,0.185,0,100,3.6
624.0,0.185,0,99,3.6
624.5,0.182,0,99,3.6
625.0,0.18,0,98,3.6
625.5,0.18,0,99,3.0
626.0,0.184,0,98,1.2000000000000002
626.5,0.184,0,97,0.0
627.0,0.184,0,96,0.0
627.5,0.184,0,97,0.0
628.0,0.184,0,98,0.0
628.5,0.184,0,98,0.0
629.0,0.184,0,98,0.0
629.5,0.189,0,99,0.0
630.0,0.189,0,99,0.0
630.5,0.189,0,99,0.0
631.0,0.187,0,99,0.0
631.5,0.187,0,99,0.0
632.0,0.187,0,98,0.6000000000000001
632.5,0.19,0,99,1.2000000000000002
633.0,0.19,0,99,1.8
633.5,0.19,0,100,1.8
634.0,0.187,0,100,1.8
634.5,0.187,0,100,1.2000000000000002
635.0,0.187,0,100,1.2000000000000002
635.5,0.187,0,100,1.2000000000000002
636.0,0.187,0,99,1.2000000000000002
636.5,0.187,0,98,4.2
637.0,0.187,0,97,9.600000000000001
637.5,0.185,0,97,10.200000000000001
638.0,0.187,0,97,10.8
638.5,0.187,0,98,11.4
639.0,0.187,0,98,11.4
639.5,0.187,0,98,11.4
640.0,0.187,0,98,11.4
640.5,0.187,0,98,10.8
641.0,0.187,0,99,11.4
641.5,0.19,0,99,11.4
642.0,0.19,0,100,12.0
642.5,0.19,0,100,10.200000000000001
643.0,0.187,0,98,11.4
643.5,0.185,0,98,12.600000000000001
644.0,0.185,0,98,13.8
644.5,0.185,0,98,14.4
645.0,0.185,0,99,14.4
645.5,0.185,0,99,14.4
646.0,0.185,0,99,14.4
646.5,0.187,0,99,14.4
647.0,0.187,0,99,15.0
647.5,0.189,0,99,12.600000000000001
648.0,0.189,0,98,11.4
648.5,0.189,0,97,10.8
649.0,0.189,0,97,11.4
649.5,0.19,0,97,11.4
650.0,0.19,0,98,11.4
650.5,0.192,0,98,11.4
651.0,0.192,0,99,11.4
651.5,0.192,0,99,11.4
652.0,0.192,0,99,11.4
652.5,0.192,0,99,12.0
653.0,0.192,0,100,10.200000000000001
653.5,0.19,0,99,7.800000000000001
654.0,0.19,0,98,5.4
654.5,0.19,0,99,4.800000000000001
655.0,0.192,0,99,4.2
655.5,0.192,0,99,4.2
656.0,0.192,0,99,3.6
656.5,0.192,0,99,3.6
657.0,0.193,0,98,3.6
657.5,0.193,0,98,3.6
658.0,0.193,0,98,3.6
658.5,0.192,0,98,3.0
659.0,0.192,0,97,1.2000000000000002
659.5,0.192,0,96,0.0
660.0,0.192,0,96,0.0
660.5,0.19,0,96,0.0
661.0,0.192,0,97,0.0
661.5,0.192,0,97,0.0
662.0,0.192,0,97,0.0
662.5,0.19,0,98,0.0
663.0,0.192,0,98,0.0
663.5,0.192,0,99,0.0
664.0,0.193,0,99,0.0
664.5,0.193,0,98,0.0
665.0,0.193,0,99,0.6000000000000001
665.5,0.192,0,99,1.2000000000000002
666.0,0.192,0,99,1.8
666.5,0.19,0,100,1.8
667.0,0.192,0,100,1.2000000000000002
667.5,0.192,0,100,1.2000000000000002
668.0,0.192,0,100,1.2000000000000002
668.5,0.19,0,100,1.2000000000000002
669.0,0.189,0,100,1.2000000000000002
669.5,0.187,0,99,4.2
670.0,0.189,0,97,9.600000000000001
670.5,0.189,0,97,10.200000000000001
671.0,0.189,0,98,12.0
671.5,0.187,0,99,11.4
672.0,0.185,0,99,11.4
672.5,0.187,0,99,11.4
673.0,0.187,0,99,10.8
673.5,0.189,0,99,10.8
674.0,0.189,0,99,10.8
674.5,0.189,0,100,11.4
675.0,0.185,0,100,12.0
675.5,0.187,0,100,10.8
676.0,0.187,0,99,11.4
676.5,0.189,0,99,13.200000000000001
677.0,0.189,0,99,13.8
677.5,0.189,0,100,13.8
678.0,0.187,0,99,13.8
678.5,0.187,0,100,13.8
679.0,0.189,0,100,13.8
679.5,0.192,0,100,14.4
680.0,0.192,0,100,15.0
680.5,0.192,0,100,12.0
681.0,0.19,0,98,10.8
681.5,0.19,0,99,11.4
682.0,0.189,0,99,11.4
682.5,0.19,0,99,11.4
683.0,0.19,0,99,11.4
683.5,0.19,0,100,11.4
684.0,0.19,0,100,11.4
684.5,0.19,0,101,11.4
685.0,0.19,0,101,11.4
685.5,0.192,0,101,12.0
686.0,0.192,0,100,9.600000000000001
686.5,0.192,0,99,6.0
687.0,0.189,0,99,4.800000000000001
687.5,0.189,0,100,4.2
688.0,0.189,0,100,4.2
688.5,0.192,0,100,3.6
689.0,0.192,0,99,3.6
689.5,0.192,0,99,3.6
690.0,0.19,0,99,3.6
690.5,0.19,0,98,3.6
691.0,0.19,0,98,4.2
691.5,0.19,0,98,2.4000000000000004
692.0,0.189,0,97,0.6000000000000001
692.5,0.189,0,97,0.0
693.0,0.161,0,97,0.0
693.5,0.158,0,98,0.0
694.0,0.151,0,99,0.0
694.5,0.15,0,100,0.0
695.0,0.145,0,101,0.0
695.5,0.147,0,101,0.0
696.0,0.14,0,102,0.0
696.5,0.145,0,103,0.0
697.0,0.142,0,104,0.0
697.5,0.147,0,103,0.0
698.0,0.14,0,104,0.6000000000000001
698.5,0.143,0,105,1.2000000000000002
699.0,0.145,0,105,1.2000000000000002
699.5,0.147,0,105,1.2000000000000002
700.0,0.148,0,105,1.2000000000000002
700.5,0.148,0,105,1.2000000000000002
701.0,0.148,0,105,1.2000000000000002
701.5,0.15,0,104,1.2000000000000002
702.0,0.15,0,103,4.2
702.5,0.153,0,102,7.800000000000001
703.0,0.153,0,102,9.600000000000001
703.5,0.155,0,103,9.600000000000001
704.0,0.156,0,103,9.600000000000001
704.5,0.156,0,103,9.600000000000001
705.0,0.16,0,103,9.600000000000001
705.5,0.16,0,103,9.600000000000001
706.0,0.163,0,102,9.600000000000001
706.5,0.161,0,102,9.600000000000001
707.0,0.161,0,102,10.200000000000001
707.5,0.168,0,103,9.600000000000001
708.0,0.168,0,102,9.600000000000001
708.5,0.168,0,101,11.4
709.0,0.168,0,101,12.0
709.5,0.169,0,102,12.600000000000001
710.0,0.169,0,102,12.600000000000001
710.5,0.174,0,101,12.600000000000001
711.0,0.174,0,101,12.600000000000001
711.5,0.174,0,101,12.600000000000001
712.0,0.172,0,101,13.200000000000001
712.5,0.176,0,101,12.0
713.0,0.176,0,100,10.200000000000001
713.5,0.177,0,99,10.200000000000001
714.0,0.177,0,99,10.8
714.5,0.177,0,99,10.8
715.0,0.176,0,100,10.8
715.5,0.177,0,100,10.200000000000001
716.0,0.18,0,101,10.200000000000001
716.5,0.18,0,101,10.200000000000001
717.0,0.18,0,101,10.8
717.5,0.179,0,100,9.600000000000001
718.0,0.179,0,100,6.0
718.5,0.179,0,99,4.800000000000001
719.0,0.184,0,99,4.2
719.5,0.184,0,99,3.6
720.0,0.184,0,99,3.6
720.5,0.179,0,99,3.6
721.0,0.18,0,98,3.6
721.5,0.18,0,98,3.6
722.0,0.182,0,98,3.6
722.5,0.182,0,97,3.6
723.0,0.182,0,98,3.0
723.5,0.182,0,96,1.2000000000000002
724.0,0.182,0,96,0.0
724.5,0.182,0,95,0.0
725.0,0.185,0,96,0.0
725.5,0.185,0,96,0.0
726.0,0.185,0,97,0.0
726.5,0.184,0,97,0.0
727.0,0.184,0,97,0.0
727.5,0.184,0,98,0.0
728.0,0.185,0,98,0.0
728.5,0.185,0,99,0.0
729.0,0.185,0,98,0.0
729.5,0.185,0,97,0.6000000000000001
730.0,0.185,0,98,1.2000000000000002
730.5,0.185,0,99,1.2000000000000002
731.0,0.187,0,99,1.8
731.5,0.187,0,99,1.8
732.0,0.187,0,100,1.2000000000000002
732.5,0.187,0,99,1.2000000000000002
733.0,0.187,0,100,1.2000000000000002
733.5,0.187,0,99,1.2000000000000002
734.0,0.185,0,98,4.2
734.5,0.185,0,97,9.600000000000001
735.0,0.185,0,97,10.200000000000001
735.5,0.185,0,97,10.8
736.0,0.187,0,98,11.4
736.5,0.187,0,98,11.4
737.0,0.187,0,98,11.4
737.5,0.187,0,98,11.4
738.0,0.187,0,98,10.8
738.5,0.189,0,98,10.8
739.0,0.189,0,99,11.4
739.5,0.189,0,99,12.0
740.0,0.189,0,99,10.8
740.5,0.189,0,99,11.4
741.0,0.185,0,98,13.200000000000001
741.5,0.189,0,98,13.8
742.0,0.189,0,99,14.4
742.5,0.189,0,99,14.4
743.0,0.187,0,99,13.8
743.5,0.189,0,99,13.8
744.0,0.189,0,100,14.4
744.5,0.19,0,100,15.0
745.0,0.19,0,99,12.600000000000001
745.5,0.19,0,97,10.8
746.0,0.19,0,98,11.4
746.5,0.187,0,97,11.4
747.0,0.187,0,98,12.0
747.5,0.189,0,99,11.4
748.0,0.189,0,99,11.4
748.5,0.189,0,99,11.4
749.0,0.189,0,100,11.4
749.5,0.19,0,100,11.4
750.0,0.19,0,100,12.0
750.5,0.19,0,100,10.200000000000001
751.0,0.193,0,98,7.2
751.5,0.193,0,98,5.4
752.0,0.193,0,98,4.800000000000001
752.5,0.193,0,98,4.2
753.0,0.193,0,98,4.2
753.5,0.193,0,98,4.2
754.0,0.193,0,98,3.6
754.5,0.193,0,98,3.6
755.0,0.193,0,97,3.6
755.5,0.192,0,97,4.2
756.0,0.192,0,97,3.0
756.5,0.192,0,96,1.2000000000000002
757.0,0.193,0,95,0.0
757.5,0.193,0,95,0.0
758.0,0.193,0,95,0.0
758.5,0.192,0,96,0.0
759.0,0.192,0,96,0.0
759.5,0.192,0,96,0.0
760.0,0.193,0,97,0.0
760.5,0.193,0,97,0.0
761.0,0.193,0,97,0.0
761.5,0.193,0,98,0.0
762.0,0.192,0,98,0.0
762.5,0.192,0,97,0.6000000000000001
763.0,0.193,0,98,1.2000000000000002
763.5,0.193,0,97,1.2000000000000002
764.0,0.193,0,98,1.8
764.5,0.193,0,99,1.8
765.0,0.193,0,99,1.8
765.5,0.193,0,99,1.2000000000000002
766.0,0.193,0,99,1.2000000000000002
766.5,0.195,0,99,1.8
767.0,0.195,0,98,3.6
767.5,0.195,0,96,8.4
768.0,0.193,0,96,10.200000000000001
768.5,0.193,0,96,11.4
769.0,0.192,0,97,12.0
769.5,0.195,0,97,12.600000000000001
770.0,0.195,0,98,12.0
770.5,0.195,0,98,12.0
771.0,0.193,0,98,12.0
771.5,0.193,0,98,12.0
772.0,0.193,0,99,12.0
772.5,0.198,0,99,12.600000000000001
773.0,0.198,0,99,11.4
773.5,0.198,0,99,12.0
774.0,0.195,0,98,13.200000000000001
774.5,0.195,0,98,14.4
775.0,0.195,0,98,15.0
775.5,0.198,0,99,15.0
776.0,0.198,0,99,15.0
776.5,0.198,0,99,15.0
777.0,0.195,0,99,15.0
777.5,0.195,0,99,15.600000000000001
778.0,0.192,0,99,15.0
778.5,0.195,0,98,12.0
779.0,0.195,0,97,11.4
779.5,0.195,0,97,12.0
780.0,0.193,0,97,12.600000000000001
780.5,0.193,0,98,12.600000000000001
781.0,0.193,0,99,12.600000000000001
781.5,0.195,0,99,12.0
782.0,0.195,0,99,12.0
782.5,0.195,0,100,12.0
783.0,0.192,0,100,12.0
783.5,0.19,0,100,12.0
784.0,0.19,0,100,9.600000000000001
784.5,0.193,0,99,6.0
785.0,0.193,0,99,4.800000000000001
785.5,0.193,0,99,4.2
786.0,0.192,0,100,4.2
786.5,0.192,0,99,3.6
787.0,0.189,0,99,3.6
787.5,0.192,0,99,4.2
788.0,0.192,0,98,4.2
788.5,0.192,0,98,3.6
789.0,0.192,0,97,1.8
789.5,0.192,0,96,0.0
790.0,0.189,0,96,0.0
790.5,0.192,0,96,0.0
791.0,0.192,0,97,0.0
791.5,0.192,0,98,0.0
792.0,0.189,0,97,0.0
792.5,0.189,0,98,0.0
793.0,0.187,0,98,0.0
793.5,0.189,0,99,0.0
794.0,0.189,0,100,0.0
794.5,0.189,0,99,0.0
795.0,0.187,0,98,0.6000000000000001
795.5,0.187,0,99,1.2000000000000002
796.0,0.187,0,100,1.8
796.5,0.187,0,100,1.8
797.0,0.187,0,101,1.8
797.5,0.187,0,101,1.8
798.0,0.187,0,101,1.8
798.5,0.187,0,101,1.8
799.0,0.187,0,101,1.8
799.5,0.187,0,100,3.6
800.0,0.185,0,98,8.4
800.5,0.185,0,98,9.600000000000001
801.0,0.185,0,99,11.4
801.5,0.187,0,99,12.0
802.0,0.187,0,100,12.0
802.5,0.187,0,100,11.4
803.0,0.187,0,100,11.4
803.5,0.187,0,100,11.4
804.0,0.187,0,100,11.4
804.5,0.187,0,100,12.0
805.0,0.185,0,101,12.0
805.5,0.185,0,101,10.8
806.0,0.185,0,101,12.0
806.5,0.187,0,100,13.8
807.0,0.187,0,100,14.4
807.5,0.187,0,100,15.0
808.0,0.187,0,100,14.4
808.5,0.187,0,100,14.4
809.0,0.187,0,101,14.4
809.5,0.19,0,101,14.4
810.0,0.19,0,101,15.0
810.5,0.19,0,101,12.600000000000001
811.0,0.19,0,99,11.4
811.5,0.189,0,99,11.4
812.0,0.189,0,100,11.4
812.5,0.193,0,99,12.0
813.0,0.193,0,100,11.4
813.5,0.193,0,101,11.4
814.0,0.192,0,100,11.4
814.5,0.19,0,101,12.0
815.0,0.19,0,101,12.0
815.5,0.19,0,101,12.600000000000001
816.0,0.19,0,100,9.600000000000001
816.5,0.19,0,100,6.6000000000000005
817.0,0.192,0,100,5.4
817.5,0.192,0,100,4.800000000000001
818.0,0.192,0,100,4.2
818.5,0.195,0,100,4.2
819.0,0.195,0,99,4.2
819.5,0.195,0,99,3.6
820.0,0.195,0,99,4.2
820.5,0.19,0,98,4.2
821.0,0.19,0,98,4.2
821.5,0.197,0,98,2.4000000000000004
822.0,0.197,0,97,0.6000000000000001
822.5,0.197,0,96,0.0
823.0,0.197,0,96,0.0
823.5,0.197,0,97,0.0
824.0,0.197,0,97,0.0
824.5,0.198,0,97,0.0
825.0,0.2,0,98,0.0
825.5,0.2,0,98,0.0
826.0,0.2,0,98,0.0
826.5,0.2,0,98,0.0
827.0,0.2,0,99,0.0
827.5,0.2,0,98,0.0
828.0,0.2,0,98,1.2000000000000002
828.5,0.2,0,99,1.8
829.0,0.2,0,99,2.4000000000000004
829.5,0.2,0,100,1.8
830.0,0.201,0,100,1.8
830.5,0.201,0,99,1.8
831.0,0.203,0,99,1.8
831.5,0.203,0,100,1.8
832.0,0.203,0,99,2.4000000000000004
832.5,0.203,0,97,5.4
833.0,0.203,0,96,9.600000000000001
833.5,0.205,0,96,11.4
834.0,0.206,0,97,12.600000000000001
834.5,0.206,0,97,12.600000000000001
835.0,0.208,0,97,12.600000000000001
835.5,0.208,0,97,12.600000000000001
836.0,0.209,0,97,12.600000000000001
836.5,0.211,0,98,12.600000000000001
837.0,0.211,0,98,12.600000000000001
837.5,0.211,0,98,12.600000000000001
838.0,0.211,0,99,12.600000000000001
838.5,0.213,0,98,12.600000000000001
839.0,0.213,0,97,13.8
839.5,0.213,0,97,15.0
840.0,0.213,0,98,16.2
840.5,0.213,0,98,16.2
841.0,0.213,0,98,16.2
841.5,0.214,0,98,16.2
842.0,0.214,0,98,16.2
842.5,0.214,0,99,16.2
843.0,0.214,0,99,16.8
843.5,0.214,0,99,13.8
844.0,0.214,0,97,12.600000000000001
844.5,0.216,0,96,12.600000000000001
845.0,0.216,0,96,13.200000000000001
845.5,0.216,0,97,13.200000000000001
846.0,0.214,0,98,13.200000000000001
846.5,0.214,0,98,13.200000000000001
847.0,0.214,0,98,13.200000000000001
847.5,0.214,0,99,13.200000000000001
848.0,0.214,0,99,13.200000000000001
848.5,0.214,0,99,13.200000000000001
849.0,0.214,0,99,11.4
849.5,0.213,0,98,9.600000000000001
850.0,0.213,0,98,6.0
850.5,0.214,0,98,5.4
851.0,0.214,0,99,4.800000000000001
851.5,0.214,0,99,4.800000000000001
852.0,0.214,0,98,4.800000000000001
852.5,0.213,0,98,4.2
853.0,0.213,0,98,4.2
853.5,0.218,0,98,4.2
854.0,0.218,0,97,4.800000000000001
854.5,0.218,0,97,3.0
855.0,0.218,0,96,1.8
855.5,0.213,0,95,0.0
856.0,0.213,0,95,0.0
856.5,0.211,0,95,0.0
857.0,0.214,0,96,0.0
857.5,0.214,0,96,0.0
858.0,0.214,0,96,0.0
858.5,0.214,0,97,0.0
859.0,0.214,0,97,0.0
859.5,0.213,0,98,0.0
860.0,0.218,0,98,0.0
860.5,0.218,0,98,0.0
861.0,0.218,0,96,0.6000000000000001
861.5,0.214,0,97,1.8
862.0,0.214,0,98,1.8
862.5,0.214,0,98,1.8
863.0,0.218,0,99,1.8
863.5,0.218,0,99,1.8
864.0,0.218,0,99,1.8
864.5,0.216,0,99,1.8
865.0,0.216,0,99,1.8
865.5,0.214,0,98,4.2
866.0,0.216,0,96,9.600000000000001
866.5,0.216,0,96,10.8
867.0,0.216,0,97,12.600000000000001
867.5,0.216,0,97,13.200000000000001
868.0,0.216,0,98,13.200000000000001
868.5,0.216,0,98,13.200000000000001
869.0,0.214,0,98,13.200000000000001
869.5,0.213,0,99,12.600000000000001
870.0,0.213,0,99,12.600000000000001
870.5,0.214,0,99,13.200000000000001
871.0,0.214,0,100,13.200000000000001
871.5,0.214,0,100,12.0
872.0,0.213,0,99,13.200000000000001
872.5,0.213,0,98,14.4
873.0,0.211,0,99,16.2
873.5,0.213,0,99,16.2
874.0,0.213,0,99,16.2
874.5,0.213,0,100,16.2
875.0,0.213,0,100,16.2
875.5,0.213,0,100,16.2
876.0,0.213,0,101,16.8
876.5,0.213,0,100,15.0
877.0,0.213,0,98,12.600000000000001
877.5,0.213,0,99,12.0
878.0,0.209,0,98,13.200000000000001
878.5,0.211,0,99,13.200000000000001
879.0,0.211,0,100,13.200000000000001
879.5,0.213,0,100,13.200000000000001
880.0,0.213,0,100,12.600000000000001
880.5,0.213,0,101,13.200000000000001
881.0,0.209,0,101,13.200000000000001
881.5,0.209,0,101,13.200000000000001
882.0,0.209,0,101,10.8
882.5,0.209,0,100,8.4
883.0,0.206,0,99,5.4
883.5,0.206,0,100,4.800000000000001
884.0,0.203,0,100,4.800000000000001
884.5,0.205,0,100,4.2
885.0,0.205,0,100,4.2
885.5,0.205,0,100,4.2
886.0,0.205,0,100,4.2
886.5,0.205,0,99,4.2
887.0,0.205,0,99,4.800000000000001
887.5,0.203,0,99,3.0
888.0,0.203,0,98,1.2000000000000002
888.5,0.203,0,97,0.0
889.0,0.203,0,97,0.0
889.5,0.203,0,97,0.0
890.0,0.203,0,98,0.0
890.5,0.206,0,98,0.0
891.0,0.206,0,99,0.0
891.5,0.206,0,99,0.0
892.0,0.206,0,99,0.0
892.5,0.206,0,100,0.0
893.0,0.206,0,101,0.0
893.5,0.206,0,100,0.6000000000000001
894.0,0.206,0,100,1.2000000000000002
894.5,0.206,0,100,1.8
895.0,0.205,0,100,1.8
895.5,0.203,0,101,1.8
896.0,0.203,0,101,1.8
896.5,0.201,0,101,1.8
897.0,0.201,0,101,1.8
897.5,0.201,0,102,1.8
898.0,0.201,0,101,3.6
898.5,0.198,0,99,7.800000000000001
899.0,0.198,0,99,10.200000000000001
899.5,0.197,0,99,11.4
900.0,0.197,0,100,12.600000000000001
900.5,0.198,0,100,12.600000000000001
901.0,0.198,0,101,12.600000000000001
901.5,0.198,0,101,12.0
902.0,0.198,0,101,12.0
902.5,0.198,0,101,12.0
903.0,0.198,0,101,12.0
903.5,0.201,0,101,12.600000000000001
904.0,0.201,0,102,11.4
904.5,0.201,0,101,12.600000000000001
905.0,0.201,0,100,13.8
905.5,0.2,0,101,15.0
906.0,0.2,0,101,15.0
906.5,0.203,0,101,15.0
907.0,0.203,0,101,15.0
907.5,0.203,0,102,15.0
908.0,0.203,0,102,15.600000000000001
908.5,0.201,0,102,15.600000000000001
909.0,0.2,0,102,13.200000000000001
909.5,0.2,0,101,11.4
910.0,0.2,0,100,12.0
910.5,0.2,0,100,12.0
911.0,0.198,0,100,12.600000000000001
911.5,0.198,0,100,12.0
912.0,0.198,0,101,12.0
912.5,0.201,0,100,12.0
913.0,0.201,0,102,12.0
913.5,0.201,0,102,12.600000000000001
914.0,0.203,0,102,12.600000000000001
914.5,0.203,0,101,9.600000000000001
915.0,0.203,0,101,6.6000000000000005
915.5,0.205,0,100,5.4
916.0,0.205,0,100,4.800000000000001
916.5,0.205,0,101,4.2
917.0,0.205,0,100,4.2
917.5,0.205,0,100,4.2
918.0,0.205,0,100,4.2
918.5,0.208,0,99,4.2
919.0,0.208,0,99,4.2
919.5,0.208,0,99,4.2
920.0,0.208,0,99,2.4000000000000004
920.5,0.208,0,97,0.6000000000000001
921.0,0.208,0,96,0.0
921.5,0.209,0,96,0.0
922.0,0.209,0,97,0.0
922.5,0.209,0,97,0.0
923.0,0.209,0,98,0.0
923.5,0.208,0,98,0.0
924.0,0.208,0,99,0.0
924.5,0.209,0,99,0.0
925.0,0.211,0,99,0.0
925.5,0.211,0,100,0.0
926.0,0.211,0,99,0.6000000000000001
926.5,0.211,0,99,1.2000000000000002
927.0,0.211,0,99,1.8
927.5,0.211,0,100,1.8
928.0,0.216,0,100,1.8
928.5,0.216,0,100,1.8
929.0,0.216,0,100,1.8
929.5,0.214,0,100,1.8
930.0,0.214,0,100,1.8
930.5,0.213,0,100,3.6
931.0,0.214,0,98,9.0
931.5,0.214,0,97,10.200000000000001
932.0,0.214,0,97,12.0
932.5,0.213,0,98,12.600000000000001
933.0,0.213,0,98,12.600000000000001
933.5,0.213,0,99,12.600000000000001
934.0,0.214,0,99,12.600000000000001
934.5,0.214,0,99,12.600000000000001
935.0,0.214,0,99,12.600000000000001
935.5,0.213,0,99,12.600000000000001
936.0,0.213,0,100,13.200000000000001
936.5,0.213,0,100,12.0
937.0,0.214,0,100,12.600000000000001
937.5,0.214,0,99,13.8
938.0,0.216,0,98,15.0
938.5,0.216,0,99,15.600000000000001
939.0,0.216,0,99,16.2
939.5,0.216,0,99,16.2
940.0,0.218,0,100,16.2
940.5,0.218,0,100,16.2
941.0,0.219,0,100,16.8
941.5,0.219,0,100,15.600000000000001
942.0,0.219,0,99,12.600000000000001
942.5,0.219,0,97,12.0
943.0,0.219,0,98,12.600000000000001
943.5,0.219,0,98,13.200000000000001
944.0,0.222,0,98,13.200000000000001
944.5,0.222,0,99,13.200000000000001
945.0,0.222,0,99,13.200000000000001
945.5,0.222,0,99,13.200000000000001
946.0,0.224,0,100,13.200000000000001
946.5,0.224,0,100,13.8
947.0,0.224,0,100,12.600000000000001
947.5,0.226,0,100,9.600000000000001
948.0,0.226,0,98,6.0
948.5,0.226,0,98,5.4
949.0,0.226,0,98,4.800000000000001
949.5,0.226,0,99,4.800000000000001
950.0,0.226,0,98,4.800000000000001
950.5,0.23,0,98,4.800000000000001
951.0,0.23,0,98,4.800000000000001
951.5,0.23,0,98,4.800000000000001
952.0,0.229,0,97,4.800000000000001
952.5,0.229,0,97,4.800000000000001
953.0,0.226,0,97,2.4000000000000004
953.5,0.229,0,95,0.6000000000000001
954.0,0.229,0,94,0.0
954.5,0.229,0,94,0.0
955.0,0.227,0,95,0.0
955.5,0.227,0,95,0.0
956.0,0.227,0,96,0.0
956.5,0.23,0,96,0.0
957.0,0.23,0,97,0.0
957.5,0.23,0,97,0.0
958.0,0.23,0,97,0.0
958.5,0.227,0,98,0.0
959.0,0.227,0,97,0.6000000000000001
959.5,0.23,0,97,1.2000000000000002
960.0,0.23,0,97,1.8
960.5,0.23,0,98,2.4000000000000004
961.0,0.23,0,98,2.4000000000000004
961.5,0.229,0,98,2.4000000000000004
962.0,0.229,0,98,1.8
962.5,0.23,0,99,1.8
963.0,0.23,0,99,1.8
963.5,0.23,0,98,3.0
964.0,0.23,0,97,6.6000000000000005
964.5,0.229,0,96,10.200000000000001
965.0,0.229,0,95,12.600000000000001
965.5,0.229,0,97,13.8
966.0,0.229,0,97,14.4
966.5,0.229,0,98,13.8
967.0,0.229,0,98,13.8
967.5,0.229,0,98,13.8
968.0,0.229,0,99,13.200000000000001
968.5,0.23,0,99,13.200000000000001
969.0,0.23,0,99,13.8
969.5,0.23,0,100,13.200000000000001
970.0,0.23,0,100,12.600000000000001
970.5,0.23,0,98,14.4
971.0,0.23,0,99,15.600000000000001
971.5,0.229,0,99,16.8
972.0,0.232,0,99,17.400000000000002
972.5,0.232,0,99,17.400000000000002
973.0,0.235,0,99,17.400000000000002
973.5,0.235,0,99,17.400000000000002
974.0,0.235,0,100,17.400000000000002
974.5,0.232,0,101,18.0
975.0,0.235,0,99,13.8
975.5,0.235,0,98,12.600000000000001
976.0,0.235,0,98,13.200000000000001
976.5,0.235,0,97,13.8
977.0,0.235,0,98,13.8
977.5,0.235,0,98,13.8
978.0,0.235,0,99,13.8
978.5,0.235,0,99,13.8
979.0,0.235,0,100,13.8
979.5,0.237,0,100,13.8
980.0,0.237,0,100,14.4
980.5,0.237,0,101,10.200000000000001
981.0,0.237,0,100,9.0
981.5,0.237,0,99,6.0
982.0,0.237,0,99,5.4
982.5,0.235,0,99,4.800000000000001
983.0,0.235,0,100,4.800000000000001
983.5,0.235,0,99,4.800000000000001
984.0,0.232,0,99,4.800000000000001
984.5,0.232,0,99,4.800000000000001
985.0,0.232,0,99,4.800000000000001
985.5,0.229,0,98,4.800000000000001
986.0,0.229,0,98,3.0
986.5,0.229,0,97,0.6000000000000001
987.0,0.226,0,96,0.0
987.5,0.226,0,96,0.0
988.0,0.226,0,97,0.0
988.5,0.226,0,97,0.0
989.0,0.226,0,97,0.0
989.5,0.226,0,98,0.0
990.0,0.224,0,99,0.0
990.5,0.224,0,99,0.0
991.0,0.224,0,99,0.0
991.5,0.226,0,100,0.0
992.0,0.226,0,99,0.6000000000000001
992.5,0.226,0,99,1.2000000000000002
993.0,0.222,0,100,1.8
993.5,0.221,0,100,2.4000000000000004
994.0,0.219,0,101,2.4000000000000004
994.5,0.219,0,101,2.4000000000000004
995.0,0.218,0,101,2.4000000000000004
995.5,0.218,0,101,1.8
996.0,0.218,0,102,1.8
996.5,0.214,0,101,3.6
997.0,0.214,0,99,9.600000000000001
997.5,0.214,0,98,10.8
998.0,0.214,0,99,12.600000000000001
998.5,0.216,0,100,13.200000000000001
999.0,0.216,0,100,13.200000000000001
999.5,0.216,0,100,13.200000000000001
1000.0,0.216,0,100,12.600000000000001
1000.5,0.218,0,101,12.600000000000001
1001.0,0.218,0,101,12.600000000000001
1001.5,0.218,0,101,12.600000000000001
1002.0,0.218,0,101,13.200000000000001
1002.5,0.218,0,102,12.0
1003.0,0.218,0,101,12.600000000000001
1003.5,0.218,0,100,14.4
1004.0,0.218,0,100,15.600000000000001
1004.5,0.218,0,101,16.2
1005.0,0.216,0,101,16.2
1005.5,0.216,0,101,16.2
1006.0,0.216,0,102,16.2
1006.5,0.218,0,102,16.2
1007.0,0.218,0,102,16.8
1007.5,0.218,0,102,13.8
1008.0,0.214,0,100,12.0
1008.5,0.214,0,100,12.0
1009.0,0.214,0,100,12.600000000000001
1009.5,0.214,0,100,13.200000000000001
1010.0,0.214,0,101,13.200000000000001
1010.5,0.214,0,101,13.200000000000001
1011.0,0.214,0,101,12.600000000000001
1011.5,0.214,0,101,12.600000000000001
1012.0,0.214,0,102,13.200000000000001
1012.5,0.216,0,102,13.200000000000001
1013.0,0.216,0,102,10.200000000000001
1013.5,0.216,0,102,7.800000000000001
1014.0,0.214,0,101,5.4
1014.5,0.214,0,101,4.800000000000001
1015.0,0.214,0,102,4.2
1015.5,0.216,0,101,4.2
1016.0,0.216,0,101,4.2
1016.5,0.216,0,101,4.2
1017.0,0.216,0,100,4.2
1017.5,0.218,0,100,1.8
1018.0,0.218,0,99,0.6000000000000001
1018.5,0.218,0,98,0.0
1019.0,0.216,0,98,0.0
1019.5,0.216,0,99,0.0
1020.0,0.216,0,99,0.0
1020.5,0.218,0,99,0.0
1021.0,0.218,0,99,0.0
1021.5,0.219,0,99,0.0
1022.0,0.219,0,99,0.0
1022.5,0.219,0,100,0.0
1023.0,0.219,0,100,0.0
1023.5,0.219,0,99,0.6000000000000001
1024.0,0.218,0,99,1.2000000000000002
1024.5,0.222,0,100,1.8
1025.0,0.222,0,100,1.8
1025.5,0.222,0,100,1.8
1026.0,0.222,0,100,1.8
1026.5,0.222,0,100,1.8
1027.0,0.222,0,100,1.8
1027.5,0.226,0,100,1.8
1028.0,0.226,0,99,4.2
1028.5,0.226,0,97,9.600000000000001
1029.0,0.226,0,97,10.8
1029.5,0.222,0,97,12.600000000000001
1030.0,0.221,0,98,13.200000000000001
1030.5,0.224,0,98,13.200000000000001
1031.0,0.226,0,98,13.200000000000001
1031.5,0.226,0,99,12.600000000000001
1032.0,0.226,0,99,12.600000000000001
1032.5,0.224,0,99,12.600000000000001
1033.0,0.224,0,99,13.200000000000001
1033.5,0.222,0,100,13.200000000000001
1034.0,0.226,0,100,12.0
1034.5,0.226,0,99,13.200000000000001
1035.0,0.226,0,99,15.0
1035.5,0.221,0,99,16.2
1036.0,0.221,0,99,16.8
1036.5,0.222,0,99,16.8
1037.0,0.226,0,99,16.8
1037.5,0.226,0,100,16.8
1038.0,0.226,0,100,16.8
1038.5,0.222,0,100,17.400000000000002
1039.0,0.222,0,101,14.4
1039.5,0.221,0,99,12.600000000000001
1040.0,0.227,0,99,12.600000000000001
1040.5,0.227,0,99,13.200000000000001
1041.0,0.222,0,100,13.200000000000001
1041.5,0.222,0,100,13.200000000000001
1042.0,0.222,0,100,13.200000000000001
1042.5,0.226,0,101,13.200000000000001
1043.0,0.226,0,101,13.200000000000001
1043.5,0.226,0,101,13.8
1044.0,0.224,0,101,10.8
1044.5,0.224,0,100,9.0
1045.0,0.224,0,100,5.4
1045.5,0.229,0,100,4.800000000000001
1046.0,0.229,0,100,4.800000000000001
1046.5,0.229,0,100,4.800000000000001
1047.0,0.226,0,100,4.800000000000001
1047.5,0.227,0,100,4.800000000000001
1048.0,0.227,0,100,4.800000000000001
1048.5,0.23,0,99,4.800000000000001
1049.0,0.23,0,99,4.800000000000001
1049.5,0.23,0,99,3.0
1050.0,0.229,0,97,1.2000000000000002
1050.5,0.229,0,97,0.0
1051.0,0.227,0,96,0.0
1051.5,0.234,0,97,0.0
1052.0,0.234,0,97,0.0
1052.5,0.234,0,98,0.0
1053.0,0.232,0,98,0.0
1053.5,0.235,0,98,0.0
1054.0,0.235,0,98,0.0
1054.5,0.237,0,98,0.0
1055.0,0.237,0,99,0.0
1055.5,0.237,0,98,0.0
1056.0,0.235,0,98,1.2000000000000002
1056.5,0.234,0,98,1.8
1057.0,0.234,0,98,1.8
1057.5,0.234,0,99,1.8
1058.0,0.237,0,99,2.4000000000000004
1058.5,0.237,0,99,1.8
1059.0,0.237,0,99,1.8
1059.5,0.235,0,99,1.8
1060.0,0.235,0,99,2.4000000000000004
1060.5,0.235,0,97,6.0
1061.0,0.237,0,96,9.600000000000001
1061.5,0.237,0,96,12.600000000000001
1062.0,0.237,0,97,13.8
1062.5,0.235,0,97,13.8
1063.0,0.235,0,98,13.8
1063.5,0.235,0,98,13.8
1064.0,0.237,0,98,13.8
1064.5,0.237,0,99,13.200000000000001
1065.0,0.237,0,99,13.8
1065.5,0.235,0,99,13.8
1066.0,0.235,0,100,13.8
1066.5,0.234,0,100,12.600000000000001
1067.0,0.235,0,98,13.8
1067.5,0.235,0,98,15.600000000000001
1068.0,0.235,0,99,16.8
1068.5,0.234,0,99,17.400000000000002
1069.0,0.234,0,100,17.400000000000002
1069.5,0.234,0,100,17.400000000000002
1070.0,0.234,0,100,17.400000000000002
1070.5,0.234,0,100,17.400000000000002
1071.0,0.234,0,101,18.0
1071.5,0.232,0,101,14.4
1072.0,0.232,0,99,12.600000000000001
1072.5,0.232,0,98,13.200000000000001
1073.0,0.234,0,98,13.200000000000001
1073.5,0.234,0,99,13.8
1074.0,0.234,0,99,13.8
1074.5,0.234,0,100,13.8
1075.0,0.234,0,100,13.8
1075.5,0.234,0,101,13.8
1076.0,0.235,0,102,13.8
1076.5,0.235,0,101,13.8
1077.0,0.237,0,101,10.200000000000001
1077.5,0.237,0,100,8.4
1078.0,0.237,0,100,6.0
1078.5,0.237,0,100,5.4
1079.0,0.234,0,100,4.800000000000001
1079.5,0.234,0,100,4.800000000000001
1080.0,0.235,0,100,4.800000000000001
1080.5,0.235,0,100,4.800000000000001
1081.0,0.235,0,100,4.800000000000001
1081.5,0.235,0,99,4.800000000000001
1082.0,0.232,0,99,4.800000000000001
1082.5,0.232,0,99,2.4000000000000004
1083.0,0.232,0,97,0.6000000000000001
1083.5,0.232,0,97,0.0
1084.0,0.23,0,97,0.0
1084.5,0.23,0,97,0.0
1085.0,0.229,0,98,0.0
1085.5,0.229,0,98,0.0
1086.0,0.229,0,99,0.0
1086.5,0.229,0,99,0.0
1087.0,0.227,0,100,0.0
1087.5,0.227,0,100,0.0
1088.0,0.226,0,100,0.0
1088.5,0.229,0,99,0.6000000000000001
1089.0,0.23,0,99,1.2000000000000002
1089.5,0.23,0,100,1.8
1090.0,0.23,0,100,1.8
1090.5,0.23,0,101,2.4000000000000004
1091.0,0.227,0,101,1.8
1091.5,0.227,0,101,1.8
1092.0,0.227,0,101,1.8
1092.5,0.227,0,101,1.8
1093.0,0.227,0,100,4.2
1093.5,0.227,0,98,9.600000000000001
1094.0,0.224,0,98,10.8
1094.5,0.226,0,98,12.600000000000001
1095.0,0.229,0,99,13.200000000000001
1095.5,0.23,0,99,13.200000000000001
1096.0,0.23,0,100,13.200000000000001
1096.5,0.23,0,100,13.200000000000001
1097.0,0.229,0,100,13.200000000000001
1097.5,0.229,0,100,13.200000000000001
1098.0,0.227,0,100,13.200000000000001
1098.5,0.229,0,100,13.8
1099.0,0.229,0,101,12.600000000000001
1099.5,0.229,0,100,13.200000000000001
1100.0,0.229,0,99,15.0
1100.5,0.229,0,99,16.2
1101.0,0.232,0,100,16.8
1101.5,0.232,0,100,16.8
1102.0,0.232,0,100,16.8
1102.5,0.232,0,100,16.8
1103.0,0.232,0,100,16.8
1103.5,0.232,0,100,17.400000000000002
1104.0,0.232,0,101,15.0
1104.5,0.238,0,98,13.200000000000001
1105.0,0.238,0,98,13.200000000000001
1105.5,0.238,0,97,13.8
1106.0,0.237,0,98,13.8
1106.5,0.237,0,99,13.8
1107.0,0.235,0,99,13.8
1107.5,0.242,0,99,13.8
1108.0,0.242,0,100,13.8
1108.5,0.242,0,100,13.8
1109.0,0.238,0,100,14.4
1109.5,0.238,0,101,12.0
1110.0,0.238,0,100,9.600000000000001
1110.5,0.24,0,99,6.0
1111.0,0.24,0,99,5.4
1111.5,0.24,0,99,4.800000000000001
1112.0,0.24,0,99,4.800000000000001
1112.5,0.24,0,99,4.800000000000001
1113.0,0.24,0,99,4.800000000000001
1113.5,0.242,0,99,4.800000000000001
1114.0,0.242,0,98,4.800000000000001
1114.5,0.242,0,98,4.800000000000001
1115.0,0.237,0,98,4.2
1115.5,0.237,0,97,1.8
1116.0,0.237,0,96,0.0
1116.5,0.24,0,95,0.0
1117.0,0.24,0,96,0.0
1117.5,0.24,0,96,0.0
1118.0,0.238,0,96,0.0
1118.5,0.237,0,97,0.0
1119.0,0.238,0,98,0.0
1119.5,0.238,0,97,0.0
1120.0,0.24,0,98,0.0
1120.5,0.24,0,99,0.0
1121.0,0.242,0,98,0.0
1121.5,0.242,0,98,1.2000000000000002
1122.0,0.242,0,98,1.8
1122.5,0.24,0,99,2.4000000000000004
1123.0,0.242,0,99,2.4000000000000004
1123.5,0.242,0,99,2.4000000000000004
1124.0,0.242,0,99,2.4000000000000004
1124.5,0.242,0,99,2.4000000000000004
1125.0,0.243,0,99,2.4000000000000004
1125.5,0.243,0,99,1.8
1126.0,0.243,0,98,5.4
1126.5,0.243,0,96,9.600000000000001
1127.0,0.242,0,96,12.0
1127.5,0.245,0,97,13.8
1128.0,0.245,0,97,14.4
1128.5,0.245,0,97,14.4
1129.0,0.243,0,98,14.4
1129.5,0.243,0,98,13.8
1130.0,0.245,0,98,13.8
1130.5,0.245,0,98,13.8
1131.0,0.245,0,98,14.4
1131.5,0.245,0,99,14.4
1132.0,0.243,0,99,13.200000000000001
1132.5,0.243,0,98,13.8
1133.0,0.245,0,97,16.2
1133.5,0.245,0,98,17.400000000000002
1134.0,0.243,0,100,16.8
1134.5,0.243,0,98,13.8
1135.0,0.243,0,97,13.8
1135.5,0.243,0,97,14.4
1136.0,0.242,0,97,14.4
1136.5,0.25,0,98,14.4
1137.0,0.25,0,98,14.4
1137.5,0.25,0,99,14.4
1138.0,0.247,0,99,14.4
1138.5,0.247,0,99,14.4
1139.0,0.247,0,100,15.0
1139.5,0.251,0,99,13.8
1140.0,0.251,0,99,9.600000000000001
1140.5,0.251,0,97,8.4
1141.0,0.248,0,97,6.0
1141.5,0.25,0,98,5.4
1142.0,0.25,0,98,5.4
1142.5,0.253,0,98,5.4
1143.0,0.253,0,98,5.4
1143.5,0.253,0,98,5.4
1144.0,0.248,0,97,5.4
1144.5,0.248,0,97,5.4
1145.0,0.248,0,97,4.800000000000001
1145.5,0.251,0,97,2.4000000000000004
1146.0,0.251,0,95,0.6000000000000001
1146.5,0.251,0,94,0.0
1147.0,0.251,0,94,0.0
1147.5,0.251,0,95,0.0
1148.0,0.251,0,96,0.0
1148.5,0.251,0,96,0.0
1149.0,0.256,0,97,0.0
1149.5,0.256,0,97,0.0
1150.0,0.256,0,98,0.0
1150.5,0.255,0,98,0.0
1151.0,0.255,0,98,0.0
1151.5,0.255,0,97,0.6000000000000001
1152.0,0.256,0,97,1.8
1152.5,0.256,0,97,2.4000000000000004
1153.0,0.256,0,98,2.4000000000000004
1153.5,0.255,0,98,2.4000000000000004
1154.0,0.256,0,98,2.4000000000000004
1154.5,0.256,0,98,2.4000000000000004
1155.0,0.256,0,98,2.4000000000000004
1155.5,0.255,0,98,3.0
1156.0,0.255,0,98,3.6
1156.5,0.255,0,96,9.600000000000001
1157.0,0.253,0,95,12.0
1157.5,0.253,0,95,13.8
1158.0,0.253,0,96,15.0
1158.5,0.253,0,97,15.600000000000001
1159.0,0.253,0,97,15.600000000000001
1159.5,0.253,0,97,15.0
1160.0,0.255,0,98,15.0
1160.5,0.255,0,98,15.0
1161.0,0.255,0,99,15.0
1161.5,0.253,0,100,15.0
1162.0,0.255,0,100,15.0
1162.5,0.256,0,99,13.8
1163.0,0.256,0,97,15.600000000000001
1163.5,0.256,0,97,18.0
1164.0,0.256,0,97,18.6
1164.5,0.256,0,98,19.200000000000003
1165.0,0.256,0,98,19.200000000000003
1165.5,0.256,0,98,19.200000000000003
1166.0,0.255,0,99,19.200000000000003
1166.5,0.255,0,99,19.8
1167.0,0.253,0,99,20.400000000000002
1167.5,0.253,0,99,16.2
1168.0,0.251,0,97,14.4
1168.5,0.253,0,97,15.0
1169.0,0.253,0,97,15.600000000000001
1169.5,0.253,0,97,16.2
1170.0,0.253,0,98,15.600000000000001
1170.5,0.253,0,98,15.600000000000001
1171.0,0.251,0,99,15.600000000000001
1171.5,0.259,0,100,15.600000000000001
1172.0,0.259,0,100,15.600000000000001
1172.5,0.259,0,100,16.2
1173.0,0.253,0,100,12.600000000000001
1173.5,0.255,0,99,9.600000000000001
1174.0,0.255,0,98,7.800000000000001
1174.5,0.255,0,98,6.0
1175.0,0.255,0,98,6.0
1175.5,0.255,0,98,5.4
1176.0,0.255,0,99,5.4
1176.5,0.253,0,98,5.4
1177.0,0.253,0,99,5.4
1177.5,0.253,0,98,5.4
1178.0,0.259,0,98,6.0
1178.5,0.259,0,98,4.2
1179.0,0.259,0,96,1.8
1179.5,0.253,0,95,0.6000000000000001
1180.0,0.25,0,94,0.0
1180.5,0.25,0,95,0.0
1181.0,0.251,0,96,0.0
1181.5,0.25,0,97,0.0
1182.0,0.248,0,98,0.0
1182.5,0.248,0,98,0.0
1183.0,0.251,0,99,0.0
1183.5,0.251,0,97,0.0
1184.0,0.251,0,98,1.2000000000000002
1184.5,0.248,0,98,2.4000000000000004
1185.0,0.248,0,99,2.4000000000000004
1185.5,0.248,0,99,3.0
1186.0,0.251,0,100,3.0
1186.5,0.251,0,100,3.0
1187.0,0.251,0,100,3.0
1187.5,0.25,0,100,2.4000000000000004
1188.0,0.247,0,100,3.0
1188.5,0.247,0,99,6.0
1189.0,0.247,0,97,10.200000000000001
1189.5,0.245,0,97,13.200000000000001
1190.0,0.245,0,97,15.0
1190.5,0.245,0,98,15.600000000000001
1191.0,0.242,0,99,15.600000000000001
1191.5,0.238,0,99,15.600000000000001
1192.0,0.238,0,99,15.0
1192.5,0.238,0,100,15.0
1193.0,0.235,0,100,15.0
1193.5,0.235,0,100,15.0
1194.0,0.232,0,102,15.0
1194.5,0.232,0,102,13.8
1195.0,0.23,0,101,15.0
1195.5,0.23,0,100,16.8
1196.0,0.229,0,101,18.0
1196.5,0.229,0,101,18.0
1197.0,0.229,0,102,18.0
1197.5,0.229,0,102,18.0
1198.0,0.229,0,103,18.0
1198.5,0.229,0,103,18.6
1199.0,0.229,0,103,18.6
1199.5,0.229,0,102,14.4
1200.0,0.227,0,101,13.200000000000001
1200.5,0.227,0,101,13.8
1201.0,0.229,0,101,14.4
1201.5,0.229,0,102,14.4
1202.0,0.229,0,102,13.8
1202.5,0.229,0,102,13.8
1203.0,0.229,0,103,14.4
1203.5,0.229,0,104,13.8
1204.0,0.23,0,104,14.4
1204.5,0.23,0,103,13.200000000000001
1205.0,0.23,0,102,9.600000000000001
1205.5,0.23,0,102,7.2
1206.0,0.23,0,102,6.0
1206.5,0.23,0,102,5.4
1207.0,0.234,0,102,4.800000000000001
1207.5,0.234,0,102,4.800000000000001
1208.0,0.235,0,101,4.800000000000001
1208.5,0.235,0,101,4.800000000000001
1209.0,0.235,0,101,4.800000000000001
1209.5,0.235,0,101,5.4
1210.0,0.237,0,101,3.6
1210.5,0.237,0,100,1.8
1211.0,0.237,0,99,0.6000000000000001
1211.5,0.237,0,98,0.0
1212.0,0.237,0,99,0.0
1212.5,0.237,0,99,0.0
1213.0,0.238,0,100,0.0
1213.5,0.238,0,100,0.0
1214.0,0.238,0,101,0.0
1214.5,0.237,0,101,0.0
1215.0,0.237,0,101,0.0
1215.5,0.237,0,102,0.0
1216.0,0.238,0,100,0.6000000000000001
1216.5,0.238,0,100,1.8
1217.0,0.238,0,101,2.4000000000000004
1217.5,0.235,0,101,2.4000000000000004
1218.0,0.235,0,102,2.4000000000000004
1218.5,0.235,0,102,2.4000000000000004
1219.0,0.238,0,102,2.4000000000000004
1219.5,0.238,0,102,2.4000000000000004
1220.0,0.238,0,102,2.4000000000000004
1220.5,0.237,0,101,4.2
1221.0,0.237,0,99,9.600000000000001
1221.5,0.237,0,98,11.4
1222.0,0.237,0,99,13.200000000000001
1222.5,0.237,0,100,14.4
1223.0,0.237,0,100,14.4
1223.5,0.237,0,100,14.4
1224.0,0.242,0,100,13.8
1224.5,0.242,0,101,13.8
1225.0,0.242,0,101,13.8
1225.5,0.242,0,102,14.4
1226.0,0.24,0,101,13.200000000000001
1226.5,0.24,0,100,13.8
1227.0,0.24,0,99,16.2
1227.5,0.238,0,99,16.8
1228.0,0.238,0,100,17.400000000000002
1228.5,0.24,0,100,18.0
1229.0,0.24,0,100,18.0
1229.5,0.24,0,100,18.0
1230.0,0.24,0,100,18.0
1230.5,0.24,0,100,18.6
1231.0,0.24,0,100,15.600000000000001
1231.5,0.245,0,98,13.8
1232.0,0.245,0,98,14.4
1232.5,0.245,0,98,15.0
1233.0,0.243,0,98,15.0
1233.5,0.243,0,99,15.0
1234.0,0.243,0,100,15.0
1234.5,0.245,0,100,14.4
1235.0,0.245,0,101,15.0
1235.5,0.245,0,101,15.0
1236.0,0.245,0,101,15.0
1236.5,0.245,0,101,12.0
1237.0,0.245,0,100,9.600000000000001
1237.5,0.247,0,99,6.6000000000000005
1238.0,0.247,0,100,5.4
1238.5,0.247,0,100,5.4
1239.0,0.247,0,100,4.800000000000001
1239.5,0.247,0,100,4.800000000000001
1240.0,0.247,0,100,4.800000000000001
1240.5,0.248,0,100,4.800000000000001
1241.0,0.248,0,100,5.4
1241.5,0.248,0,99,5.4
1242.0,0.247,0,99,3.6
1242.5,0.243,0,97,1.2000000000000002
1243.0,0.243,0,96,0.0
1243.5,0.243,0,96,0.0
1244.0,0.247,0,97,0.0
1244.5,0.247,0,98,0.0
1245.0,0.248,0,98,0.0
1245.5,0.248,0,98,0.0
1246.0,0.248,0,99,0.0
1246.5,0.247,0,99,0.0
1247.0,0.251,0,100,0.0
1247.5,0.251,0,100,0.0
1248.0,0.251,0,99,0.0
1248.5,0.248,0,99,1.2000000000000002
1249.0,0.248,0,99,2.4000000000000004
1249.5,0.251,0,100,2.4000000000000004
1250.0,0.255,0,100,2.4000000000000004
1250.5,0.255,0,100,2.4000000000000004
1251.0,0.255,0,100,2.4000000000000004
1251.5,0.251,0,100,2.4000000000000004
1252.0,0.251,0,101,2.4000000000000004
1252.5,0.251,0,100,3.0
1253.0,0.251,0,98,9.0
1253.5,0.251,0,97,11.4
1254.0,0.251,0,97,13.200000000000001
1254.5,0.25,0,98,14.4
1255.0,0.25,0,98,15.0
1255.5,0.25,0,99,15.0
1256.0,0.251,0,99,14.4
1256.5,0.251,0,99,14.4
1257.0,0.255,0,99,14.4
1257.5,0.255,0,99,14.4
1258.0,0.256,0,100,15.0
1258.5,0.256,0,100,14.4
1259.0,0.256,0,100,13.8
1259.5,0.253,0,99,15.600000000000001
1260.0,0.256,0,98,17.400000000000002
1260.5,0.256,0,98,18.0
1261.0,0.256,0,99,18.6
1261.5,0.256,0,99,18.6
1262.0,0.261,0,99,18.6
1262.5,0.261,0,99,19.200000000000003
1263.0,0.261,0,100,19.200000000000003
1263.5,0.259,0,100,19.8
1264.0,0.259,0,99,15.0
1264.5,0.259,0,97,14.4
1265.0,0.256,0,97,15.0
1265.5,0.256,0,97,15.600000000000001
1266.0,0.256,0,98,15.600000000000001
1266.5,0.256,0,98,15.600000000000001
1267.0,0.256,0,99,15.600000000000001
1267.5,0.256,0,100,15.0
1268.0,0.251,0,100,15.0
1268.5,0.251,0,101,15.600000000000001
1269.0,0.25,0,101,15.600000000000001
1269.5,0.25,0,100,10.8
1270.0,0.25,0,99,9.600000000000001
1270.5,0.25,0,99,6.0
1271.0,0.25,0,99,6.0
1271.5,0.25,0,99,5.4
1272.0,0.25,0,100,5.4
1272.5,0.253,0,99,5.4
1273.0,0.253,0,99,5.4
1273.5,0.253,0,99,5.4
1274.0,0.248,0,99,5.4
1274.5,0.248,0,99,5.4
1275.0,0.248,0,99,3.0
1275.5,0.25,0,97,1.2000000000000002
1276.0,0.25,0,97,0.0
1276.5,0.25,0,97,0.0
1277.0,0.25,0,97,0.0
1277.5,0.25,0,98,0.0
1278.0,0.248,0,98,0.0
1278.5,0.248,0,99,0.0
1279.0,0.247,0,99,0.0
1279.5,0.247,0,100,0.0
1280.0,0.243,0,100,0.0
1280.5,0.243,0,101,0.0
1281.0,0.242,0,99,0.6000000000000001
1281.5,0.243,0,100,1.8
1282.0,0.243,0,100,2.4000000000000004
1282.5,0.243,0,100,2.4000000000000004
1283.0,0.24,0,101,2.4000000000000004
1283.5,0.24,0,101,2.4000000000000004
1284.0,0.24,0,101,2.4000000000000004
1284.5,0.243,0,101,2.4000000000000004
1285.0,0.243,0,101,2.4000000000000004
1285.5,0.243,0,100,4.800000000000001
1286.0,0.242,0,98,9.600000000000001
1286.5,0.242,0,98,12.0
1287.0,0.24,0,98,13.8
1287.5,0.243,0,99,15.0
1288.0,0.243,0,100,15.0
1288.5,0.243,0,100,15.0
1289.0,0.242,0,100,14.4
1289.5,0.242,0,101,14.4
1290.0,0.24,0,101,14.4
1290.5,0.242,0,101,14.4
1291.0,0.242,0,102,15.0
1291.5,0.242,0,102,13.200000000000001
1292.0,0.242,0,101,14.4
1292.5,0.242,0,100,16.2
1293.0,0.237,0,100,17.400000000000002
1293.5,0.237,0,101,18.0
1294.0,0.237,0,101,18.0
1294.5,0.235,0,101,18.0
1295.0,0.235,0,101,18.0
1295.5,0.235,0,102,18.0
1296.0,0.234,0,102,18.6
1296.5,0.234,0,101,15.0
1297.0,0.234,0,100,13.200000000000001
1297.5,0.234,0,100,13.8
1298.0,0.234,0,100,14.4
1298.5,0.234,0,100,14.4
1299.0,0.234,0,101,14.4
1299.5,0.232,0,101,14.4
1300.0,0.23,0,102,14.4
1300.5,0.232,0,103,14.4
1301.0,0.232,0,103,14.4
1301.5,0.232,0,103,14.4
1302.0,0.232,0,103,10.200000000000001
1302.5,0.232,0,101,9.0
1303.0,0.232,0,101,6.0
1303.5,0.235,0,101,5.4
1304.0,0.235,0,101,5.4
1304.5,0.235,0,101,4.800000000000001
1305.0,0.235,0,101,4.800000000000001
1305.5,0.235,0,101,4.800000000000001
1306.0,0.237,0,101,4.800000000000001
1306.5,0.238,0,100,4.800000000000001
1307.0,0.238,0,100,4.800000000000001
1307.5,0.238,0,99,2.4000000000000004
1308.0,0.237,0,98,0.6000000000000001
1308.5,0.237,0,97,0.0
1309.0,0.237,0,97,0.0
1309.5,0.238,0,98,0.0
1310.0,0.24,0,99,0.0
1310.5,0.24,0,99,0.0
1311.0,0.24,0,100,0.0
1311.5,0.237,0,100,0.0
1312.0,0.237,0,100,0.0
1312.5,0.237,0,101,0.0
1313.0,0.24,0,100,0.0
1313.5,0.24,0,99,1.2000000000000002
1314.0,0.24,0,100,1.8
1314.5,0.235,0,100,2.4000000000000004
1315.0,0.235,0,101,2.4000000000000004
1315.5,0.238,0,101,2.4000000000000004
1316.0,0.24,0,101,2.4000000000000004
1316.5,0.24,0,101,2.4000000000000004
1317.0,0.24,0,101,2.4000000000000004
1317.5,0.237,0,101,2.4000000000000004
1318.0,0.237,0,100,5.4
1318.5,0.237,0,98,9.600000000000001
1319.0,0.24,0,98,12.600000000000001
1319.5,0.24,0,98,13.8
1320.0,0.24,0,99,14.4
1320.5,0.24,0,99,14.4
1321.0,0.24,0,99,14.4
1321.5,0.24,0,99,14.4
1322.0,0.243,0,100,13.8
1322.5,0.243,0,100,14.4
1323.0,0.243,0,100,14.4
1323.5,0.243,0,100,15.0
1324.0,0.245,0,100,13.200000000000001
1324.5,0.245,0,99,14.4
1325.0,0.247,0,98,16.8
1325.5,0.247,0,98,18.0
1326.0,0.247,0,99,18.6
1326.5,0.243,0,99,18.6
1327.0,0.245,0,100,18.6
1327.5,0.245,0,100,18.6
1328.0,0.248,0,100,18.6
1328.5,0.248,0,100,19.200000000000003
1329.0,0.248,0,100,15.0
1329.5,0.245,0,98,13.8
1330.0,0.245,0,97,14.4
1330.5,0.245,0,98,15.0
1331.0,0.247,0,98,15.0
1331.5,0.247,0,99,15.0
1332.0,0.248,0,99,15.0
1332.5,0.248,0,100,15.0
1333.0,0.248,0,100,15.0
1333.5,0.248,0,100,15.0
1334.0,0.251,0,100,15.600000000000001
1334.5,0.251,0,100,12.0
1335.0,0.251,0,98,9.600000000000001
1335.5,0.251,0,98,6.6000000000000005
1336.0,0.253,0,98,6.0
1336.5,0.253,0,98,5.4
1337.0,0.256,0,99,5.4
1337.5,0.256,0,98,5.4
1338.0,0.256,0,98,5.4
1338.5,0.255,0,98,5.4
1339.0,0.253,0,98,5.4
1339.5,0.253,0,97,5.4
1340.0,0.255,0,97,3.6
1340.5,0.255,0,96,1.8
1341.0,0.255,0,94,0.0
1341.5,0.255,0,94,0.0
1342.0,0.255,0,95,0.0
1342.5,0.255,0,96,0.0
1343.0,0.256,0,96,0.0
1343.5,0.256,0,96,0.0
1344.0,0.258,0,97,0.0
1344.5,0.258,0,97,0.0
1345.0,0.258,0,98,0.0
1345.5,0.258,0,98,0.0
1346.0,0.258,0,98,0.0
1346.5,0.258,0,97,1.2000000000000002
1347.0,0.258,0,97,2.4000000000000004
1347.5,0.258,0,98,2.4000000000000004
1348.0,0.258,0,99,2.4000000000000004
1348.5,0.258,0,99,3.0
1349.0,0.258,0,99,3.0
1349.5,0.259,0,99,3.0
1350.0,0.259,0,99,2.4000000000000004
1350.5,0.261,0,99,2.4000000000000004
1351.0,0.261,0,98,6.0
1351.5,0.261,0,96,10.200000000000001
1352.0,0.259,0,96,13.200000000000001
1352.5,0.261,0,96,15.0
1353.0,0.261,0,97,15.600000000000001
1353.5,0.261,0,98,15.600000000000001
1354.0,0.261,0,98,15.600000000000001
1354.5,0.264,0,98,15.600000000000001
1355.0,0.264,0,99,15.0
1355.5,0.267,0,99,15.0
1356.0,0.267,0,99,15.600000000000001
1356.5,0.271,0,99,16.2
1357.0,0.271,0,100,14.4
1357.5,0.271,0,98,15.0
1358.0,0.269,0,97,17.400000000000002
1358.5,0.269,0,97,18.6
1359.0,0.269,0,98,19.8
1359.5,0.269,0,98,19.8
1360.0,0.271,0,98,19.8
1360.5,0.271,0,98,19.8
1361.0,0.271,0,98,20.400000000000002
1361.5,0.269,0,99,21.0
1362.0,0.269,0,99,18.0
1362.5,0.269,0,97,15.0
1363.0,0.271,0,96,15.600000000000001
1363.5,0.271,0,95,16.2
1364.0,0.271,0,96,16.2
1364.5,0.267,0,96,16.8
1365.0,0.269,0,97,16.2
1365.5,0.269,0,98,16.2
1366.0,0.271,0,98,16.8
1366.5,0.271,0,99,16.2
1367.0,0.271,0,99,16.8
1367.5,0.271,0,99,16.2
1368.0,0.272,0,98,10.8
1368.5,0.272,0,97,9.600000000000001
1369.0,0.272,0,96,7.2
1369.5,0.272,0,97,6.0
1370.0,0.272,0,97,6.0
1370.5,0.271,0,97,6.0
1371.0,0.269,0,97,6.0
1371.5,0.269,0,98,5.4
1372.0,0.267,0,98,6.0
1372.5,0.267,0,97,6.0
1373.0,0.267,0,97,6.0
1373.5,0.267,0,97,3.6
1374.0,0.264,0,95,1.2000000000000002
1374.5,0.264,0,94,0.0
1375.0,0.264,0,94,0.0
1375.5,0.264,0,95,0.0
1376.0,0.264,0,96,0.0
1376.5,0.264,0,96,0.0
1377.0,0.263,0,97,0.0
1377.5,0.264,0,98,0.0
1378.0,0.264,0,98,0.0
1378.5,0.264,0,99,0.0
1379.0,0.264,0,99,0.0
1379.5,0.264,0,98,0.6000000000000001
1380.0,0.261,0,97,1.8
1380.5,0.261,0,98,2.4000000000000004
1381.0,0.261,0,99,3.0
1381.5,0.264,0,100,3.0
1382.0,0.264,0,100,3.0
1382.5,0.264,0,100,3.0
1383.0,0.263,0,100,3.0
1383.5,0.263,0,100,3.0
1384.0,0.264,0,100,4.2
1384.5,0.264,0,98,9.600000000000001
1385.0,0.264,0,96,12.0
1385.5,0.266,0,97,15.0
1386.0,0.266,0,97,16.2
1386.5,0.266,0,97,16.8
1387.0,0.266,0,98,16.2
1387.5,0.266,0,98,16.2
1388.0,0.266,0,99,15.600000000000001
1388.5,0.266,0,99,15.600000000000001
1389.0,0.266,0,100,16.2
1389.5,0.266,0,100,16.2
1390.0,0.266,0,101,15.600000000000001
1390.5,0.264,0,100,15.0
1391.0,0.264,0,98,16.8
1391.5,0.264,0,100,19.8
1392.0,0.264,0,100,19.8
1392.5,0.264,0,100,19.8
1393.0,0.264,0,101,20.400000000000002
1393.5,0.261,0,101,19.8
1394.0,0.261,0,99,15.600000000000001
1394.5,0.261,0,98,15.0
1395.0,0.256,0,98,15.600000000000001
1395.5,0.256,0,98,16.2
1396.0,0.256,0,99,16.2
1396.5,0.255,0,99,16.2
1397.0,0.255,0,101,16.2
1397.5,0.255,0,101,16.2
1398.0,0.255,0,101,16.2
1398.5,0.255,0,102,16.2
1399.0,0.253,0,101,15.600000000000001
1399.5,0.256,0,101,10.8
1400.0,0.256,0,100,9.600000000000001
1400.5,0.256,0,99,7.2
1401.0,0.256,0,100,6.0
1401.5,0.259,0,100,6.0
1402.0,0.259,0,100,5.4
1402.5,0.259,0,100,5.4
1403.0,0.258,0,100,5.4
1403.5,0.258,0,100,5.4
1404.0,0.256,0,99,6.0
1404.5,0.258,0,100,5.4
1405.0,0.258,0,99,2.4000000000000004
1405.5,0.258,0,97,0.6000000000000001
1406.0,0.258,0,97,0.0
1406.5,0.258,0,97,0.0
1407.0,0.258,0,97,0.0
1407.5,0.258,0,98,0.0
1408.0,0.258,0,98,0.0
1408.5,0.258,0,99,0.0
1409.0,0.258,0,99,0.0
1409.5,0.258,0,100,0.0
1410.0,0.258,0,100,0.0
1410.5,0.259,0,100,0.0
1411.0,0.259,0,98,1.2000000000000002
1411.5,0.259,0,99,2.4000000000000004
1412.0,0.256,0,100,3.0
1412.5,0.256,0,101,3.0
1413.0,0.256,0,101,3.0
1413.5,0.256,0,101,3.0
1414.0,0.256,0,101,3.0
1414.5,0.256,0,101,3.0
1415.0,0.256,0,101,3.0
1415.5,0.256,0,100,6.6000000000000005
1416.0,0.256,0,98,10.8
1416.5,0.255,0,98,13.8
1417.0,0.255,0,99,15.0
1417.5,0.259,0,99,15.600000000000001
1418.0,0.259,0,100,15.600000000000001
1418.5,0.261,0,100,15.600000000000001
1419.0,0.261,0,100,15.600000000000001
1419.5,0.261,0,100,15.600000000000001
1420.0,0.263,0,100,15.0
1420.5,0.266,0,100,15.600000000000001
1421.0,0.266,0,101,15.600000000000001
1421.5,0.266,0,100,13.8
1422.0,0.266,0,99,15.600000000000001
1422.5,0.264,0,98,18.0
1423.0,0.264,0,99,19.200000000000003
1423.5,0.266,0,99,19.8
1424.0,0.266,0,100,19.8
1424.5,0.266,0,100,19.8
1425.0,0.266,0,100,20.400000000000002
1425.5,0.264,0,101,20.400000000000002
1426.0,0.264,0,101,21.0
1426.5,0.264,0,100,16.2
1427.0,0.264,0,98,15.0
1427.5,0.264,0,98,15.600000000000001
1428.0,0.264,0,98,16.2
1428.5,0.263,0,99,16.2
1429.0,0.263,0,100,16.2
1429.5,0.264,0,100,16.2
1430.0,0.264,0,101,15.600000000000001
1430.5,0.264,0,102,15.600000000000001
1431.0,0.264,0,101,16.2
1431.5,0.264,0,101,16.2
1432.0,0.264,0,101,11.4
1432.5,0.264,0,100,9.600000000000001
1433.0,0.264,0,99,7.800000000000001
1433.5,0.264,0,100,6.6000000000000005
1434.0,0.267,0,100,6.0
1434.5,0.267,0,100,6.0
1435.0,0.267,0,100,6.0
1435.5,0.266,0,100,5.4
1436.0,0.266,0,100,6.0
1436.5,0.266,0,99,6.0
1437.0,0.266,0,99,6.0
1437.5,0.266,0,99,3.0
1438.0,0.266,0,97,1.2000000000000002
1438.5,0.266,0,96,0.0
1439.0,0.269,0,96,0.0
1439.5,0.269,0,97,0.0
1440.0,0.271,0,98,0.0
1440.5,0.271,0,98,0.0
1441.0,0.271,0,98,0.0
1441.5,0.269,0,99,0.0
1442.0,0.271,0,99,0.0
1442.5,0.271,0,99,0.0
1443.0,0.272,0,99,0.0
1443.5,0.272,0,97,0.6000000000000001
1444.0,0.272,0,98,1.8
1444.5,0.274,0,98,3.0
1445.0,0.274,0,98,3.0
1445.5,0.274,0,99,3.0
1446.0,0.277,0,99,3.0
1446.5,0.277,0,99,3.0
1447.0,0.277,0,99,3.0
1447.5,0.276,0,99,3.0
1448.0,0.274,0,98,4.2
1448.5,0.272,0,96,9.600000000000001
1449.0,0.272,0,95,12.600000000000001
1449.5,0.277,0,95,15.0
1450.0,0.277,0,96,16.8
1450.5,0.277,0,97,16.8
1451.0,0.272,0,98,16.8
1451.5,0.272,0,98,16.8
1452.0,0.272,0,98,16.2
1452.5,0.277,0,99,16.2
1453.0,0.277,0,99,16.2
1453.5,0.277,0,100,16.2
1454.0,0.274,0,100,15.600000000000001
1454.5,0.274,0,100,15.0
1455.0,0.274,0,98,17.400000000000002
1455.5,0.279,0,98,19.200000000000003
1456.0,0.279,0,98,20.400000000000002
1456.5,0.279,0,99,20.400000000000002
1457.0,0.277,0,99,20.400000000000002
1457.5,0.279,0,100,20.400000000000002
1458.0,0.279,0,100,20.400000000000002
1458.5,0.284,0,100,21.0
1459.0,0.284,0,100,20.400000000000002
1459.5,0.284,0,99,16.2
1460.0,0.28,0,97,15.0
1460.5,0.279,0,97,16.2
1461.0,0.279,0,97,16.8
1461.5,0.287,0,98,16.8
1462.0,0.287,0,99,16.8
1462.5,0.287,0,99,16.8
1463.0,0.282,0,99,16.8
1463.5,0.282,0,100,16.8
1464.0,0.282,0,100,16.8
1464.5,0.28,0,99,6.0
1465.0,0.282,0,99,6.0
1465.5,0.282,0,99,6.0
1466.0,0.282,0,99,6.0
1466.5,0.282,0,99,6.0
1467.0,0.28,0,99,6.0
1467.5,0.28,0,98,6.0
1468.0,0.284,0,98,3.0
1468.5,0.284,0,96,1.2000000000000002
1469.0,0.284,0,95,0.0
1469.5,0.284,0,95,0.0
1470.0,0.284,0,96,0.0
1470.5,0.284,0,96,0.0
1471.0,0.284,0,97,0.0
1471.5,0.285,0,97,0.0
1472.0,0.285,0,98,0.0
1472.5,0.285,0,98,0.0
1473.0,0.285,0,98,0.0
1473.5,0.285,0,99,0.0
1474.0,0.284,0,97,0.6000000000000001
1474.5,0.284,0,97,1.8
1475.0,0.284,0,97,3.0
1475.5,0.284,0,98,3.0
1476.0,0.282,0,99,3.0
1476.5,0.284,0,99,3.0
1477.0,0.284,0,99,3.0
1477.5,0.284,0,100,3.0
1478.0,0.282,0,100,3.0
1478.5,0.282,0,99,4.2
1479.0,0.282,0,97,9.600000000000001
1479.5,0.282,0,95,12.600000000000001
1480.0,0.282,0,95,15.0
1480.5,0.284,0,96,16.8
1481.0,0.284,0,97,16.8
1481.5,0.285,0,97,16.8
1482.0,0.285,0,97,16.8
1482.5,0.285,0,98,16.8
1483.0,0.285,0,99,16.8
1483.5,0.287,0,99,16.8
1484.0,0.287,0,99,17.400000000000002
1484.5,0.287,0,100,16.8
1485.0,0.285,0,99,15.600000000000001
1485.5,0.285,0,98,17.400000000000002
1486.0,0.285,0,98,19.200000000000003
1486.5,0.282,0,98,20.400000000000002
1487.0,0.282,0,99,21.0
1487.5,0.282,0,99,21.0
1488.0,0.282,0,99,21.0
1488.5,0.282,0,100,21.0
1489.0,0.282,0,100,21.6
1489.5,0.28,0,101,22.200000000000003
1490.0,0.284,0,100,16.8
1490.5,0.284,0,100,16.8
1491.0,0.284,0,101,17.400000000000002
1491.5,0.282,0,100,12.600000000000001
1492.0,0.284,0,99,9.600000000000001
1492.5,0.284,0,99,9.0
1493.0,0.287,0,98,6.6000000000000005
1493.5,0.287,0,99,6.6000000000000005
1494.0,0.287,0,99,6.0
1494.5,0.284,0,99,6.0
1495.0,0.284,0,100,6.0
1495.5,0.284,0,100,6.0
1496.0,0.284,0,99,6.0
1496.5,0.284,0,99,6.6000000000000005
1497.0,0.284,0,99,3.6
1497.5,0.282,0,97,1.8
1498.0,0.28,0,96,0.0
1498.5,0.28,0,96,0.0
1499.0,0.285,0,96,0.0
1499.5,0.285,0,97,0.0
1500.0,0.285,0,97,0.0
1500.5,0.285,0,98,0.0
1501.0,0.284,0,98,0.0
1501.5,0.284,0,99,0.0
1502.0,0.284,0,99,0.0
1502.5,0.284,0,99,0.0
1503.0,0.284,0,98,0.6000000000000001
1503.5,0.284,0,98,2.4000000000000004
1504.0,0.279,0,98,3.0
1504.5,0.277,0,99,3.6
1505.0,0.28,0,100,3.6
1505.5,0.28,0,100,3.0
1506.0,0.28,0,100,3.0
1506.5,0.28,0,101,3.0
1507.0,0.276,0,101,3.0
1507.5,0.276,0,101,4.2
1508.0,0.276,0,99,9.600000000000001
1508.5,0.276,0,97,12.600000000000001
1509.0,0.274,0,98,15.0
1509.5,0.274,0,99,16.2
1510.0,0.274,0,99,16.8
1510.5,0.274,0,100,16.8
1511.0,0.274,0,100,16.2
1511.5,0.274,0,100,16.2
1512.0,0.274,0,101,16.2
1512.5,0.274,0,101,16.2
1513.0,0.274,0,101,16.8
1513.5,0.274,0,102,15.0
1514.0,0.274,0,101,15.600000000000001
1514.5,0.274,0,100,17.400000000000002
1515.0,0.274,0,100,19.200000000000003
1515.5,0.277,0,100,21.0
1516.0,0.277,0,101,20.400000000000002
1516.5,0.28,0,101,20.400000000000002
1517.0,0.28,0,101,20.400000000000002
1517.5,0.28,0,102,21.0
1518.0,0.28,0,101,18.6
1518.5,0.28,0,98,15.600000000000001
1519.0,0.28,0,98,15.600000000000001
1519.5,0.279,0,98,16.2
1520.0,0.279,0,98,16.8
1520.5,0.279,0,100,16.8
1521.0,0.279,0,100,16.8
1521.5,0.279,0,100,16.8
1522.0,0.279,0,101,16.8
1522.5,0.279,0,102,16.8
1523.0,0.279,0,102,17.400000000000002
1523.5,0.279,0,102,15.0
1524.0,0.279,0,99,10.200000000000001
1524.5,0.276,0,99,9.600000000000001
1525.0,0.277,0,100,8.4
1525.5,0.277,0,100,6.6000000000000005
1526.0,0.277,0,100,6.0
1526.5,0.277,0,100,6.0
1527.0,0.279,0,100,6.0
1527.5,0.279,0,100,6.0
1528.0,0.279,0,100,6.0
1528.5,0.279,0,100,6.0
1529.0,0.279,0,99,4.800000000000001
1529.5,0.279,0,98,2.4000000000000004
1530.0,0.28,0,97,0.6000000000000001
1530.5,0.28,0,96,0.0
1531.0,0.28,0,97,0.0
1531.5,0.279,0,97,0.0
1532.0,0.279,0,98,0.0
1532.5,0.279,0,99,0.0
1533.0,0.279,0,99,0.0
1533.5,0.277,0,99,0.0
1534.0,0.277,0,100,0.0
1534.5,0.279,0,100,0.0
1535.0,0.279,0,99,0.0
1535.5,0.279,0,99,1.8
1536.0,0.279,0,99,2.4000000000000004
1536.5,0.279,0,99,3.0
1537.0,0.28,0,100,3.0
1537.5,0.282,0,100,3.6
1538.0,0.282,0,100,3.0
1538.5,0.282,0,100,3.0
1539.0,0.284,0,101,3.0
1539.5,0.284,0,100,3.6
1540.0,0.284,0,98,9.0
1540.5,0.284,0,97,12.0
1541.0,0.284,0,97,15.0
1541.5,0.284,0,97,16.2
1542.0,0.284,0,98,16.8
1542.5,0.284,0,99,16.8
1543.0,0.285,0,99,16.8
1543.5,0.287,0,99,16.8
1544.0,0.287,0,100,16.8
1544.5,0.287,0,100,16.8
1545.0,0.285,0,100,16.8
1545.5,0.288,0,101,16.2
1546.0,0.288,0,100,15.600000000000001
1546.5,0.288,0,99,17.400000000000002
1547.0,0.287,0,99,19.200000000000003
1547.5,0.287,0,98,20.400000000000002
1548.0,0.287,0,100,21.0
1548.5,0.29,0,99,21.0
1549.0,0.29,0,100,21.0
1549.5,0.292,0,100,21.0
1550.0,0.292,0,100,21.6
1550.5,0.292,0,100,21.6
1551.0,0.288,0,99,16.8
1551.5,0.29,0,97,15.600000000000001
1552.0,0.29,0,97,16.2
1552.5,0.293,0,97,16.8
1553.0,0.293,0,97,17.400000000000002
1553.5,0.293,0,98,17.400000000000002
1554.0,0.295,0,98,17.400000000000002
1554.5,0.296,0,99,17.400000000000002
1555.0,0.296,0,100,17.400000000000002
1555.5,0.296,0,100,18.0
1556.0,0.295,0,100,18.0
1556.5,0.295,0,99,13.200000000000001
1557.0,0.295,0,98,9.600000000000001
1557.5,0.298,0,97,9.600000000000001
1558.0,0.298,0,98,9.0
1558.5,0.298,0,98,7.2
1559.0,0.296,0,98,6.6000000000000005
1559.5,0.296,0,98,6.6000000000000005
1560.0,0.296,0,98,6.6000000000000005
1560.5,0.298,0,98,6.6000000000000005
1561.0,0.298,0,98,6.6000000000000005
1561.5,0.298,0,98,6.6000000000000005
1562.0,0.295,0,97,4.2
1562.5,0.295,0,96,1.8
1563.0,0.295,0,94,0.6000000000000001
1563.5,0.298,0,94,0.0
1564.0,0.298,0,95,0.0
1564.5,0.298,0,96,0.0
1565.0,0.298,0,96,0.0
1565.5,0.298,0,96,0.0
1566.0,0.298,0,97,0.0
1566.5,0.298,0,98,0.0
1567.0,0.301,0,98,0.0
1567.5,0.301,0,99,0.0
1568.0,0.301,0,98,0.0
1568.5,0.301,0,97,1.8
1569.0,0.301,0,97,3.0
1569.5,0.301,0,97,3.6
1570.0,0.303,0,98,3.6
1570.5,0.303,0,98,3.6
1571.0,0.303,0,99,3.6
1571.5,0.301,0,99,3.6
1572.0,0.301,0,99,3.6
1572.5,0.298,0,99,3.6
1573.0,0.296,0,97,9.0
1573.5,0.296,0,95,12.0
1574.0,0.296,0,95,15.0
1574.5,0.296,0,96,16.8
1575.0,0.296,0,96,18.0
1575.5,0.296,0,97,18.0
1576.0,0.296,0,98,18.0
1576.5,0.296,0,98,17.400000000000002
1577.0,0.296,0,99,17.400000000000002
1577.5,0.298,0,99,17.400000000000002
1578.0,0.298,0,100,17.400000000000002
1578.5,0.298,0,100,18.0
1579.0,0.296,0,100,15.600000000000001
1579.5,0.296,0,99,17.400000000000002
1580.0,0.296,0,99,19.8
1580.5,0.298,0,98,21.0
1581.0,0.298,0,100,21.6
1581.5,0.298,0,100,21.6
1582.0,0.295,0,100,21.6
1582.5,0.295,0,101,21.6
1583.0,0.295,0,101,22.200000000000003
1583.5,0.295,0,101,22.200000000000003
1584.0,0.295,0,101,18.0
1584.5,0.295,0,99,16.2
1585.0,0.292,0,98,16.2
1585.5,0.292,0,98,16.8
1586.0,0.29,0,102,18.0
1586.5,0.288,0,101,13.200000000000001
1587.0,0.288,0,101,9.600000000000001
1587.5,0.288,0,99,9.600000000000001
1588.0,0.285,0,100,7.800000000000001
1588.5,0.285,0,101,6.6000000000000005
1589.0,0.285,0,101,6.0
1589.5,0.285,0,101,6.0
1590.0,0.285,0,102,6.0
1590.5,0.285,0,101,6.0
1591.0,0.282,0,101,6.0
1591.5,0.28,0,102,6.0
1592.0,0.279,0,101,3.6
1592.5,0.279,0,99,1.2000000000000002
1593.0,0.279,0,98,0.0
1593.5,0.279,0,99,0.0
1594.0,0.276,0,99,0.0
1594.5,0.276,0,100,0.0
1595.0,0.276,0,100,0.0
1595.5,0.28,0,101,0.0
1596.0,0.28,0,101,0.0
1596.5,0.28,0,101,0.0
1597.0,0.277,0,102,0.0
1597.5,0.277,0,101,0.0
1598.0,0.277,0,100,1.2000000000000002
1598.5,0.28,0,100,2.4000000000000004
1599.0,0.28,0,100,3.0
1599.5,0.28,0,101,3.0
1600.0,0.279,0,101,3.0
1600.5,0.279,0,101,3.0
1601.0,0.279,0,102,3.0
1601.5,0.282,0,102,3.0
1602.0,0.282,0,102,3.0
1602.5,0.282,0,100,7.2
1603.0,0.277,0,98,11.4
1603.5,0.277,0,98,14.4
1604.0,0.277,0,99,16.2
1604.5,0.279,0,99,16.8
1605.0,0.279,0,100,16.8
1605.5,0.279,0,100,16.8
1606.0,0.276,0,101,16.2
1606.5,0.276,0,101,16.2
1607.0,0.276,0,101,16.2
1607.5,0.276,0,102,16.8
1608.0,0.274,0,102,16.2
1608.5,0.274,0,102,15.0
1609.0,0.274,0,100,16.8
1609.5,0.276,0,100,18.6
1610.0,0.276,0,101,19.8
1610.5,0.277,0,101,20.400000000000002
1611.0,0.277,0,101,21.0
1611.5,0.279,0,103,21.0
1612.0,0.277,0,103,19.8
1612.5,0.28,0,101,15.600000000000001
1613.0,0.28,0,100,15.0
1613.5,0.28,0,100,15.600000000000001
1614.0,0.279,0,100,16.2
1614.5,0.279,0,101,16.2
1615.0,0.279,0,101,16.2
1615.5,0.28,0,102,16.2
1616.0,0.28,0,103,16.2
1616.5,0.284,0,103,16.2
1617.0,0.284,0,103,16.8
1617.5,0.284,0,103,14.4
1618.0,0.282,0,102,10.200000000000001
1618.5,0.282,0,100,9.600000000000001
1619.0,0.282,0,100,7.2
1619.5,0.285,0,101,6.6000000000000005
1620.0,0.285,0,101,6.0
1620.5,0.285,0,101,6.0
1621.0,0.284,0,101,6.0
1621.5,0.285,0,101,6.0
1622.0,0.285,0,101,6.0
1622.5,0.29,0,100,6.0
1623.0,0.29,0,100,4.800000000000001
1623.5,0.29,0,99,2.4000000000000004
1624.0,0.285,0,98,0.6000000000000001
1624.5,0.285,0,97,0.0
1625.0,0.285,0,97,0.0
1625.5,0.29,0,98,0.0
1626.0,0.29,0,99,0.0
1626.5,0.29,0,99,0.0
1627.0,0.285,0,100,0.0
1627.5,0.287,0,100,0.0
1628.0,0.287,0,101,0.0
1628.5,0.292,0,101,0.0
1629.0,0.292,0,99,0.6000000000000001
1629.5,0.292,0,100,1.8
1630.0,0.288,0,100,2.4000000000000004
1630.5,0.285,0,100,3.0
1631.0,0.284,0,101,3.0
1631.5,0.285,0,101,3.0
1632.0,0.285,0,101,3.0
1632.5,0.285,0,101,3.0
1633.0,0.284,0,101,3.0
1633.5,0.28,0,100,4.2
1634.0,0.28,0,98,9.600000000000001
1634.5,0.28,0,97,12.600000000000001
1635.0,0.28,0,97,15.0
1635.5,0.284,0,98,16.8
1636.0,0.284,0,98,17.400000000000002
1636.5,0.285,0,99,16.8
1637.0,0.29,0,101,15.600000000000001
1637.5,0.29,0,100,15.0
1638.0,0.292,0,99,17.400000000000002
1638.5,0.292,0,98,19.200000000000003
1639.0,0.292,0,99,20.400000000000002
1639.5,0.29,0,100,21.0
1640.0,0.29,0,100,21.0
1640.5,0.29,0,100,21.0
1641.0,0.293,0,100,21.0
1641.5,0.293,0,100,21.6
1642.0,0.293,0,100,20.400000000000002
1642.5,0.293,0,98,16.2
1643.0,0.292,0,97,15.600000000000001
1643.5,0.292,0,97,16.2
1644.0,0.295,0,97,16.8
1644.5,0.295,0,98,17.400000000000002
1645.0,0.295,0,99,17.400000000000002
1645.5,0.298,0,99,17.400000000000002
1646.0,0.3,0,100,17.400000000000002
1646.5,0.301,0,101,17.400000000000002
1647.0,0.305,0,101,17.400000000000002
1647.5,0.305,0,100,17.400000000000002
1648.0,0.305,0,101,12.0
1648.5,0.305,0,99,9.600000000000001
1649.0,0.305,0,97,9.600000000000001
1649.5,0.305,0,99,7.2
1650.0,0.306,0,99,6.6000000000000005
1650.5,0.306,0,99,6.0
1651.0,0.306,0,99,6.0
1651.5,0.308,0,99,6.0
1652.0,0.309,0,99,6.0
1652.5,0.309,0,99,6.6000000000000005
1653.0,0.311,0,99,6.6000000000000005
1653.5,0.311,0,97,3.6
1654.0,0.311,0,96,1.2000000000000002
1654.5,0.311,0,95,0.0
1655.0,0.309,0,95,0.0
1655.5,0.311,0,96,0.0
1656.0,0.311,0,96,0.0
1656.5,0.311,0,96,0.0
1657.0,0.311,0,97,0.0
1657.5,0.313,0,97,0.0
1658.0,0.313,0,97,0.0
1658.5,0.313,0,98,0.0
1659.0,0.313,0,99,0.0
1659.5,0.313,0,98,1.2000000000000002
1660.0,0.313,0,97,2.4000000000000004
1660.5,0.311,0,97,3.0
1661.0,0.316,0,98,3.6
1661.5,0.316,0,99,3.6
1662.0,0.316,0,99,3.6
1662.5,0.316,0,99,3.6
1663.0,0.316,0,99,3.0
1663.5,0.316,0,99,3.0
1664.0,0.314,0,98,4.2
1664.5,0.314,0,96,9.600000000000001
1665.0,0.314,0,95,13.200000000000001
1665.5,0.313,0,95,16.2
1666.0,0.313,0,96,17.400000000000002
1666.5,0.311,0,97,18.0
1667.0,0.311,0,97,18.0
1667.5,0.311,0,98,18.0
1668.0,0.311,0,98,18.0
1668.5,0.309,0,99,17.400000000000002
1669.0,0.309,0,99,17.400000000000002
1669.5,0.308,0,99,18.0
1670.0,0.311,0,100,17.400000000000002
1670.5,0.311,0,99,16.2
1671.0,0.311,0,98,18.0
1671.5,0.309,0,97,20.400000000000002
1672.0,0.309,0,97,21.6
1672.5,0.309,0,99,22.200000000000003
1673.0,0.313,0,98,22.8
1673.5,0.313,0,99,22.8
1674.0,0.313,0,99,22.8
1674.5,0.313,0,100,23.400000000000002
1675.0,0.313,0,100,23.400000000000002
1675.5,0.313,0,99,18.0
1676.0,0.316,0,97,16.8
1676.5,0.316,0,97,17.400000000000002
1677.0,0.316,0,96,18.0
1677.5,0.316,0,97,18.0
1678.0,0.314,0,97,18.0
1678.5,0.314,0,98,18.0
1679.0,0.316,0,99,18.0
1679.5,0.316,0,100,18.0
1680.0,0.316,0,100,18.6
1680.5,0.316,0,100,18.6
1681.0,0.314,0,100,14.4
1681.5,0.314,0,98,10.200000000000001
1682.0,0.314,0,98,9.600000000000001
1682.5,0.314,0,98,9.600000000000001
1683.0,0.314,0,99,8.4
1683.5,0.314,0,99,7.2
1684.0,0.311,0,99,6.6000000000000005
1684.5,0.308,0,100,6.6000000000000005
1685.0,0.308,0,100,6.6000000000000005
1685.5,0.311,0,99,6.6000000000000005
1686.0,0.311,0,99,7.2
1686.5,0.311,0,99,4.800000000000001
1687.0,0.308,0,97,1.8
1687.5,0.305,0,98,0.0
1688.0,0.305,0,99,0.0
1688.5,0.3,0,99,0.0
1689.0,0.303,0,99,0.0
1689.5,0.303,0,101,0.0
1690.0,0.303,0,99,0.6000000000000001
1690.5,0.301,0,98,2.4000000000000004
1691.0,0.301,0,99,3.0
1691.5,0.3,0,100,3.6
1692.0,0.301,0,100,3.6
1692.5,0.301,0,101,3.6
1693.0,0.301,0,101,3.6
1693.5,0.3,0,101,3.6
1694.0,0.3,0,101,3.0
1694.5,0.3,0,100,4.2
1695.0,0.301,0,97,9.600000000000001
1695.5,0.301,0,96,13.200000000000001
1696.0,0.301,0,97,16.2
1696.5,0.3,0,97,17.400000000000002
1697.0,0.3,0,98,18.0
1697.5,0.3,0,99,18.0
1698.0,0.301,0,99,18.0
1698.5,0.301,0,99,17.400000000000002
1699.0,0.301,0,100,17.400000000000002
1699.5,0.303,0,100,17.400000000000002
1700.0,0.303,0,100,18.0
1700.5,0.303,0,100,16.8
1701.0,0.301,0,100,16.2
1701.5,0.301,0,98,18.6
1702.0,0.301,0,98,21.0
1702.5,0.301,0,98,22.200000000000003
1703.0,0.301,0,99,22.8
1703.5,0.301,0,100,22.8
1704.0,0.3,0,100,22.8
1704.5,0.301,0,100,22.8
1705.0,0.301,0,101,22.8
1705.5,0.303,0,101,22.200000000000003
1706.0,0.303,0,99,17.400000000000002
1706.5,0.303,0,98,16.8
1707.0,0.303,0,97,17.400000000000002
1707.5,0.305,0,97,18.0
1708.0,0.305,0,98,18.6
1708.5,0.314,0,98,18.6
1709.0,0.314,0,99,18.6
1709.5,0.314,0,100,18.6
1710.0,0.308,0,100,18.6
1710.5,0.309,0,101,18.6
1711.0,0.309,0,100,18.6
1711.5,0.313,0,100,13.200000000000001
1712.0,0.313,0,98,9.600000000000001
1712.5,0.313,0,98,9.600000000000001
1713.0,0.308,0,98,9.600000000000001
1713.5,0.308,0,99,7.800000000000001
1714.0,0.308,0,99,7.2
1714.5,0.309,0,99,7.2
1715.0,0.309,0,99,7.2
1715.5,0.309,0,99,7.2
1716.0,0.309,0,99,7.800000000000001
1716.5,0.308,0,99,7.800000000000001
1717.0,0.308,0,99,3.6
1717.5,0.311,0,96,1.8
1718.0,0.311,0,95,0.6000000000000001
1718.5,0.311,0,95,0.0
1719.0,0.311,0,96,0.0
1719.5,0.311,0,97,0.0
1720.0,0.311,0,97,0.0
1720.5,0.314,0,98,0.0
1721.0,0.314,0,98,0.0
1721.5,0.314,0,98,0.0
1722.0,0.314,0,99,0.0
1722.5,0.314,0,99,0.0
1723.0,0.314,0,98,1.2000000000000002
1723.5,0.314,0,97,2.4000000000000004
1724.0,0.317,0,97,3.6
1724.5,0.317,0,98,3.6
1725.0,0.317,0,99,3.6
1725.5,0.316,0,98,3.6
1726.0,0.314,0,99,3.6
1726.5,0.314,0,99,3.6
1727.0,0.317,0,99,3.6
1727.5,0.317,0,98,4.800000000000001
1728.0,0.317,0,96,10.200000000000001
1728.5,0.313,0,95,14.4
1729.0,0.313,0,95,16.8
1729.5,0.314,0,96,18.6
1730.0,0.317,0,97,18.6
1730.5,0.317,0,97,18.6
1731.0,0.317,0,98,18.6
1731.5,0.316,0,98,18.6
1732.0,0.316,0,99,18.6
1732.5,0.316,0,99,18.6
1733.0,0.317,0,99,18.6
1733.5,0.317,0,100,18.0
1734.0,0.317,0,99,16.8
1734.5,0.317,0,97,19.200000000000003
1735.0,0.317,0,97,21.6
1735.5,0.316,0,97,22.8
1736.0,0.321,0,98,24.0
1736.5,0.321,0,98,24.0
1737.0,0.321,0,99,24.0
1737.5,0.321,0,99,24.0
1738.0,0.321,0,100,24.6
1738.5,0.321,0,100,24.6
1739.0,0.324,0,98,18.6
1739.5,0.324,0,96,17.400000000000002
1740.0,0.324,0,96,18.0
1740.5,0.324,0,95,19.200000000000003
1741.0,0.324,0,96,19.8
1741.5,0.324,0,97,19.8
1742.0,0.321,0,97,19.8
1742.5,0.327,0,98,19.8
1743.0,0.327,0,99,19.8
1743.5,0.327,0,99,19.8
1744.0,0.327,0,99,20.400000000000002
1744.5,0.327,0,98,15.600000000000001
1745.0,0.325,0,96,11.4
1745.5,0.329,0,95,9.600000000000001
1746.0,0.329,0,96,9.600000000000001
1746.5,0.33,0,96,9.600000000000001
1747.0,0.33,0,96,9.600000000000001
1747.5,0.33,0,97,9.600000000000001
1748.0,0.33,0,97,9.600000000000001
1748.5,0.334,0,97,9.600000000000001
1749.0,0.334,0,97,9.600000000000001
1749.5,0.334,0,97,9.600000000000001
1750.0,0.334,0,97,6.6000000000000005
1750.5,0.332,0,95,3.0
1751.0,0.332,0,93,1.2000000000000002
1751.5,0.332,0,93,0.0
1752.0,0.332,0,93,0.0
1752.5,0.332,0,94,0.0
1753.0,0.332,0,95,0.0
1753.5,0.332,0,95,0.0
1754.0,0.332,0,97,0.0
1754.5,0.33,0,97,0.0
1755.0,0.332,0,97,0.0
1755.5,0.332,0,98,0.0
1756.0,0.332,0,98,0.0
1756.5,0.33,0,96,1.8
1757.0,0.33,0,97,3.0
1757.5,0.33,0,97,4.2
1758.0,0.33,0,98,4.2
1758.5,0.33,0,99,4.2
1759.0,0.33,0,99,4.2
1759.5,0.329,0,99,4.2
1760.0,0.329,0,100,4.2
1760.5,0.329,0,100,4.2
1761.0,0.329,0,99,5.4
1761.5,0.33,0,96,10.8
1762.0,0.33,0,95,15.600000000000001
1762.5,0.33,0,95,18.6
1763.0,0.329,0,96,19.8
1763.5,0.329,0,97,20.400000000000002
1764.0,0.327,0,97,20.400000000000002
1764.5,0.327,0,98,19.8
1765.0,0.327,0,98,19.8
1765.5,0.33,0,99,19.8
1766.0,0.33,0,99,19.8
1766.5,0.33,0,99,19.8
1767.0,0.327,0,100,18.6
1767.5,0.327,0,99,18.0
1768.0,0.327,0,97,20.400000000000002
1768.5,0.33,0,97,22.8
1769.0,0.33,0,97,24.700000000000003
1769.5,0.33,0,98,25.200000000000003
1770.0,0.33,0,99,25.200000000000003
1770.5,0.33,0,99,25.200000000000003
1771.0,0.33,0,100,25.3
1771.5,0.33,0,100,25.900000000000002
1772.0,0.33,0,100,25.3
1772.5,0.33,0,99,19.200000000000003
1773.0,0.327,0,97,18.0
1773.5,0.327,0,96,19.200000000000003
1774.0,0.325,0,96,19.8
1774.5,0.329,0,97,20.400000000000002
1775.0,0.329,0,98,20.400000000000002
1775.5,0.329,0,99,20.400000000000002
1776.0,0.325,0,100,20.400000000000002
1776.5,0.324,0,100,20.400000000000002
1777.0,0.324,0,101,21.0
1777.5,0.327,0,100,21.0
1778.0,0.327,0,100,14.4
1778.5,0.327,0,98,10.8
1779.0,0.324,0,98,9.600000000000001
1779.5,0.324,0,98,9.600000000000001
1780.0,0.325,0,99,9.600000000000001
1780.5,0.327,0,99,9.600000000000001
1781.0,0.327,0,99,9.600000000000001
1781.5,0.327,0,100,9.600000000000001
1782.0,0.327,0,100,9.600000000000001
1782.5,0.325,0,100,9.600000000000001
1783.0,0.322,0,100,9.600000000000001
1783.5,0.324,0,99,4.2
1784.0,0.324,0,97,1.8
1784.5,0.324,0,96,0.6000000000000001
1785.0,0.324,0,97,0.0
1785.5,0.316,0,97,0.0
1786.0,0.316,0,98,0.0
1786.5,0.314,0,99,0.0
1787.0,0.314,0,100,0.0
1787.5,0.314,0,100,0.0
1788.0,0.314,0,101,0.0
1788.5,0.309,0,102,0.0
1789.0,0.309,0,101,0.0
1789.5,0.308,0,99,1.8
1790.0,0.308,0,100,3.0
1790.5,0.306,0,100,3.6
1791.0,0.306,0,102,4.2
1791.5,0.303,0,102,4.2
1792.0,0.303,0,102,4.2
1792.5,0.301,0,102,3.6
1793.0,0.301,0,103,3.6
1793.5,0.301,0,103,3.6
1794.0,0.301,0,102,7.2
1794.5,0.296,0,99,11.4
1795.0,0.296,0,99,15.0
1795.5,0.298,0,100,17.400000000000002
1796.0,0.298,0,101,18.0
1796.5,0.298,0,102,18.6
1797.0,0.3,0,102,18.0
1797.5,0.3,0,102,18.0
1798.0,0.3,0,103,17.400000000000002
1798.5,0.298,0,103,18.0
1799.0,0.298,0,104,18.0
1799.5,0.298,0,104,18.0
1800.0,0.298,0,103,16.2
1800.5,0.298,0,102,18.0
1801.0,0.298,0,101,20.400000000000002
1801.5,0.296,0,101,21.6
1802.0,0.296,0,102,22.200000000000003
1802.5,0.298,0,102,22.8
1803.0,0.298,0,103,22.8
1803.5,0.298,0,103,22.8
1804.0,0.298,0,104,23.400000000000002
1804.5,0.298,0,104,21.6
1805.0,0.298,0,102,17.400000000000002
1805.5,0.301,0,101,16.8
1806.0,0.301,0,100,17.400000000000002
1806.5,0.301,0,100,18.6
1807.0,0.303,0,102,18.6
1807.5,0.303,0,102,18.6
1808.0,0.303,0,103,18.6
1808.5,0.308,0,104,18.6
1809.0,0.308,0,104,18.6
1809.5,0.308,0,104,18.6
1810.0,0.308,0,103,15.600000000000001
1810.5,0.305,0,102,10.8
1811.0,0.306,0,101,9.600000000000001
1811.5,0.309,0,101,9.600000000000001
1812.0,0.309,0,101,9.0
1812.5,0.309,0,101,7.800000000000001
1813.0,0.309,0,101,7.2
1813.5,0.309,0,101,7.2
1814.0,0.308,0,101,7.2
1814.5,0.313,0,101,7.2
1815.0,0.313,0,100,9.0
1815.5,0.313,0,100,4.800000000000001
1816.0,0.313,0,97,1.8
1816.5,0.309,0,96,0.6000000000000001
1817.0,0.309,0,96,0.0
1817.5,0.316,0,97,0.0
1818.0,0.316,0,98,0.0
1818.5,0.316,0,98,0.0
1819.0,0.316,0,99,0.0
1819.5,0.314,0,99,0.0
1820.0,0.314,0,100,0.0
1820.5,0.317,0,100,0.0
1821.0,0.317,0,101,0.0
1821.5,0.317,0,99,1.2000000000000002
1822.0,0.317,0,99,2.4000000000000004
1822.5,0.314,0,99,3.6
1823.0,0.314,0,100,4.2
1823.5,0.317,0,101,4.2
1824.0,0.317,0,101,4.2
1824.5,0.317,0,101,3.6
1825.0,0.317,0,101,3.6
1825.5,0.314,0,102,3.6
1826.0,0.314,0,101,5.4
1826.5,0.314,0,98,10.200000000000001
1827.0,0.314,0,97,14.4
1827.5,0.314,0,97,16.8
1828.0,0.314,0,98,18.6
1828.5,0.314,0,98,18.6
1829.0,0.316,0,99,18.6
1829.5,0.317,0,99,18.6
1830.0,0.319,0,100,18.6
1830.5,0.319,0,100,18.6
1831.0,0.321,0,100,18.6
1831.5,0.321,0,101,18.6
1832.0,0.321,0,101,17.400000000000002
1832.5,0.319,0,100,17.400000000000002
1833.0,0.319,0,98,19.8
1833.5,0.319,0,99,22.200000000000003
1834.0,0.321,0,99,23.400000000000002
1834.5,0.321,0,100,24.1
1835.0,0.322,0,100,24.1
1835.5,0.322,0,101,24.1
1836.0,0.322,0,101,24.0
1836.5,0.322,0,101,24.6
1837.0,0.322,0,101,21.6
1837.5,0.321,0,99,17.400000000000002
1838.0,0.321,0,97,17.400000000000002
1838.5,0.319,0,96,18.6
1839.0,0.322,0,97,18.6
1839.5,0.322,0,97,19.200000000000003
1840.0,0.324,0,98,19.200000000000003
1840.5,0.324,0,99,19.200000000000003
1841.0,0.324,0,100,19.200000000000003
1841.5,0.324,0,100,19.8
1842.0,0.327,0,100,19.8
1842.5,0.327,0,100,19.200000000000003
1843.0,0.327,0,99,13.200000000000001
1843.5,0.329,0,97,10.200000000000001
1844.0,0.329,0,98,9.600000000000001
1844.5,0.329,0,98,9.600000000000001
1845.0,0.329,0,99,9.600000000000001
1845.5,0.329,0,99,9.600000000000001
1846.0,0.329,0,99,9.600000000000001
1846.5,0.329,0,99,9.600000000000001
1847.0,0.329,0,99,9.600000000000001
1847.5,0.329,0,99,9.600000000000001
1848.0,0.329,0,99,7.2
1848.5,0.329,0,98,3.6
1849.0,0.329,0,96,1.2000000000000002
1849.5,0.327,0,95,0.6000000000000001
1850.0,0.327,0,95,0.0
1850.5,0.327,0,96,0.0
1851.0,0.325,0,97,0.0
1851.5,0.329,0,97,0.0
1852.0,0.329,0,98,0.0
1852.5,0.329,0,99,0.0
1853.0,0.329,0,99,0.0
1853.5,0.329,0,100,0.0
1854.0,0.325,0,99,0.0
1854.5,0.325,0,97,1.8
1855.0,0.325,0,98,3.0
1855.5,0.329,0,98,3.6
1856.0,0.329,0,99,4.2
1856.5,0.329,0,99,4.2
1857.0,0.327,0,99,4.2
1857.5,0.327,0,100,4.2
1858.0,0.325,0,100,4.2
1858.5,0.325,0,100,4.2
1859.0,0.325,0,99,6.6000000000000005
1859.5,0.325,0,96,11.4
1860.0,0.325,0,96,15.600000000000001
1860.5,0.325,0,96,18.6
1861.0,0.325,0,97,19.8
1861.5,0.329,0,98,19.8
1862.0,0.329,0,98,19.8
1862.5,0.329,0,99,19.200000000000003
1863.0,0.329,0,99,19.200000000000003
1863.5,0.327,0,100,19.200000000000003
1864.0,0.324,0,100,19.200000000000003
1864.5,0.325,0,101,19.8
1865.0,0.325,0,101,18.0
1865.5,0.325,0,100,18.6
1866.0,0.325,0,99,21.0
1866.5,0.322,0,98,22.8
1867.0,0.321,0,99,24.0
1867.5,0.324,0,99,24.0
1868.0,0.324,0,100,24.0
1868.5,0.324,0,100,24.6
1869.0,0.324,0,100,24.6
1869.5,0.321,0,101,25.200000000000003
1870.0,0.321,0,101,22.200000000000003
1870.5,0.324,0,99,18.0
1871.0,0.324,0,98,18.0
1871.5,0.324,0,97,19.200000000000003
1872.0,0.324,0,97,19.8
1872.5,0.322,0,98,19.8
1873.0,0.322,0,99,19.8
1873.5,0.324,0,100,19.8
1874.0,0.325,0,101,19.8
1874.5,0.325,0,101,19.8
1875.0,0.325,0,101,19.8
1875.5,0.324,0,100,18.0
1876.0,0.324,0,100,12.0
1876.5,0.325,0,99,9.600000000000001
1877.0,0.325,0,99,9.600000000000001
1877.5,0.325,0,100,9.600000000000001
1878.0,0.325,0,100,9.600000000000001
1878.5,0.325,0,100,9.600000000000001
1879.0,0.325,0,100,9.600000000000001
1879.5,0.325,0,100,9.0
1880.0,0.329,0,100,9.600000000000001
1880.5,0.329,0,99,9.600000000000001
1881.0,0.329,0,99,6.0
1881.5,0.327,0,97,3.0
1882.0,0.327,0,96,1.2000000000000002
1882.5,0.329,0,95,0.6000000000000001
1883.0,0.33,0,96,0.0
1883.5,0.33,0,96,0.0
1884.0,0.33,0,97,0.0
1884.5,0.33,0,97,0.0
1885.0,0.33,0,98,0.0
1885.5,0.33,0,99,0.0
1886.0,0.33,0,99,0.0
1886.5,0.33,0,100,0.0
1887.0,0.33,0,98,0.0
1887.5,0.329,0,97,1.8
1888.0,0.329,0,98,3.0
1888.5,0.325,0,98,4.2
1889.0,0.329,0,99,4.2
1889.5,0.329,0,100,4.2
1890.0,0.329,0,100,4.2
1890.5,0.325,0,100,4.2
1891.0,0.324,0,101,4.2
1891.5,0.324,0,101,4.2
1892.0,0.324,0,100,9.600000000000001
1892.5,0.324,0,97,12.600000000000001
1893.0,0.324,0,97,16.2
1893.5,0.321,0,98,18.6
1894.0,0.321,0,98,19.8
1894.5,0.321,0,99,19.8
1895.0,0.321,0,100,19.200000000000003
1895.5,0.321,0,100,19.200000000000003
1896.0,0.321,0,101,19.200000000000003
1896.5,0.322,0,101,19.200000000000003
1897.0,0.322,0,101,19.200000000000003
1897.5,0.322,0,102,19.8
1898.0,0.322,0,101,17.400000000000002
1898.5,0.322,0,100,18.6
1899.0,0.322,0,99,21.6
1899.5,0.321,0,99,23.400000000000002
1900.0,0.321,0,100,24.0
1900.5,0.322,0,100,24.6
1901.0,0.322,0,101,24.700000000000003
1901.5,0.322,0,101,24.700000000000003
1902.0,0.321,0,102,24.700000000000003
1902.5,0.324,0,102,25.3
1903.0,0.324,0,101,19.8
1903.5,0.324,0,99,18.0
1904.0,0.319,0,98,18.6
1904.5,0.319,0,98,19.200000000000003
1905.0,0.319,0,99,19.8
1905.5,0.322,0,99,19.8
1906.0,0.322,0,100,19.8
1906.5,0.322,0,101,19.8
1907.0,0.321,0,102,19.8
1907.5,0.321,0,102,19.8
1908.0,0.317,0,102,19.8
1908.5,0.324,0,101,13.8
1909.0,0.324,0,100,10.200000000000001
1909.5,0.324,0,99,9.600000000000001
1910.0,0.321,0,100,9.600000000000001
1910.5,0.321,0,100,9.600000000000001
1911.0,0.321,0,100,9.600000000000001
1911.5,0.324,0,100,9.0
1912.0,0.324,0,100,9.0
1912.5,0.324,0,100,9.600000000000001
1913.0,0.321,0,100,9.600000000000001
1913.5,0.321,0,100,9.0
1914.0,0.321,0,99,4.2
1914.5,0.324,0,97,1.8
1915.0,0.324,0,96,0.6000000000000001
1915.5,0.324,0,96,0.0
1916.0,0.322,0,97,0.0
1916.5,0.322,0,98,0.0
1917.0,0.322,0,98,0.0
1917.5,0.329,0,100,0.0
1918.0,0.329,0,100,0.0
1918.5,0.329,0,100,0.0
1919.0,0.324,0,101,0.0
1919.5,0.325,0,100,4.2
1920.0,0.325,0,100,4.2
1920.5,0.325,0,101,4.2
1921.0,0.327,0,101,4.2
1921.5,0.327,0,101,3.6
1922.0,0.327,0,99,7.2
1922.5,0.325,0,97,11.4
1923.0,0.325,0,97,15.600000000000001
1923.5,0.325,0,98,18.0
1924.0,0.325,0,98,19.200000000000003
1924.5,0.325,0,99,19.8
1925.0,0.324,0,100,19.200000000000003
1925.5,0.322,0,100,19.200000000000003
1926.0,0.322,0,101,18.6
1926.5,0.322,0,101,18.6
1927.0,0.324,0,101,18.6
1927.5,0.324,0,103,19.200000000000003
1928.0,0.324,0,102,17.400000000000002
1928.5,0.322,0,100,18.0
1929.0,0.325,0,99,21.0
1929.5,0.325,0,99,22.8
1930.0,0.325,0,99,24.1
1930.5,0.325,0,100,24.1
1931.0,0.325,0,100,24.1
1931.5,0.325,0,100,24.1
1932.0,0.325,0,100,24.6
1932.5,0.325,0,101,25.200000000000003
1933.0,0.33,0,101,20.400000000000002
1933.5,0.33,0,98,18.0
1934.0,0.33,0,97,18.6
1934.5,0.329,0,96,19.200000000000003
1935.0,0.329,0,97,19.8
1935.5,0.33,0,98,20.400000000000002
1936.0,0.33,0,98,20.400000000000002
1936.5,0.33,0,99,20.400000000000002
1937.0,0.33,0,100,20.400000000000002
1937.5,0.334,0,100,20.400000000000002
1938.0,0.334,0,101,21.0
1938.5,0.334,0,101,17.400000000000002
1939.0,0.332,0,98,12.0
1939.5,0.332,0,97,9.600000000000001
1940.0,0.33,0,98,9.600000000000001
1940.5,0.334,0,98,9.600000000000001
1941.0,0.334,0,99,9.600000000000001
1941.5,0.334,0,99,9.600000000000001
1942.0,0.335,0,99,9.600000000000001
1942.5,0.335,0,99,9.600000000000001
1943.0,0.335,0,99,9.600000000000001
1943.5,0.335,0,98,9.600000000000001
1944.0,0.335,0,99,6.6000000000000005
1944.5,0.335,0,96,3.0
1945.0,0.335,0,95,1.2000000000000002
1945.5,0.335,0,94,0.6000000000000001
1946.0,0.335,0,95,0.0
1946.5,0.338,0,96,0.0
1947.0,0.338,0,96,0.0
1947.5,0.338,0,97,0.0
1948.0,0.337,0,98,0.0
1948.5,0.337,0,98,0.0
1949.0,0.337,0,99,0.0
1949.5,0.34,0,99,0.0
1950.0,0.34,0,97,0.0
1950.5,0.34,0,97,2.4000000000000004
1951.0,0.342,0,97,3.6
1951.5,0.342,0,97,4.2
1952.0,0.342,0,98,4.800000000000001
1952.5,0.342,0,99,4.800000000000001
1953.0,0.345,0,99,4.800000000000001
1953.5,0.345,0,99,4.800000000000001
1954.0,0.345,0,100,4.2
1954.5,0.343,0,100,4.2
1955.0,0.343,0,98,9.600000000000001
1955.5,0.343,0,95,13.200000000000001
1956.0,0.345,0,95,17.400000000000002
1956.5,0.345,0,96,19.200000000000003
1957.0,0.345,0,96,20.400000000000002
1957.5,0.343,0,97,21.0
1958.0,0.343,0,98,21.0
1958.5,0.342,0,98,20.400000000000002
1959.0,0.343,0,99,20.400000000000002
1959.5,0.343,0,99,20.400000000000002
1960.0,0.343,0,100,20.400000000000002
1960.5,0.34,0,100,21.0
1961.0,0.34,0,100,18.6
1961.5,0.34,0,98,19.200000000000003
1962.0,0.34,0,97,21.6
1962.5,0.34,0,97,24.1
1963.0,0.342,0,98,25.3
1963.5,0.342,0,99,25.900000000000002
1964.0,0.342,0,99,25.900000000000002
1964.5,0.342,0,100,25.900000000000002
1965.0,0.342,0,100,25.8
1965.5,0.342,0,100,26.400000000000002
1966.0,0.342,0,100,22.8
1966.5,0.342,0,99,18.6
1967.0,0.342,0,97,18.6
1967.5,0.342,0,96,19.8
1968.0,0.342,0,97,20.400000000000002
1968.5,0.342,0,97,21.0
1969.0,0.342,0,98,21.0
1969.5,0.342,0,99,21.0
1970.0,0.34,0,99,21.0
1970.5,0.34,0,100,21.0
1971.0,0.338,0,100,21.6
1971.5,0.338,0,100,19.200000000000003
1972.0,0.338,0,99,13.200000000000001
1972.5,0.338,0,97,10.200000000000001
1973.0,0.338,0,97,9.600000000000001
1973.5,0.338,0,98,9.600000000000001
1974.0,0.342,0,99,9.600000000000001
1974.5,0.342,0,99,9.600000000000001
1975.0,0.342,0,99,9.600000000000001
1975.5,0.342,0,100,9.600000000000001
1976.0,0.338,0,100,9.600000000000001
1976.5,0.338,0,99,9.600000000000001
1977.0,0.338,0,100,8.4
1977.5,0.338,0,98,3.6
1978.0,0.338,0,96,1.8
1978.5,0.338,0,95,0.6000000000000001
1979.0,0.338,0,95,0.0
1979.5,0.338,0,96,0.0
1980.0,0.337,0,97,0.0
1980.5,0.338,0,98,0.0
1981.0,0.338,0,98,0.0
1981.5,0.342,0,99,0.0
1982.0,0.342,0,99,0.0
1982.5,0.342,0,99,0.0
1983.0,0.34,0,99,0.0
1983.5,0.34,0,97,1.8
1984.0,0.34,0,97,3.6
1984.5,0.342,0,97,4.2
1985.0,0.342,0,98,4.800000000000001
1985.5,0.342,0,99,4.800000000000001
1986.0,0.34,0,99,4.800000000000001
1986.5,0.342,0,100,4.800000000000001
1987.0,0.342,0,100,4.800000000000001
1987.5,0.342,0,100,4.800000000000001
1988.0,0.34,0,98,8.4
1988.5,0.34,0,96,12.600000000000001
1989.0,0.34,0,96,16.8
1989.5,0.338,0,96,19.8
1990.0,0.338,0,97,21.0
1990.5,0.34,0,98,21.0
1991.0,0.34,0,99,21.0
1991.5,0.34,0,99,20.400000000000002
1992.0,0.34,0,100,20.400000000000002
1992.5,0.338,0,100,20.400000000000002
1993.0,0.338,0,100,20.400000000000002
1993.5,0.338,0,101,21.0
1994.0,0.338,0,101,18.6
1994.5,0.338,0,99,19.200000000000003
1995.0,0.338,0,98,22.200000000000003
1995.5,0.337,0,98,24.700000000000003
1996.0,0.337,0,99,25.900000000000002
1996.5,0.335,0,99,25.900000000000002
1997.0,0.337,0,100,25.900000000000002
1997.5,0.337,0,100,25.900000000000002
1998.0,0.337,0,101,26.5
1998.5,0.335,0,101,26.400000000000002
1999.0,0.334,0,101,23.400000000000002
1999.5,0.334,0,99,19.200000000000003
2000.0,0.337,0,97,19.200000000000003
2000.5,0.337,0,97,19.8
2001.0,0.337,0,97,21.0
2001.5,0.335,0,98,21.0
2002.0,0.334,0,99,21.0
2002.5,0.334,0,101,21.0
2003.0,0.342,0,100,21.0
2003.5,0.342,0,101,21.0
2004.0,0.342,0,102,21.0
2004.5,0.34,0,100,18.6
2005.0,0.34,0,100,12.600000000000001
2005.5,0.338,0,98,10.200000000000001
2006.0,0.343,0,97,9.600000000000001
2006.5,0.343,0,99,9.600000000000001
2007.0,0.343,0,99,9.600000000000001
2007.5,0.345,0,99,9.600000000000001
2008.0,0.345,0,99,9.600000000000001
2008.5,0.345,0,99,9.600000000000001
2009.0,0.345,0,99,9.600000000000001
2009.5,0.345,0,99,9.600000000000001
2010.0,0.345,0,99,7.800000000000001
2010.5,0.343,0,97,3.6
2011.0,0.343,0,95,1.8
2011.5,0.342,0,94,0.6000000000000001
2012.0,0.345,0,95,0.0
2012.5,0.345,0,96,0.0
2013.0,0.345,0,96,0.0
2013.5,0.346,0,97,0.0
2014.0,0.346,0,98,0.0
2014.5,0.348,0,98,0.0
2015.0,0.35,0,99,0.0
2015.5,0.35,0,99,0.0
2016.0,0.35,0,99,0.0
2016.5,0.351,0,96,2.4000000000000004
2017.0,0.351,0,97,3.6
2017.5,0.351,0,97,4.800000000000001
2018.0,0.351,0,98,4.800000000000001
2018.5,0.351,0,98,5.4
2019.0,0.351,0,99,4.800000000000001
2019.5,0.351,0,99,4.800000000000001
2020.0,0.35,0,99,4.800000000000001
2020.5,0.35,0,99,4.800000000000001
2021.0,0.35,0,97,9.0
2021.5,0.351,0,94,13.200000000000001
2022.0,0.351,0,94,17.400000000000002
2022.5,0.351,0,95,20.400000000000002
2023.0,0.348,0,95,21.6
2023.5,0.348,0,96,21.6
2024.0,0.348,0,97,21.6
2024.5,0.348,0,98,21.6
2025.0,0.348,0,99,21.0
2025.5,0.348,0,100,21.0
2026.0,0.348,0,100,21.6
2026.5,0.348,0,101,21.6
2027.0,0.348,0,101,19.200000000000003
2027.5,0.346,0,100,19.8
2028.0,0.346,0,98,22.8
2028.5,0.346,0,98,25.3
2029.0,0.346,0,99,26.5
2029.5,0.35,0,100,26.5
2030.0,0.35,0,100,27.1
2030.5,0.353,0,101,27.1
2031.0,0.353,0,101,27.1
2031.5,0.353,0,101,27.700000000000003
2032.0,0.353,0,101,24.1
2032.5,0.35,0,98,19.8
2033.0,0.35,0,98,19.8
2033.5,0.35,0,97,20.400000000000002
2034.0,0.35,0,98,21.6
2034.5,0.351,0,99,21.6
2035.0,0.351,0,99,21.6
2035.5,0.351,0,100,21.6
2036.0,0.351,0,101,21.6
2036.5,0.353,0,102,21.6
2037.0,0.353,0,101,22.200000000000003
2037.5,0.356,0,101,19.200000000000003
2038.0,0.356,0,100,13.200000000000001
2038.5,0.356,0,98,10.8
2039.0,0.356,0,98,9.600000000000001
2039.5,0.354,0,99,9.600000000000001
2040.0,0.354,0,99,9.600000000000001
2040.5,0.354,0,100,9.600000000000001
2041.0,0.354,0,100,9.600000000000001
2041.5,0.354,0,100,9.600000000000001
2042.0,0.354,0,100,9.600000000000001
2042.5,0.356,0,100,9.600000000000001
2043.0,0.356,0,100,7.800000000000001
2043.5,0.356,0,98,3.6
2044.0,0.356,0,96,1.8
2044.5,0.356,0,95,0.6000000000000001
2045.0,0.356,0,95,0.0
2045.5,0.356,0,96,0.0
2046.0,0.356,0,97,0.0
2046.5,0.356,0,98,0.0
2047.0,0.358,0,98,0.0
2047.5,0.358,0,99,0.0
2048.0,0.358,0,99,0.0
2048.5,0.356,0,100,0.0
2049.0,0.356,0,98,0.6000000000000001
2049.5,0.356,0,98,2.4000000000000004
2050.0,0.359,0,97,4.2
2050.5,0.359,0,98,4.800000000000001
2051.0,0.359,0,99,4.800000000000001
2051.5,0.356,0,99,4.800000000000001
2052.0,0.356,0,100,4.800000000000001
2052.5,0.353,0,100,4.800000000000001
2053.0,0.356,0,100,4.800000000000001
2053.5,0.356,0,100,4.800000000000001
2054.0,0.356,0,98,9.600000000000001
2054.5,0.353,0,96,13.8
2055.0,0.354,0,95,18.0
2055.5,0.358,0,96,21.0
2056.0,0.359,0,97,21.6
2056.5,0.359,0,97,22.200000000000003
2057.0,0.359,0,98,22.200000000000003
2057.5,0.361,0,99,21.6
2058.0,0.361,0,99,21.0
2058.5,0.361,0,99,21.0
2059.0,0.366,0,100,21.6
2059.5,0.366,0,100,22.200000000000003
2060.0,0.366,0,100,19.200000000000003
2060.5,0.364,0,98,21.0
2061.0,0.364,0,97,24.0
2061.5,0.364,0,97,26.400000000000002
2062.0,0.367,0,97,27.6
2062.5,0.367,0,98,28.200000000000003
2063.0,0.367,0,99,28.200000000000003
2063.5,0.366,0,99,28.200000000000003
2064.0,0.367,0,100,28.200000000000003
2064.5,0.367,0,100,28.200000000000003
2065.0,0.367,0,100,24.6
2065.5,0.369,0,96,21.0
2066.0,0.369,0,96,21.0
2066.5,0.369,0,95,21.6
2067.0,0.367,0,95,22.200000000000003
2067.5,0.367,0,97,22.8
2068.0,0.367,0,97,22.8
2068.5,0.372,0,98,22.8
2069.0,0.372,0,99,22.8
2069.5,0.372,0,99,22.8
2070.0,0.369,0,99,23.400000000000002
2070.5,0.371,0,99,21.6
2071.0,0.371,0,98,15.0
2071.5,0.374,0,96,11.4
2072.0,0.374,0,96,10.200000000000001
2072.5,0.374,0,97,9.600000000000001
2073.0,0.372,0,97,9.600000000000001
2073.5,0.372,0,98,9.600000000000001
2074.0,0.374,0,98,9.600000000000001
2074.5,0.375,0,98,9.600000000000001
2075.0,0.375,0,98,9.600000000000001
2075.5,0.375,0,98,9.600000000000001
2076.0,0.374,0,98,9.600000000000001
2076.5,0.372,0,97,4.800000000000001
2077.0,0.372,0,94,2.4000000000000004
2077.5,0.374,0,94,1.2000000000000002
2078.0,0.374,0,94,0.6000000000000001
2078.5,0.374,0,95,0.6000000000000001
2079.0,0.374,0,96,0.6000000000000001
2079.5,0.374,0,96,0.0
2080.0,0.375,0,97,0.0
2080.5,0.377,0,97,0.0
2081.0,0.377,0,98,0.0
2081.5,0.377,0,98,0.0
2082.0,0.377,0,97,0.0
2082.5,0.374,0,96,1.8
2083.0,0.374,0,96,4.2
2083.5,0.372,0,96,4.800000000000001
2084.0,0.372,0,98,5.4
2084.5,0.372,0,98,6.0
2085.0,0.372,0,99,5.4
2085.5,0.372,0,99,5.4
2086.0,0.372,0,100,5.4
2086.5,0.371,0,100,5.4
2087.0,0.371,0,99,7.2
2087.5,0.371,0,96,12.0
2088.0,0.371,0,95,17.400000000000002
2088.5,0.369,0,95,20.400000000000002
2089.0,0.369,0,96,22.200000000000003
2089.5,0.369,0,97,23.400000000000002
2090.0,0.369,0,98,23.400000000000002
2090.5,0.369,0,99,22.8
2091.0,0.369,0,100,22.8
2091.5,0.372,0,100,22.200000000000003
2092.0,0.372,0,101,22.200000000000003
2092.5,0.372,0,101,22.8
2093.0,0.369,0,101,21.0
2093.5,0.369,0,100,20.400000000000002
2094.0,0.367,0,99,22.8
2094.5,0.372,0,97,25.900000000000002
2095.0,0.372,0,97,27.6
2095.5,0.372,0,100,28.200000000000003
2096.0,0.369,0,99,28.200000000000003
2096.5,0.369,0,100,28.200000000000003
2097.0,0.367,0,101,28.200000000000003
2097.5,0.371,0,101,28.200000000000003
2098.0,0.371,0,101,27.6
2098.5,0.371,0,99,21.6
2099.0,0.371,0,97,20.400000000000002
2099.5,0.371,0,97,21.6
2100.0,0.367,0,97,22.8
2100.5,0.372,0,98,22.8
2101.0,0.372,0,99,23.400000000000002
2101.5,0.372,0,100,22.8
2102.0,0.367,0,101,22.8
2102.5,0.367,0,101,22.8
2103.0,0.366,0,101,23.400000000000002
2103.5,0.371,0,102,22.8
2104.0,0.371,0,101,15.600000000000001
2104.5,0.371,0,99,12.0
2105.0,0.369,0,98,10.200000000000001
2105.5,0.369,0,99,9.600000000000001
2106.0,0.369,0,100,9.600000000000001
2106.5,0.372,0,100,9.600000000000001
2107.0,0.372,0,100,9.600000000000001
2107.5,0.372,0,101,9.600000000000001
2108.0,0.371,0,101,9.600000000000001
2108.5,0.371,0,100,9.600000000000001
2109.0,0.371,0,101,9.600000000000001
2109.5,0.374,0,100,4.800000000000001
2110.0,0.374,0,97,2.4000000000000004
2110.5,0.374,0,96,1.2000000000000002
2111.0,0.371,0,96,0.6000000000000001
2111.5,0.371,0,97,0.6000000000000001
2112.0,0.371,0,98,0.6000000000000001
2112.5,0.369,0,98,0.6000000000000001
2113.0,0.369,0,100,0.0
2113.5,0.369,0,100,0.6000000000000001
2114.0,0.369,0,100,0.0
2114.5,0.369,0,101,0.0
2115.0,0.367,0,100,0.6000000000000001
2115.5,0.366,0,99,2.4000000000000004
2116.0,0.366,0,99,4.2
2116.5,0.366,0,99,4.800000000000001
2117.0,0.366,0,100,5.4
2117.5,0.366,0,101,5.4
2118.0,0.366,0,101,5.4
2118.5,0.366,0,101,5.4
2119.0,0.367,0,102,5.4
2119.5,0.369,0,101,4.800000000000001
2120.0,0.369,0,100,9.600000000000001
2120.5,0.369,0,97,14.4
2121.0,0.369,0,97,18.6
2121.5,0.371,0,97,21.0
2122.0,0.371,0,99,22.200000000000003
2122.5,0.372,0,99,22.8
2123.0,0.374,0,100,22.8
2123.5,0.374,0,100,22.200000000000003
2124.0,0.374,0,101,22.200000000000003
2124.5,0.371,0,101,22.200000000000003
2125.0,0.371,0,102,22.200000000000003
2125.5,0.371,0,102,22.200000000000003
2126.0,0.371,0,102,19.8
2126.5,0.371,0,100,21.6
2127.0,0.371,0,100,24.0
2127.5,0.366,0,99,26.400000000000002
2128.0,0.366,0,101,27.0
2128.5,0.364,0,101,27.6
2129.0,0.366,0,101,27.6
2129.5,0.366,0,102,27.6
2130.0,0.366,0,102,28.200000000000003
2130.5,0.366,0,102,28.200000000000003
2131.0,0.366,0,101,21.6
2131.5,0.366,0,99,20.400000000000002
2132.0,0.367,0,98,21.0
2132.5,0.367,0,98,21.6
2133.0,0.367,0,99,22.200000000000003
2133.5,0.367,0,99,22.200000000000003
2134.0,0.367,0,101,22.200000000000003
2134.5,0.369,0,102,22.200000000000003
2135.0,0.374,0,102,22.200000000000003
2135.5,0.374,0,102,22.8
2136.0,0.374,0,102,22.200000000000003
2136.5,0.369,0,101,15.600000000000001
2137.0,0.369,0,99,11.4
2137.5,0.369,0,99,10.200000000000001
2138.0,0.374,0,99,9.600000000000001
2138.5,0.374,0,100,9.600000000000001
2139.0,0.374,0,100,9.600000000000001
2139.5,0.369,0,100,9.600000000000001
2140.0,0.369,0,101,9.600000000000001
2140.5,0.369,0,100,9.600000000000001
2141.0,0.374,0,100,9.600000000000001
2141.5,0.374,0,101,9.600000000000001
2142.0,0.374,0,99,4.800000000000001
2142.5,0.372,0,96,2.4000000000000004
2143.0,0.372,0,96,1.2000000000000002
2143.5,0.372,0,96,0.6000000000000001
2144.0,0.377,0,97,0.6000000000000001
2144.5,0.377,0,98,0.0
2145.0,0.377,0,98,0.0
2145.5,0.377,0,99,0.0
2146.0,0.377,0,99,0.0
2146.5,0.377,0,100,0.0
2147.0,0.382,0,100,0.0
2147.5,0.382,0,99,0.0
2148.0,0.382,0,98,2.4000000000000004
2148.5,0.377,0,98,4.2
2149.0,0.372,0,97,22.8
2149.5,0.372,0,97,22.8
2150.0,0.372,0,99,22.8
2150.5,0.372,0,99,22.8
2151.0,0.374,0,100,22.200000000000003
2151.5,0.374,0,101,22.200000000000003
2152.0,0.374,0,101,22.200000000000003
2152.5,0.374,0,101,22.8
2153.0,0.374,0,101,19.8
2153.5,0.374,0,100,20.400000000000002
2154.0,0.375,0,98,24.0
2154.5,0.375,0,99,26.5
2155.0,0.375,0,99,27.700000000000003
2155.5,0.375,0,99,28.3
2156.0,0.375,0,100,28.200000000000003
2156.5,0.374,0,101,28.200000000000003
2157.0,0.375,0,101,28.200000000000003
2157.5,0.375,0,102,28.200000000000003
2158.0,0.375,0,101,24.6
2158.5,0.375,0,98,21.0
2159.0,0.375,0,97,21.0
2159.5,0.369,0,97,21.6
2160.0,0.374,0,98,22.8
2160.5,0.374,0,99,22.8
2161.0,0.375,0,99,22.8
2161.5,0.375,0,100,22.8
2162.0,0.375,0,101,23.400000000000002
2162.5,0.374,0,101,23.400000000000002
2163.0,0.375,0,101,23.400000000000002
2163.5,0.375,0,101,20.400000000000002
2164.0,0.375,0,99,14.4
2164.5,0.375,0,98,11.4
2165.0,0.375,0,98,10.200000000000001
2165.5,0.375,0,99,9.600000000000001
2166.0,0.379,0,99,9.600000000000001
2166.5,0.379,0,100,9.600000000000001
2167.0,0.382,0,100,9.600000000000001
2167.5,0.382,0,100,9.600000000000001
2168.0,0.382,0,101,9.600000000000001
2168.5,0.38,0,100,9.600000000000001
2169.0,0.38,0,100,8.4
2169.5,0.38,0,98,3.6
2170.0,0.38,0,96,1.8
2170.5,0.38,0,95,1.2000000000000002
2171.0,0.38,0,95,0.6000000000000001
2171.5,0.377,0,96,0.0
2172.0,0.379,0,97,0.6000000000000001
2172.5,0.379,0,97,0.6000000000000001
2173.0,0.385,0,98,0.0
2173.5,0.385,0,97,0.6000000000000001
2174.0,0.385,0,99,0.0
2174.5,0.385,0,99,0.0
2175.0,0.383,0,98,0.6000000000000001
2175.5,0.383,0,96,3.0
2176.0,0.385,0,96,4.800000000000001
2176.5,0.385,0,97,5.4
2177.0,0.385,0,98,6.0
2177.5,0.387,0,99,6.0
2178.0,0.387,0,99,6.0
2178.5,0.387,0,100,5.4
2179.0,0.387,0,100,5.4
2179.5,0.387,0,100,5.4
2180.0,0.387,0,98,9.600000000000001
2180.5,0.387,0,95,15.0
2181.0,0.383,0,95,19.200000000000003
2181.5,0.383,0,96,22.200000000000003
2182.0,0.383,0,96,23.400000000000002
2182.5,0.383,0,97,24.0
2183.0,0.383,0,98,24.0
2183.5,0.383,0,99,23.400000000000002
2184.0,0.38,0,100,23.400000000000002
2184.5,0.38,0,100,22.8
2185.0,0.38,0,100,22.8
2185.5,0.383,0,101,23.400000000000002
2186.0,0.383,0,101,20.400000000000002
2186.5,0.383,0,98,22.200000000000003
2187.0,0.38,0,97,25.3
2187.5,0.38,0,97,27.700000000000003
2188.0,0.379,0,99,28.200000000000003
2188.5,0.379,0,99,28.8
2189.0,0.379,0,100,28.8
2189.5,0.38,0,101,28.8
2190.0,0.38,0,101,28.8
2190.5,0.38,0,102,30.0
2191.0,0.377,0,102,24.6
2191.5,0.38,0,98,21.6
2192.0,0.38,0,98,21.6
2192.5,0.38,0,97,22.8
2193.0,0.379,0,98,23.400000000000002
2193.5,0.379,0,99,23.400000000000002
2194.0,0.379,0,100,23.400000000000002
2194.5,0.379,0,101,23.400000000000002
2195.0,0.379,0,102,23.400000000000002
2195.5,0.379,0,102,24.0
2196.0,0.379,0,102,24.0
2196.5,0.379,0,101,19.200000000000003
2197.0,0.379,0,100,13.200000000000001
2197.5,0.379,0,98,10.8
2198.0,0.379,0,98,10.200000000000001
2198.5,0.379,0,100,10.200000000000001
2199.0,0.38,0,99,9.600000000000001
2199.5,0.38,0,99,9.600000000000001
2200.0,0.38,0,100,9.600000000000001
2200.5,0.382,0,101,9.600000000000001
2201.0,0.382,0,100,9.600000000000001
2201.5,0.382,0,100,10.200000000000001
2202.0,0.379,0,100,7.800000000000001
2202.5,0.379,0,97,3.6
2203.0,0.379,0,96,1.8
2203.5,0.379,0,95,1.2000000000000002
2204.0,0.379,0,96,0.6000000000000001
2204.5,0.379,0,97,0.6000000000000001
2205.0,0.377,0,98,0.6000000000000001
2205.5,0.377,0,99,0.6000000000000001
2206.0,0.377,0,100,0.6000000000000001
2206.5,0.374,0,100,0.6000000000000001
2207.0,0.375,0,101,0.6000000000000001
2207.5,0.375,0,102,0.0
2208.0,0.375,0,99,1.8
2208.5,0.374,0,99,3.6
2209.0,0.372,0,99,4.800000000000001
2209.5,0.371,0,99,5.4
2210.0,0.372,0,100,6.0
2210.5,0.372,0,100,5.4
2211.0,0.372,0,101,5.4
2211.5,0.371,0,101,5.4
2212.0,0.371,0,102,5.4
2212.5,0.374,0,101,6.0
2213.0,0.374,0,97,11.4
2213.5,0.374,0,96,16.8
2214.0,0.374,0,97,20.400000000000002
2214.5,0.372,0,98,22.8
2215.0,0.374,0,99,24.0
2215.5,0.374,0,100,23.400000000000002
2216.0,0.375,0,100,22.8
2216.5,0.375,0,101,22.8
2217.0,0.375,0,102,22.200000000000003
2217.5,0.375,0,102,22.8
2218.0,0.377,0,102,22.8
2218.5,0.377,0,103,21.0
2219.0,0.377,0,101,20.400000000000002
2219.5,0.377,0,99,23.400000000000002
2220.0,0.377,0,100,26.400000000000002
2220.5,0.375,0,100,27.6
2221.0,0.375,0,101,28.200000000000003
2221.5,0.374,0,102,28.200000000000003
2222.0,0.374,0,102,28.200000000000003
2222.5,0.372,0,103,28.200000000000003
2223.0,0.377,0,103,28.200000000000003
2223.5,0.377,0,103,24.6
2224.0,0.377,0,99,20.400000000000002
2224.5,0.374,0,99,20.400000000000002
2225.0,0.377,0,98,21.6
2225.5,0.377,0,99,22.200000000000003
2226.0,0.382,0,99,22.8
2226.5,0.382,0,100,22.8
2227.0,0.382,0,101,22.8
2227.5,0.38,0,101,23.400000000000002
2228.0,0.38,0,102,23.400000000000002
2228.5,0.38,0,102,23.400000000000002
2229.0,0.385,0,102,19.200000000000003
2229.5,0.385,0,100,13.8
2230.0,0.385,0,99,11.4
2230.5,0.38,0,99,10.200000000000001
2231.0,0.382,0,99,9.600000000000001
2231.5,0.382,0,100,9.600000000000001
2232.0,0.385,0,100,9.600000000000001
2232.5,0.385,0,100,9.600000000000001
2233.0,0.385,0,101,9.600000000000001
2233.5,0.382,0,101,9.600000000000001
2234.0,0.382,0,101,9.600000000000001
2234.5,0.382,0,101,6.6000000000000005
2235.0,0.38,0,97,3.6
2235.5,0.38,0,96,1.8
2236.0,0.38,0,95,0.6000000000000001
2236.5,0.379,0,96,0.6000000000000001
2237.0,0.379,0,97,0.6000000000000001
2237.5,0.379,0,98,0.0
2238.0,0.385,0,99,0.6000000000000001
2238.5,0.385,0,99,0.6000000000000001
2239.0,0.385,0,99,0.6000000000000001
2239.5,0.385,0,99,0.6000000000000001
2240.0,0.382,0,100,0.0
2240.5,0.382,0,99,1.8
2241.0,0.383,0,97,3.6
2241.5,0.383,0,97,4.800000000000001
2242.0,0.383,0,98,5.4
2242.5,0.383,0,99,6.0
2243.0,0.383,0,100,6.0
2243.5,0.383,0,100,6.0
2244.0,0.385,0,100,6.0
2244.5,0.385,0,101,6.0
2245.0,0.385,0,100,6.0
2245.5,0.385,0,98,11.4
2246.0,0.383,0,96,16.8
2246.5,0.383,0,96,21.0
2247.0,0.382,0,97,22.8
2247.5,0.383,0,97,23.400000000000002
2248.0,0.383,0,98,23.400000000000002
2248.5,0.383,0,98,23.400000000000002
2249.0,0.383,0,99,22.8
2249.5,0.383,0,100,22.8
2250.0,0.383,0,100,22.8
2250.5,0.385,0,101,23.400000000000002
2251.0,0.385,0,102,22.8
2251.5,0.387,0,100,20.400000000000002
2252.0,0.387,0,98,22.8
2252.5,0.387,0,98,25.8
2253.0,0.385,0,98,27.6
2253.5,0.385,0,99,28.200000000000003
2254.0,0.385,0,99,28.200000000000003
2254.5,0.385,0,100,28.200000000000003
2255.0,0.385,0,101,28.8
2255.5,0.385,0,102,29.400000000000002
2256.0,0.383,0,102,29.5
2256.5,0.385,0,100,22.200000000000003
2257.0,0.385,0,98,21.0
2257.5,0.385,0,98,21.6
2258.0,0.385,0,96,22.8
2258.5,0.385,0,98,23.400000000000002
2259.0,0.385,0,99,24.0
2259.5,0.385,0,100,23.400000000000002
2260.0,0.385,0,101,23.400000000000002
2260.5,0.392,0,101,23.400000000000002
2261.0,0.392,0,101,24.0
2261.5,0.392,0,101,24.0
2262.0,0.392,0,101,16.8
2262.5,0.395,0,98,12.600000000000001
2263.0,0.393,0,100,9.600000000000001
2263.5,0.393,0,100,9.600000000000001
2264.0,0.395,0,100,9.600000000000001
2264.5,0.395,0,98,5.4
2265.0,0.395,0,95,2.4000000000000004
2265.5,0.392,0,95,1.2000000000000002
2266.0,0.388,0,95,0.6000000000000001
2266.5,0.388,0,96,0.6000000000000001
2267.0,0.392,0,96,0.6000000000000001
2267.5,0.392,0,97,0.6000000000000001
2268.0,0.392,0,98,0.6000000000000001
2268.5,0.388,0,99,0.6000000000000001
2269.0,0.387,0,99,0.6000000000000001
2269.5,0.387,0,100,0.6000000000000001
2270.0,0.39,0,100,0.0
2270.5,0.39,0,98,2.4000000000000004
2271.0,0.39,0,97,4.2
2271.5,0.383,0,98,5.4
2272.0,0.385,0,98,6.0
2272.5,0.385,0,99,6.0
2273.0,0.387,0,99,6.0
2273.5,0.387,0,100,6.0
2274.0,0.387,0,100,5.4
2274.5,0.382,0,101,5.4
2275.0,0.38,0,99,7.800000000000001
2275.5,0.38,0,97,12.600000000000001
2276.0,0.38,0,95,18.0
2276.5,0.38,0,96,21.6
2277.0,0.38,0,97,23.400000000000002
2277.5,0.375,0,98,24.1
2278.0,0.375,0,99,24.1
2278.5,0.374,0,100,23.400000000000002
2279.0,0.377,0,101,23.400000000000002
2279.5,0.377,0,101,22.8
2280.0,0.377,0,102,22.8
2280.5,0.377,0,102,22.8
2281.0,0.372,0,103,21.0
2281.5,0.372,0,101,20.400000000000002
2282.0,0.372,0,99,23.400000000000002
2282.5,0.372,0,100,26.5
2283.0,0.372,0,100,27.6
2283.5,0.369,0,101,28.200000000000003
2284.0,0.369,0,102,28.200000000000003
2284.5,0.369,0,102,28.200000000000003
2285.0,0.369,0,103,28.200000000000003
2285.5,0.369,0,103,28.200000000000003
2286.0,0.369,0,103,24.6
2286.5,0.369,0,100,21.0
2287.0,0.369,0,99,21.0
2287.5,0.369,0,99,21.6
2288.0,0.372,0,99,22.8
2288.5,0.372,0,100,22.8
2289.0,0.372,0,101,22.8
2289.5,0.372,0,101,22.200000000000003
2290.0,0.372,0,102,22.200000000000003
2290.5,0.372,0,103,22.8
2291.0,0.374,0,103,22.8
2291.5,0.374,0,102,18.6
2292.0,0.374,0,101,13.200000000000001
2292.5,0.372,0,99,10.8
2293.0,0.372,0,100,10.200000000000001
2293.5,0.372,0,101,9.600000000000001
2294.0,0.374,0,101,9.600000000000001
2294.5,0.374,0,102,9.600000000000001
2295.0,0.374,0,102,9.600000000000001
2295.5,0.372,0,102,9.600000000000001
2296.0,0.372,0,102,9.600000000000001
2296.5,0.372,0,102,9.600000000000001
2297.0,0.374,0,102,5.4
2297.5,0.374,0,99,3.0
2298.0,0.374,0,98,1.2000000000000002
2298.5,0.374,0,97,0.6000000000000001
2299.0,0.374,0,98,0.6000000000000001
2299.5,0.374,0,99,0.6000000000000001
2300.0,0.374,0,100,0.6000000000000001
2300.5,0.374,0,101,0.6000000000000001
2301.0,0.374,0,101,0.6000000000000001
2301.5,0.372,0,101,0.0
2302.0,0.372,0,102,0.0
2302.5,0.372,0,102,0.0
2303.0,0.371,0,101,2.4000000000000004
2303.5,0.371,0,100,4.2
2304.0,0.371,0,100,4.800000000000001
2304.5,0.369,0,101,5.4
2305.0,0.367,0,101,5.4
2305.5,0.367,0,102,5.4
2306.0,0.371,0,102,5.4
2306.5,0.371,0,102,5.4
2307.0,0.371,0,102,4.800000000000001
2307.5,0.371,0,100,9.600000000000001
2308.0,0.371,0,98,14.4
2308.5,0.369,0,98,18.6
2309.0,0.369,0,99,21.6
2309.5,0.369,0,99,22.8
2310.0,0.369,0,100,22.8
2310.5,0.369,0,101,22.200000000000003
2311.0,0.369,0,101,22.200000000000003
2311.5,0.369,0,102,21.6
2312.0,0.369,0,102,21.6
2312.5,0.369,0,103,21.6
2313.0,0.371,0,103,21.6
2313.5,0.371,0,102,19.200000000000003
2314.0,0.371,0,101,21.6
2314.5,0.371,0,99,24.700000000000003
2315.0,0.367,0,100,26.5
2315.5,0.367,0,101,27.700000000000003
2316.0,0.371,0,101,27.700000000000003
2316.5,0.371,0,101,28.200000000000003
2317.0,0.371,0,102,28.200000000000003
2317.5,0.369,0,102,28.200000000000003
2318.0,0.369,0,102,27.700000000000003
2318.5,0.369,0,100,21.6
2319.0,0.372,0,98,20.400000000000002
2319.5,0.372,0,97,21.0
2320.0,0.372,0,97,22.200000000000003
2320.5,0.372,0,99,22.8
2321.0,0.372,0,99,22.8
2321.5,0.372,0,100,22.8
2322.0,0.375,0,101,22.8
2322.5,0.375,0,101,22.8
2323.0,0.375,0,102,23.400000000000002
2323.5,0.375,0,101,22.8
2324.0,0.374,0,101,16.2
2324.5,0.374,0,99,12.0
2325.0,0.377,0,98,10.8
2325.5,0.377,0,99,9.600000000000001
2326.0,0.379,0,99,9.600000000000001
2326.5,0.379,0,100,9.600000000000001
2327.0,0.379,0,99,9.600000000000001
2327.5,0.379,0,100,9.600000000000001
2328.0,0.38,0,100,9.600000000000001
2328.5,0.38,0,100,9.600000000000001
2329.0,0.38,0,100,9.600000000000001
2329.5,0.38,0,98,4.800000000000001
2330.0,0.375,0,96,2.4000000000000004
2330.5,0.375,0,95,1.2000000000000002
2331.0,0.38,0,95,0.6000000000000001
2331.5,0.38,0,96,0.6000000000000001
2332.0,0.38,0,97,0.6000000000000001
2332.5,0.38,0,98,0.6000000000000001
2333.0,0.379,0,99,0.6000000000000001
2333.5,0.379,0,100,0.6000000000000001
2334.0,0.379,0,100,0.0
2334.5,0.379,0,101,0.0
2335.0,0.379,0,101,0.0
2335.5,0.379,0,98,2.4000000000000004
2336.0,0.377,0,98,4.2
2336.5,0.375,0,99,4.800000000000001
2337.0,0.375,0,100,5.4
2337.5,0.377,0,100,5.4
2338.0,0.377,0,100,5.4
2338.5,0.377,0,101,5.4
2339.0,0.377,0,102,5.4
2339.5,0.377,0,102,5.4
2340.0,0.377,0,100,9.600000000000001
2340.5,0.377,0,97,13.8
2341.0,0.375,0,96,18.0
2341.5,0.372,0,97,21.0
2342.0,0.372,0,98,22.200000000000003
2342.5,0.372,0,99,22.8
2343.0,0.371,0,99,22.8
2343.5,0.371,0,100,22.8
2344.0,0.369,0,100,22.200000000000003
2344.5,0.369,0,101,22.8
2345.0,0.371,0,101,22.8
2345.5,0.371,0,102,22.8
2346.0,0.371,0,102,19.8
2346.5,0.371,0,100,21.0
2347.0,0.371,0,99,24.0
2347.5,0.374,0,99,26.400000000000002
2348.0,0.374,0,100,27.6
2348.5,0.374,0,100,28.200000000000003
2349.0,0.372,0,101,28.200000000000003
2349.5,0.375,0,101,28.200000000000003
2350.0,0.375,0,101,28.200000000000003
2350.5,0.375,0,102,28.200000000000003
2351.0,0.375,0,101,23.400000000000002
2351.5,0.375,0,99,21.0
2352.0,0.375,0,97,21.0
2352.5,0.379,0,97,22.200000000000003
2353.0,0.379,0,97,22.8
2353.5,0.379,0,98,23.400000000000002
2354.0,0.377,0,98,23.400000000000002
2354.5,0.377,0,100,23.400000000000002
2355.0,0.377,0,101,23.400000000000002
2355.5,0.379,0,101,23.400000000000002
2356.0,0.379,0,101,24.0
2356.5,0.379,0,101,19.200000000000003
2357.0,0.382,0,99,13.8
2357.5,0.382,0,98,11.4
2358.0,0.382,0,98,10.200000000000001
2358.5,0.38,0,99,9.600000000000001
2359.0,0.38,0,99,9.600000000000001
2359.5,0.38,0,100,9.600000000000001
2360.0,0.383,0,100,9.600000000000001
2360.5,0.383,0,100,9.600000000000001
2361.0,0.383,0,100,9.600000000000001
2361.5,0.383,0,100,9.600000000000001
2362.0,0.383,0,100,6.6000000000000005
2362.5,0.383,0,97,3.6
2363.0,0.385,0,96,1.8
2363.5,0.385,0,95,0.6000000000000001
2364.0,0.385,0,96,0.6000000000000001
2364.5,0.383,0,97,0.6000000000000001
2365.0,0.383,0,97,0.6000000000000001
2365.5,0.383,0,98,0.0
2366.0,0.382,0,98,0.6000000000000001
2366.5,0.382,0,99,0.6000000000000001
2367.0,0.382,0,99,0.0
2367.5,0.38,0,100,0.0
2368.0,0.38,0,97,1.2000000000000002
2368.5,0.379,0,97,3.6
2369.0,0.379,0,97,4.800000000000001
2369.5,0.379,0,97,5.4
2370.0,0.38,0,99,6.0
2370.5,0.38,0,99,6.0
2371.0,0.38,0,100,6.0
2371.5,0.379,0,100,5.4
2372.0,0.377,0,101,5.4
2372.5,0.377,0,100,5.4
2373.0,0.377,0,98,10.200000000000001
2373.5,0.374,0,96,15.600000000000001
2374.0,0.372,0,96,19.8
2374.5,0.371,0,97,22.200000000000003
2375.0,0.372,0,98,22.8
2375.5,0.372,0,99,23.400000000000002
2376.0,0.372,0,100,22.8
2376.5,0.369,0,100,22.8
2377.0,0.367,0,101,22.200000000000003
2377.5,0.367,0,102,22.200000000000003
2378.0,0.367,0,102,22.8
2378.5,0.366,0,103,21.6
2379.0,0.366,0,102,19.8
2379.5,0.366,0,99,22.200000000000003
2380.0,0.364,0,99,25.200000000000003
2380.5,0.363,0,100,27.0
2381.0,0.361,0,100,28.200000000000003
2381.5,0.359,0,101,28.200000000000003
2382.0,0.359,0,102,28.200000000000003
2382.5,0.359,0,102,28.200000000000003
2383.0,0.358,0,103,28.200000000000003
2383.5,0.358,0,103,27.0
2384.0,0.358,0,101,21.0
2384.5,0.358,0,99,20.400000000000002
2385.0,0.358,0,98,21.0
2385.5,0.356,0,99,22.200000000000003
2386.0,0.354,0,99,22.200000000000003
2386.5,0.356,0,100,22.8
2387.0,0.361,0,102,22.8
2387.5,0.361,0,103,22.200000000000003
2388.0,0.361,0,103,22.8
2388.5,0.361,0,103,22.8
2389.0,0.358,0,103,20.400000000000002
2389.5,0.356,0,101,14.4
2390.0,0.359,0,100,10.8
2390.5,0.359,0,100,10.200000000000001
2391.0,0.359,0,100,9.600000000000001
2391.5,0.359,0,101,9.600000000000001
2392.0,0.359,0,101,9.600000000000001
2392.5,0.359,0,101,9.600000000000001
2393.0,0.359,0,101,9.600000000000001
2393.5,0.359,0,101,9.600000000000001
2394.0,0.361,0,101,9.600000000000001
2394.5,0.361,0,100,8.4
2395.0,0.363,0,98,3.6
2395.5,0.363,0,96,1.8
2396.0,0.363,0,95,0.6000000000000001
2396.5,0.363,0,96,0.6000000000000001
2397.0,0.363,0,97,0.6000000000000001
2397.5,0.363,0,98,0.0
2398.0,0.363,0,98,0.0
2398.5,0.363,0,100,0.6000000000000001
2399.0,0.363,0,100,0.0
2399.5,0.363,0,101,0.0
2400.0,0.363,0,102,0.0
2400.5,0.363,0,100,1.2000000000000002
2401.0,0.361,0,99,3.0
2401.5,0.361,0,100,4.2
2402.0,0.358,0,100,4.800000000000001
2402.5,0.358,0,101,5.4
2403.0,0.356,0,101,5.4
2403.5,0.358,0,102,5.4
2404.0,0.358,0,102,5.4
2404.5,0.358,0,103,5.4
2405.0,0.358,0,102,5.4
2405.5,0.358,0,100,10.8
2406.0,0.358,0,97,15.600000000000001
2406.5,0.359,0,97,19.200000000000003
2407.0,0.359,0,98,21.6
2407.5,0.359,0,99,22.200000000000003
2408.0,0.359,0,99,22.8
2408.5,0.361,0,100,22.200000000000003
2409.0,0.363,0,101,22.200000000000003
2409.5,0.366,0,101,22.200000000000003
2410.0,0.366,0,101,22.200000000000003
2410.5,0.366,0,102,22.8
2411.0,0.364,0,102,21.0
2411.5,0.364,0,101,20.400000000000002
2412.0,0.364,0,99,22.8
2412.5,0.367,0,98,25.8
2413.0,0.367,0,99,27.6
2413.5,0.367,0,100,28.200000000000003
2414.0,0.366,0,100,28.200000000000003
2414.5,0.366,0,101,28.200000000000003
2415.0,0.364,0,101,28.200000000000003
2415.5,0.367,0,101,28.200000000000003
2416.0,0.367,0,101,27.0
2416.5,0.367,0,100,21.0
2417.0,0.366,0,97,20.400000000000002
2417.5,0.366,0,96,21.6
2418.0,0.366,0,97,22.200000000000003
2418.5,0.369,0,97,22.8
2419.0,0.369,0,98,23.400000000000002
2419.5,0.369,0,99,23.400000000000002
2420.0,0.367,0,99,23.400000000000002
2420.5,0.367,0,100,23.400000000000002
2421.0,0.367,0,101,24.0
2421.5,0.369,0,100,23.400000000000002
2422.0,0.369,0,100,16.2
2422.5,0.369,0,97,12.0
2423.0,0.371,0,97,10.8
2423.5,0.371,0,97,10.200000000000001
2424.0,0.372,0,98,9.600000000000001
2424.5,0.379,0,99,9.600000000000001
2425.0,0.379,0,99,9.600000000000001
2425.5,0.379,0,100,9.600000000000001
2426.0,0.379,0,100,9.600000000000001
2426.5,0.38,0,99,9.600000000000001
2427.0,0.38,0,100,9.600000000000001
2427.5,0.383,0,98,5.4
2428.0,0.383,0,95,2.4000000000000004
2428.5,0.383,0,94,1.2000000000000002
2429.0,0.38,0,94,0.6000000000000001
2429.5,0.38,0,95,0.6000000000000001
2430.0,0.382,0,96,0.6000000000000001
2430.5,0.385,0,97,0.6000000000000001
2431.0,0.385,0,98,0.0
2431.5,0.385,0,98,0.0
2432.0,0.385,0,99,0.6000000000000001
2432.5,0.383,0,99,0.0
2433.0,0.385,0,99,0.0
2433.5,0.385,0,97,2.4000000000000004
2434.0,0.387,0,96,4.2
2434.5,0.387,0,96,5.4
2435.0,0.387,0,97,6.0
2435.5,0.388,0,98,6.0
2436.0,0.388,0,98,6.0
2436.5,0.39,0,99,6.0
2437.0,0.39,0,99,6.0
2437.5,0.39,0,99,6.0
2438.0,0.393,0,99,6.6000000000000005
2438.5,0.393,0,96,12.0
2439.0,0.395,0,94,17.400000000000002
2439.5,0.395,0,94,21.0
2440.0,0.395,0,95,22.8
2440.5,0.395,0,96,24.0
2441.0,0.396,0,97,24.0
2441.5,0.398,0,97,24.0
2442.0,0.4,0,98,24.0
2442.5,0.4,0,99,23.400000000000002
2443.0,0.403,0,99,24.0
2443.5,0.403,0,100,24.0
2444.0,0.403,0,100,24.0
2444.5,0.403,0,98,21.0
2445.0,0.404,0,95,23.400000000000002
2445.5,0.404,0,94,27.0
2446.0,0.404,0,95,28.200000000000003
2446.5,0.406,0,95,30.6
2447.0,0.408,0,96,31.200000000000003
2447.5,0.416,0,97,31.200000000000003
2448.0,0.416,0,97,31.8
2448.5,0.416,0,98,31.8
2449.0,0.416,0,98,32.4
2449.5,0.417,0,98,26.400000000000002
2450.0,0.417,0,94,22.8
2450.5,0.421,0,92,23.400000000000002
2451.0,0.421,0,92,24.700000000000003
2451.5,0.422,0,93,25.8
2452.0,0.424,0,94,25.8
2452.5,0.427,0,95,25.8
2453.0,0.429,0,96,25.8
2453.5,0.429,0,97,25.8
2454.0,0.432,0,97,25.8
2454.5,0.432,0,97,26.400000000000002
2455.0,0.432,0,97,25.8
2455.5,0.433,0,96,18.0
2456.0,0.433,0,94,13.8
2456.5,0.433,0,93,12.0
2457.0,0.437,0,94,11.4
2457.5,0.438,0,94,11.4
2458.0,0.438,0,95,11.4
2458.5,0.438,0,95,10.8
2459.0,0.44,0,96,10.8
2459.5,0.44,0,96,10.8
2460.0,0.446,0,96,11.4
2460.5,0.446,0,96,11.4
2461.0,0.446,0,96,9.600000000000001
2461.5,0.446,0,93,4.2
2462.0,0.446,0,91,2.4000000000000004
2462.5,0.446,0,90,1.8
2463.0,0.45,0,90,1.2000000000000002
2463.5,0.451,0,91,1.2000000000000002
2464.0,0.451,0,92,1.2000000000000002
2464.5,0.453,0,93,1.2000000000000002
2465.0,0.453,0,94,1.2000000000000002
2465.5,0.454,0,94,1.2000000000000002
2466.0,0.458,0,95,1.2000000000000002
2466.5,0.459,0,96,1.2000000000000002
2467.0,0.459,0,95,0.6000000000000001
2467.5,0.459,0,92,3.0
2468.0,0.459,0,92,5.4
2468.5,0.461,0,92,6.6000000000000005
2469.0,0.461,0,93,9.600000000000001
2469.5,0.464,0,94,9.600000000000001
2470.0,0.466,0,94,9.600000000000001
2470.5,0.466,0,95,9.600000000000001
2471.0,0.469,0,95,9.600000000000001
2471.5,0.469,0,96,9.600000000000001
2472.0,0.469,0,95,6.6000000000000005
2472.5,0.47,0,93,12.0
2473.0,0.474,0,89,18.6
2473.5,0.474,0,88,24.1
2474.0,0.475,0,89,27.0
2474.5,0.495,0,90,28.200000000000003
2475.0,0.495,0,90,34.800000000000004
2475.5,0.496,0,91,36.6
2476.0,0.496,0,92,37.800000000000004
2476.5,0.499,0,93,37.800000000000004
2477.0,0.501,0,93,38.400000000000006
2477.5,0.501,0,94,38.400000000000006
2478.0,0.501,1,94,38.400000000000006
2478.5,0.506,1,94,36.0
2479.0,0.506,1,92,28.200000000000003
2479.5,0.506,1,89,27.6
2480.0,0.506,2,88,28.200000000000003
2480.5,0.506,2,87,30.0
2481.0,0.506,2,88,31.200000000000003
2481.5,0.506,3,89,31.8
2482.0,0.511,3,90,31.8
2482.5,0.511,3,91,31.8
2483.0,0.514,3,93,31.8
2483.5,0.517,4,93,31.8
2484.0,0.519,4,93,31.8
2484.5,0.519,4,93,31.8
2485.0,0.524,5,92,21.6
2485.5,0.525,5,88,16.8
2486.0,0.527,5,87,15.0
2486.5,0.528,5,88,14.4
2487.0,0.532,6,89,14.4
2487.5,0.535,6,90,14.4
2488.0,0.535,6,90,14.4
2488.5,0.538,6,91,14.4
2489.0,0.541,7,92,14.4
2489.5,0.546,7,92,14.4
2490.0,0.546,7,93,14.4
2490.5,0.551,8,92,14.4
2491.0,0.551,8,92,9.600000000000001
2491.5,0.551,8,87,4.800000000000001
2492.0,0.556,8,85,3.6
2492.5,0.557,9,84,3.0
2493.0,0.562,9,85,2.4000000000000004
2493.5,0.566,9,87,2.4000000000000004
2494.0,0.567,9,87,2.4000000000000004
2494.5,0.569,10,88,2.4000000000000004
2495.0,0.569,10,89,2.4000000000000004
2495.5,0.575,10,90,2.4000000000000004
2496.0,0.578,10,90,2.4000000000000004
2496.5,0.583,11,90,2.4000000000000004
2497.0,0.583,11,90,0.6000000000000001
2497.5,0.586,11,88,3.6
2498.0,0.586,11,85,7.800000000000001
2498.5,0.595,12,85,9.600000000000001
2499.0,0.595,12,85,10.200000000000001
2499.5,0.598,12,85,11.4
2500.0,0.599,12,86,11.4
2500.5,0.601,13,87,11.4
2501.0,0.603,13,88,11.4
2501.5,0.606,13,88,11.4
2502.0,0.609,14,88,11.4
2502.5,0.611,14,88,10.8
2503.0,0.611,14,85,15.0
2503.5,0.611,14,82,23.400000000000002
2504.0,0.612,15,80,30.6
2504.5,0.615,15,81,35.4
2505.0,0.615,15,82,37.2
2505.5,0.622,15,83,38.400000000000006
2506.0,0.625,16,84,39.0
2506.5,0.627,16,85,39.0
2507.0,0.632,16,86,38.400000000000006
2507.5,0.632,16,87,38.400000000000006
2508.0,0.635,17,88,38.400000000000006
2508.5,0.638,17,88,38.400000000000006
2509.0,0.64,17,89,38.400000000000006
2509.5,0.644,17,89,39.0
2510.0,0.644,18,89,33.0
2510.5,0.646,18,84,36.0
2511.0,0.649,18,82,42.0
2511.5,0.651,18,81,46.800000000000004
2512.0,0.654,19,83,49.800000000000004
2512.5,0.657,19,84,51.0
2513.0,0.664,19,85,51.6
2513.5,0.665,19,86,51.6
2514.0,0.67,20,86,51.6
2514.5,0.672,20,87,52.2
2515.0,0.675,20,87,52.2
2515.5,0.68,20,87,52.800000000000004
2516.0,0.682,21,86,39.6
2516.5,0.683,21,81,36.7
2517.0,0.683,21,78,39.1
2517.5,0.686,21,77,42.1
2518.0,0.69,22,77,43.800000000000004
2518.5,0.691,22,79,45.0
2519.0,0.698,22,80,45.6
2519.5,0.702,22,81,45.6
2520.0,0.707,23,83,45.6
2520.5,0.711,23,84,45.6
2521.0,0.712,23,84,45.6
2521.5,0.719,23,84,45.6
2522.0,0.72,24,84,46.2
2522.5,0.725,24,83,39.6
2523.0,0.728,24,82,28.8
2523.5,0.731,24,78,24.6
2524.0,0.738,25,76,23.400000000000002
2524.5,0.74,25,77,23.400000000000002
2525.0,0.743,25,78,23.400000000000002
2525.5,0.748,25,79,23.400000000000002
2526.0,0.752,26,80,23.400000000000002
2526.5,0.759,26,82,23.400000000000002
2527.0,0.764,26,82,23.400000000000002
2527.5,0.773,26,83,23.400000000000002
2528.0,0.773,27,84,23.400000000000002
2528.5,0.775,27,83,23.400000000000002
2529.0,0.78,27,83,24.0
2529.5,0.786,27,81,14.4
2530.0,0.788,28,77,10.200000000000001
2530.5,0.794,28,73,9.600000000000001
2531.0,0.798,28,72,9.600000000000001
2531.5,0.804,28,72,9.600000000000001
2532.0,0.804,28,73,9.600000000000001
2532.5,0.809,29,74,9.600000000000001
2533.0,0.814,29,76,9.600000000000001
2533.5,0.818,29,76,9.600000000000001
2534.0,0.823,29,77,9.600000000000001
2534.5,0.831,30,78,9.600000000000001
2535.0,0.836,30,78,9.600000000000001
2535.5,0.841,30,78,9.600000000000001
2536.0,0.843,30,78,9.600000000000001
2536.5,0.847,30,78,6.0
2537.0,0.852,31,74,9.600000000000001
2537.5,0.854,31,70,13.8
2538.0,0.86,31,69,18.0
2538.5,0.864,31,69,20.400000000000002
2539.0,0.868,32,69,20.400000000000002
2539.5,0.875,32,70,18.0
2540.0,0.875,32,70,15.600000000000001
2540.5,0.88,32,68,14.4
2541.0,0.881,32,65,13.8
2541.5,0.886,33,63,13.8
2542.0,0.891,33,61,13.8
2542.5,0.899,33,59,13.8
2543.0,0.899,33,58,14.4
2543.5,0.904,33,56,15.0
2544.0,0.904,33,54,15.0
2544.5,0.909,34,52,18.6
2545.0,0.909,34,49,30.6
2545.5,0.909,34,46,42.0
2546.0,0.905,34,42,49.800000000000004
2546.5,0.909,34,38,54.0
2547.0,0.912,34,37,56.400000000000006
2547.5,0.915,34,38,58.2
2548.0,0.92,34,38,58.800000000000004
2548.5,0.928,34,41,53.400000000000006
2549.0,0.928,35,41,48.6
2549.5,0.931,35,41,46.800000000000004
2550.0,0.933,35,41,45.6
2550.5,0.934,35,39,45.0
2551.0,0.936,35,38,45.6
2551.5,0.938,35,37,46.2
2552.0,0.939,35,36,46.2
2552.5,0.943,35,35,47.400000000000006
2553.0,0.943,35,35,47.400000000000006
2553.5,0.946,36,34,48.6
2554.0,0.947,36,34,49.800000000000004
2554.5,0.949,36,34,50.400000000000006
2555.0,0.951,36,34,51.0
2555.5,0.954,36,34,51.6
2556.0,0.957,36,35,52.2
2556.5,0.962,36,35,52.800000000000004
2557.0,0.965,36,35,53.400000000000006
2557.5,0.968,36,35,54.0
2558.0,0.97,36,35,54.6
2558.5,0.972,37,35,54.0
2559.0,0.972,37,35,53.400000000000006
2559.5,0.972,37,34,53.400000000000006
2560.0,0.973,37,34,54.0
2560.5,0.973,37,33,55.2
2561.0,0.973,37,32,46.2
2561.5,0.975,37,31,51.0
2562.0,0.975,37,31,61.2
2562.5,0.975,37,27,70.2
2563.0,0.97,37,24,75.60000000000001
2563.5,0.976,37,24,78.60000000000001
2564.0,0.98,37,22,80.4
2564.5,0.984,38,21,81.60000000000001
2565.0,0.989,38,22,81.60000000000001
2565.5,0.994,38,25,82.2
2566.0,0.997,38,0,82.80000000000001
2566.5,1.009,38,0,66.0
2567.0,1.009,38,0,6.6000000000000005
2567.5,1.009,38,0,5.4
2568.0,0.954,38,0,6.0
2568.5,0.914,38,0,7.800000000000001
2569.0,0.827,38,0,9.600000000000001
2569.5,0.762,38,0,9.600000000000001
2570.0,0.669,38,0,9.600000000000001
2570.5,0.625,38,0,10.200000000000001
2571.0,0.58,38,0,10.200000000000001
2571.5,0.564,38,0,10.200000000000001
2572.0,0.553,38,0,9.600000000000001
2572.5,0.551,38,0,9.600000000000001
2573.0,0.551,38,0,9.600000000000001
2573.5,0.551,38,0,9.600000000000001
2574.0,0.546,38,0,9.600000000000001
2574.5,0.537,38,0,9.600000000000001
2575.0,0.516,38,0,9.0
2575.5,0.499,38,0,6.6000000000000005
2576.0,0.475,38,0,6.0
2576.5,0.454,38,0,5.4
2577.0,0.427,38,0,4.800000000000001
2577.5,0.408,38,0,4.2
2578.0,0.383,38,0,3.6
2578.5,0.371,38,0,3.0
2579.0,0.353,38,0,2.4000000000000004
2579.5,0.346,38,0,1.8
2580.0,0.338,38,0,1.2000000000000002
2580.5,0.334,38,0,1.2000000000000002
2581.0,0.33,38,0,0.6000000000000001
2581.5,0.327,38,0,0.6000000000000001
2582.0,0.324,38,0,0.0
2582.5,0.321,38,0,0.0
2583.0,0.317,38,0,0.0
2583.5,0.313,38,0,0.0
2584.0,0.305,38,0,0.0
2584.5,0.301,38,0,0.0
2585.0,0.296,38,0,0.0
2585.5,0.29,38,0,0.0
2586.0,0.284,38,0,0.0
2586.5,0.279,38,0,0.0
2587.0,0.272,38,0,0.0
2587.5,0.266,38,0,0.0
2588.0,0.259,38,0,0.0
2588.5,0.256,38,0,0.0
2589.0,0.251,38,0,0.0
2589.5,0.248,38,0,0.0
2590.0,0.245,38,0,0.0
2590.5,0.242,38,0,0.0
2591.0,0.237,38,0,0.0
2591.5,0.234,38,0,0.0
2592.0,0.229,38,0,0.0
2592.5,0.193,38,0,0.0
2593.0,0.189,38,0,0.0
2593.5,0.184,38,0,0.0
2594.0,0.18,38,0,0.0
2594.5,0.177,38,0,0.0
2595.0,0.176,38,0,0.0
2595.5,0.161,38,0,0.0
2596.0,0.161,38,0,0.0
2596.5,0.158,38,0,0.0
2597.0,0.156,38,0,0.0
2597.5,0.156,38,0,0.0
2598.0,0.155,38,0,0.0
2598.5,0.153,38,0,0.0
2599.0,0.15,38,0,0.0
2599.5,0.15,38,0,0.0
2600.0,0.15,38,0,0.0
2600.5,0.148,38,0,0.0
2601.0,0.148,38,0,0.0
2601.5,0.148,38,0,0.0
2602.0,0.148,38,0,0.0
2602.5,0.147,38,0,0.0
2603.0,0.145,38,0,0.0
2603.5,0.145,38,0,0.0
2604.0,0.143,38,0,0.0
2604.5,0.143,38,0,0.0
2605.0,0.142,38,0,0.0
2605.5,0.142,38,0,0.0
2606.0,0.14,38,0,0.0
2606.5,0.14,38,0,0.0
2607.0,0.142,38,0,0.0
2607.5,0.14,38,0,0.0
2608.0,0.14,38,0,0.0
2608.5,0.139,38,0,0.0
2609.0,0.139,38,0,0.0
2609.5,0.137,38,0,0.0
2610.0,0.139,38,0,0.0
2610.5,0.137,38,0,0.0
2611.0,0.137,38,0,0.0
2611.5,0.137,38,0,0.0
2612.0,0.135,38,0,0.0
2612.5,0.134,38,0,0.0
2613.0,0.134,38,0,0.0
2613.5,0.134,38,0,0.0
2614.0,0.132,38,0,0.0
2614.5,0.131,38,0,0.0
2615.0,0.131,38,0,0.0
2615.5,0.131,38,0,0.0
2616.0,0.129,38,0,0.0
2616.5,0.127,38,0,0.0
2617.0,0.127,38,0,0.0
2617.5,0.127,38,0,0.0
2618.0,0.121,38,0,0.0
2618.5,0.119,38,0,0.0
2619.0,0.119,38,0,0.0
2619.5,0.118,38,0,0.0
2620.0,0.116,38,0,0.0
2620.5,0.116,38,0,0.0
2621.0,0.114,38,0,0.0
2621.5,0.114,38,0,0.0
2622.0,0.116,38,0,0.0
2622.5,0.114,38,0,0.0
2623.0,0.113,38,0,0.0
2623.5,0.114,38,0,0.0
2624.0,0.114,38,0,0.0
2624.5,0.114,38,0,0.0
2625.0,0.114,38,0,0.0
2625.5,0.114,38,0,0.0
2626.0,0.114,38,0,0.0
2626.5,0.116,38,0,0.0
2627.0,0.114,38,0,0.0
2627.5,0.114,38,0,0.0
2628.0,0.114,38,0,0.0
2628.5,0.116,38,0,0.0
2629.0,0.113,38,0,0.0
2629.5,0.111,38,0,0.0
2630.0,0.111,38,0,0.0
2630.5,0.108,38,0,0.0
2631.0,0.103,38,0,0.0
2631.5,0.1,38,0,0.0
2632.0,0.098,38,0,0.0
2632.5,0.095,38,0,0.0
2633.0,0.097,38,0,0.0
2633.5,0.097,38,0,0.0
2634.0,0.097,38,0,0.0
2634.5,0.095,38,0,0.0
2635.0,0.097,38,0,0.0
2635.5,0.124,38,0,0.0
2636.0,0.137,38,0,0.0
2636.5,0.132,38,0,0.0
2637.0,0.131,38,0,0.0
2637.5,0.106,38,0,0.0
2638.0,0.105,38,0,0.0
2638.5,0.095,38,0,0.0
2639.0,0.098,38,0,0.0
2639.5,0.089,38,0,0.0
2640.0,0.084,38,0,0.0
2640.5,0.085,38,0,0.0
2641.0,0.079,38,0,0.0
2641.5,0.084,38,0,0.0
2642.0,0.087,38,0,0.0
2642.5,0.095,38,0,0.0
2643.0,0.098,38,0,0.0
2643.5,0.095,38,0,0.0
2644.0,0.092,38,0,0.0
2644.5,0.097,38,0,0.0
2645.0,0.095,38,0,0.0
2645.5,0.093,38,0,0.0
2646.0,0.089,38,0,0.0
2646.5,0.082,38,0,0.0
2647.0,0.079,38,0,0.0
2647.5,0.079,38,0,0.0
2648.0,0.076,38,0,0.0
2648.5,0.074,38,0,0.0
2649.0,0.071,38,0,0.0
2649.5,0.066,38,0,0.0
2650.0,0.063,38,0,0.0
2650.5,0.06,38,0,0.0
2651.0,0.058,38,0,0.0
2651.5,0.053,38,0,0.0
2652.0,0.05,38,0,0.0
2652.5,0.047,38,0,0.0
2653.0,0.047,38,0,0.0
2653.5,0.042,38,0,0.0
2654.0,0.044,38,0,0.0
2654.5,0.039,38,0,0.0
2655.0,0.039,38,0,0.0
2655.5,0.037,38,0,0.0
2656.0,0.035,38,0,0.0
2656.5,0.035,38,0,0.0
2657.0,0.035,38,0,0.0
2657.5,0.035,38,0,0.0
2658.0,0.034,38,0,0.0
2658.5,0.035,38,0,0.0
2659.0,0.034,38,0,0.0
2659.5,0.032,38,0,0.0
2660.0,0.032,38,0,0.0
2660.5,0.031,38,0,0.0
2661.0,0.032,38,0,0.0
2661.5,0.032,38,0,0.0
2662.0,0.031,38,0,0.0
