Time,Torque,Angle,Rotating speed,Power
0,0.011,0,10,0.0
0.5,0.011,0,10,0.0
1.0,0.011,0,15,0.0
1.5,0.01,0,20,0.0
2.0,0.01,0,20,0.6000000000000001
2.5,0.01,0,23,1.2000000000000002
3.0,0.011,0,27,1.2000000000000002
3.5,0.011,0,33,1.8
4.0,0.011,0,37,1.2000000000000002
4.5,0.015,0,41,1.2000000000000002
5.0,0.011,0,46,0.0
5.5,0.008,0,49,0.0
6.0,0.008,0,50,0.0
6.5,0.011,0,53,0.0
7.0,0.015,0,55,0.0
7.5,0.011,0,56,0.0
8.0,0.01,0,57,0.0
8.5,0.01,0,58,0.0
9.0,0.011,0,59,0.0
9.5,0.01,0,59,0.0
10.0,0.011,0,59,0.0
10.5,0.01,0,59,0.0
11.0,0.01,0,60,0.0
11.5,0.011,0,60,0.0
12.0,0.011,0,60,0.0
12.5,0.013,0,61,0.0
13.0,0.013,0,64,0.0
13.5,0.018,0,67,0.0
14.0,0.018,0,70,0.0
14.5,0.016,0,72,0.0
15.0,0.016,0,73,0.0
15.5,0.015,0,75,0.0
16.0,0.018,0,78,0.0
16.5,0.016,0,79,0.0
17.0,0.015,0,80,0.0
17.5,0.015,0,81,0.0
18.0,0.015,0,81,0.0
18.5,0.015,0,81,0.0
19.0,0.015,0,81,0.0
19.5,0.016,0,82,0.0
20.0,0.015,0,81,0.0
20.5,0.015,0,81,1.2000000000000002
21.0,0.016,0,81,2.4000000000000004
21.5,0.015,0,81,3.0
22.0,0.016,0,97,9.600000000000001
22.5,0.015,0,99,8.4
23.0,0.016,0,100,6.6000000000000005
23.5,0.016,0,101,7.2
24.0,0.015,0,102,7.2
24.5,0.016,0,103,6.0
25.0,0.015,0,103,5.4
25.5,0.016,0,103,4.800000000000001
26.0,0.018,0,103,4.2
26.5,0.016,0,104,4.2
27.0,0.016,0,104,4.2
27.5,0.015,0,103,3.6
28.0,0.015,0,104,4.2
28.5,0.016,0,104,6.0
29.0,0.018,0,107,9.600000000000001
29.5,0.016,0,109,10.200000000000001
30.0,0.019,0,112,10.200000000000001
30.5,0.018,0,115,10.200000000000001
31.0,0.018,0,119,9.600000000000001
31.5,0.018,0,120,9.600000000000001
32.0,0.018,0,121,9.600000000000001
32.5,0.018,0,122,7.800000000000001
33.0,0.018,0,123,4.800000000000001
33.5,0.018,0,124,3.6
34.0,0.019,0,125,3.0
34.5,0.019,0,125,2.4000000000000004
35.0,0.019,0,124,1.8
35.5,0.018,0,124,1.8
36.0,0.018,0,123,1.8
36.5,0.019,0,123,1.8
37.0,0.018,0,123,1.2000000000000002
37.5,0.018,0,123,0.6000000000000001
38.0,0.018,0,122,0.0
38.5,0.021,0,123,0.0
39.0,0.019,0,123,0.0
39.5,0.019,0,122,0.0
40.0,0.023,0,122,0.0
40.5,0.018,0,122,0.0
41.0,0.018,0,123,0.0
41.5,0.018,0,123,0.0
42.0,0.019,0,124,0.6000000000000001
42.5,0.021,0,124,0.6000000000000001
43.0,0.018,0,124,0.6000000000000001
43.5,0.018,0,124,0.6000000000000001
44.0,0.019,0,123,0.6000000000000001
44.5,0.018,0,123,0.0
45.0,0.019,0,122,0.0
45.5,0.019,0,121,1.8
46.0,0.019,0,121,3.0
46.5,0.019,0,122,3.6
47.0,0.018,0,122,3.6
47.5,0.021,0,121,3.6
48.0,0.018,0,120,3.0
48.5,0.019,0,120,3.0
49.0,0.021,0,119,3.0
49.5,0.019,0,119,3.0
50.0,0.021,0,119,3.6
50.5,0.019,0,119,3.6
51.0,0.021,0,119,4.2
51.5,0.021,0,119,4.800000000000001
52.0,0.019,0,119,4.2
52.5,0.024,0,118,3.6
53.0,0.021,0,118,3.0
53.5,0.024,0,117,3.0
54.0,0.021,0,117,3.6
54.5,0.023,0,117,3.6
55.0,0.024,0,116,3.6
55.5,0.021,0,116,3.6
56.0,0.024,0,116,3.6
56.5,0.023,0,115,3.6
57.0,0.021,0,116,3.0
57.5,0.019,0,116,3.0
58.0,0.021,0,115,3.0
58.5,0.019,0,115,3.0
59.0,0.021,0,115,3.0
59.5,0.021,0,114,3.0
60.0,0.021,0,114,2.4000000000000004
60.5,0.023,0,114,1.8
61.0,0.021,0,114,1.8
61.5,0.021,0,114,1.2000000000000002
62.0,0.021,0,113,1.2000000000000002
62.5,0.019,0,112,1.2000000000000002
63.0,0.024,0,111,1.2000000000000002
63.5,0.023,0,110,1.2000000000000002
64.0,0.024,0,110,1.2000000000000002
64.5,0.023,0,110,0.6000000000000001
65.0,0.023,0,109,0.0
65.5,0.021,0,109,0.0
66.0,0.023,0,109,0.0
66.5,0.019,0,109,0.0
67.0,0.024,0,109,0.0
67.5,0.027,0,109,0.0
68.0,0.021,0,109,0.0
68.5,0.024,0,108,0.0
69.0,0.023,0,109,0.0
69.5,0.026,0,108,0.0
70.0,0.024,0,109,0.0
70.5,0.023,0,110,0.6000000000000001
71.0,0.024,0,110,0.6000000000000001
71.5,0.026,0,110,0.6000000000000001
72.0,0.023,0,110,0.6000000000000001
72.5,0.024,0,109,0.6000000000000001
73.0,0.026,0,109,0.0
73.5,0.024,0,108,0.0
74.0,0.024,0,108,1.8
74.5,0.023,0,108,3.0
75.0,0.027,0,108,4.2
75.5,0.026,0,108,4.2
76.0,0.024,0,108,3.6
76.5,0.024,0,108,3.6
77.0,0.026,0,107,3.0
77.5,0.021,0,107,3.0
78.0,0.026,0,106,3.6
78.5,0.024,0,106,3.6
79.0,0.021,0,106,3.6
79.5,0.024,0,107,3.6
80.0,0.024,0,106,4.2
80.5,0.023,0,107,4.800000000000001
81.0,0.024,0,107,4.2
81.5,0.024,0,107,4.2
82.0,0.024,0,106,3.6
82.5,0.026,0,106,3.6
83.0,0.024,0,106,3.6
83.5,0.027,0,106,3.6
84.0,0.027,0,106,4.2
84.5,0.024,0,106,3.6
85.0,0.024,0,105,3.6
85.5,0.026,0,105,4.2
86.0,0.023,0,106,3.6
86.5,0.029,0,106,3.6
87.0,0.024,0,106,3.0
87.5,0.023,0,106,3.0
88.0,0.024,0,106,3.6
88.5,0.024,0,106,3.0
89.0,0.021,0,106,3.6
89.5,0.024,0,105,3.0
90.0,0.021,0,105,2.4000000000000004
90.5,0.021,0,105,1.8
91.0,0.021,0,106,1.8
91.5,0.021,0,106,1.8
92.0,0.023,0,105,1.2000000000000002
92.5,0.023,0,104,1.2000000000000002
93.0,0.019,0,104,1.2000000000000002
93.5,0.019,0,103,1.2000000000000002
94.0,0.023,0,102,1.2000000000000002
94.5,0.021,0,102,1.2000000000000002
95.0,0.023,0,102,0.6000000000000001
95.5,0.019,0,102,0.0
96.0,0.019,0,102,0.0
96.5,0.018,0,102,0.0
97.0,0.019,0,103,0.0
97.5,0.018,0,102,0.0
98.0,0.021,0,102,0.0
98.5,0.019,0,102,0.0
99.0,0.019,0,102,0.0
99.5,0.019,0,102,0.0
100.0,0.021,0,103,0.0
100.5,0.021,0,103,0.0
101.0,0.021,0,104,0.0
101.5,0.021,0,104,0.0
102.0,0.019,0,104,0.0
102.5,0.021,0,104,0.0
103.0,0.019,0,104,0.0
103.5,0.018,0,104,0.0
104.0,0.019,0,103,0.0
104.5,0.021,0,103,0.0
105.0,0.019,0,102,1.2000000000000002
105.5,0.019,0,102,3.0
106.0,0.018,0,103,3.6
106.5,0.018,0,104,4.2
107.0,0.021,0,103,3.6
107.5,0.018,0,103,3.6
108.0,0.021,0,103,3.0
108.5,0.021,0,102,3.0
109.0,0.019,0,102,3.0
109.5,0.018,0,102,3.0
110.0,0.021,0,102,3.6
110.5,0.019,0,102,3.6
111.0,0.019,0,103,3.6
111.5,0.018,0,103,4.800000000000001
112.0,0.023,0,103,4.800000000000001
112.5,0.021,0,103,4.2
113.0,0.019,0,103,3.6
113.5,0.019,0,103,3.6
114.0,0.021,0,102,3.0
114.5,0.019,0,102,3.6
115.0,0.019,0,103,3.6
115.5,0.021,0,103,4.2
116.0,0.023,0,102,3.6
116.5,0.019,0,102,3.6
117.0,0.023,0,102,3.6
117.5,0.023,0,102,3.6
118.0,0.019,0,103,3.0
118.5,0.021,0,102,3.0
119.0,0.023,0,103,3.0
119.5,0.019,0,103,3.0
120.0,0.021,0,102,3.0
120.5,0.019,0,102,3.6
121.0,0.019,0,102,3.0
121.5,0.024,0,102,1.8
122.0,0.023,0,102,1.8
122.5,0.021,0,102,1.2000000000000002
123.0,0.021,0,102,1.2000000000000002
123.5,0.019,0,102,1.2000000000000002
124.0,0.019,0,101,1.2000000000000002
124.5,0.023,0,101,1.2000000000000002
125.0,0.021,0,100,1.2000000000000002
125.5,0.019,0,100,1.2000000000000002
126.0,0.019,0,99,1.2000000000000002
126.5,0.019,0,99,0.6000000000000001
127.0,0.019,0,99,0.0
127.5,0.021,0,99,0.0
128.0,0.021,0,99,0.0
128.5,0.019,0,99,0.0
129.0,0.021,0,99,0.0
129.5,0.021,0,99,0.0
130.0,0.023,0,99,0.0
130.5,0.023,0,99,0.0
131.0,0.021,0,99,0.0
131.5,0.023,0,100,0.0
132.0,0.023,0,100,0.0
132.5,0.023,0,101,0.0
133.0,0.023,0,101,0.0
133.5,0.023,0,101,0.6000000000000001
134.0,0.023,0,102,0.6000000000000001
134.5,0.024,0,102,0.0
135.0,0.024,0,101,0.0
135.5,0.023,0,101,0.0
136.0,0.023,0,101,0.0
136.5,0.023,0,101,0.0
137.0,0.023,0,100,1.2000000000000002
137.5,0.023,0,100,3.0
138.0,0.024,0,100,3.6
138.5,0.023,0,101,4.2
139.0,0.023,0,101,3.6
139.5,0.023,0,101,3.6
140.0,0.023,0,100,3.6
140.5,0.023,0,100,3.0
141.0,0.023,0,100,3.0
141.5,0.023,0,100,3.0
142.0,0.024,0,100,3.6
142.5,0.023,0,100,3.6
143.0,0.024,0,100,3.6
143.5,0.023,0,100,4.2
144.0,0.023,0,101,4.800000000000001
144.5,0.023,0,101,4.2
145.0,0.023,0,101,4.2
145.5,0.023,0,101,3.6
146.0,0.024,0,101,3.6
146.5,0.023,0,100,3.6
147.0,0.026,0,101,3.6
147.5,0.026,0,101,4.2
148.0,0.024,0,100,3.6
148.5,0.024,0,100,3.6
149.0,0.023,0,101,3.6
149.5,0.024,0,100,3.6
150.0,0.026,0,101,3.6
150.5,0.026,0,101,3.0
151.0,0.024,0,101,3.0
151.5,0.026,0,101,3.0
152.0,0.026,0,102,3.0
152.5,0.026,0,101,3.0
153.0,0.027,0,101,3.6
153.5,0.026,0,100,2.4000000000000004
154.0,0.026,0,101,1.8
154.5,0.027,0,101,1.8
155.0,0.026,0,101,1.2000000000000002
155.5,0.026,0,101,1.2000000000000002
156.0,0.027,0,101,1.2000000000000002
156.5,0.026,0,100,1.2000000000000002
157.0,0.026,0,99,1.2000000000000002
157.5,0.026,0,99,1.2000000000000002
158.0,0.026,0,98,1.2000000000000002
158.5,0.026,0,98,1.2000000000000002
159.0,0.027,0,98,0.6000000000000001
159.5,0.024,0,98,0.0
160.0,0.026,0,98,0.0
160.5,0.027,0,98,0.0
161.0,0.027,0,98,0.0
161.5,0.027,0,98,0.0
162.0,0.027,0,98,0.0
162.5,0.027,0,98,0.0
163.0,0.027,0,98,0.0
163.5,0.029,0,98,0.0
164.0,0.029,0,99,0.0
164.5,0.029,0,99,0.0
165.0,0.029,0,99,0.0
165.5,0.029,0,100,0.0
166.0,0.031,0,100,0.0
166.5,0.029,0,100,0.0
167.0,0.031,0,100,0.0
167.5,0.027,0,100,0.0
168.0,0.029,0,100,0.0
168.5,0.031,0,100,0.0
169.0,0.029,0,99,0.0
169.5,0.031,0,99,1.2000000000000002
170.0,0.031,0,98,3.0
170.5,0.029,0,99,3.6
171.0,0.031,0,100,4.2
171.5,0.029,0,100,4.2
172.0,0.032,0,100,3.6
172.5,0.031,0,99,3.6
173.0,0.029,0,99,3.6
173.5,0.029,0,99,3.0
174.0,0.029,0,99,3.0
174.5,0.029,0,99,3.6
175.0,0.032,0,99,4.2
175.5,0.032,0,99,4.2
176.0,0.027,0,99,4.2
176.5,0.029,0,100,4.800000000000001
177.0,0.031,0,100,4.800000000000001
177.5,0.027,0,100,4.2
178.0,0.031,0,100,4.2
178.5,0.032,0,100,3.6
179.0,0.029,0,100,3.6
179.5,0.029,0,100,3.6
180.0,0.027,0,100,4.2
180.5,0.029,0,100,4.2
181.0,0.029,0,100,3.6
181.5,0.034,0,100,3.6
182.0,0.029,0,100,3.6
182.5,0.029,0,100,3.6
183.0,0.031,0,100,3.6
183.5,0.034,0,100,3.0
184.0,0.029,0,100,3.0
184.5,0.034,0,100,3.0
185.0,0.031,0,101,3.6
185.5,0.034,0,101,3.6
186.0,0.032,0,100,3.0
186.5,0.031,0,100,2.4000000000000004
187.0,0.031,0,101,1.8
187.5,0.032,0,101,1.8
188.0,0.027,0,101,1.2000000000000002
188.5,0.031,0,101,1.2000000000000002
189.0,0.029,0,100,1.2000000000000002
189.5,0.029,0,99,1.2000000000000002
190.0,0.027,0,99,1.2000000000000002
190.5,0.027,0,98,1.2000000000000002
191.0,0.027,0,98,1.2000000000000002
191.5,0.029,0,98,0.6000000000000001
192.0,0.027,0,98,0.0
192.5,0.029,0,98,0.0
193.0,0.026,0,98,0.0
193.5,0.027,0,98,0.0
194.0,0.024,0,98,0.0
194.5,0.029,0,98,0.0
195.0,0.027,0,98,0.0
195.5,0.027,0,98,0.0
196.0,0.026,0,98,0.0
196.5,0.029,0,98,0.0
197.0,0.027,0,99,0.0
197.5,0.027,0,99,0.0
198.0,0.027,0,100,0.0
198.5,0.029,0,101,0.0
199.0,0.026,0,101,0.0
199.5,0.026,0,101,0.0
200.0,0.026,0,101,0.6000000000000001
200.5,0.029,0,100,0.0
201.0,0.026,0,100,0.0
201.5,0.026,0,100,0.0
202.0,0.026,0,100,0.6000000000000001
202.5,0.026,0,99,2.4000000000000004
203.0,0.023,0,100,3.6
203.5,0.024,0,100,4.2
204.0,0.023,0,100,3.6
204.5,0.021,0,100,3.6
205.0,0.019,0,100,3.6
205.5,0.019,0,100,3.0
206.0,0.018,0,100,3.0
206.5,0.021,0,100,3.0
207.0,0.019,0,100,3.6
207.5,0.021,0,100,3.6
208.0,0.019,0,100,3.6
208.5,0.018,0,101,4.2
209.0,0.016,0,101,4.800000000000001
209.5,0.019,0,101,4.800000000000001
210.0,0.018,0,101,4.2
210.5,0.018,0,101,3.6
211.0,0.018,0,101,3.6
211.5,0.019,0,101,3.6
212.0,0.019,0,101,3.6
212.5,0.021,0,101,3.6
213.0,0.021,0,101,3.6
213.5,0.019,0,101,3.6
214.0,0.019,0,101,3.6
214.5,0.019,0,101,3.6
215.0,0.019,0,101,3.6
215.5,0.021,0,102,3.0
216.0,0.023,0,101,3.0
216.5,0.019,0,102,3.0
217.0,0.019,0,101,3.0
217.5,0.021,0,102,3.0
218.0,0.018,0,102,3.0
218.5,0.019,0,101,3.0
219.0,0.021,0,101,1.8
219.5,0.021,0,101,1.8
220.0,0.019,0,102,1.2000000000000002
220.5,0.023,0,102,1.2000000000000002
221.0,0.021,0,101,1.2000000000000002
221.5,0.019,0,101,1.2000000000000002
222.0,0.021,0,100,1.2000000000000002
222.5,0.021,0,100,1.2000000000000002
223.0,0.019,0,99,1.2000000000000002
223.5,0.019,0,99,1.2000000000000002
224.0,0.018,0,99,0.6000000000000001
224.5,0.019,0,99,0.0
225.0,0.019,0,99,0.0
225.5,0.019,0,99,0.0
226.0,0.018,0,99,0.0
226.5,0.019,0,99,0.0
227.0,0.019,0,99,0.0
227.5,0.018,0,99,0.0
228.0,0.019,0,99,0.0
228.5,0.019,0,99,0.0
229.0,0.018,0,99,0.0
229.5,0.019,0,100,0.0
230.0,0.019,0,100,0.0
230.5,0.019,0,101,0.0
231.0,0.019,0,101,0.0
231.5,0.019,0,102,0.0
232.0,0.018,0,102,0.0
232.5,0.019,0,101,0.0
233.0,0.019,0,101,0.0
233.5,0.021,0,101,0.0
234.0,0.019,0,100,0.0
234.5,0.021,0,100,1.8
235.0,0.018,0,99,3.0
235.5,0.019,0,100,3.6
236.0,0.019,0,101,3.6
236.5,0.019,0,101,3.6
237.0,0.021,0,100,3.6
237.5,0.023,0,100,3.0
238.0,0.021,0,99,3.0
238.5,0.019,0,99,3.0
239.0,0.021,0,99,3.0
239.5,0.018,0,99,3.6
240.0,0.019,0,99,3.6
240.5,0.019,0,100,3.6
241.0,0.019,0,100,4.2
241.5,0.018,0,100,4.2
242.0,0.019,0,100,4.2
242.5,0.019,0,100,3.6
243.0,0.019,0,101,3.6
243.5,0.019,0,100,3.0
244.0,0.018,0,100,3.0
244.5,0.018,0,100,3.6
245.0,0.019,0,100,3.6
245.5,0.019,0,100,3.6
246.0,0.023,0,100,3.6
246.5,0.023,0,100,3.6
247.0,0.021,0,100,3.6
247.5,0.021,0,100,3.6
248.0,0.023,0,101,3.0
248.5,0.021,0,100,2.4000000000000004
249.0,0.023,0,100,3.0
249.5,0.019,0,101,3.0
250.0,0.019,0,101,3.0
250.5,0.019,0,101,3.0
251.0,0.019,0,100,3.0
251.5,0.018,0,100,1.8
252.0,0.019,0,101,1.8
252.5,0.019,0,101,1.2000000000000002
253.0,0.019,0,101,1.2000000000000002
253.5,0.019,0,100,1.2000000000000002
254.0,0.019,0,100,1.2000000000000002
254.5,0.018,0,99,1.2000000000000002
255.0,0.019,0,99,1.2000000000000002
255.5,0.018,0,99,1.2000000000000002
256.0,0.016,0,98,1.2000000000000002
256.5,0.018,0,98,0.6000000000000001
257.0,0.016,0,98,0.0
257.5,0.016,0,98,0.0
258.0,0.018,0,98,0.0
258.5,0.018,0,99,0.0
259.0,0.019,0,99,0.0
259.5,0.021,0,98,0.0
260.0,0.018,0,98,0.0
260.5,0.018,0,98,0.0
261.0,0.019,0,99,0.0
261.5,0.021,0,99,0.0
262.0,0.021,0,99,0.0
262.5,0.019,0,99,0.0
263.0,0.019,0,100,0.0
263.5,0.019,0,101,0.0
264.0,0.021,0,101,0.0
264.5,0.019,0,101,0.0
265.0,0.019,0,101,0.0
265.5,0.018,0,100,0.0
266.0,0.018,0,100,0.0
266.5,0.016,0,100,0.0
267.0,0.019,0,100,0.6000000000000001
267.5,0.016,0,99,3.0
268.0,0.019,0,100,3.6
268.5,0.018,0,100,3.6
269.0,0.018,0,101,3.6
269.5,0.019,0,100,3.0
270.0,0.019,0,100,3.0
270.5,0.019,0,100,3.0
271.0,0.019,0,99,3.0
271.5,0.019,0,99,3.0
272.0,0.018,0,99,3.0
272.5,0.019,0,99,3.6
273.0,0.021,0,100,3.6
273.5,0.019,0,100,4.2
274.0,0.023,0,100,4.800000000000001
274.5,0.021,0,100,4.2
275.0,0.019,0,100,4.2
275.5,0.019,0,101,3.6
276.0,0.019,0,100,3.6
276.5,0.019,0,100,3.6
277.0,0.024,0,100,3.6
277.5,0.021,0,100,4.2
278.0,0.019,0,100,4.2
278.5,0.019,0,100,3.6
279.0,0.019,0,100,3.6
279.5,0.019,0,100,3.6
280.0,0.023,0,100,3.6
280.5,0.021,0,101,3.0
281.0,0.021,0,100,3.0
281.5,0.019,0,100,2.4000000000000004
282.0,0.021,0,100,3.0
282.5,0.019,0,101,3.0
283.0,0.023,0,100,3.0
283.5,0.019,0,100,3.0
284.0,0.019,0,100,2.4000000000000004
284.5,0.019,0,100,1.8
285.0,0.021,0,101,1.8
285.5,0.023,0,101,1.2000000000000002
286.0,0.021,0,100,1.2000000000000002
286.5,0.021,0,100,1.2000000000000002
287.0,0.019,0,99,1.2000000000000002
287.5,0.021,0,99,1.2000000000000002
288.0,0.021,0,98,1.2000000000000002
288.5,0.021,0,98,1.2000000000000002
289.0,0.021,0,98,1.2000000000000002
289.5,0.019,0,97,0.0
290.0,0.021,0,98,0.0
290.5,0.019,0,97,0.0
291.0,0.019,0,98,0.0
291.5,0.021,0,98,0.0
292.0,0.019,0,98,0.0
292.5,0.019,0,98,0.0
293.0,0.019,0,98,0.0
293.5,0.019,0,98,0.0
294.0,0.019,0,99,0.0
294.5,0.021,0,99,0.0
295.0,0.019,0,99,0.0
295.5,0.021,0,100,0.0
296.0,0.018,0,100,0.0
296.5,0.019,0,101,0.0
297.0,0.019,0,101,0.0
297.5,0.019,0,101,0.0
298.0,0.018,0,100,0.0
298.5,0.018,0,100,0.0
299.0,0.018,0,100,0.0
299.5,0.019,0,100,0.6000000000000001
300.0,0.016,0,99,2.4000000000000004
300.5,0.018,0,100,3.6
301.0,0.018,0,100,3.6
301.5,0.019,0,101,3.6
302.0,0.018,0,100,3.6
302.5,0.023,0,100,3.0
303.0,0.019,0,100,3.0
303.5,0.019,0,99,3.0
304.0,0.018,0,99,3.0
304.5,0.018,0,99,3.0
305.0,0.018,0,99,3.6
305.5,0.019,0,100,3.6
306.0,0.018,0,100,4.2
306.5,0.018,0,100,4.800000000000001
307.0,0.018,0,100,4.800000000000001
307.5,0.018,0,101,4.2
308.0,0.018,0,101,3.6
308.5,0.019,0,100,3.6
309.0,0.018,0,100,3.0
309.5,0.016,0,100,3.6
310.0,0.015,0,100,4.2
310.5,0.018,0,100,4.2
311.0,0.018,0,100,3.6
311.5,0.018,0,100,3.6
312.0,0.018,0,100,3.6
312.5,0.016,0,101,3.6
313.0,0.016,0,101,3.0
313.5,0.018,0,101,3.0
314.0,0.016,0,101,2.4000000000000004
314.5,0.018,0,101,2.4000000000000004
315.0,0.016,0,101,3.0
315.5,0.018,0,101,3.0
316.0,0.019,0,101,3.0
316.5,0.019,0,101,2.4000000000000004
317.0,0.018,0,101,1.8
317.5,0.018,0,101,1.8
318.0,0.018,0,102,1.2000000000000002
318.5,0.018,0,101,1.2000000000000002
319.0,0.018,0,101,1.2000000000000002
319.5,0.018,0,100,1.2000000000000002
320.0,0.018,0,99,1.2000000000000002
320.5,0.016,0,99,1.2000000000000002
321.0,0.018,0,98,1.2000000000000002
321.5,0.016,0,99,0.6000000000000001
322.0,0.018,0,98,0.6000000000000001
322.5,0.018,0,99,0.0
323.0,0.018,0,98,0.0
323.5,0.016,0,99,0.0
324.0,0.018,0,99,0.0
324.5,0.016,0,99,0.0
325.0,0.018,0,98,0.0
325.5,0.018,0,99,0.0
326.0,0.018,0,99,0.0
326.5,0.018,0,99,0.0
327.0,0.019,0,99,0.0
327.5,0.018,0,99,0.0
328.0,0.016,0,100,0.0
328.5,0.018,0,101,0.0
329.0,0.018,0,101,0.0
329.5,0.018,0,101,0.0
330.0,0.019,0,101,0.0
330.5,0.018,0,100,0.0
331.0,0.018,0,100,0.0
331.5,0.018,0,100,0.0
332.0,0.018,0,100,0.6000000000000001
332.5,0.018,0,99,2.4000000000000004
333.0,0.021,0,99,3.6
333.5,0.018,0,100,3.6
334.0,0.019,0,100,3.6
334.5,0.019,0,100,3.6
335.0,0.019,0,100,3.0
335.5,0.018,0,99,3.0
336.0,0.019,0,99,3.0
336.5,0.019,0,99,3.0
337.0,0.021,0,99,3.0
337.5,0.019,0,99,3.6
338.0,0.019,0,99,3.6
338.5,0.018,0,99,3.6
339.0,0.019,0,100,4.800000000000001
339.5,0.018,0,100,4.800000000000001
340.0,0.019,0,100,4.2
340.5,0.018,0,100,4.2
341.0,0.019,0,100,3.6
341.5,0.019,0,100,3.6
342.0,0.019,0,100,3.6
342.5,0.019,0,100,3.6
343.0,0.019,0,100,4.2
343.5,0.018,0,99,3.6
344.0,0.019,0,99,3.6
344.5,0.018,0,100,3.6
345.0,0.019,0,100,3.6
345.5,0.019,0,101,3.0
346.0,0.021,0,100,3.0
346.5,0.018,0,100,3.0
347.0,0.019,0,101,3.0
347.5,0.019,0,101,3.0
348.0,0.019,0,100,3.0
348.5,0.019,0,100,3.0
349.0,0.021,0,100,2.4000000000000004
349.5,0.018,0,100,1.8
350.0,0.019,0,101,1.8
350.5,0.019,0,101,1.2000000000000002
351.0,0.019,0,100,1.2000000000000002
351.5,0.019,0,100,1.2000000000000002
352.0,0.023,0,99,1.2000000000000002
352.5,0.019,0,99,1.2000000000000002
353.0,0.019,0,98,1.2000000000000002
353.5,0.019,0,98,1.2000000000000002
354.0,0.019,0,98,1.2000000000000002
354.5,0.021,0,97,0.0
355.0,0.021,0,98,0.0
355.5,0.021,0,98,0.0
356.0,0.019,0,98,0.0
356.5,0.019,0,98,0.0
357.0,0.021,0,98,0.0
357.5,0.019,0,98,0.0
358.0,0.018,0,98,0.0
358.5,0.023,0,97,0.0
359.0,0.019,0,99,0.0
359.5,0.019,0,99,0.0
360.0,0.021,0,99,0.0
360.5,0.019,0,99,0.0
361.0,0.019,0,100,0.0
361.5,0.021,0,100,0.0
362.0,0.019,0,101,0.0
362.5,0.019,0,101,0.0
363.0,0.019,0,100,0.0
363.5,0.023,0,100,0.0
364.0,0.019,0,100,0.0
364.5,0.023,0,99,0.0
365.0,0.021,0,99,1.8
365.5,0.021,0,99,3.0
366.0,0.021,0,99,3.6
366.5,0.021,0,100,3.6
367.0,0.021,0,100,3.6
367.5,0.023,0,99,3.6
368.0,0.023,0,99,3.0
368.5,0.023,0,99,3.0
369.0,0.021,0,99,3.0
369.5,0.023,0,98,3.0
370.0,0.019,0,98,3.6
370.5,0.021,0,99,3.6
371.0,0.023,0,99,3.6
371.5,0.023,0,99,4.2
372.0,0.021,0,100,4.800000000000001
372.5,0.023,0,100,4.2
373.0,0.021,0,100,4.2
373.5,0.023,0,100,3.6
374.0,0.023,0,99,3.6
374.5,0.021,0,99,3.6
375.0,0.021,0,99,3.6
375.5,0.021,0,100,4.2
376.0,0.023,0,100,4.2
376.5,0.026,0,99,3.6
377.0,0.023,0,99,3.6
377.5,0.021,0,99,3.6
378.0,0.021,0,99,3.0
378.5,0.023,0,100,3.0
379.0,0.021,0,100,3.0
379.5,0.026,0,99,3.0
380.0,0.023,0,100,3.0
380.5,0.023,0,100,3.0
381.0,0.023,0,99,3.6
381.5,0.023,0,99,2.4000000000000004
382.0,0.023,0,99,1.8
382.5,0.027,0,100,1.8
383.0,0.024,0,100,1.2000000000000002
383.5,0.021,0,100,1.2000000000000002
384.0,0.021,0,100,1.2000000000000002
384.5,0.023,0,99,1.2000000000000002
385.0,0.021,0,98,1.2000000000000002
385.5,0.024,0,98,1.2000000000000002
386.0,0.024,0,98,1.2000000000000002
386.5,0.023,0,97,1.2000000000000002
387.0,0.024,0,97,0.6000000000000001
387.5,0.023,0,97,0.0
388.0,0.024,0,97,0.0
388.5,0.024,0,97,0.0
389.0,0.024,0,97,0.0
389.5,0.023,0,98,0.0
390.0,0.026,0,97,0.0
390.5,0.021,0,97,0.0
391.0,0.023,0,98,0.0
391.5,0.023,0,97,0.0
392.0,0.024,0,98,0.0
392.5,0.023,0,98,0.0
393.0,0.024,0,98,0.0
393.5,0.021,0,99,0.0
394.0,0.023,0,100,0.0
394.5,0.021,0,100,0.0
395.0,0.023,0,100,0.0
395.5,0.021,0,100,0.0
396.0,0.023,0,100,0.0
396.5,0.021,0,100,0.0
397.0,0.021,0,100,0.0
397.5,0.021,0,99,0.6000000000000001
398.0,0.021,0,99,1.8
398.5,0.019,0,99,3.0
399.0,0.023,0,99,4.2
399.5,0.023,0,100,4.2
400.0,0.021,0,100,3.6
400.5,0.019,0,100,3.6
401.0,0.021,0,99,3.0
401.5,0.019,0,99,3.0
402.0,0.019,0,99,3.0
402.5,0.021,0,99,3.0
403.0,0.023,0,99,3.6
403.5,0.019,0,99,3.6
404.0,0.019,0,100,3.6
404.5,0.021,0,100,4.2
405.0,0.019,0,100,4.800000000000001
405.5,0.019,0,100,4.2
406.0,0.019,0,101,3.6
406.5,0.018,0,100,3.6
407.0,0.019,0,100,3.6
407.5,0.019,0,100,3.6
408.0,0.021,0,100,3.6
408.5,0.019,0,100,4.2
409.0,0.019,0,100,3.6
409.5,0.018,0,100,3.6
410.0,0.019,0,100,3.6
410.5,0.019,0,101,3.6
411.0,0.021,0,101,3.0
411.5,0.019,0,100,3.0
412.0,0.019,0,101,3.0
412.5,0.018,0,101,3.0
413.0,0.019,0,101,3.0
413.5,0.019,0,101,3.0
414.0,0.021,0,101,3.0
414.5,0.018,0,100,2.4000000000000004
415.0,0.018,0,101,1.8
415.5,0.019,0,101,1.2000000000000002
416.0,0.018,0,101,1.2000000000000002
416.5,0.018,0,101,1.2000000000000002
417.0,0.021,0,100,1.2000000000000002
417.5,0.018,0,99,1.2000000000000002
418.0,0.016,0,99,1.2000000000000002
418.5,0.018,0,99,1.2000000000000002
419.0,0.021,0,98,1.2000000000000002
419.5,0.021,0,98,1.2000000000000002
420.0,0.024,0,98,0.6000000000000001
420.5,0.021,0,98,0.0
421.0,0.018,0,98,0.0
421.5,0.019,0,98,0.0
422.0,0.019,0,98,0.0
422.5,0.021,0,98,0.0
423.0,0.019,0,98,0.0
423.5,0.021,0,98,0.0
424.0,0.018,0,98,0.0
424.5,0.019,0,98,0.0
425.0,0.018,0,99,0.0
425.5,0.021,0,100,0.0
426.0,0.019,0,99,0.0
426.5,0.021,0,100,0.0
427.0,0.018,0,101,0.0
427.5,0.018,0,101,0.0
428.0,0.018,0,101,0.0
428.5,0.019,0,100,0.0
429.0,0.018,0,100,0.0
429.5,0.019,0,100,0.0
430.0,0.016,0,100,0.0
430.5,0.019,0,99,1.8
431.0,0.018,0,99,3.0
431.5,0.019,0,100,3.6
432.0,0.018,0,100,3.6
432.5,0.021,0,100,3.6
433.0,0.019,0,100,3.6
433.5,0.018,0,99,3.0
434.0,0.018,0,99,3.0
434.5,0.019,0,99,3.0
435.0,0.018,0,99,3.6
435.5,0.018,0,99,3.6
436.0,0.018,0,99,3.6
436.5,0.019,0,99,3.6
437.0,0.018,0,100,4.2
437.5,0.019,0,100,4.800000000000001
438.0,0.018,0,100,4.800000000000001
438.5,0.019,0,100,4.2
439.0,0.019,0,100,3.6
439.5,0.019,0,100,3.6
440.0,0.018,0,100,3.6
440.5,0.019,0,100,3.6
441.0,0.016,0,100,4.2
441.5,0.018,0,100,3.6
442.0,0.019,0,100,3.6
442.5,0.018,0,100,3.6
443.0,0.016,0,100,3.6
443.5,0.016,0,101,3.0
444.0,0.016,0,101,3.0
444.5,0.018,0,101,3.0
445.0,0.016,0,101,2.4000000000000004
445.5,0.016,0,101,3.0
446.0,0.016,0,101,3.0
446.5,0.016,0,101,3.6
447.0,0.018,0,101,2.4000000000000004
447.5,0.019,0,101,1.8
448.0,0.019,0,101,1.2000000000000002
448.5,0.021,0,101,1.2000000000000002
449.0,0.019,0,101,1.2000000000000002
449.5,0.021,0,101,1.2000000000000002
450.0,0.021,0,100,1.2000000000000002
450.5,0.023,0,99,1.2000000000000002
451.0,0.021,0,99,1.2000000000000002
451.5,0.023,0,98,1.2000000000000002
452.0,0.023,0,98,1.2000000000000002
452.5,0.023,0,98,0.6000000000000001
453.0,0.023,0,98,0.0
453.5,0.024,0,98,0.0
454.0,0.024,0,98,0.0
454.5,0.021,0,98,0.0
455.0,0.023,0,98,0.0
455.5,0.021,0,98,0.0
456.0,0.023,0,98,0.0
456.5,0.023,0,98,0.0
457.0,0.024,0,98,0.0
457.5,0.023,0,98,0.0
458.0,0.024,0,99,0.0
458.5,0.024,0,99,0.0
459.0,0.026,0,100,0.0
459.5,0.024,0,100,0.0
460.0,0.024,0,100,0.0
460.5,0.024,0,100,0.0
461.0,0.026,0,100,0.0
461.5,0.024,0,100,0.0
462.0,0.027,0,99,0.0
462.5,0.026,0,99,0.0
463.0,0.026,0,99,1.2000000000000002
463.5,0.024,0,98,3.0
464.0,0.026,0,98,4.2
464.5,0.026,0,99,4.2
465.0,0.029,0,99,4.2
465.5,0.026,0,99,3.6
466.0,0.026,0,99,3.6
466.5,0.026,0,98,3.0
467.0,0.026,0,98,3.0
467.5,0.024,0,98,3.0
468.0,0.029,0,98,3.6
468.5,0.027,0,98,4.2
469.0,0.029,0,99,4.2
469.5,0.026,0,98,4.800000000000001
470.0,0.027,0,99,4.800000000000001
470.5,0.026,0,99,4.800000000000001
471.0,0.029,0,99,4.800000000000001
471.5,0.027,0,100,4.2
472.0,0.026,0,99,4.2
472.5,0.026,0,99,4.2
473.0,0.027,0,99,4.2
473.5,0.027,0,99,4.800000000000001
474.0,0.027,0,99,4.2
474.5,0.024,0,99,3.6
475.0,0.027,0,100,3.6
475.5,0.026,0,99,3.6
476.0,0.027,0,99,3.6
476.5,0.026,0,100,3.0
477.0,0.026,0,100,3.0
477.5,0.027,0,100,3.0
478.0,0.026,0,100,3.0
478.5,0.026,0,100,3.0
479.0,0.029,0,100,3.6
479.5,0.026,0,100,3.6
480.0,0.024,0,99,2.4000000000000004
480.5,0.026,0,100,1.8
481.0,0.026,0,100,1.8
481.5,0.024,0,100,1.2000000000000002
482.0,0.027,0,100,1.2000000000000002
482.5,0.024,0,100,1.2000000000000002
483.0,0.024,0,99,1.2000000000000002
483.5,0.026,0,99,1.2000000000000002
484.0,0.026,0,98,1.2000000000000002
484.5,0.026,0,97,1.2000000000000002
485.0,0.026,0,97,1.2000000000000002
485.5,0.026,0,97,0.6000000000000001
486.0,0.024,0,97,0.0
486.5,0.027,0,97,0.0
487.0,0.024,0,98,0.0
487.5,0.026,0,98,0.0
488.0,0.026,0,98,0.0
488.5,0.026,0,98,0.0
489.0,0.024,0,98,0.0
489.5,0.027,0,98,0.0
490.0,0.023,0,98,0.0
490.5,0.026,0,99,0.0
491.0,0.023,0,99,0.0
491.5,0.024,0,100,0.0
492.0,0.021,0,100,0.0
492.5,0.024,0,100,0.0
493.0,0.021,0,101,0.0
493.5,0.024,0,101,0.0
494.0,0.021,0,100,0.0
494.5,0.024,0,100,0.0
495.0,0.021,0,100,0.0
495.5,0.023,0,100,0.6000000000000001
496.0,0.019,0,99,2.4000000000000004
496.5,0.023,0,99,3.6
497.0,0.023,0,100,4.2
497.5,0.023,0,100,3.6
498.0,0.023,0,100,3.6
498.5,0.024,0,100,3.6
499.0,0.021,0,99,3.6
499.5,0.024,0,99,3.0
500.0,0.021,0,99,3.0
500.5,0.023,0,99,3.0
501.0,0.023,0,99,3.6
501.5,0.026,0,99,3.6
502.0,0.021,0,99,4.2
502.5,0.021,0,100,4.800000000000001
503.0,0.021,0,100,4.800000000000001
503.5,0.021,0,100,4.2
504.0,0.021,0,101,4.2
504.5,0.024,0,100,3.6
505.0,0.019,0,100,3.6
505.5,0.018,0,100,3.6
506.0,0.018,0,100,4.2
506.5,0.018,0,100,4.2
507.0,0.016,0,100,3.6
507.5,0.019,0,100,3.6
508.0,0.015,0,100,3.6
508.5,0.011,0,101,3.6
509.0,0.013,0,101,3.6
509.5,0.013,0,101,3.0
510.0,0.013,0,101,3.0
510.5,0.016,0,101,3.0
511.0,0.013,0,101,3.0
511.5,0.013,0,101,3.0
512.0,0.013,0,101,3.0
512.5,0.013,0,101,2.4000000000000004
513.0,0.013,0,102,1.8
513.5,0.018,0,102,1.8
514.0,0.015,0,102,1.8
514.5,0.013,0,102,1.2000000000000002
515.0,0.013,0,101,1.2000000000000002
515.5,0.013,0,101,1.2000000000000002
516.0,0.013,0,100,1.2000000000000002
516.5,0.015,0,100,1.2000000000000002
517.0,0.013,0,99,1.2000000000000002
517.5,0.013,0,99,1.2000000000000002
518.0,0.015,0,99,0.6000000000000001
518.5,0.015,0,99,0.0
519.0,0.013,0,99,0.0
519.5,0.015,0,99,0.0
520.0,0.013,0,100,0.0
520.5,0.013,0,100,0.0
521.0,0.015,0,99,0.0
521.5,0.015,0,100,0.0
522.0,0.013,0,99,0.0
522.5,0.013,0,100,0.0
523.0,0.013,0,100,0.0
523.5,0.011,0,100,0.0
524.0,0.015,0,101,0.0
524.5,0.013,0,102,0.0
525.0,0.013,0,102,0.0
525.5,0.013,0,102,0.0
526.0,0.013,0,102,0.0
526.5,0.013,0,101,0.0
527.0,0.013,0,101,0.0
527.5,0.013,0,101,0.0
528.0,0.011,0,101,1.2000000000000002
528.5,0.013,0,100,2.4000000000000004
529.0,0.015,0,100,3.6
529.5,0.013,0,101,3.6
530.0,0.015,0,101,3.6
530.5,0.015,0,101,3.6
531.0,0.013,0,101,3.0
531.5,0.013,0,100,3.0
532.0,0.015,0,100,3.0
532.5,0.013,0,100,3.0
533.0,0.015,0,100,3.0
533.5,0.013,0,100,3.6
534.0,0.015,0,100,3.6
534.5,0.015,0,100,3.6
535.0,0.013,0,101,4.2
535.5,0.013,0,101,4.2
536.0,0.015,0,101,3.6
536.5,0.013,0,101,3.6
537.0,0.015,0,101,3.0
537.5,0.015,0,100,3.0
538.0,0.015,0,101,3.0
538.5,0.013,0,100,3.6
539.0,0.013,0,100,3.6
539.5,0.013,0,100,3.6
540.0,0.013,0,100,3.6
540.5,0.013,0,100,3.0
541.0,0.015,0,101,3.0
541.5,0.018,0,102,3.0
542.0,0.015,0,101,2.4000000000000004
542.5,0.015,0,101,2.4000000000000004
543.0,0.015,0,101,3.0
543.5,0.015,0,101,3.0
544.0,0.015,0,101,3.0
544.5,0.018,0,101,3.0
545.0,0.013,0,101,1.8
545.5,0.015,0,101,1.8
546.0,0.013,0,102,1.2000000000000002
546.5,0.015,0,101,1.2000000000000002
547.0,0.015,0,101,1.2000000000000002
547.5,0.015,0,100,1.2000000000000002
548.0,0.013,0,100,1.2000000000000002
548.5,0.013,0,99,1.2000000000000002
549.0,0.013,0,99,1.2000000000000002
549.5,0.015,0,98,1.2000000000000002
550.0,0.015,0,98,1.2000000000000002
550.5,0.013,0,98,0.0
551.0,0.015,0,98,0.0
551.5,0.015,0,98,0.0
552.0,0.015,0,98,0.0
552.5,0.016,0,99,0.0
553.0,0.015,0,99,0.0
553.5,0.015,0,98,0.0
554.0,0.016,0,98,0.0
554.5,0.016,0,99,0.0
555.0,0.016,0,99,0.0
555.5,0.015,0,100,0.0
556.0,0.016,0,100,0.0
556.5,0.015,0,100,0.0
557.0,0.016,0,101,0.0
557.5,0.013,0,101,0.0
558.0,0.015,0,101,0.0
558.5,0.015,0,101,0.0
559.0,0.015,0,101,0.0
559.5,0.013,0,100,0.0
560.0,0.015,0,100,0.0
560.5,0.013,0,100,0.6000000000000001
561.0,0.015,0,100,2.4000000000000004
561.5,0.013,0,100,3.6
562.0,0.015,0,100,3.6
562.5,0.015,0,101,3.6
563.0,0.015,0,100,3.0
563.5,0.013,0,100,3.0
564.0,0.013,0,99,3.0
564.5,0.013,0,99,3.0
565.0,0.015,0,99,3.0
565.5,0.016,0,99,3.0
566.0,0.015,0,99,3.0
566.5,0.015,0,100,3.0
567.0,0.013,0,100,3.6
567.5,0.015,0,100,4.2
568.0,0.016,0,100,4.2
568.5,0.015,0,100,3.6
569.0,0.016,0,101,3.0
569.5,0.015,0,100,3.0
570.0,0.016,0,100,3.0
570.5,0.015,0,100,3.0
571.0,0.015,0,100,3.6
571.5,0.013,0,101,3.6
572.0,0.015,0,100,3.6
572.5,0.015,0,100,3.6
573.0,0.016,0,100,3.6
573.5,0.013,0,100,3.0
574.0,0.016,0,101,3.0
574.5,0.013,0,101,3.0
575.0,0.015,0,100,2.4000000000000004
575.5,0.013,0,101,2.4000000000000004
576.0,0.015,0,101,3.0
576.5,0.013,0,101,3.0
577.0,0.013,0,101,3.0
577.5,0.013,0,100,2.4000000000000004
578.0,0.015,0,101,1.8
578.5,0.013,0,101,1.2000000000000002
579.0,0.015,0,101,1.2000000000000002
579.5,0.013,0,101,1.2000000000000002
580.0,0.015,0,100,1.2000000000000002
580.5,0.013,0,100,1.2000000000000002
581.0,0.013,0,99,1.2000000000000002
581.5,0.013,0,99,1.2000000000000002
582.0,0.015,0,98,1.2000000000000002
582.5,0.013,0,98,1.2000000000000002
583.0,0.013,0,98,0.6000000000000001
583.5,0.013,0,98,0.0
584.0,0.015,0,98,0.0
584.5,0.011,0,99,0.0
585.0,0.013,0,99,0.0
585.5,0.013,0,98,0.0
586.0,0.015,0,98,0.0
586.5,0.013,0,99,0.0
587.0,0.016,0,99,0.0
587.5,0.013,0,99,0.0
588.0,0.015,0,99,0.0
588.5,0.013,0,100,0.0
589.0,0.015,0,100,0.0
589.5,0.013,0,101,0.0
590.0,0.015,0,101,0.0
590.5,0.015,0,101,0.0
591.0,0.015,0,101,0.0
591.5,0.011,0,100,0.0
592.0,0.01,0,100,0.0
592.5,0.011,0,100,0.0
593.0,0.013,0,100,0.0
593.5,0.013,0,100,2.4000000000000004
594.0,0.015,0,100,3.0
594.5,0.015,0,100,3.6
595.0,0.013,0,101,3.0
595.5,0.015,0,100,3.0
596.0,0.015,0,100,2.4000000000000004
596.5,0.013,0,100,2.4000000000000004
597.0,0.016,0,99,2.4000000000000004
597.5,0.015,0,99,2.4000000000000004
598.0,0.015,0,99,3.0
598.5,0.015,0,99,3.0
599.0,0.015,0,100,3.0
599.5,0.015,0,100,3.6
600.0,0.016,0,100,4.2
600.5,0.015,0,100,4.2
601.0,0.015,0,101,3.6
601.5,0.015,0,101,3.0
602.0,0.016,0,100,3.0
602.5,0.015,0,100,3.0
603.0,0.016,0,100,3.0
603.5,0.016,0,100,3.0
604.0,0.013,0,100,3.6
604.5,0.016,0,100,3.0
605.0,0.015,0,100,3.0
605.5,0.015,0,100,3.0
606.0,0.015,0,101,3.0
606.5,0.015,0,101,2.4000000000000004
607.0,0.015,0,101,2.4000000000000004
607.5,0.019,0,101,2.4000000000000004
608.0,0.023,0,101,2.4000000000000004
608.5,0.024,0,101,2.4000000000000004
609.0,0.023,0,101,3.0
609.5,0.018,0,100,3.0
610.0,0.016,0,100,1.8
610.5,0.016,0,100,1.8
611.0,0.018,0,101,1.2000000000000002
611.5,0.018,0,101,1.2000000000000002
612.0,0.021,0,100,1.2000000000000002
612.5,0.019,0,100,1.2000000000000002
613.0,0.019,0,97,0.0
613.5,0.021,0,97,0.0
614.0,0.021,0,98,0.0
614.5,0.021,0,98,0.0
615.0,0.021,0,98,0.0
615.5,0.021,0,97,0.0
616.0,0.019,0,98,0.0
616.5,0.019,0,97,0.0
617.0,0.021,0,98,0.0
617.5,0.021,0,99,0.0
618.0,0.021,0,99,0.0
618.5,0.021,0,99,0.0
619.0,0.019,0,100,0.0
619.5,0.019,0,100,0.0
620.0,0.019,0,100,0.0
620.5,0.019,0,101,0.0
621.0,0.019,0,100,0.0
621.5,0.019,0,100,0.0
622.0,0.018,0,100,0.0
622.5,0.018,0,99,0.6000000000000001
623.0,0.019,0,99,1.8
623.5,0.019,0,99,3.0
624.0,0.019,0,100,3.6
624.5,0.019,0,100,3.6
625.0,0.018,0,100,3.0
625.5,0.021,0,100,3.0
626.0,0.018,0,99,3.0
626.5,0.018,0,99,3.0
627.0,0.019,0,99,2.4000000000000004
627.5,0.019,0,98,3.0
628.0,0.019,0,99,3.0
628.5,0.023,0,99,3.6
629.0,0.019,0,99,3.6
629.5,0.021,0,99,4.2
630.0,0.019,0,100,4.2
630.5,0.019,0,100,4.2
631.0,0.021,0,100,3.6
631.5,0.024,0,100,3.0
632.0,0.023,0,100,3.0
632.5,0.019,0,99,3.0
633.0,0.019,0,99,3.6
633.5,0.021,0,100,3.6
634.0,0.023,0,100,3.6
634.5,0.024,0,99,3.6
635.0,0.024,0,100,3.6
635.5,0.021,0,100,3.6
636.0,0.023,0,100,3.0
636.5,0.023,0,100,3.0
637.0,0.021,0,100,2.4000000000000004
637.5,0.021,0,100,3.0
638.0,0.024,0,100,2.4000000000000004
638.5,0.021,0,100,3.0
639.0,0.021,0,100,3.0
639.5,0.023,0,100,2.4000000000000004
640.0,0.021,0,100,1.8
640.5,0.021,0,100,1.2000000000000002
641.0,0.023,0,100,1.2000000000000002
641.5,0.021,0,100,1.2000000000000002
642.0,0.021,0,100,1.2000000000000002
642.5,0.023,0,99,1.2000000000000002
643.0,0.021,0,98,1.2000000000000002
643.5,0.021,0,98,1.2000000000000002
644.0,0.024,0,97,1.2000000000000002
644.5,0.021,0,97,1.2000000000000002
645.0,0.023,0,97,0.6000000000000001
645.5,0.021,0,97,0.0
646.0,0.021,0,97,0.0
646.5,0.023,0,97,0.0
647.0,0.026,0,98,0.0
647.5,0.024,0,98,0.0
648.0,0.023,0,97,0.0
648.5,0.024,0,97,0.0
649.0,0.024,0,98,0.0
649.5,0.023,0,98,0.0
650.0,0.026,0,98,0.0
650.5,0.024,0,99,0.0
651.0,0.026,0,99,0.0
651.5,0.024,0,99,0.0
652.0,0.026,0,100,0.0
652.5,0.023,0,100,0.0
653.0,0.026,0,100,0.0
653.5,0.026,0,100,0.0
654.0,0.024,0,100,0.0
654.5,0.024,0,99,0.0
655.0,0.026,0,99,0.0
655.5,0.023,0,99,0.6000000000000001
656.0,0.026,0,98,2.4000000000000004
656.5,0.024,0,99,3.6
657.0,0.024,0,100,3.6
657.5,0.024,0,100,3.6
658.0,0.024,0,99,3.6
658.5,0.024,0,99,3.0
659.0,0.024,0,99,3.0
659.5,0.026,0,99,3.0
660.0,0.023,0,98,3.0
660.5,0.026,0,98,3.0
661.0,0.027,0,98,3.6
661.5,0.023,0,99,3.6
662.0,0.024,0,99,4.2
662.5,0.024,0,99,4.800000000000001
663.0,0.024,0,100,4.800000000000001
663.5,0.024,0,100,4.2
664.0,0.026,0,100,3.6
664.5,0.026,0,99,3.6
665.0,0.024,0,99,3.6
665.5,0.026,0,99,3.6
666.0,0.026,0,99,4.2
666.5,0.027,0,99,4.2
667.0,0.026,0,99,3.6
667.5,0.026,0,99,3.6
668.0,0.026,0,99,3.6
668.5,0.027,0,99,3.6
669.0,0.026,0,100,3.0
669.5,0.027,0,99,3.0
670.0,0.026,0,100,3.0
670.5,0.026,0,100,3.0
671.0,0.026,0,100,3.0
671.5,0.029,0,99,3.6
672.0,0.026,0,99,3.6
672.5,0.027,0,99,2.4000000000000004
673.0,0.027,0,99,1.8
673.5,0.029,0,100,1.8
674.0,0.027,0,100,1.2000000000000002
674.5,0.029,0,99,1.2000000000000002
675.0,0.026,0,99,1.2000000000000002
675.5,0.029,0,98,1.2000000000000002
676.0,0.027,0,98,1.2000000000000002
676.5,0.026,0,97,1.2000000000000002
677.0,0.027,0,97,1.2000000000000002
677.5,0.029,0,97,1.2000000000000002
678.0,0.027,0,97,0.0
678.5,0.029,0,97,0.0
679.0,0.029,0,97,0.0
679.5,0.026,0,97,0.0
680.0,0.027,0,97,0.0
680.5,0.029,0,97,0.0
681.0,0.027,0,97,0.0
681.5,0.027,0,97,0.0
682.0,0.029,0,97,0.0
682.5,0.027,0,98,0.0
683.0,0.027,0,98,0.0
683.5,0.027,0,98,0.0
684.0,0.029,0,99,0.0
684.5,0.026,0,100,0.0
685.0,0.029,0,100,0.0
685.5,0.026,0,100,0.0
686.0,0.026,0,100,0.0
686.5,0.024,0,100,0.0
687.0,0.032,0,100,0.0
687.5,0.023,0,100,0.0
688.0,0.026,0,99,0.0
688.5,0.024,0,99,1.2000000000000002
689.0,0.026,0,99,3.0
689.5,0.024,0,99,3.6
690.0,0.029,0,100,4.2
690.5,0.026,0,100,4.2
691.0,0.031,0,100,3.6
691.5,0.027,0,99,3.0
692.0,0.029,0,99,3.0
692.5,0.031,0,99,3.0
693.0,0.032,0,98,3.6
693.5,0.031,0,98,3.6
694.0,0.034,0,98,3.6
694.5,0.035,0,99,3.6
695.0,0.035,0,99,4.2
695.5,0.034,0,99,4.800000000000001
696.0,0.037,0,99,4.800000000000001
696.5,0.034,0,99,4.800000000000001
697.0,0.039,0,99,4.2
697.5,0.035,0,99,4.2
698.0,0.037,0,99,3.6
698.5,0.035,0,99,4.2
699.0,0.037,0,99,4.800000000000001
699.5,0.034,0,99,4.800000000000001
700.0,0.04,0,99,4.2
700.5,0.032,0,99,4.2
701.0,0.034,0,99,4.2
701.5,0.032,0,99,3.6
702.0,0.035,0,99,3.6
702.5,0.032,0,100,3.6
703.0,0.035,0,99,3.0
703.5,0.031,0,99,3.0
704.0,0.032,0,100,3.6
704.5,0.034,0,99,3.6
705.0,0.035,0,99,3.0
705.5,0.035,0,99,2.4000000000000004
706.0,0.039,0,99,1.8
706.5,0.035,0,99,1.8
707.0,0.035,0,100,1.2000000000000002
707.5,0.039,0,99,1.2000000000000002
708.0,0.039,0,99,1.2000000000000002
708.5,0.039,0,98,1.2000000000000002
709.0,0.04,0,97,1.2000000000000002
709.5,0.04,0,97,1.2000000000000002
710.0,0.04,0,96,1.2000000000000002
710.5,0.044,0,96,1.2000000000000002
711.0,0.042,0,96,0.0
711.5,0.044,0,96,0.0
712.0,0.042,0,96,0.0
712.5,0.045,0,96,0.0
713.0,0.044,0,96,0.0
713.5,0.047,0,96,0.0
714.0,0.045,0,95,0.0
714.5,0.045,0,96,0.0
715.0,0.045,0,96,0.0
715.5,0.047,0,96,0.0
716.0,0.044,0,97,0.0
716.5,0.047,0,97,0.0
717.0,0.044,0,97,0.0
717.5,0.044,0,98,0.0
718.0,0.04,0,98,0.0
718.5,0.04,0,99,0.0
719.0,0.04,0,99,0.0
719.5,0.042,0,98,0.0
720.0,0.042,0,98,0.0
720.5,0.044,0,98,0.0
721.0,0.042,0,98,0.0
721.5,0.047,0,98,1.2000000000000002
722.0,0.045,0,97,3.0
722.5,0.045,0,98,4.2
723.0,0.045,0,98,4.800000000000001
723.5,0.044,0,99,4.800000000000001
724.0,0.044,0,98,4.2
724.5,0.045,0,98,3.6
725.0,0.045,0,98,3.6
725.5,0.042,0,98,3.6
726.0,0.047,0,98,3.6
726.5,0.047,0,97,4.2
727.0,0.047,0,98,4.2
727.5,0.045,0,98,4.2
728.0,0.047,0,98,4.800000000000001
728.5,0.045,0,98,5.4
729.0,0.048,0,99,5.4
729.5,0.047,0,99,5.4
730.0,0.047,0,99,4.800000000000001
730.5,0.05,0,98,4.800000000000001
731.0,0.047,0,99,5.4
731.5,0.047,0,98,4.2
732.0,0.044,0,98,4.2
732.5,0.048,0,98,4.2
733.0,0.048,0,99,4.2
733.5,0.05,0,99,4.2
734.0,0.047,0,99,4.2
734.5,0.045,0,99,3.6
735.0,0.045,0,99,3.6
735.5,0.045,0,100,3.6
736.0,0.045,0,99,4.2
736.5,0.047,0,99,4.2
737.0,0.048,0,99,3.0
737.5,0.047,0,99,2.4000000000000004
738.0,0.047,0,100,1.8
738.5,0.048,0,100,1.8
739.0,0.047,0,100,1.2000000000000002
739.5,0.045,0,99,1.2000000000000002
740.0,0.048,0,98,1.2000000000000002
740.5,0.047,0,98,1.2000000000000002
741.0,0.048,0,97,1.2000000000000002
741.5,0.05,0,97,1.2000000000000002
742.0,0.05,0,96,1.8
742.5,0.048,0,96,0.6000000000000001
743.0,0.05,0,96,0.0
743.5,0.048,0,96,0.0
744.0,0.048,0,96,0.0
744.5,0.048,0,97,0.0
745.0,0.052,0,97,0.0
745.5,0.048,0,96,0.0
746.0,0.052,0,97,0.0
746.5,0.052,0,97,0.0
747.0,0.052,0,97,0.0
747.5,0.048,0,97,0.0
748.0,0.05,0,98,0.0
748.5,0.05,0,97,0.0
749.0,0.05,0,98,0.0
749.5,0.052,0,99,0.0
750.0,0.05,0,99,0.0
750.5,0.047,0,99,0.0
751.0,0.05,0,99,0.0
751.5,0.052,0,99,0.6000000000000001
752.0,0.048,0,98,0.0
752.5,0.05,0,99,0.0
753.0,0.05,0,98,1.2000000000000002
753.5,0.048,0,97,3.0
754.0,0.05,0,98,4.2
754.5,0.048,0,98,4.800000000000001
755.0,0.048,0,99,4.800000000000001
755.5,0.048,0,99,4.2
756.0,0.05,0,99,4.2
756.5,0.048,0,98,4.2
757.0,0.047,0,98,3.6
757.5,0.048,0,98,4.2
758.0,0.048,0,98,4.2
758.5,0.048,0,98,4.800000000000001
759.0,0.047,0,99,4.800000000000001
759.5,0.048,0,99,4.800000000000001
760.0,0.048,0,99,5.4
760.5,0.048,0,99,5.4
761.0,0.048,0,99,5.4
761.5,0.047,0,100,4.800000000000001
762.0,0.047,0,100,4.800000000000001
762.5,0.048,0,99,4.800000000000001
763.0,0.045,0,99,4.800000000000001
763.5,0.047,0,100,5.4
764.0,0.05,0,99,5.4
764.5,0.05,0,99,4.800000000000001
765.0,0.045,0,99,4.800000000000001
765.5,0.05,0,99,4.800000000000001
766.0,0.047,0,99,4.800000000000001
766.5,0.047,0,100,4.2
767.0,0.045,0,100,4.2
767.5,0.047,0,99,3.6
768.0,0.047,0,100,3.6
768.5,0.05,0,100,3.6
769.0,0.047,0,100,4.2
769.5,0.045,0,100,4.2
770.0,0.045,0,100,3.0
770.5,0.045,0,100,2.4000000000000004
771.0,0.044,0,100,1.8
771.5,0.047,0,101,1.8
772.0,0.044,0,100,1.2000000000000002
772.5,0.045,0,100,1.2000000000000002
773.0,0.042,0,99,1.2000000000000002
773.5,0.042,0,99,1.2000000000000002
774.0,0.044,0,98,1.2000000000000002
774.5,0.047,0,98,1.2000000000000002
775.0,0.044,0,98,1.2000000000000002
775.5,0.044,0,98,0.6000000000000001
776.0,0.042,0,97,0.0
776.5,0.044,0,98,0.0
777.0,0.044,0,98,0.0
777.5,0.044,0,98,0.0
778.0,0.044,0,98,0.0
778.5,0.045,0,98,0.0
779.0,0.044,0,98,0.0
779.5,0.045,0,98,0.0
780.0,0.044,0,98,0.0
780.5,0.042,0,99,0.0
781.0,0.045,0,99,0.0
781.5,0.045,0,99,0.0
782.0,0.045,0,100,0.0
782.5,0.044,0,100,0.0
783.0,0.044,0,101,0.0
783.5,0.04,0,101,0.0
784.0,0.042,0,100,0.0
784.5,0.042,0,100,0.0
785.0,0.04,0,100,0.0
785.5,0.04,0,100,0.0
786.0,0.04,0,100,1.8
786.5,0.04,0,99,3.6
787.0,0.039,0,99,4.800000000000001
787.5,0.039,0,100,4.800000000000001
788.0,0.035,0,100,4.800000000000001
788.5,0.035,0,100,4.2
789.0,0.037,0,100,3.6
789.5,0.034,0,100,3.6
790.0,0.035,0,100,3.6
790.5,0.037,0,99,4.2
791.0,0.037,0,99,4.2
791.5,0.037,0,100,4.800000000000001
792.0,0.039,0,100,4.800000000000001
792.5,0.039,0,100,4.800000000000001
793.0,0.042,0,101,5.4
793.5,0.039,0,101,5.4
794.0,0.04,0,101,4.800000000000001
794.5,0.04,0,101,4.800000000000001
795.0,0.042,0,101,4.2
795.5,0.04,0,100,4.2
796.0,0.042,0,100,4.800000000000001
796.5,0.04,0,101,4.800000000000001
797.0,0.04,0,101,4.2
797.5,0.04,0,99,4.800000000000001
798.0,0.04,0,100,4.2
798.5,0.04,0,100,4.2
799.0,0.045,0,101,4.2
799.5,0.042,0,101,3.6
800.0,0.04,0,101,3.6
800.5,0.039,0,100,3.6
801.0,0.039,0,101,3.6
801.5,0.039,0,101,4.2
802.0,0.044,0,101,4.2
802.5,0.04,0,101,3.0
803.0,0.042,0,101,2.4000000000000004
803.5,0.044,0,101,1.8
804.0,0.042,0,101,1.8
804.5,0.044,0,101,1.8
805.0,0.047,0,100,1.2000000000000002
805.5,0.044,0,99,1.2000000000000002
806.0,0.044,0,99,1.2000000000000002
806.5,0.044,0,98,1.2000000000000002
807.0,0.044,0,98,1.2000000000000002
807.5,0.045,0,97,1.8
808.0,0.045,0,97,0.6000000000000001
808.5,0.044,0,97,0.0
809.0,0.044,0,97,0.0
809.5,0.047,0,97,0.0
810.0,0.045,0,97,0.0
810.5,0.044,0,98,0.0
811.0,0.047,0,97,0.0
811.5,0.047,0,97,0.0
812.0,0.048,0,97,0.0
812.5,0.047,0,97,0.0
813.0,0.048,0,98,0.0
813.5,0.048,0,98,0.0
814.0,0.052,0,98,0.0
814.5,0.05,0,99,0.0
815.0,0.05,0,99,0.0
815.5,0.05,0,100,0.6000000000000001
816.0,0.052,0,100,0.0
816.5,0.05,0,100,0.0
817.0,0.053,0,99,0.0
817.5,0.05,0,99,0.0
818.0,0.052,0,99,0.0
818.5,0.052,0,98,1.2000000000000002
819.0,0.05,0,98,3.0
819.5,0.05,0,98,4.800000000000001
820.0,0.052,0,98,4.800000000000001
820.5,0.052,0,99,4.800000000000001
821.0,0.05,0,99,4.800000000000001
821.5,0.052,0,98,4.2
822.0,0.048,0,98,4.2
822.5,0.05,0,98,4.2
823.0,0.05,0,98,4.2
823.5,0.05,0,98,4.2
824.0,0.05,0,98,4.800000000000001
824.5,0.052,0,98,4.800000000000001
825.0,0.05,0,98,4.800000000000001
825.5,0.052,0,98,5.4
826.0,0.05,0,99,6.0
826.5,0.052,0,99,5.4
827.0,0.05,0,99,5.4
827.5,0.052,0,99,4.800000000000001
828.0,0.052,0,99,4.800000000000001
828.5,0.053,0,99,5.4
829.0,0.053,0,99,5.4
829.5,0.053,0,99,5.4
830.0,0.053,0,98,4.800000000000001
830.5,0.056,0,97,4.800000000000001
831.0,0.055,0,98,4.800000000000001
831.5,0.055,0,98,4.800000000000001
832.0,0.053,0,99,4.800000000000001
832.5,0.058,0,99,4.2
833.0,0.056,0,99,4.2
833.5,0.061,0,99,4.2
834.0,0.056,0,99,4.2
834.5,0.055,0,99,4.800000000000001
835.0,0.055,0,99,4.800000000000001
835.5,0.056,0,99,3.0
836.0,0.056,0,99,2.4000000000000004
836.5,0.058,0,99,1.8
837.0,0.056,0,99,1.8
837.5,0.055,0,99,1.8
838.0,0.056,0,99,1.2000000000000002
838.5,0.058,0,98,1.2000000000000002
839.0,0.056,0,98,1.2000000000000002
839.5,0.056,0,97,1.2000000000000002
840.0,0.058,0,96,1.2000000000000002
840.5,0.056,0,96,1.8
841.0,0.058,0,96,0.6000000000000001
841.5,0.058,0,96,0.0
842.0,0.058,0,96,0.0
842.5,0.06,0,96,0.0
843.0,0.063,0,96,0.0
843.5,0.06,0,96,0.0
844.0,0.06,0,96,0.0
844.5,0.061,0,96,0.0
845.0,0.063,0,96,0.0
845.5,0.061,0,96,0.0
846.0,0.064,0,96,0.0
846.5,0.063,0,97,0.0
847.0,0.064,0,97,0.0
847.5,0.063,0,97,0.0
848.0,0.064,0,98,0.0
848.5,0.064,0,98,0.0
849.0,0.066,0,99,0.0
849.5,0.064,0,99,0.0
850.0,0.066,0,98,0.0
850.5,0.064,0,98,0.0
851.0,0.068,0,98,0.0
851.5,0.064,0,98,0.6000000000000001
852.0,0.068,0,97,3.0
852.5,0.066,0,96,4.800000000000001
853.0,0.066,0,97,5.4
853.5,0.066,0,97,5.4
854.0,0.066,0,98,5.4
854.5,0.066,0,98,5.4
855.0,0.064,0,97,4.800000000000001
855.5,0.066,0,97,4.800000000000001
856.0,0.064,0,97,4.800000000000001
856.5,0.064,0,97,4.800000000000001
857.0,0.064,0,97,5.4
857.5,0.064,0,97,5.4
858.0,0.063,0,98,5.4
858.5,0.063,0,98,6.0
859.0,0.061,0,98,6.6000000000000005
859.5,0.063,0,98,6.6000000000000005
860.0,0.063,0,98,6.6000000000000005
860.5,0.064,0,99,6.0
861.0,0.061,0,98,6.0
861.5,0.061,0,99,6.0
862.0,0.06,0,99,6.0
862.5,0.064,0,99,6.6000000000000005
863.0,0.061,0,99,5.4
863.5,0.061,0,99,5.4
864.0,0.06,0,99,5.4
864.5,0.061,0,99,5.4
865.0,0.06,0,99,5.4
865.5,0.061,0,100,4.800000000000001
866.0,0.061,0,99,4.800000000000001
866.5,0.06,0,100,4.800000000000001
867.0,0.058,0,100,4.800000000000001
867.5,0.06,0,100,4.800000000000001
868.0,0.06,0,100,4.800000000000001
868.5,0.06,0,100,3.6
869.0,0.06,0,100,3.0
869.5,0.058,0,100,2.4000000000000004
870.0,0.058,0,100,1.8
870.5,0.06,0,100,1.8
871.0,0.058,0,100,1.8
871.5,0.058,0,99,1.2000000000000002
872.0,0.056,0,99,1.8
872.5,0.056,0,98,1.8
873.0,0.055,0,98,1.8
873.5,0.06,0,97,1.8
874.0,0.056,0,97,1.2000000000000002
874.5,0.055,0,97,0.0
875.0,0.056,0,97,0.0
875.5,0.058,0,97,0.0
876.0,0.056,0,98,0.0
876.5,0.058,0,98,0.0
877.0,0.056,0,98,0.0
877.5,0.056,0,98,0.0
878.0,0.06,0,98,0.0
878.5,0.056,0,98,0.0
879.0,0.056,0,98,0.0
879.5,0.055,0,99,0.0
880.0,0.058,0,99,0.0
880.5,0.056,0,99,0.0
881.0,0.058,0,100,0.6000000000000001
881.5,0.056,0,100,0.6000000000000001
882.0,0.056,0,101,0.0
882.5,0.056,0,101,0.0
883.0,0.056,0,100,0.0
883.5,0.055,0,100,0.0
884.0,0.056,0,100,0.0
884.5,0.055,0,100,0.6000000000000001
885.0,0.052,0,99,3.0
885.5,0.055,0,99,4.2
886.0,0.055,0,100,5.4
886.5,0.053,0,100,5.4
887.0,0.053,0,100,4.800000000000001
887.5,0.052,0,100,4.800000000000001
888.0,0.052,0,100,4.2
888.5,0.05,0,99,4.2
889.0,0.052,0,99,4.800000000000001
889.5,0.052,0,99,4.800000000000001
890.0,0.052,0,100,4.800000000000001
890.5,0.05,0,100,4.800000000000001
891.0,0.05,0,100,5.4
891.5,0.05,0,100,6.0
892.0,0.048,0,101,6.0
892.5,0.05,0,101,5.4
893.0,0.05,0,101,5.4
893.5,0.048,0,101,4.800000000000001
894.0,0.05,0,101,4.800000000000001
894.5,0.047,0,101,4.800000000000001
895.0,0.048,0,101,5.4
895.5,0.048,0,101,5.4
896.0,0.047,0,101,4.800000000000001
896.5,0.047,0,101,4.800000000000001
897.0,0.05,0,101,4.800000000000001
897.5,0.045,0,101,4.800000000000001
898.0,0.047,0,101,4.2
898.5,0.048,0,101,4.2
899.0,0.047,0,102,4.2
899.5,0.048,0,102,4.2
900.0,0.048,0,102,4.2
900.5,0.047,0,102,4.800000000000001
901.0,0.047,0,102,3.6
901.5,0.048,0,101,3.0
902.0,0.048,0,102,2.4000000000000004
902.5,0.048,0,102,1.8
903.0,0.05,0,102,1.8
903.5,0.047,0,102,1.2000000000000002
904.0,0.048,0,101,1.2000000000000002
904.5,0.05,0,100,1.2000000000000002
905.0,0.048,0,100,1.2000000000000002
905.5,0.048,0,99,1.2000000000000002
906.0,0.05,0,99,1.8
906.5,0.047,0,99,1.2000000000000002
907.0,0.048,0,98,0.0
907.5,0.047,0,98,0.0
908.0,0.048,0,98,0.0
908.5,0.048,0,99,0.0
909.0,0.052,0,99,0.0
909.5,0.048,0,99,0.0
910.0,0.048,0,99,0.0
910.5,0.048,0,99,0.0
911.0,0.048,0,99,0.0
911.5,0.05,0,99,0.0
912.0,0.052,0,99,0.0
912.5,0.052,0,99,0.0
913.0,0.05,0,100,0.0
913.5,0.05,0,101,0.6000000000000001
914.0,0.052,0,101,0.0
914.5,0.05,0,101,0.0
915.0,0.053,0,101,0.0
915.5,0.052,0,100,0.0
916.0,0.05,0,100,0.0
916.5,0.05,0,100,0.0
917.0,0.052,0,100,1.2000000000000002
917.5,0.05,0,99,3.0
918.0,0.053,0,99,4.800000000000001
918.5,0.052,0,100,4.800000000000001
919.0,0.052,0,100,4.800000000000001
919.5,0.05,0,100,4.800000000000001
920.0,0.052,0,100,4.800000000000001
920.5,0.05,0,99,4.2
921.0,0.053,0,99,4.2
921.5,0.052,0,99,4.2
922.0,0.052,0,99,4.800000000000001
922.5,0.05,0,99,4.800000000000001
923.0,0.052,0,99,4.800000000000001
923.5,0.052,0,100,5.4
924.0,0.052,0,99,6.0
924.5,0.052,0,100,6.0
925.0,0.053,0,100,6.0
925.5,0.052,0,100,5.4
926.0,0.053,0,100,5.4
926.5,0.052,0,100,5.4
927.0,0.055,0,100,5.4
927.5,0.056,0,100,5.4
928.0,0.055,0,100,5.4
928.5,0.053,0,99,4.800000000000001
929.0,0.055,0,99,4.800000000000001
929.5,0.056,0,99,4.800000000000001
930.0,0.056,0,99,4.800000000000001
930.5,0.058,0,99,4.800000000000001
931.0,0.056,0,100,4.2
931.5,0.058,0,100,4.2
932.0,0.058,0,100,4.2
932.5,0.058,0,100,4.800000000000001
933.0,0.058,0,100,4.800000000000001
933.5,0.058,0,99,4.2
934.0,0.06,0,99,3.0
934.5,0.061,0,99,2.4000000000000004
935.0,0.061,0,99,1.8
935.5,0.06,0,100,1.8
936.0,0.06,0,99,1.8
936.5,0.061,0,99,1.2000000000000002
937.0,0.058,0,98,1.2000000000000002
937.5,0.063,0,97,1.2000000000000002
938.0,0.063,0,97,1.2000000000000002
938.5,0.061,0,96,1.8
939.0,0.061,0,96,1.2000000000000002
939.5,0.068,0,96,0.6000000000000001
940.0,0.063,0,96,0.0
940.5,0.063,0,96,0.0
941.0,0.063,0,96,0.0
941.5,0.063,0,96,0.0
942.0,0.063,0,96,0.0
942.5,0.066,0,96,0.0
943.0,0.064,0,96,0.0
943.5,0.064,0,96,0.0
944.0,0.064,0,97,0.0
944.5,0.066,0,97,0.0
945.0,0.064,0,98,0.0
945.5,0.066,0,97,0.0
946.0,0.066,0,98,0.0
946.5,0.064,0,99,0.6000000000000001
947.0,0.066,0,99,0.6000000000000001
947.5,0.066,0,99,0.6000000000000001
948.0,0.066,0,99,0.0
948.5,0.068,0,98,0.0
949.0,0.069,0,98,0.0
949.5,0.066,0,98,0.0
950.0,0.071,0,98,1.2000000000000002
950.5,0.068,0,97,3.6
951.0,0.069,0,97,4.800000000000001
951.5,0.069,0,97,5.4
952.0,0.069,0,98,5.4
952.5,0.068,0,98,5.4
953.0,0.069,0,97,5.4
953.5,0.069,0,97,4.800000000000001
954.0,0.071,0,97,4.800000000000001
954.5,0.068,0,97,4.800000000000001
955.0,0.073,0,97,5.4
955.5,0.071,0,97,5.4
956.0,0.071,0,97,5.4
956.5,0.071,0,98,6.0
957.0,0.071,0,98,9.0
957.5,0.071,0,98,9.0
958.0,0.073,0,98,9.0
958.5,0.069,0,99,7.2
959.0,0.073,0,98,6.6000000000000005
959.5,0.069,0,98,6.6000000000000005
960.0,0.069,0,98,6.6000000000000005
960.5,0.071,0,98,6.6000000000000005
961.0,0.074,0,98,8.4
961.5,0.069,0,98,5.4
962.0,0.071,0,97,5.4
962.5,0.071,0,97,5.4
963.0,0.069,0,98,5.4
963.5,0.071,0,98,5.4
964.0,0.071,0,98,5.4
964.5,0.071,0,98,5.4
965.0,0.071,0,99,4.800000000000001
965.5,0.073,0,99,5.4
966.0,0.071,0,99,5.4
966.5,0.073,0,99,6.0
967.0,0.069,0,99,4.2
967.5,0.071,0,99,3.0
968.0,0.071,0,99,2.4000000000000004
968.5,0.073,0,99,1.8
969.0,0.068,0,99,1.8
969.5,0.071,0,99,1.8
970.0,0.068,0,99,1.8
970.5,0.071,0,98,1.8
971.0,0.069,0,98,1.8
971.5,0.071,0,97,1.8
972.0,0.066,0,97,1.8
972.5,0.068,0,97,1.2000000000000002
973.0,0.066,0,97,0.0
973.5,0.069,0,97,0.0
974.0,0.068,0,97,0.0
974.5,0.068,0,97,0.0
975.0,0.064,0,97,0.0
975.5,0.066,0,98,0.0
976.0,0.064,0,97,0.0
976.5,0.066,0,98,0.0
977.0,0.066,0,98,0.0
977.5,0.066,0,98,0.0
978.0,0.068,0,98,0.0
978.5,0.066,0,98,0.0
979.0,0.066,0,99,0.0
979.5,0.068,0,100,0.6000000000000001
980.0,0.068,0,100,0.6000000000000001
980.5,0.064,0,100,0.0
981.0,0.064,0,100,0.0
981.5,0.064,0,100,0.0
982.0,0.063,0,100,0.0
982.5,0.066,0,100,0.0
983.0,0.064,0,99,1.2000000000000002
983.5,0.064,0,98,3.0
984.0,0.064,0,98,4.800000000000001
984.5,0.063,0,99,5.4
985.0,0.063,0,100,5.4
985.5,0.061,0,100,5.4
986.0,0.063,0,100,5.4
986.5,0.061,0,99,4.800000000000001
987.0,0.063,0,99,4.800000000000001
987.5,0.063,0,99,4.800000000000001
988.0,0.061,0,99,4.800000000000001
988.5,0.061,0,99,5.4
989.0,0.063,0,100,5.4
989.5,0.06,0,100,6.0
990.0,0.061,0,100,6.6000000000000005
990.5,0.06,0,100,7.2
991.0,0.063,0,100,6.6000000000000005
991.5,0.058,0,100,6.0
992.0,0.061,0,101,6.0
992.5,0.06,0,100,6.0
993.0,0.06,0,100,6.0
993.5,0.06,0,100,6.0
994.0,0.061,0,101,6.0
994.5,0.058,0,100,5.4
995.0,0.058,0,100,4.800000000000001
995.5,0.056,0,100,5.4
996.0,0.061,0,101,5.4
996.5,0.056,0,101,4.800000000000001
997.0,0.06,0,101,4.800000000000001
997.5,0.056,0,101,4.800000000000001
998.0,0.058,0,101,4.800000000000001
998.5,0.058,0,102,4.800000000000001
999.0,0.058,0,101,4.800000000000001
999.5,0.056,0,101,4.800000000000001
1000.0,0.058,0,101,3.0
1000.5,0.056,0,101,2.4000000000000004
1001.0,0.058,0,102,1.8
1001.5,0.056,0,102,1.8
1002.0,0.056,0,101,1.8
1002.5,0.056,0,101,1.8
1003.0,0.058,0,100,1.2000000000000002
1003.5,0.056,0,100,1.2000000000000002
1004.0,0.06,0,99,1.8
1004.5,0.058,0,99,1.8
1005.0,0.06,0,99,1.2000000000000002
1005.5,0.058,0,98,0.6000000000000001
1006.0,0.061,0,98,0.0
1006.5,0.061,0,98,0.0
1007.0,0.061,0,98,0.0
1007.5,0.061,0,99,0.0
1008.0,0.063,0,99,0.0
1008.5,0.063,0,99,0.0
1009.0,0.066,0,98,0.0
1009.5,0.061,0,98,0.0
1010.0,0.064,0,99,0.0
1010.5,0.063,0,99,0.0
1011.0,0.063,0,99,0.0
1011.5,0.061,0,100,0.0
1012.0,0.064,0,100,0.6000000000000001
1012.5,0.061,0,100,0.6000000000000001
1013.0,0.063,0,101,0.6000000000000001
1013.5,0.063,0,101,0.6000000000000001
1014.0,0.063,0,100,0.6000000000000001
1014.5,0.061,0,100,0.0
1015.0,0.066,0,100,0.0
1015.5,0.063,0,100,1.2000000000000002
1016.0,0.064,0,99,3.0
1016.5,0.064,0,99,4.800000000000001
1017.0,0.069,0,99,5.4
1017.5,0.064,0,100,5.4
1018.0,0.068,0,100,5.4
1018.5,0.066,0,99,5.4
1019.0,0.066,0,99,4.800000000000001
1019.5,0.063,0,99,4.800000000000001
1020.0,0.064,0,99,4.800000000000001
1020.5,0.066,0,99,4.800000000000001
1021.0,0.068,0,99,5.4
1021.5,0.066,0,99,5.4
1022.0,0.064,0,99,6.0
1022.5,0.064,0,99,6.6000000000000005
1023.0,0.068,0,100,7.800000000000001
1023.5,0.068,0,100,7.2
1024.0,0.068,0,100,6.6000000000000005
1024.5,0.068,0,99,6.0
1025.0,0.066,0,99,6.0
1025.5,0.069,0,99,6.0
1026.0,0.069,0,99,6.6000000000000005
1026.5,0.071,0,99,7.2
1027.0,0.071,0,99,5.4
1027.5,0.071,0,98,5.4
1028.0,0.073,0,98,5.4
1028.5,0.073,0,99,5.4
1029.0,0.074,0,99,5.4
1029.5,0.074,0,99,4.800000000000001
1030.0,0.076,0,99,4.800000000000001
1030.5,0.076,0,99,5.4
1031.0,0.079,0,99,5.4
1031.5,0.076,0,99,5.4
1032.0,0.077,0,99,4.2
1032.5,0.077,0,98,3.0
1033.0,0.079,0,98,2.4000000000000004
1033.5,0.079,0,99,2.4000000000000004
1034.0,0.079,0,99,1.8
1034.5,0.081,0,98,1.8
1035.0,0.079,0,97,1.8
1035.5,0.081,0,97,1.8
1036.0,0.084,0,97,1.8
1036.5,0.081,0,96,1.8
1037.0,0.081,0,96,1.8
1037.5,0.079,0,96,1.2000000000000002
1038.0,0.081,0,95,0.0
1038.5,0.082,0,95,0.0
1039.0,0.082,0,95,0.0
1039.5,0.082,0,95,0.0
1040.0,0.082,0,96,0.0
1040.5,0.084,0,96,0.0
1041.0,0.084,0,96,0.0
1041.5,0.084,0,96,0.0
1042.0,0.084,0,96,0.0
1042.5,0.085,0,97,0.0
1043.0,0.084,0,97,0.0
1043.5,0.084,0,97,0.0
1044.0,0.085,0,97,0.0
1044.5,0.087,0,98,0.6000000000000001
1045.0,0.085,0,98,0.6000000000000001
1045.5,0.085,0,98,0.6000000000000001
1046.0,0.084,0,98,0.6000000000000001
1046.5,0.087,0,98,0.6000000000000001
1047.0,0.087,0,98,0.6000000000000001
1047.5,0.085,0,98,0.6000000000000001
1048.0,0.085,0,97,0.6000000000000001
1048.5,0.087,0,97,2.4000000000000004
1049.0,0.085,0,96,4.800000000000001
1049.5,0.089,0,96,6.0
1050.0,0.087,0,97,6.6000000000000005
1050.5,0.085,0,98,6.6000000000000005
1051.0,0.087,0,97,6.0
1051.5,0.085,0,97,6.0
1052.0,0.085,0,97,6.0
1052.5,0.089,0,97,6.0
1053.0,0.085,0,97,6.0
1053.5,0.087,0,98,6.6000000000000005
1054.0,0.084,0,98,6.0
1054.5,0.084,0,99,8.4
1055.0,0.084,0,98,9.600000000000001
1055.5,0.087,0,98,9.600000000000001
1056.0,0.084,0,99,9.600000000000001
1056.5,0.085,0,99,9.600000000000001
1057.0,0.082,0,98,9.600000000000001
1057.5,0.082,0,98,9.600000000000001
1058.0,0.084,0,99,9.600000000000001
1058.5,0.089,0,99,9.600000000000001
1059.0,0.081,0,99,9.0
1059.5,0.084,0,98,6.6000000000000005
1060.0,0.084,0,98,6.6000000000000005
1060.5,0.084,0,98,6.6000000000000005
1061.0,0.084,0,99,6.6000000000000005
1061.5,0.089,0,99,6.6000000000000005
1062.0,0.084,0,99,6.0
1062.5,0.087,0,100,6.0
1063.0,0.085,0,100,6.0
1063.5,0.085,0,100,6.0
1064.0,0.087,0,100,6.6000000000000005
1064.5,0.087,0,100,6.0
1065.0,0.085,0,99,4.2
1065.5,0.085,0,99,3.0
1066.0,0.084,0,99,2.4000000000000004
1066.5,0.084,0,100,2.4000000000000004
1067.0,0.085,0,99,1.8
1067.5,0.084,0,99,1.8
1068.0,0.081,0,98,1.8
1068.5,0.082,0,98,1.8
1069.0,0.082,0,98,1.8
1069.5,0.082,0,97,1.8
1070.0,0.079,0,97,1.8
1070.5,0.079,0,97,0.6000000000000001
1071.0,0.077,0,96,0.0
1071.5,0.081,0,97,0.0
1072.0,0.077,0,97,0.0
1072.5,0.081,0,97,0.0
1073.0,0.079,0,98,0.0
1073.5,0.079,0,97,0.0
1074.0,0.081,0,98,0.0
1074.5,0.079,0,98,0.0
1075.0,0.082,0,98,0.0
1075.5,0.077,0,100,0.6000000000000001
1076.0,0.077,0,99,2.4000000000000004
1076.5,0.079,0,98,4.800000000000001
1077.0,0.079,0,99,6.0
1077.5,0.079,0,99,6.6000000000000005
1078.0,0.081,0,99,6.0
1078.5,0.077,0,100,6.0
1079.0,0.079,0,99,6.0
1079.5,0.079,0,99,5.4
1080.0,0.079,0,99,5.4
1080.5,0.077,0,99,5.4
1081.0,0.081,0,99,6.0
1081.5,0.079,0,99,6.6000000000000005
1082.0,0.079,0,100,6.0
1082.5,0.079,0,99,8.4
1083.0,0.079,0,100,9.600000000000001
1083.5,0.079,0,100,9.600000000000001
1084.0,0.081,0,100,9.600000000000001
1084.5,0.079,0,101,9.0
1085.0,0.079,0,100,8.4
1085.5,0.076,0,99,8.4
1086.0,0.077,0,100,9.600000000000001
1086.5,0.077,0,101,9.600000000000001
1087.0,0.079,0,100,6.6000000000000005
1087.5,0.077,0,99,6.0
1088.0,0.081,0,99,6.6000000000000005
1088.5,0.076,0,99,6.6000000000000005
1089.0,0.079,0,100,6.0
1089.5,0.076,0,100,6.0
1090.0,0.082,0,100,5.4
1090.5,0.077,0,100,5.4
1091.0,0.079,0,101,5.4
1091.5,0.077,0,100,5.4
1092.0,0.077,0,101,6.0
1092.5,0.076,0,100,4.2
1093.0,0.079,0,100,3.0
1093.5,0.074,0,100,2.4000000000000004
1094.0,0.077,0,100,2.4000000000000004
1094.5,0.076,0,100,1.8
1095.0,0.077,0,100,1.8
1095.5,0.077,0,100,1.8
1096.0,0.081,0,99,1.8
1096.5,0.076,0,99,1.8
1097.0,0.077,0,98,1.8
1097.5,0.079,0,98,1.8
1098.0,0.077,0,98,1.2000000000000002
1098.5,0.076,0,97,0.0
1099.0,0.079,0,97,0.0
1099.5,0.081,0,97,0.0
1100.0,0.077,0,97,0.0
1100.5,0.082,0,98,0.0
1101.0,0.082,0,98,0.0
1101.5,0.084,0,98,0.0
1102.0,0.084,0,98,0.0
1102.5,0.085,0,98,0.0
1103.0,0.084,0,98,0.0
1103.5,0.087,0,99,0.0
1104.0,0.084,0,98,0.0
1104.5,0.085,0,99,0.0
1105.0,0.085,0,100,0.6000000000000001
1105.5,0.085,0,100,0.6000000000000001
1106.0,0.085,0,100,0.6000000000000001
1106.5,0.085,0,100,0.6000000000000001
1107.0,0.085,0,100,0.6000000000000001
1107.5,0.087,0,99,0.6000000000000001
1108.0,0.087,0,99,0.6000000000000001
1108.5,0.089,0,99,1.2000000000000002
1109.0,0.087,0,98,3.6
1109.5,0.09,0,98,5.4
1110.0,0.087,0,98,6.6000000000000005
1110.5,0.09,0,99,6.6000000000000005
1111.0,0.089,0,99,6.6000000000000005
1111.5,0.089,0,99,6.0
1112.0,0.089,0,98,6.0
1112.5,0.09,0,98,6.0
1113.0,0.087,0,98,6.0
1113.5,0.09,0,98,6.6000000000000005
1114.0,0.089,0,98,6.6000000000000005
1114.5,0.089,0,99,6.6000000000000005
1115.0,0.09,0,99,7.800000000000001
1115.5,0.093,0,99,9.600000000000001
1116.0,0.09,0,99,9.600000000000001
1116.5,0.092,0,99,9.600000000000001
1117.0,0.092,0,98,9.600000000000001
1117.5,0.093,0,98,9.600000000000001
1118.0,0.092,0,99,9.600000000000001
1118.5,0.097,0,99,9.600000000000001
1119.0,0.093,0,99,9.600000000000001
1119.5,0.092,0,99,9.600000000000001
1120.0,0.092,0,98,7.2
1120.5,0.093,0,98,6.6000000000000005
1121.0,0.095,0,98,7.800000000000001
1121.5,0.097,0,98,7.800000000000001
1122.0,0.093,0,98,6.6000000000000005
1122.5,0.095,0,99,6.6000000000000005
1123.0,0.097,0,99,6.6000000000000005
1123.5,0.095,0,99,6.0
1124.0,0.097,0,100,6.6000000000000005
1124.5,0.098,0,100,6.6000000000000005
1125.0,0.095,0,99,7.2
1125.5,0.098,0,99,4.800000000000001
1126.0,0.103,0,99,3.6
1126.5,0.1,0,98,3.0
1127.0,0.1,0,99,2.4000000000000004
1127.5,0.102,0,99,2.4000000000000004
1128.0,0.1,0,99,2.4000000000000004
1128.5,0.1,0,98,2.4000000000000004
1129.0,0.102,0,97,2.4000000000000004
1129.5,0.1,0,97,2.4000000000000004
1130.0,0.1,0,96,2.4000000000000004
1130.5,0.102,0,96,2.4000000000000004
1131.0,0.103,0,96,1.2000000000000002
1131.5,0.1,0,95,0.0
1132.0,0.102,0,95,0.0
1132.5,0.097,0,95,0.0
1133.0,0.103,0,96,0.0
1133.5,0.1,0,96,0.0
1134.0,0.105,0,96,0.0
1134.5,0.102,0,96,0.0
1135.0,0.102,0,97,0.0
1135.5,0.102,0,96,0.0
1136.0,0.103,0,97,0.0
1136.5,0.102,0,98,0.0
1137.0,0.106,0,97,0.0
1137.5,0.103,0,98,0.0
1138.0,0.102,0,98,0.6000000000000001
1138.5,0.105,0,98,0.6000000000000001
1139.0,0.103,0,99,0.6000000000000001
1139.5,0.105,0,99,0.6000000000000001
1140.0,0.106,0,99,0.6000000000000001
1140.5,0.105,0,98,0.6000000000000001
1141.0,0.103,0,98,0.6000000000000001
1141.5,0.106,0,98,0.6000000000000001
1142.0,0.105,0,97,3.6
1142.5,0.106,0,96,6.0
1143.0,0.103,0,97,7.2
1143.5,0.103,0,97,9.600000000000001
1144.0,0.103,0,98,9.0
1144.5,0.105,0,98,9.0
1145.0,0.102,0,98,7.2
1145.5,0.105,0,97,7.2
1146.0,0.103,0,98,6.6000000000000005
1146.5,0.105,0,98,7.2
1147.0,0.103,0,98,9.0
1147.5,0.106,0,99,9.600000000000001
1148.0,0.102,0,99,8.4
1148.5,0.103,0,98,9.600000000000001
1149.0,0.103,0,99,9.600000000000001
1149.5,0.105,0,99,9.600000000000001
1150.0,0.103,0,99,9.600000000000001
1150.5,0.106,0,99,9.600000000000001
1151.0,0.103,0,99,9.600000000000001
1151.5,0.102,0,99,9.600000000000001
1152.0,0.102,0,99,9.600000000000001
1152.5,0.106,0,99,9.600000000000001
1153.0,0.103,0,99,9.600000000000001
1153.5,0.102,0,98,8.4
1154.0,0.102,0,98,9.600000000000001
1154.5,0.105,0,99,9.600000000000001
1155.0,0.103,0,99,9.0
1155.5,0.105,0,99,7.800000000000001
1156.0,0.103,0,99,7.2
1156.5,0.103,0,99,6.6000000000000005
1157.0,0.102,0,100,6.6000000000000005
1157.5,0.103,0,100,8.4
1158.0,0.105,0,100,9.600000000000001
1158.5,0.103,0,100,5.4
1159.0,0.102,0,99,4.2
1159.5,0.103,0,100,3.0
1160.0,0.103,0,100,3.0
1160.5,0.105,0,100,2.4000000000000004
1161.0,0.103,0,100,2.4000000000000004
1161.5,0.105,0,99,2.4000000000000004
1162.0,0.103,0,99,2.4000000000000004
1162.5,0.105,0,99,2.4000000000000004
1163.0,0.106,0,98,2.4000000000000004
1163.5,0.103,0,97,2.4000000000000004
1164.0,0.105,0,97,1.2000000000000002
1164.5,0.102,0,97,0.6000000000000001
1165.0,0.102,0,97,0.0
1165.5,0.106,0,96,0.0
1166.0,0.106,0,97,0.0
1166.5,0.102,0,97,0.0
1167.0,0.105,0,97,0.0
1167.5,0.103,0,97,0.0
1168.0,0.105,0,98,0.0
1168.5,0.103,0,98,0.0
1169.0,0.106,0,98,0.0
1169.5,0.103,0,99,0.0
1170.0,0.105,0,99,0.0
1170.5,0.105,0,99,0.0
1171.0,0.105,0,100,0.6000000000000001
1171.5,0.103,0,100,0.6000000000000001
1172.0,0.106,0,100,0.6000000000000001
1172.5,0.105,0,100,0.6000000000000001
1173.0,0.108,0,100,0.6000000000000001
1173.5,0.103,0,100,0.6000000000000001
1174.0,0.108,0,100,0.6000000000000001
1174.5,0.103,0,100,1.2000000000000002
1175.0,0.106,0,98,3.6
1175.5,0.103,0,98,5.4
1176.0,0.105,0,98,7.800000000000001
1176.5,0.103,0,99,9.600000000000001
1177.0,0.105,0,99,9.600000000000001
1177.5,0.102,0,99,8.4
1178.0,0.105,0,99,6.6000000000000005
1178.5,0.105,0,99,6.6000000000000005
1179.0,0.103,0,99,6.6000000000000005
1179.5,0.105,0,99,6.6000000000000005
1180.0,0.103,0,99,9.0
1180.5,0.103,0,100,7.2
1181.0,0.105,0,100,8.4
1181.5,0.102,0,100,9.600000000000001
1182.0,0.103,0,100,9.600000000000001
1182.5,0.106,0,100,9.600000000000001
1183.0,0.103,0,100,9.600000000000001
1183.5,0.103,0,100,9.600000000000001
1184.0,0.106,0,100,9.600000000000001
1184.5,0.102,0,100,9.600000000000001
1185.0,0.1,0,100,9.600000000000001
1185.5,0.105,0,100,9.600000000000001
1186.0,0.103,0,100,8.4
1186.5,0.102,0,99,7.2
1187.0,0.103,0,99,8.4
1187.5,0.1,0,100,8.4
1188.0,0.098,0,100,7.800000000000001
1188.5,0.105,0,100,6.6000000000000005
1189.0,0.1,0,99,6.6000000000000005
1189.5,0.098,0,101,6.6000000000000005
1190.0,0.102,0,101,6.6000000000000005
1190.5,0.1,0,101,7.2
1191.0,0.097,0,102,7.2
1191.5,0.105,0,101,4.800000000000001
1192.0,0.098,0,101,3.0
1192.5,0.1,0,101,2.4000000000000004
1193.0,0.1,0,101,2.4000000000000004
1193.5,0.098,0,101,2.4000000000000004
1194.0,0.097,0,101,1.8
1194.5,0.103,0,100,1.8
1195.0,0.098,0,100,1.8
1195.5,0.1,0,99,1.8
1196.0,0.1,0,99,1.8
1196.5,0.1,0,99,1.8
1197.0,0.098,0,98,0.6000000000000001
1197.5,0.105,0,98,0.0
1198.0,0.1,0,98,0.0
1198.5,0.1,0,98,0.0
1199.0,0.102,0,98,0.0
1199.5,0.102,0,99,0.0
1200.0,0.102,0,98,0.0
1200.5,0.105,0,99,0.0
1201.0,0.1,0,98,0.0
1201.5,0.102,0,99,0.0
1202.0,0.102,0,99,0.0
1202.5,0.103,0,100,0.0
1203.0,0.1,0,100,0.0
1203.5,0.103,0,100,0.6000000000000001
1204.0,0.1,0,101,0.6000000000000001
1204.5,0.103,0,101,0.6000000000000001
1205.0,0.1,0,101,0.6000000000000001
1205.5,0.103,0,101,0.6000000000000001
1206.0,0.1,0,100,0.6000000000000001
1206.5,0.105,0,100,0.6000000000000001
1207.0,0.1,0,100,1.2000000000000002
1207.5,0.102,0,99,3.0
1208.0,0.1,0,99,5.4
1208.5,0.102,0,99,6.6000000000000005
1209.0,0.1,0,100,8.4
1209.5,0.102,0,100,7.2
1210.0,0.098,0,100,6.6000000000000005
1210.5,0.102,0,100,6.6000000000000005
1211.0,0.102,0,100,6.0
1211.5,0.1,0,100,6.0
1212.0,0.1,0,100,6.0
1212.5,0.103,0,100,6.6000000000000005
1213.0,0.102,0,100,7.2
1213.5,0.102,0,100,8.4
1214.0,0.1,0,100,9.600000000000001
1214.5,0.1,0,100,9.600000000000001
1215.0,0.1,0,100,9.600000000000001
1215.5,0.103,0,101,9.600000000000001
1216.0,0.1,0,101,9.600000000000001
1216.5,0.097,0,101,9.600000000000001
1217.0,0.097,0,100,9.600000000000001
1217.5,0.1,0,101,9.600000000000001
1218.0,0.1,0,101,9.600000000000001
1218.5,0.103,0,100,6.6000000000000005
1219.0,0.1,0,99,6.6000000000000005
1219.5,0.1,0,100,7.2
1220.0,0.098,0,100,7.800000000000001
1220.5,0.1,0,100,7.2
1221.0,0.098,0,101,6.6000000000000005
1221.5,0.102,0,101,6.6000000000000005
1222.0,0.102,0,101,6.0
1222.5,0.1,0,102,6.0
1223.0,0.102,0,101,6.6000000000000005
1223.5,0.103,0,101,6.6000000000000005
1224.0,0.103,0,101,4.800000000000001
1224.5,0.105,0,101,3.0
1225.0,0.103,0,101,3.0
1225.5,0.103,0,101,2.4000000000000004
1226.0,0.105,0,101,2.4000000000000004
1226.5,0.108,0,100,2.4000000000000004
1227.0,0.105,0,100,1.8
1227.5,0.106,0,99,2.4000000000000004
1228.0,0.105,0,98,1.8
1228.5,0.106,0,98,2.4000000000000004
1229.0,0.106,0,97,1.8
1229.5,0.108,0,97,0.6000000000000001
1230.0,0.105,0,97,0.0
1230.5,0.106,0,97,0.0
1231.0,0.105,0,97,0.0
1231.5,0.106,0,97,0.0
1232.0,0.108,0,98,0.0
1232.5,0.105,0,97,0.0
1233.0,0.106,0,98,0.0
1233.5,0.106,0,98,0.0
1234.0,0.11,0,98,0.0
1234.5,0.105,0,99,0.0
1235.0,0.108,0,99,0.0
1235.5,0.106,0,98,0.6000000000000001
1236.0,0.11,0,100,0.6000000000000001
1236.5,0.106,0,100,0.6000000000000001
1237.0,0.111,0,100,0.6000000000000001
1237.5,0.11,0,100,0.6000000000000001
1238.0,0.111,0,100,0.6000000000000001
1238.5,0.11,0,100,0.6000000000000001
1239.0,0.111,0,100,0.6000000000000001
1239.5,0.11,0,100,0.6000000000000001
1240.0,0.111,0,99,2.4000000000000004
1240.5,0.111,0,98,4.800000000000001
1241.0,0.113,0,98,6.6000000000000005
1241.5,0.111,0,98,9.600000000000001
1242.0,0.113,0,99,9.600000000000001
1242.5,0.113,0,99,9.600000000000001
1243.0,0.114,0,99,9.0
1243.5,0.113,0,98,7.2
1244.0,0.114,0,99,7.2
1244.5,0.113,0,98,7.2
1245.0,0.116,0,98,8.4
1245.5,0.111,0,99,9.600000000000001
1246.0,0.114,0,99,8.4
1246.5,0.113,0,99,9.600000000000001
1247.0,0.116,0,99,9.600000000000001
1247.5,0.113,0,99,9.600000000000001
1248.0,0.113,0,100,9.600000000000001
1248.5,0.113,0,100,9.600000000000001
1249.0,0.114,0,99,9.600000000000001
1249.5,0.114,0,99,9.600000000000001
1250.0,0.118,0,99,9.600000000000001
1250.5,0.113,0,99,9.600000000000001
1251.0,0.113,0,99,9.600000000000001
1251.5,0.114,0,98,9.0
1252.0,0.114,0,97,9.600000000000001
1252.5,0.114,0,98,9.600000000000001
1253.0,0.118,0,98,9.600000000000001
1253.5,0.116,0,98,9.0
1254.0,0.114,0,99,8.4
1254.5,0.119,0,99,8.4
1255.0,0.119,0,99,8.4
1255.5,0.116,0,100,9.600000000000001
1256.0,0.118,0,100,9.600000000000001
1256.5,0.121,0,99,6.6000000000000005
1257.0,0.121,0,99,4.800000000000001
1257.5,0.119,0,99,3.6
1258.0,0.121,0,99,3.0
1258.5,0.118,0,100,2.4000000000000004
1259.0,0.119,0,99,2.4000000000000004
1259.5,0.122,0,99,2.4000000000000004
1260.0,0.118,0,98,2.4000000000000004
1260.5,0.121,0,97,2.4000000000000004
1261.0,0.118,0,97,2.4000000000000004
1261.5,0.119,0,97,2.4000000000000004
1262.0,0.119,0,97,1.8
1262.5,0.122,0,96,0.6000000000000001
1263.0,0.116,0,96,0.0
1263.5,0.118,0,96,0.0
1264.0,0.116,0,96,0.0
1264.5,0.121,0,97,0.0
1265.0,0.116,0,97,0.0
1265.5,0.119,0,97,0.0
1266.0,0.114,0,98,0.0
1266.5,0.114,0,97,0.0
1267.0,0.114,0,97,0.0
1267.5,0.116,0,98,0.0
1268.0,0.114,0,99,0.0
1268.5,0.118,0,98,0.0
1269.0,0.113,0,99,0.6000000000000001
1269.5,0.114,0,99,0.6000000000000001
1270.0,0.116,0,100,1.2000000000000002
1270.5,0.116,0,100,0.6000000000000001
1271.0,0.116,0,100,0.6000000000000001
1271.5,0.118,0,100,0.6000000000000001
1272.0,0.116,0,100,0.6000000000000001
1272.5,0.116,0,99,0.6000000000000001
1273.0,0.116,0,99,3.0
1273.5,0.118,0,98,5.4
1274.0,0.118,0,98,7.800000000000001
1274.5,0.119,0,99,9.600000000000001
1275.0,0.118,0,99,9.600000000000001
1275.5,0.118,0,99,9.600000000000001
1276.0,0.118,0,99,9.600000000000001
1276.5,0.116,0,99,8.4
1277.0,0.118,0,99,7.2
1277.5,0.116,0,99,8.4
1278.0,0.114,0,99,9.600000000000001
1278.5,0.114,0,99,9.600000000000001
1279.0,0.114,0,100,9.600000000000001
1279.5,0.113,0,99,9.600000000000001
1280.0,0.116,0,100,9.600000000000001
1280.5,0.111,0,100,9.600000000000001
1281.0,0.113,0,100,9.600000000000001
1281.5,0.11,0,101,9.600000000000001
1282.0,0.113,0,100,9.600000000000001
1282.5,0.11,0,101,9.600000000000001
1283.0,0.113,0,101,9.600000000000001
1283.5,0.111,0,101,9.600000000000001
1284.0,0.11,0,101,9.600000000000001
1284.5,0.106,0,100,7.2
1285.0,0.11,0,100,7.800000000000001
1285.5,0.108,0,100,9.0
1286.0,0.11,0,100,9.600000000000001
1286.5,0.105,0,101,7.800000000000001
1287.0,0.108,0,101,6.6000000000000005
1287.5,0.106,0,101,6.6000000000000005
1288.0,0.113,0,102,6.6000000000000005
1288.5,0.108,0,101,7.800000000000001
1289.0,0.111,0,102,9.600000000000001
1289.5,0.106,0,102,5.4
1290.0,0.11,0,101,4.2
1290.5,0.111,0,101,3.0
1291.0,0.116,0,101,2.4000000000000004
1291.5,0.111,0,101,2.4000000000000004
1292.0,0.114,0,101,2.4000000000000004
1292.5,0.111,0,100,2.4000000000000004
1293.0,0.114,0,100,2.4000000000000004
1293.5,0.113,0,99,2.4000000000000004
1294.0,0.119,0,99,2.4000000000000004
1294.5,0.113,0,98,2.4000000000000004
1295.0,0.116,0,98,1.2000000000000002
1295.5,0.113,0,98,0.0
1296.0,0.114,0,97,0.0
1296.5,0.121,0,97,0.0
1297.0,0.124,0,98,0.0
1297.5,0.114,0,98,0.0
1298.0,0.118,0,98,0.0
1298.5,0.118,0,97,0.0
1299.0,0.116,0,98,0.0
1299.5,0.118,0,98,0.0
1300.0,0.119,0,99,0.0
1300.5,0.116,0,99,0.0
1301.0,0.118,0,99,0.0
1301.5,0.119,0,99,0.6000000000000001
1302.0,0.121,0,100,0.6000000000000001
1302.5,0.118,0,100,0.6000000000000001
1303.0,0.122,0,100,0.6000000000000001
1303.5,0.119,0,100,0.6000000000000001
1304.0,0.119,0,100,0.6000000000000001
1304.5,0.121,0,99,0.6000000000000001
1305.0,0.124,0,99,0.6000000000000001
1305.5,0.122,0,99,1.8
1306.0,0.121,0,98,4.2
1306.5,0.124,0,97,6.6000000000000005
1307.0,0.121,0,97,9.600000000000001
1307.5,0.122,0,98,9.600000000000001
1308.0,0.124,0,98,9.600000000000001
1308.5,0.122,0,98,9.600000000000001
1309.0,0.126,0,98,9.0
1309.5,0.126,0,98,8.4
1310.0,0.124,0,98,9.0
1310.5,0.126,0,98,9.600000000000001
1311.0,0.127,0,98,9.600000000000001
1311.5,0.126,0,98,9.600000000000001
1312.0,0.127,0,98,9.600000000000001
1312.5,0.126,0,98,9.600000000000001
1313.0,0.127,0,98,9.600000000000001
1313.5,0.127,0,99,10.200000000000001
1314.0,0.126,0,99,9.600000000000001
1314.5,0.126,0,99,9.600000000000001
1315.0,0.127,0,99,9.600000000000001
1315.5,0.126,0,99,9.600000000000001
1316.0,0.126,0,99,10.200000000000001
1316.5,0.129,0,99,10.200000000000001
1317.0,0.124,0,98,9.600000000000001
1317.5,0.127,0,98,9.600000000000001
1318.0,0.124,0,98,9.600000000000001
1318.5,0.126,0,98,9.600000000000001
1319.0,0.126,0,99,9.600000000000001
1319.5,0.131,0,99,9.600000000000001
1320.0,0.124,0,99,9.600000000000001
1320.5,0.127,0,99,9.600000000000001
1321.0,0.126,0,100,9.600000000000001
1321.5,0.127,0,100,9.600000000000001
1322.0,0.127,0,100,9.600000000000001
1322.5,0.132,0,100,5.4
1323.0,0.126,0,99,4.2
1323.5,0.129,0,99,3.0
1324.0,0.126,0,99,3.0
1324.5,0.129,0,99,2.4000000000000004
1325.0,0.127,0,99,2.4000000000000004
1325.5,0.127,0,98,2.4000000000000004
1326.0,0.129,0,98,2.4000000000000004
1326.5,0.127,0,98,2.4000000000000004
1327.0,0.127,0,97,2.4000000000000004
1327.5,0.131,0,97,2.4000000000000004
1328.0,0.126,0,97,1.2000000000000002
1328.5,0.126,0,96,0.0
1329.0,0.131,0,96,0.0
1329.5,0.129,0,96,0.0
1330.0,0.126,0,97,0.0
1330.5,0.127,0,97,0.0
1331.0,0.129,0,97,0.0
1331.5,0.126,0,97,0.0
1332.0,0.129,0,98,0.0
1332.5,0.124,0,98,0.0
1333.0,0.124,0,98,0.0
1333.5,0.124,0,99,0.0
1334.0,0.126,0,98,0.0
1334.5,0.124,0,99,0.6000000000000001
1335.0,0.127,0,99,0.6000000000000001
1335.5,0.126,0,100,0.6000000000000001
1336.0,0.127,0,100,0.6000000000000001
1336.5,0.126,0,100,0.6000000000000001
1337.0,0.127,0,100,0.6000000000000001
1337.5,0.124,0,100,0.6000000000000001
1338.0,0.131,0,100,0.6000000000000001
1338.5,0.126,0,99,1.8
1339.0,0.126,0,98,4.2
1339.5,0.126,0,97,6.6000000000000005
1340.0,0.129,0,98,9.600000000000001
1340.5,0.124,0,99,9.600000000000001
1341.0,0.126,0,99,9.600000000000001
1341.5,0.126,0,99,9.600000000000001
1342.0,0.126,0,99,9.600000000000001
1342.5,0.126,0,99,9.600000000000001
1343.0,0.126,0,99,9.600000000000001
1343.5,0.124,0,99,9.600000000000001
1344.0,0.129,0,99,9.600000000000001
1344.5,0.126,0,100,9.600000000000001
1345.0,0.124,0,100,9.600000000000001
1345.5,0.126,0,99,9.600000000000001
1346.0,0.126,0,99,9.600000000000001
1346.5,0.122,0,99,10.200000000000001
1347.0,0.126,0,100,9.600000000000001
1347.5,0.124,0,99,9.600000000000001
1348.0,0.124,0,100,9.600000000000001
1348.5,0.124,0,100,9.600000000000001
1349.0,0.127,0,100,10.200000000000001
1349.5,0.122,0,100,9.600000000000001
1350.0,0.122,0,99,9.600000000000001
1350.5,0.121,0,99,9.600000000000001
1351.0,0.121,0,98,9.600000000000001
1351.5,0.122,0,99,9.600000000000001
1352.0,0.122,0,99,9.600000000000001
1352.5,0.121,0,99,9.600000000000001
1353.0,0.124,0,100,9.600000000000001
1353.5,0.122,0,100,9.600000000000001
1354.0,0.122,0,100,9.600000000000001
1354.5,0.121,0,100,9.600000000000001
1355.0,0.121,0,100,4.800000000000001
1355.5,0.124,0,100,3.6
1356.0,0.122,0,100,3.0
1356.5,0.122,0,100,3.0
1357.0,0.121,0,100,2.4000000000000004
1357.5,0.121,0,100,2.4000000000000004
1358.0,0.121,0,99,2.4000000000000004
1358.5,0.124,0,99,2.4000000000000004
1359.0,0.126,0,98,2.4000000000000004
1359.5,0.122,0,98,2.4000000000000004
1360.0,0.122,0,98,2.4000000000000004
1360.5,0.124,0,97,1.2000000000000002
1361.0,0.121,0,97,0.0
1361.5,0.126,0,96,0.0
1362.0,0.124,0,97,0.0
1362.5,0.121,0,97,0.0
1363.0,0.121,0,98,0.0
1363.5,0.122,0,97,0.0
1364.0,0.121,0,98,0.0
1364.5,0.119,0,98,0.0
1365.0,0.121,0,98,0.0
1365.5,0.119,0,99,0.0
1366.0,0.121,0,100,0.0
1366.5,0.116,0,99,0.0
1367.0,0.118,0,100,0.6000000000000001
1367.5,0.116,0,100,0.6000000000000001
1368.0,0.121,0,101,0.6000000000000001
1368.5,0.116,0,101,0.6000000000000001
1369.0,0.119,0,101,0.6000000000000001
1369.5,0.116,0,101,0.6000000000000001
1370.0,0.116,0,101,0.6000000000000001
1370.5,0.114,0,101,0.6000000000000001
1371.0,0.118,0,100,3.0
1371.5,0.114,0,99,5.4
1372.0,0.118,0,99,8.4
1372.5,0.116,0,99,9.600000000000001
1373.0,0.118,0,100,9.600000000000001
1373.5,0.111,0,100,9.600000000000001
1374.0,0.118,0,100,9.600000000000001
1374.5,0.116,0,99,9.0
1375.0,0.118,0,100,9.600000000000001
1375.5,0.114,0,99,9.600000000000001
1376.0,0.114,0,99,9.600000000000001
1376.5,0.113,0,100,9.600000000000001
1377.0,0.114,0,100,9.600000000000001
1377.5,0.114,0,100,9.600000000000001
1378.0,0.118,0,100,9.600000000000001
1378.5,0.116,0,100,10.200000000000001
1379.0,0.114,0,101,9.600000000000001
1379.5,0.116,0,100,9.600000000000001
1380.0,0.116,0,100,9.600000000000001
1380.5,0.114,0,101,9.600000000000001
1381.0,0.116,0,101,9.600000000000001
1381.5,0.113,0,101,10.200000000000001
1382.0,0.11,0,101,9.600000000000001
1382.5,0.111,0,100,9.600000000000001
1383.0,0.111,0,100,9.600000000000001
1383.5,0.111,0,100,9.600000000000001
1384.0,0.113,0,100,9.600000000000001
1384.5,0.111,0,101,9.600000000000001
1385.0,0.108,0,101,9.0
1385.5,0.11,0,101,9.0
1386.0,0.113,0,102,9.0
1386.5,0.108,0,102,9.600000000000001
1387.0,0.111,0,102,9.600000000000001
1387.5,0.113,0,101,5.4
1388.0,0.11,0,101,4.2
1388.5,0.111,0,101,3.0
1389.0,0.113,0,102,3.0
1389.5,0.111,0,101,2.4000000000000004
1390.0,0.111,0,101,2.4000000000000004
1390.5,0.113,0,100,2.4000000000000004
1391.0,0.108,0,100,2.4000000000000004
1391.5,0.111,0,100,2.4000000000000004
1392.0,0.111,0,99,2.4000000000000004
1392.5,0.108,0,99,2.4000000000000004
1393.0,0.108,0,99,1.2000000000000002
1393.5,0.108,0,98,0.0
1394.0,0.106,0,98,0.0
1394.5,0.108,0,98,0.0
1395.0,0.108,0,99,0.0
1395.5,0.111,0,99,0.0
1396.0,0.11,0,99,0.0
1396.5,0.113,0,99,0.0
1397.0,0.111,0,99,0.0
1397.5,0.111,0,99,0.0
1398.0,0.111,0,100,0.0
1398.5,0.114,0,100,0.0
1399.0,0.114,0,100,0.0
1399.5,0.116,0,100,0.6000000000000001
1400.0,0.116,0,100,0.6000000000000001
1400.5,0.114,0,101,0.6000000000000001
1401.0,0.118,0,101,0.6000000000000001
1401.5,0.116,0,100,0.6000000000000001
1402.0,0.118,0,100,0.6000000000000001
1402.5,0.118,0,100,0.6000000000000001
1403.0,0.116,0,100,0.6000000000000001
1403.5,0.116,0,99,2.4000000000000004
1404.0,0.118,0,98,5.4
1404.5,0.118,0,98,7.800000000000001
1405.0,0.116,0,99,9.600000000000001
1405.5,0.119,0,99,9.600000000000001
1406.0,0.116,0,99,9.600000000000001
1406.5,0.118,0,99,9.600000000000001
1407.0,0.118,0,99,9.600000000000001
1407.5,0.121,0,99,9.600000000000001
1408.0,0.119,0,99,9.600000000000001
1408.5,0.121,0,99,9.600000000000001
1409.0,0.121,0,100,9.600000000000001
1409.5,0.124,0,100,9.600000000000001
1410.0,0.121,0,99,9.600000000000001
1410.5,0.122,0,99,9.600000000000001
1411.0,0.121,0,99,10.200000000000001
1411.5,0.126,0,100,10.200000000000001
1412.0,0.121,0,100,9.600000000000001
1412.5,0.121,0,100,9.600000000000001
1413.0,0.124,0,99,9.600000000000001
1413.5,0.121,0,100,9.600000000000001
1414.0,0.121,0,100,10.200000000000001
1414.5,0.126,0,99,9.600000000000001
1415.0,0.122,0,99,9.600000000000001
1415.5,0.121,0,99,9.600000000000001
1416.0,0.121,0,98,9.600000000000001
1416.5,0.122,0,98,9.600000000000001
1417.0,0.119,0,100,9.600000000000001
1417.5,0.129,0,100,9.600000000000001
1418.0,0.122,0,99,9.600000000000001
1418.5,0.122,0,101,9.600000000000001
1419.0,0.122,0,100,9.600000000000001
1419.5,0.126,0,99,9.600000000000001
1420.0,0.122,0,100,6.6000000000000005
1420.5,0.127,0,100,4.2
1421.0,0.124,0,99,3.6
1421.5,0.124,0,99,3.0
1422.0,0.126,0,99,3.0
1422.5,0.127,0,99,3.0
1423.0,0.131,0,98,2.4000000000000004
1423.5,0.129,0,98,2.4000000000000004
1424.0,0.129,0,97,2.4000000000000004
1424.5,0.131,0,97,2.4000000000000004
1425.0,0.129,0,97,1.8
1425.5,0.131,0,97,0.6000000000000001
1426.0,0.131,0,96,0.0
1426.5,0.129,0,96,0.0
1427.0,0.131,0,96,0.0
1427.5,0.131,0,96,0.0
1428.0,0.131,0,97,0.0
1428.5,0.131,0,96,0.0
1429.0,0.131,0,97,0.0
1429.5,0.132,0,97,0.0
1430.0,0.132,0,97,0.0
1430.5,0.134,0,98,0.0
1431.0,0.131,0,97,0.0
1431.5,0.134,0,97,0.6000000000000001
1432.0,0.129,0,98,0.6000000000000001
1432.5,0.132,0,98,1.2000000000000002
1433.0,0.131,0,99,0.6000000000000001
1433.5,0.134,0,99,0.6000000000000001
1434.0,0.132,0,99,0.6000000000000001
1434.5,0.135,0,99,0.6000000000000001
1435.0,0.134,0,99,0.6000000000000001
1435.5,0.137,0,99,0.6000000000000001
1436.0,0.135,0,98,3.0
1436.5,0.135,0,97,6.0
1437.0,0.135,0,97,9.600000000000001
1437.5,0.134,0,97,9.600000000000001
1438.0,0.135,0,98,9.600000000000001
1438.5,0.135,0,98,9.600000000000001
1439.0,0.135,0,98,9.600000000000001
1439.5,0.137,0,98,9.600000000000001
1440.0,0.137,0,98,9.600000000000001
1440.5,0.137,0,98,9.600000000000001
1441.0,0.137,0,98,9.600000000000001
1441.5,0.137,0,98,9.600000000000001
1442.0,0.137,0,99,9.600000000000001
1442.5,0.137,0,99,9.600000000000001
1443.0,0.139,0,98,10.200000000000001
1443.5,0.14,0,98,10.8
1444.0,0.14,0,99,10.8
1444.5,0.137,0,99,10.8
1445.0,0.137,0,99,10.8
1445.5,0.137,0,99,10.8
1446.0,0.142,0,99,10.8
1446.5,0.137,0,99,11.4
1447.0,0.14,0,99,10.200000000000001
1447.5,0.14,0,98,9.600000000000001
1448.0,0.14,0,97,9.600000000000001
1448.5,0.14,0,98,9.600000000000001
1449.0,0.145,0,98,9.600000000000001
1449.5,0.142,0,98,9.600000000000001
1450.0,0.14,0,99,9.600000000000001
1450.5,0.14,0,99,9.600000000000001
1451.0,0.143,0,99,9.600000000000001
1451.5,0.14,0,99,9.600000000000001
1452.0,0.145,0,99,9.600000000000001
1452.5,0.145,0,99,9.600000000000001
1453.0,0.14,0,98,5.4
1453.5,0.142,0,97,4.2
1454.0,0.145,0,98,3.6
1454.5,0.145,0,98,3.0
1455.0,0.145,0,98,3.0
1455.5,0.147,0,98,3.0
1456.0,0.145,0,97,3.0
1456.5,0.145,0,97,3.0
1457.0,0.148,0,97,3.0
1457.5,0.147,0,96,3.0
1458.0,0.145,0,96,3.0
1458.5,0.145,0,96,1.2000000000000002
1459.0,0.145,0,95,0.0
1459.5,0.145,0,95,0.0
1460.0,0.147,0,95,0.0
1460.5,0.147,0,95,0.0
1461.0,0.147,0,96,0.0
1461.5,0.145,0,96,0.0
1462.0,0.147,0,96,0.0
1462.5,0.148,0,97,0.0
1463.0,0.142,0,97,0.0
1463.5,0.143,0,97,0.0
1464.0,0.143,0,98,0.0
1464.5,0.145,0,97,0.0
1465.0,0.143,0,98,0.6000000000000001
1465.5,0.145,0,98,1.2000000000000002
1466.0,0.143,0,99,1.2000000000000002
1466.5,0.145,0,99,1.2000000000000002
1467.0,0.143,0,99,1.2000000000000002
1467.5,0.145,0,99,1.2000000000000002
1468.0,0.142,0,99,0.6000000000000001
1468.5,0.142,0,99,0.6000000000000001
1469.0,0.145,0,98,1.8
1469.5,0.145,0,97,4.800000000000001
1470.0,0.142,0,97,9.600000000000001
1470.5,0.142,0,97,9.600000000000001
1471.0,0.142,0,98,9.600000000000001
1471.5,0.143,0,98,9.600000000000001
1472.0,0.143,0,98,9.600000000000001
1472.5,0.145,0,98,9.600000000000001
1473.0,0.145,0,98,9.600000000000001
1473.5,0.147,0,99,9.600000000000001
1474.0,0.147,0,99,9.600000000000001
1474.5,0.145,0,99,9.600000000000001
1475.0,0.15,0,99,9.600000000000001
1475.5,0.143,0,99,9.600000000000001
1476.0,0.145,0,99,10.200000000000001
1476.5,0.147,0,98,10.8
1477.0,0.143,0,99,11.4
1477.5,0.143,0,99,11.4
1478.0,0.148,0,99,11.4
1478.5,0.142,0,99,10.8
1479.0,0.147,0,99,11.4
1479.5,0.142,0,100,11.4
1480.0,0.142,0,100,11.4
1480.5,0.14,0,99,9.600000000000001
1481.0,0.147,0,98,9.600000000000001
1481.5,0.142,0,98,9.600000000000001
1482.0,0.142,0,99,9.600000000000001
1482.5,0.142,0,99,9.600000000000001
1483.0,0.142,0,100,9.600000000000001
1483.5,0.14,0,100,9.600000000000001
1484.0,0.145,0,100,9.600000000000001
1484.5,0.142,0,101,9.600000000000001
1485.0,0.14,0,101,9.600000000000001
1485.5,0.14,0,101,9.600000000000001
1486.0,0.14,0,100,6.0
1486.5,0.14,0,100,4.2
1487.0,0.143,0,100,3.6
1487.5,0.14,0,100,3.6
1488.0,0.14,0,100,3.0
1488.5,0.139,0,100,3.0
1489.0,0.14,0,99,3.0
1489.5,0.139,0,99,2.4000000000000004
1490.0,0.139,0,99,3.0
1490.5,0.137,0,98,3.0
1491.0,0.137,0,98,3.0
1491.5,0.135,0,98,1.2000000000000002
1492.0,0.14,0,97,0.0
1492.5,0.14,0,97,0.0
1493.0,0.137,0,97,0.0
1493.5,0.139,0,97,0.0
1494.0,0.139,0,98,0.0
1494.5,0.139,0,98,0.0
1495.0,0.139,0,98,0.0
1495.5,0.137,0,98,0.0
1496.0,0.139,0,99,0.0
1496.5,0.14,0,99,0.0
1497.0,0.139,0,100,0.0
1497.5,0.139,0,98,0.0
1498.0,0.14,0,99,0.6000000000000001
1498.5,0.137,0,100,1.2000000000000002
1499.0,0.14,0,100,1.2000000000000002
1499.5,0.14,0,101,1.2000000000000002
1500.0,0.139,0,100,1.2000000000000002
1500.5,0.139,0,100,0.6000000000000001
1501.0,0.139,0,101,0.6000000000000001
1501.5,0.139,0,101,1.2000000000000002
1502.0,0.139,0,100,3.0
1502.5,0.137,0,99,6.0
1503.0,0.135,0,99,9.600000000000001
1503.5,0.137,0,99,9.600000000000001
1504.0,0.137,0,100,9.600000000000001
1504.5,0.137,0,100,9.600000000000001
1505.0,0.139,0,100,9.600000000000001
1505.5,0.137,0,100,9.600000000000001
1506.0,0.137,0,100,9.600000000000001
1506.5,0.137,0,100,9.600000000000001
1507.0,0.135,0,100,9.600000000000001
1507.5,0.137,0,100,9.600000000000001
1508.0,0.137,0,101,9.600000000000001
1508.5,0.135,0,100,9.600000000000001
1509.0,0.135,0,100,10.200000000000001
1509.5,0.134,0,100,10.8
1510.0,0.132,0,100,10.8
1510.5,0.129,0,101,10.8
1511.0,0.129,0,101,10.200000000000001
1511.5,0.129,0,101,10.200000000000001
1512.0,0.127,0,101,10.8
1512.5,0.129,0,101,10.8
1513.0,0.129,0,101,9.600000000000001
1513.5,0.126,0,100,9.600000000000001
1514.0,0.127,0,102,9.600000000000001
1514.5,0.131,0,102,9.600000000000001
1515.0,0.132,0,102,9.600000000000001
1515.5,0.134,0,102,6.0
1516.0,0.131,0,101,4.800000000000001
1516.5,0.131,0,101,3.6
1517.0,0.131,0,101,3.0
1517.5,0.134,0,101,3.0
1518.0,0.134,0,101,2.4000000000000004
1518.5,0.135,0,100,2.4000000000000004
1519.0,0.134,0,100,2.4000000000000004
1519.5,0.134,0,100,2.4000000000000004
1520.0,0.134,0,99,3.0
1520.5,0.135,0,99,3.0
1521.0,0.134,0,99,1.8
1521.5,0.137,0,97,0.0
1522.0,0.134,0,97,0.0
1522.5,0.137,0,97,0.0
1523.0,0.135,0,98,0.0
1523.5,0.14,0,98,0.0
1524.0,0.135,0,98,0.0
1524.5,0.14,0,98,0.0
1525.0,0.135,0,98,0.0
1525.5,0.137,0,99,0.0
1526.0,0.134,0,99,0.0
1526.5,0.137,0,100,0.0
1527.0,0.135,0,99,0.0
1527.5,0.139,0,99,0.6000000000000001
1528.0,0.135,0,100,0.6000000000000001
1528.5,0.137,0,100,1.2000000000000002
1529.0,0.135,0,100,0.6000000000000001
1529.5,0.139,0,100,0.6000000000000001
1530.0,0.137,0,100,0.6000000000000001
1530.5,0.14,0,100,0.6000000000000001
1531.0,0.139,0,100,0.6000000000000001
1531.5,0.14,0,99,2.4000000000000004
1532.0,0.137,0,97,5.4
1532.5,0.14,0,97,9.600000000000001
1533.0,0.142,0,98,9.600000000000001
1533.5,0.143,0,98,9.600000000000001
1534.0,0.142,0,98,9.600000000000001
1534.5,0.142,0,98,9.600000000000001
1535.0,0.142,0,98,9.600000000000001
1535.5,0.143,0,98,9.600000000000001
1536.0,0.143,0,98,9.600000000000001
1536.5,0.143,0,98,9.600000000000001
1537.0,0.145,0,99,9.600000000000001
1537.5,0.145,0,99,9.600000000000001
1538.0,0.147,0,99,9.600000000000001
1538.5,0.143,0,99,10.8
1539.0,0.147,0,98,11.4
1539.5,0.145,0,98,11.4
1540.0,0.145,0,99,11.4
1540.5,0.143,0,98,11.4
1541.0,0.15,0,99,11.4
1541.5,0.145,0,98,11.4
1542.0,0.148,0,99,12.0
1542.5,0.148,0,99,11.4
1543.0,0.15,0,98,9.600000000000001
1543.5,0.147,0,97,9.600000000000001
1544.0,0.147,0,97,9.600000000000001
1544.5,0.148,0,97,9.600000000000001
1545.0,0.148,0,98,9.600000000000001
1545.5,0.148,0,98,9.600000000000001
1546.0,0.153,0,98,9.600000000000001
1546.5,0.15,0,99,9.600000000000001
1547.0,0.148,0,99,9.600000000000001
1547.5,0.148,0,99,9.600000000000001
1548.0,0.15,0,99,9.600000000000001
1548.5,0.151,0,99,6.6000000000000005
1549.0,0.155,0,98,4.800000000000001
1549.5,0.155,0,98,4.2
1550.0,0.15,0,99,3.6
1550.5,0.151,0,99,3.0
1551.0,0.151,0,99,3.0
1551.5,0.155,0,98,3.0
1552.0,0.155,0,98,3.0
1552.5,0.153,0,97,3.0
1553.0,0.151,0,97,3.0
1553.5,0.153,0,96,3.0
1554.0,0.153,0,96,1.8
1554.5,0.153,0,95,0.0
1555.0,0.155,0,95,0.0
1555.5,0.153,0,94,0.0
1556.0,0.153,0,95,0.0
1556.5,0.155,0,96,0.0
1557.0,0.153,0,96,0.0
1557.5,0.151,0,96,0.0
1558.0,0.153,0,97,0.0
1558.5,0.151,0,97,0.0
1559.0,0.15,0,97,0.0
1559.5,0.151,0,98,0.0
1560.0,0.148,0,97,0.0
1560.5,0.151,0,97,0.6000000000000001
1561.0,0.15,0,98,1.2000000000000002
1561.5,0.153,0,99,1.2000000000000002
1562.0,0.15,0,99,1.2000000000000002
1562.5,0.151,0,99,1.2000000000000002
1563.0,0.15,0,99,1.2000000000000002
1563.5,0.151,0,99,1.2000000000000002
1564.0,0.148,0,99,0.6000000000000001
1564.5,0.151,0,99,1.8
1565.0,0.147,0,97,4.800000000000001
1565.5,0.151,0,97,9.0
1566.0,0.15,0,97,9.600000000000001
1566.5,0.151,0,98,10.200000000000001
1567.0,0.151,0,98,10.200000000000001
1567.5,0.153,0,98,10.200000000000001
1568.0,0.155,0,98,9.600000000000001
1568.5,0.155,0,98,9.600000000000001
1569.0,0.156,0,98,9.600000000000001
1569.5,0.156,0,98,9.600000000000001
1570.0,0.155,0,98,10.200000000000001
1570.5,0.156,0,99,9.600000000000001
1571.0,0.155,0,99,9.600000000000001
1571.5,0.155,0,98,10.8
1572.0,0.158,0,98,12.0
1572.5,0.155,0,98,12.600000000000001
1573.0,0.158,0,98,12.600000000000001
1573.5,0.155,0,99,12.600000000000001
1574.0,0.153,0,99,12.0
1574.5,0.155,0,99,12.600000000000001
1575.0,0.158,0,99,12.600000000000001
1575.5,0.153,0,99,13.200000000000001
1576.0,0.155,0,99,10.8
1576.5,0.155,0,98,9.600000000000001
1577.0,0.151,0,98,9.600000000000001
1577.5,0.153,0,98,10.200000000000001
1578.0,0.158,0,98,10.200000000000001
1578.5,0.153,0,99,10.200000000000001
1579.0,0.15,0,99,9.600000000000001
1579.5,0.15,0,99,9.600000000000001
1580.0,0.15,0,100,9.600000000000001
1580.5,0.151,0,100,9.600000000000001
1581.0,0.156,0,100,10.200000000000001
1581.5,0.153,0,100,9.600000000000001
1582.0,0.15,0,99,5.4
1582.5,0.15,0,99,4.2
1583.0,0.153,0,100,3.6
1583.5,0.151,0,100,3.6
1584.0,0.153,0,100,3.0
1584.5,0.153,0,99,3.0
1585.0,0.148,0,99,3.0
1585.5,0.151,0,99,3.0
1586.0,0.153,0,98,3.0
1586.5,0.151,0,98,3.0
1587.0,0.151,0,98,1.8
1587.5,0.15,0,97,0.6000000000000001
1588.0,0.15,0,96,0.0
1588.5,0.151,0,96,0.0
1589.0,0.15,0,97,0.0
1589.5,0.153,0,97,0.0
1590.0,0.151,0,98,0.0
1590.5,0.153,0,98,0.0
1591.0,0.151,0,98,0.0
1591.5,0.153,0,98,0.0
1592.0,0.151,0,99,0.0
1592.5,0.153,0,99,0.0
1593.0,0.151,0,99,0.0
1593.5,0.153,0,99,0.6000000000000001
1594.0,0.15,0,100,1.2000000000000002
1594.5,0.153,0,100,1.2000000000000002
1595.0,0.151,0,100,1.2000000000000002
1595.5,0.151,0,100,1.2000000000000002
1596.0,0.15,0,100,1.2000000000000002
1596.5,0.15,0,100,0.6000000000000001
1597.0,0.147,0,100,0.6000000000000001
1597.5,0.15,0,100,1.8
1598.0,0.148,0,99,5.4
1598.5,0.147,0,98,9.600000000000001
1599.0,0.147,0,99,9.600000000000001
1599.5,0.148,0,99,9.600000000000001
1600.0,0.147,0,99,9.600000000000001
1600.5,0.148,0,100,9.600000000000001
1601.0,0.148,0,100,9.600000000000001
1601.5,0.145,0,100,9.600000000000001
1602.0,0.148,0,100,9.600000000000001
1602.5,0.148,0,100,9.600000000000001
1603.0,0.148,0,101,10.200000000000001
1603.5,0.15,0,101,9.600000000000001
1604.0,0.15,0,101,9.600000000000001
1604.5,0.148,0,100,10.8
1605.0,0.148,0,101,11.4
1605.5,0.147,0,101,12.0
1606.0,0.147,0,101,12.0
1606.5,0.15,0,101,11.4
1607.0,0.145,0,101,11.4
1607.5,0.148,0,101,11.4
1608.0,0.147,0,101,12.0
1608.5,0.145,0,101,10.8
1609.0,0.147,0,101,9.600000000000001
1609.5,0.148,0,100,9.600000000000001
1610.0,0.145,0,100,9.600000000000001
1610.5,0.148,0,100,9.600000000000001
1611.0,0.145,0,101,9.600000000000001
1611.5,0.143,0,101,9.600000000000001
1612.0,0.147,0,101,9.600000000000001
1612.5,0.153,0,102,9.600000000000001
1613.0,0.143,0,102,9.600000000000001
1613.5,0.147,0,102,9.600000000000001
1614.0,0.145,0,102,9.600000000000001
1614.5,0.145,0,101,5.4
1615.0,0.145,0,101,4.2
1615.5,0.151,0,101,3.6
1616.0,0.143,0,101,3.6
1616.5,0.147,0,101,3.0
1617.0,0.145,0,101,3.0
1617.5,0.147,0,100,3.0
1618.0,0.147,0,100,3.0
1618.5,0.151,0,100,3.0
1619.0,0.147,0,99,3.0
1619.5,0.148,0,99,2.4000000000000004
1620.0,0.148,0,98,0.6000000000000001
1620.5,0.148,0,98,0.0
1621.0,0.15,0,97,0.0
1621.5,0.153,0,98,0.0
1622.0,0.145,0,98,0.0
1622.5,0.15,0,99,0.0
1623.0,0.148,0,98,0.0
1623.5,0.15,0,99,0.0
1624.0,0.148,0,99,0.0
1624.5,0.151,0,99,0.0
1625.0,0.15,0,100,0.0
1625.5,0.15,0,98,0.0
1626.0,0.148,0,99,0.6000000000000001
1626.5,0.151,0,100,1.2000000000000002
1627.0,0.15,0,100,1.2000000000000002
1627.5,0.151,0,101,1.2000000000000002
1628.0,0.15,0,100,1.2000000000000002
1628.5,0.151,0,100,1.2000000000000002
1629.0,0.151,0,100,1.2000000000000002
1629.5,0.155,0,100,0.6000000000000001
1630.0,0.151,0,100,1.8
1630.5,0.153,0,98,4.800000000000001
1631.0,0.155,0,97,9.600000000000001
1631.5,0.158,0,98,9.600000000000001
1632.0,0.156,0,99,9.600000000000001
1632.5,0.158,0,100,9.600000000000001
1633.0,0.156,0,100,9.600000000000001
1633.5,0.158,0,99,10.8
1634.0,0.156,0,98,12.0
1634.5,0.158,0,99,12.600000000000001
1635.0,0.156,0,99,12.600000000000001
1635.5,0.156,0,99,12.0
1636.0,0.155,0,99,12.0
1636.5,0.16,0,100,12.0
1637.0,0.153,0,100,12.600000000000001
1637.5,0.16,0,100,13.200000000000001
1638.0,0.155,0,99,10.200000000000001
1638.5,0.156,0,98,9.600000000000001
1639.0,0.155,0,100,10.200000000000001
1639.5,0.16,0,99,10.200000000000001
1640.0,0.155,0,99,10.200000000000001
1640.5,0.156,0,100,9.600000000000001
1641.0,0.156,0,100,9.600000000000001
1641.5,0.156,0,100,9.600000000000001
1642.0,0.155,0,101,9.600000000000001
1642.5,0.16,0,101,9.600000000000001
1643.0,0.158,0,100,9.600000000000001
1643.5,0.158,0,100,6.6000000000000005
1644.0,0.158,0,99,4.800000000000001
1644.5,0.16,0,99,4.2
1645.0,0.158,0,100,3.6
1645.5,0.161,0,100,3.6
1646.0,0.16,0,100,3.0
1646.5,0.16,0,99,3.0
1647.0,0.16,0,99,3.0
1647.5,0.161,0,98,3.0
1648.0,0.16,0,98,3.0
1648.5,0.161,0,97,3.0
1649.0,0.161,0,97,1.8
1649.5,0.158,0,96,0.0
1650.0,0.16,0,96,0.0
1650.5,0.164,0,96,0.0
1651.0,0.16,0,96,0.0
1651.5,0.161,0,97,0.0
1652.0,0.163,0,97,0.0
1652.5,0.163,0,97,0.0
1653.0,0.164,0,98,0.0
1653.5,0.161,0,98,0.0
1654.0,0.161,0,98,0.0
1654.5,0.164,0,99,0.0
1655.0,0.166,0,98,0.0
1655.5,0.166,0,98,0.6000000000000001
1656.0,0.168,0,99,1.2000000000000002
1656.5,0.168,0,99,1.2000000000000002
1657.0,0.168,0,100,1.2000000000000002
1657.5,0.164,0,100,1.2000000000000002
1658.0,0.166,0,99,1.2000000000000002
1658.5,0.161,0,100,1.2000000000000002
1659.0,0.166,0,100,1.2000000000000002
1659.5,0.164,0,99,3.0
1660.0,0.164,0,97,6.0
1660.5,0.161,0,97,9.600000000000001
1661.0,0.163,0,98,9.600000000000001
1661.5,0.161,0,98,10.200000000000001
1662.0,0.163,0,98,10.200000000000001
1662.5,0.161,0,98,10.200000000000001
1663.0,0.161,0,98,10.200000000000001
1663.5,0.16,0,99,10.200000000000001
1664.0,0.163,0,99,10.200000000000001
1664.5,0.16,0,99,10.200000000000001
1665.0,0.164,0,99,10.200000000000001
1665.5,0.164,0,100,9.600000000000001
1666.0,0.164,0,100,10.200000000000001
1666.5,0.16,0,99,11.4
1667.0,0.164,0,99,12.0
1667.5,0.161,0,99,12.600000000000001
1668.0,0.166,0,100,12.600000000000001
1668.5,0.166,0,100,12.600000000000001
1669.0,0.166,0,100,12.0
1669.5,0.161,0,100,12.600000000000001
1670.0,0.166,0,100,12.600000000000001
1670.5,0.161,0,100,12.0
1671.0,0.164,0,99,10.200000000000001
1671.5,0.161,0,98,9.600000000000001
1672.0,0.161,0,98,10.200000000000001
1672.5,0.164,0,98,10.200000000000001
1673.0,0.164,0,99,10.200000000000001
1673.5,0.161,0,99,10.200000000000001
1674.0,0.164,0,100,10.200000000000001
1674.5,0.161,0,100,10.200000000000001
1675.0,0.161,0,101,10.200000000000001
1675.5,0.164,0,100,9.600000000000001
1676.0,0.166,0,100,6.0
1676.5,0.166,0,99,4.800000000000001
1677.0,0.161,0,99,4.2
1677.5,0.16,0,100,3.6
1678.0,0.166,0,100,3.6
1678.5,0.164,0,100,3.6
1679.0,0.164,0,99,3.0
1679.5,0.164,0,99,3.0
1680.0,0.166,0,98,3.0
1680.5,0.166,0,98,3.0
1681.0,0.168,0,98,3.0
1681.5,0.168,0,97,1.2000000000000002
1682.0,0.169,0,96,0.0
1682.5,0.169,0,96,0.0
1683.0,0.169,0,96,0.0
1683.5,0.169,0,96,0.0
1684.0,0.169,0,97,0.0
1684.5,0.168,0,97,0.0
1685.0,0.168,0,97,0.0
1685.5,0.168,0,97,0.0
1686.0,0.169,0,98,0.0
1686.5,0.169,0,98,0.0
1687.0,0.169,0,98,0.0
1687.5,0.166,0,97,0.6000000000000001
1688.0,0.164,0,98,1.2000000000000002
1688.5,0.164,0,99,1.2000000000000002
1689.0,0.166,0,99,1.2000000000000002
1689.5,0.166,0,100,1.2000000000000002
1690.0,0.161,0,99,1.2000000000000002
1690.5,0.166,0,100,1.2000000000000002
1691.0,0.161,0,100,1.2000000000000002
1691.5,0.166,0,100,1.2000000000000002
1692.0,0.163,0,99,3.0
1692.5,0.16,0,97,6.0
1693.0,0.16,0,97,9.600000000000001
1693.5,0.161,0,97,10.200000000000001
1694.0,0.161,0,98,10.8
1694.5,0.161,0,98,10.8
1695.0,0.164,0,99,10.200000000000001
1695.5,0.16,0,99,10.200000000000001
1696.0,0.158,0,99,10.200000000000001
1696.5,0.161,0,99,10.200000000000001
1697.0,0.16,0,99,10.200000000000001
1697.5,0.161,0,99,10.8
1698.0,0.16,0,100,10.200000000000001
1698.5,0.158,0,100,10.8
1699.0,0.16,0,99,12.0
1699.5,0.161,0,99,12.600000000000001
1700.0,0.161,0,99,13.200000000000001
1700.5,0.163,0,100,13.200000000000001
1701.0,0.161,0,100,12.600000000000001
1701.5,0.161,0,100,12.600000000000001
1702.0,0.161,0,100,12.600000000000001
1702.5,0.164,0,100,13.200000000000001
1703.0,0.164,0,100,11.4
1703.5,0.166,0,99,9.600000000000001
1704.0,0.166,0,99,9.600000000000001
1704.5,0.166,0,98,10.200000000000001
1705.0,0.166,0,99,10.8
1705.5,0.168,0,99,10.200000000000001
1706.0,0.168,0,100,10.200000000000001
1706.5,0.168,0,100,10.200000000000001
1707.0,0.168,0,101,10.200000000000001
1707.5,0.168,0,101,10.200000000000001
1708.0,0.168,0,101,10.8
1708.5,0.168,0,100,9.600000000000001
1709.0,0.168,0,100,6.0
1709.5,0.168,0,100,4.800000000000001
1710.0,0.158,0,100,4.2
1710.5,0.16,0,100,3.6
1711.0,0.16,0,100,3.6
1711.5,0.163,0,100,3.6
1712.0,0.16,0,100,3.0
1712.5,0.161,0,99,3.0
1713.0,0.156,0,99,3.6
1713.5,0.158,0,99,3.6
1714.0,0.16,0,99,2.4000000000000004
1714.5,0.161,0,98,1.2000000000000002
1715.0,0.16,0,97,0.0
1715.5,0.161,0,97,0.0
1716.0,0.16,0,97,0.0
1716.5,0.16,0,98,0.0
1717.0,0.161,0,98,0.0
1717.5,0.168,0,98,0.0
1718.0,0.158,0,98,0.0
1718.5,0.161,0,99,0.0
1719.0,0.161,0,99,0.0
1719.5,0.161,0,99,0.0
1720.0,0.16,0,99,0.0
1720.5,0.163,0,99,0.6000000000000001
1721.0,0.158,0,99,1.2000000000000002
1721.5,0.158,0,99,1.2000000000000002
1722.0,0.161,0,100,1.2000000000000002
1722.5,0.16,0,100,1.8
1723.0,0.16,0,100,1.2000000000000002
1723.5,0.163,0,100,1.2000000000000002
1724.0,0.158,0,100,1.2000000000000002
1724.5,0.158,0,100,1.8
1725.0,0.163,0,98,4.800000000000001
1725.5,0.161,0,97,9.600000000000001
1726.0,0.161,0,98,9.600000000000001
1726.5,0.16,0,99,10.8
1727.0,0.161,0,99,10.8
1727.5,0.158,0,99,10.8
1728.0,0.166,0,99,10.200000000000001
1728.5,0.164,0,99,10.200000000000001
1729.0,0.164,0,99,10.200000000000001
1729.5,0.164,0,99,10.200000000000001
1730.0,0.166,0,100,10.8
1730.5,0.161,0,100,10.8
1731.0,0.168,0,100,10.200000000000001
1731.5,0.161,0,99,11.4
1732.0,0.161,0,100,12.600000000000001
1732.5,0.161,0,100,12.600000000000001
1733.0,0.164,0,101,12.600000000000001
1733.5,0.161,0,101,12.600000000000001
1734.0,0.164,0,101,12.600000000000001
1734.5,0.161,0,100,12.600000000000001
1735.0,0.161,0,101,12.600000000000001
1735.5,0.161,0,101,13.200000000000001
1736.0,0.16,0,100,10.200000000000001
1736.5,0.156,0,99,9.600000000000001
1737.0,0.163,0,99,10.200000000000001
1737.5,0.158,0,98,10.200000000000001
1738.0,0.161,0,99,10.200000000000001
1738.5,0.161,0,100,10.200000000000001
1739.0,0.164,0,100,10.200000000000001
1739.5,0.161,0,101,10.200000000000001
1740.0,0.166,0,101,10.200000000000001
1740.5,0.166,0,101,10.200000000000001
1741.0,0.166,0,101,10.200000000000001
1741.5,0.164,0,100,7.800000000000001
1742.0,0.166,0,100,4.800000000000001
1742.5,0.166,0,100,4.2
1743.0,0.168,0,100,3.6
1743.5,0.168,0,100,3.6
1744.0,0.168,0,100,3.6
1744.5,0.168,0,99,3.0
1745.0,0.168,0,99,3.0
1745.5,0.168,0,99,3.0
1746.0,0.168,0,98,3.6
1746.5,0.168,0,98,3.6
1747.0,0.168,0,98,1.8
1747.5,0.168,0,97,0.6000000000000001
1748.0,0.168,0,96,0.0
1748.5,0.169,0,97,0.0
1749.0,0.169,0,97,0.0
1749.5,0.174,0,97,0.0
1750.0,0.174,0,97,0.0
1750.5,0.174,0,98,0.0
1751.0,0.172,0,98,0.0
1751.5,0.172,0,98,0.0
1752.0,0.172,0,99,0.0
1752.5,0.176,0,98,0.0
1753.0,0.176,0,98,0.0
1753.5,0.176,0,99,1.2000000000000002
1754.0,0.176,0,99,1.2000000000000002
1754.5,0.177,0,99,1.2000000000000002
1755.0,0.177,0,100,1.8
1755.5,0.179,0,99,1.2000000000000002
1756.0,0.179,0,99,1.2000000000000002
1756.5,0.179,0,100,1.2000000000000002
1757.0,0.176,0,99,1.2000000000000002
1757.5,0.176,0,99,3.0
1758.0,0.176,0,97,6.6000000000000005
1758.5,0.177,0,97,9.600000000000001
1759.0,0.177,0,98,10.200000000000001
1759.5,0.177,0,98,10.8
1760.0,0.176,0,98,10.8
1760.5,0.176,0,98,10.8
1761.0,0.176,0,98,10.200000000000001
1761.5,0.179,0,99,10.200000000000001
1762.0,0.179,0,99,10.200000000000001
1762.5,0.179,0,99,10.8
1763.0,0.177,0,99,10.8
1763.5,0.177,0,100,10.200000000000001
1764.0,0.177,0,99,10.8
1764.5,0.182,0,99,12.0
1765.0,0.182,0,99,13.200000000000001
1765.5,0.182,0,99,13.200000000000001
1766.0,0.182,0,99,13.200000000000001
1766.5,0.18,0,98,13.200000000000001
1767.0,0.18,0,100,13.200000000000001
1767.5,0.184,0,99,13.200000000000001
1768.0,0.184,0,99,13.8
1768.5,0.184,0,99,13.200000000000001
1769.0,0.184,0,98,10.8
1769.5,0.182,0,98,10.8
1770.0,0.182,0,98,10.8
1770.5,0.182,0,98,11.4
1771.0,0.182,0,98,10.8
1771.5,0.182,0,99,10.8
1772.0,0.182,0,99,10.8
1772.5,0.18,0,99,10.8
1773.0,0.18,0,100,10.8
1773.5,0.182,0,100,10.8
1774.0,0.182,0,100,10.200000000000001
1774.5,0.182,0,99,7.800000000000001
1775.0,0.182,0,99,4.800000000000001
1775.5,0.179,0,98,4.2
1776.0,0.179,0,99,4.2
1776.5,0.182,0,99,3.6
1777.0,0.184,0,99,3.6
1777.5,0.184,0,98,3.6
1778.0,0.184,0,98,3.6
1778.5,0.182,0,98,3.6
1779.0,0.182,0,98,3.6
1779.5,0.182,0,98,3.6
1780.0,0.187,0,97,1.8
1780.5,0.187,0,96,0.0
1781.0,0.187,0,96,0.0
1781.5,0.184,0,96,0.0
1782.0,0.187,0,96,0.0
1782.5,0.187,0,97,0.0
1783.0,0.187,0,97,0.0
1783.5,0.187,0,98,0.0
1784.0,0.189,0,97,0.0
1784.5,0.189,0,97,0.0
1785.0,0.189,0,98,0.0
1785.5,0.187,0,99,0.0
1786.0,0.187,0,97,0.0
1786.5,0.185,0,98,1.2000000000000002
1787.0,0.185,0,98,1.2000000000000002
1787.5,0.185,0,99,1.2000000000000002
1788.0,0.185,0,99,1.2000000000000002
1788.5,0.185,0,99,1.2000000000000002
1789.0,0.185,0,99,1.2000000000000002
1789.5,0.184,0,99,1.2000000000000002
1790.0,0.184,0,99,1.2000000000000002
1790.5,0.185,0,99,3.0
1791.0,0.185,0,97,6.6000000000000005
1791.5,0.185,0,97,9.600000000000001
1792.0,0.18,0,98,10.8
1792.5,0.18,0,98,11.4
1793.0,0.18,0,99,11.4
1793.5,0.182,0,99,11.4
1794.0,0.182,0,99,10.8
1794.5,0.182,0,100,10.8
1795.0,0.18,0,100,10.8
1795.5,0.18,0,100,10.8
1796.0,0.18,0,100,10.8
1796.5,0.182,0,101,10.200000000000001
1797.0,0.182,0,100,10.8
1797.5,0.182,0,100,12.0
1798.0,0.176,0,100,13.200000000000001
1798.5,0.177,0,100,13.200000000000001
1799.0,0.177,0,101,13.200000000000001
1799.5,0.18,0,100,13.200000000000001
1800.0,0.18,0,101,13.200000000000001
1800.5,0.18,0,101,13.200000000000001
1801.0,0.18,0,101,13.8
1801.5,0.182,0,101,12.0
1802.0,0.182,0,99,10.200000000000001
1802.5,0.182,0,99,10.200000000000001
1803.0,0.18,0,100,10.8
1803.5,0.18,0,100,10.8
1804.0,0.179,0,100,10.8
1804.5,0.177,0,101,10.8
1805.0,0.174,0,101,10.200000000000001
1805.5,0.174,0,102,10.200000000000001
1806.0,0.172,0,102,10.200000000000001
1806.5,0.172,0,102,10.8
1807.0,0.169,0,102,9.600000000000001
1807.5,0.168,0,102,6.0
1808.0,0.168,0,101,4.800000000000001
1808.5,0.169,0,102,4.2
1809.0,0.169,0,102,3.6
1809.5,0.169,0,102,3.6
1810.0,0.169,0,102,3.0
1810.5,0.169,0,101,3.0
1811.0,0.171,0,101,3.0
1811.5,0.171,0,100,3.0
1812.0,0.171,0,100,3.6
1812.5,0.171,0,100,1.8
1813.0,0.171,0,99,0.6000000000000001
1813.5,0.171,0,98,0.0
1814.0,0.171,0,98,0.0
1814.5,0.172,0,99,0.0
1815.0,0.172,0,99,0.0
1815.5,0.172,0,99,0.0
1816.0,0.171,0,100,0.0
1816.5,0.172,0,100,0.0
1817.0,0.172,0,100,0.0
1817.5,0.174,0,100,0.0
1818.0,0.174,0,101,0.0
1818.5,0.174,0,100,0.0
1819.0,0.174,0,100,0.6000000000000001
1819.5,0.176,0,101,1.2000000000000002
1820.0,0.176,0,101,1.2000000000000002
1820.5,0.177,0,102,1.2000000000000002
1821.0,0.177,0,101,1.2000000000000002
1821.5,0.177,0,101,1.2000000000000002
1822.0,0.174,0,101,1.2000000000000002
1822.5,0.176,0,101,1.2000000000000002
1823.0,0.176,0,100,3.6
1823.5,0.176,0,99,7.2
1824.0,0.176,0,99,9.600000000000001
1824.5,0.176,0,99,10.200000000000001
1825.0,0.174,0,100,10.8
1825.5,0.176,0,100,10.200000000000001
1826.0,0.176,0,100,10.200000000000001
1826.5,0.177,0,100,10.200000000000001
1827.0,0.177,0,100,10.200000000000001
1827.5,0.179,0,100,10.200000000000001
1828.0,0.179,0,100,10.200000000000001
1828.5,0.179,0,101,10.8
1829.0,0.179,0,101,9.600000000000001
1829.5,0.179,0,100,10.8
1830.0,0.179,0,100,12.0
1830.5,0.179,0,100,12.600000000000001
1831.0,0.177,0,100,12.600000000000001
1831.5,0.177,0,101,12.600000000000001
1832.0,0.179,0,100,12.600000000000001
1832.5,0.179,0,100,12.600000000000001
1833.0,0.179,0,101,13.200000000000001
1833.5,0.179,0,101,13.8
1834.0,0.179,0,101,10.8
1834.5,0.179,0,100,10.200000000000001
1835.0,0.179,0,99,10.200000000000001
1835.5,0.18,0,99,10.8
1836.0,0.18,0,100,10.8
1836.5,0.18,0,100,10.8
1837.0,0.177,0,100,10.200000000000001
1837.5,0.177,0,100,10.200000000000001
1838.0,0.177,0,102,10.200000000000001
1838.5,0.179,0,102,10.8
1839.0,0.179,0,101,10.8
1839.5,0.179,0,101,9.600000000000001
1840.0,0.179,0,101,5.4
1840.5,0.179,0,100,4.800000000000001
1841.0,0.179,0,101,4.2
1841.5,0.179,0,101,3.6
1842.0,0.179,0,101,3.6
1842.5,0.179,0,100,3.6
1843.0,0.179,0,100,3.0
1843.5,0.179,0,100,3.0
1844.0,0.179,0,99,3.6
1844.5,0.177,0,99,3.6
1845.0,0.177,0,99,1.8
1845.5,0.179,0,98,0.6000000000000001
1846.0,0.179,0,97,0.0
1846.5,0.179,0,97,0.0
1847.0,0.179,0,98,0.0
1847.5,0.177,0,98,0.0
1848.0,0.177,0,98,0.0
1848.5,0.18,0,99,0.0
1849.0,0.18,0,99,0.0
1849.5,0.18,0,99,0.0
1850.0,0.18,0,99,0.0
1850.5,0.18,0,100,0.0
1851.0,0.18,0,99,0.0
1851.5,0.184,0,99,1.2000000000000002
1852.0,0.184,0,100,1.2000000000000002
1852.5,0.184,0,100,1.2000000000000002
1853.0,0.184,0,100,1.2000000000000002
1853.5,0.185,0,100,1.2000000000000002
1854.0,0.185,0,100,1.2000000000000002
1854.5,0.185,0,100,1.2000000000000002
1855.0,0.185,0,100,1.2000000000000002
1855.5,0.184,0,99,3.0
1856.0,0.185,0,97,6.0
1856.5,0.185,0,97,9.600000000000001
1857.0,0.185,0,97,10.200000000000001
1857.5,0.185,0,97,10.8
1858.0,0.187,0,97,10.8
1858.5,0.187,0,98,10.8
1859.0,0.187,0,98,10.8
1859.5,0.187,0,98,10.8
1860.0,0.187,0,98,10.8
1860.5,0.184,0,98,10.8
1861.0,0.187,0,99,11.4
1861.5,0.187,0,99,10.200000000000001
1862.0,0.187,0,99,10.8
1862.5,0.185,0,98,12.600000000000001
1863.0,0.185,0,98,13.200000000000001
1863.5,0.185,0,98,13.8
1864.0,0.187,0,99,13.8
1864.5,0.187,0,99,13.200000000000001
1865.0,0.187,0,99,13.200000000000001
1865.5,0.187,0,98,13.8
1866.0,0.187,0,100,13.8
1866.5,0.187,0,100,13.200000000000001
1867.0,0.185,0,99,10.8
1867.5,0.185,0,98,10.200000000000001
1868.0,0.185,0,98,10.8
1868.5,0.182,0,98,10.8
1869.0,0.182,0,99,11.4
1869.5,0.182,0,99,10.8
1870.0,0.184,0,100,10.8
1870.5,0.184,0,100,10.8
1871.0,0.184,0,101,10.8
1871.5,0.184,0,100,10.8
1872.0,0.184,0,100,10.8
1872.5,0.184,0,101,8.4
1873.0,0.182,0,100,5.4
1873.5,0.182,0,100,4.2
1874.0,0.182,0,100,4.2
1874.5,0.18,0,100,3.6
1875.0,0.18,0,100,3.6
1875.5,0.18,0,100,3.0
1876.0,0.18,0,100,3.0
1876.5,0.18,0,99,3.6
1877.0,0.18,0,98,3.6
1877.5,0.18,0,98,3.0
1878.0,0.18,0,98,1.2000000000000002
1878.5,0.18,0,97,0.0
1879.0,0.18,0,96,0.0
1879.5,0.182,0,97,0.0
1880.0,0.182,0,97,0.0
1880.5,0.182,0,98,0.0
1881.0,0.182,0,98,0.0
1881.5,0.182,0,99,0.0
1882.0,0.179,0,98,0.0
1882.5,0.18,0,99,0.0
1883.0,0.18,0,100,0.0
1883.5,0.182,0,99,0.0
1884.0,0.182,0,99,0.6000000000000001
1884.5,0.182,0,100,1.2000000000000002
1885.0,0.18,0,100,1.2000000000000002
1885.5,0.182,0,100,1.2000000000000002
1886.0,0.182,0,101,1.2000000000000002
1886.5,0.184,0,100,1.2000000000000002
1887.0,0.184,0,100,1.2000000000000002
1887.5,0.184,0,100,1.2000000000000002
1888.0,0.184,0,100,1.2000000000000002
1888.5,0.184,0,99,4.2
1889.0,0.184,0,97,8.4
1889.5,0.187,0,98,9.600000000000001
1890.0,0.187,0,98,10.8
1890.5,0.189,0,98,10.8
1891.0,0.189,0,99,10.8
1891.5,0.189,0,99,10.8
1892.0,0.189,0,99,10.200000000000001
1892.5,0.19,0,99,10.200000000000001
1893.0,0.19,0,99,10.8
1893.5,0.19,0,99,10.8
1894.0,0.19,0,100,11.4
1894.5,0.189,0,100,10.200000000000001
1895.0,0.189,0,99,11.4
1895.5,0.192,0,99,13.200000000000001
1896.0,0.192,0,99,13.8
1896.5,0.192,0,100,13.8
1897.0,0.192,0,100,13.8
1897.5,0.185,0,100,13.200000000000001
1898.0,0.185,0,100,13.200000000000001
1898.5,0.189,0,100,13.8
1899.0,0.189,0,100,13.8
1899.5,0.189,0,100,11.4
1900.0,0.189,0,98,10.200000000000001
1900.5,0.185,0,98,10.8
1901.0,0.185,0,98,10.8
1901.5,0.189,0,98,10.8
1902.0,0.189,0,99,11.4
1902.5,0.189,0,99,10.8
1903.0,0.189,0,100,10.8
1903.5,0.185,0,101,10.8
1904.0,0.185,0,101,11.4
1904.5,0.187,0,100,12.0
1905.0,0.189,0,101,9.600000000000001
1905.5,0.189,0,100,6.0
1906.0,0.189,0,99,4.800000000000001
1906.5,0.187,0,100,4.2
1907.0,0.187,0,100,4.2
1907.5,0.187,0,100,3.6
1908.0,0.19,0,99,3.6
1908.5,0.19,0,99,3.6
1909.0,0.19,0,98,3.6
1909.5,0.187,0,98,3.6
1910.0,0.187,0,98,3.6
1910.5,0.187,0,98,2.4000000000000004
1911.0,0.192,0,97,0.6000000000000001
1911.5,0.192,0,96,0.0
1912.0,0.192,0,96,0.0
1912.5,0.187,0,96,0.0
1913.0,0.187,0,97,0.0
1913.5,0.187,0,97,0.0
1914.0,0.192,0,97,0.0
1914.5,0.192,0,98,0.0
1915.0,0.192,0,98,0.0
1915.5,0.19,0,98,0.0
1916.0,0.19,0,99,0.0
1916.5,0.19,0,98,0.0
1917.0,0.192,0,98,0.6000000000000001
1917.5,0.192,0,99,1.2000000000000002
1918.0,0.192,0,99,1.8
1918.5,0.192,0,99,1.8
1919.0,0.192,0,99,1.8
1919.5,0.192,0,99,1.8
1920.0,0.193,0,99,1.2000000000000002
1920.5,0.193,0,99,1.2000000000000002
1921.0,0.193,0,99,1.8
1921.5,0.192,0,98,4.800000000000001
1922.0,0.19,0,96,9.600000000000001
1922.5,0.19,0,97,10.200000000000001
1923.0,0.19,0,97,11.4
1923.5,0.193,0,97,11.4
1924.0,0.193,0,98,11.4
1924.5,0.193,0,98,11.4
1925.0,0.193,0,98,10.8
1925.5,0.193,0,98,10.8
1926.0,0.193,0,98,11.4
1926.5,0.195,0,98,11.4
1927.0,0.195,0,99,12.0
1927.5,0.197,0,99,10.8
1928.0,0.197,0,99,12.0
1928.5,0.197,0,98,13.200000000000001
1929.0,0.195,0,98,14.4
1929.5,0.198,0,98,14.4
1930.0,0.198,0,98,14.4
1930.5,0.2,0,98,14.4
1931.0,0.2,0,98,15.0
1931.5,0.2,0,99,15.0
1932.0,0.198,0,100,15.600000000000001
1932.5,0.2,0,98,13.200000000000001
1933.0,0.2,0,97,11.4
1933.5,0.2,0,97,11.4
1934.0,0.2,0,97,12.0
1934.5,0.2,0,97,12.600000000000001
1935.0,0.198,0,98,12.0
1935.5,0.198,0,98,12.0
1936.0,0.198,0,99,12.0
1936.5,0.201,0,99,12.0
1937.0,0.201,0,99,12.0
1937.5,0.201,0,100,12.0
1938.0,0.201,0,99,10.200000000000001
1938.5,0.2,0,99,8.4
1939.0,0.2,0,98,5.4
1939.5,0.205,0,98,4.800000000000001
1940.0,0.205,0,98,4.2
1940.5,0.205,0,98,4.2
1941.0,0.205,0,98,4.2
1941.5,0.205,0,98,4.2
1942.0,0.205,0,98,4.2
1942.5,0.205,0,97,4.2
1943.0,0.206,0,97,4.2
1943.5,0.206,0,97,3.6
1944.0,0.206,0,96,1.2000000000000002
1944.5,0.205,0,95,0.0
1945.0,0.205,0,95,0.0
1945.5,0.201,0,95,0.0
1946.0,0.208,0,96,0.0
1946.5,0.208,0,96,0.0
1947.0,0.208,0,96,0.0
1947.5,0.203,0,97,0.0
1948.0,0.205,0,97,0.0
1948.5,0.205,0,98,0.0
1949.0,0.206,0,98,0.0
1949.5,0.206,0,98,0.0
1950.0,0.206,0,97,0.6000000000000001
1950.5,0.205,0,98,1.2000000000000002
1951.0,0.201,0,98,1.8
1951.5,0.201,0,99,1.8
1952.0,0.201,0,99,1.8
1952.5,0.201,0,99,1.8
1953.0,0.201,0,99,1.8
1953.5,0.2,0,100,1.8
1954.0,0.198,0,100,1.8
1954.5,0.197,0,99,3.6
1955.0,0.197,0,97,9.600000000000001
1955.5,0.197,0,96,10.200000000000001
1956.0,0.195,0,97,12.0
1956.5,0.197,0,98,12.600000000000001
1957.0,0.197,0,98,12.600000000000001
1957.5,0.201,0,99,12.0
1958.0,0.201,0,99,12.0
1958.5,0.201,0,99,12.0
1959.0,0.198,0,99,12.0
1959.5,0.198,0,99,12.0
1960.0,0.198,0,100,12.600000000000001
1960.5,0.198,0,100,11.4
1961.0,0.197,0,99,12.0
1961.5,0.198,0,99,13.8
1962.0,0.198,0,99,15.0
1962.5,0.198,0,99,15.600000000000001
1963.0,0.195,0,99,15.600000000000001
1963.5,0.195,0,100,15.0
1964.0,0.195,0,100,15.0
1964.5,0.198,0,100,15.0
1965.0,0.198,0,100,15.600000000000001
1965.5,0.198,0,100,13.8
1966.0,0.195,0,99,12.0
1966.5,0.195,0,99,11.4
1967.0,0.193,0,98,12.0
1967.5,0.195,0,99,12.0
1968.0,0.195,0,99,12.0
1968.5,0.195,0,99,12.0
1969.0,0.192,0,100,12.0
1969.5,0.192,0,101,12.0
1970.0,0.192,0,101,12.0
1970.5,0.197,0,101,12.600000000000001
1971.0,0.197,0,101,10.8
1971.5,0.197,0,100,8.4
1972.0,0.19,0,99,5.4
1972.5,0.192,0,99,4.800000000000001
1973.0,0.193,0,101,4.2
1973.5,0.198,0,100,4.2
1974.0,0.198,0,100,3.6
1974.5,0.198,0,99,3.6
1975.0,0.198,0,98,3.6
1975.5,0.198,0,98,3.6
1976.0,0.198,0,98,4.2
1976.5,0.2,0,98,3.0
1977.0,0.2,0,97,1.2000000000000002
1977.5,0.2,0,96,0.0
1978.0,0.2,0,96,0.0
1978.5,0.2,0,97,0.0
1979.0,0.2,0,97,0.0
1979.5,0.201,0,98,0.0
1980.0,0.201,0,98,0.0
1980.5,0.201,0,98,0.0
1981.0,0.2,0,98,0.0
1981.5,0.2,0,99,0.0
1982.0,0.2,0,99,0.0
1982.5,0.201,0,98,0.0
1983.0,0.201,0,98,0.6000000000000001
1983.5,0.201,0,99,1.2000000000000002
1984.0,0.203,0,99,1.8
1984.5,0.203,0,100,1.8
1985.0,0.203,0,100,1.8
1985.5,0.203,0,100,1.8
1986.0,0.203,0,100,1.8
1986.5,0.203,0,100,1.8
1987.0,0.205,0,99,1.8
1987.5,0.205,0,98,4.800000000000001
1988.0,0.205,0,97,9.600000000000001
1988.5,0.203,0,97,10.8
1989.0,0.203,0,97,12.0
1989.5,0.201,0,98,12.600000000000001
1990.0,0.201,0,98,12.600000000000001
1990.5,0.201,0,98,12.0
1991.0,0.201,0,98,12.0
1991.5,0.2,0,99,12.0
1992.0,0.201,0,99,12.0
1992.5,0.201,0,99,12.0
1993.0,0.201,0,99,12.600000000000001
1993.5,0.201,0,100,11.4
1994.0,0.201,0,99,12.600000000000001
1994.5,0.2,0,98,14.4
1995.0,0.2,0,98,15.0
1995.5,0.197,0,99,15.600000000000001
1996.0,0.198,0,99,15.600000000000001
1996.5,0.198,0,99,15.600000000000001
1997.0,0.198,0,100,15.0
1997.5,0.198,0,100,15.600000000000001
1998.0,0.195,0,100,16.2
1998.5,0.195,0,100,13.200000000000001
1999.0,0.197,0,99,12.0
1999.5,0.197,0,99,12.0
2000.0,0.197,0,99,12.600000000000001
2000.5,0.193,0,99,12.600000000000001
2001.0,0.193,0,100,12.0
2001.5,0.193,0,100,12.0
2002.0,0.195,0,101,12.0
2002.5,0.195,0,102,12.0
2003.0,0.195,0,102,12.0
2003.5,0.195,0,101,12.600000000000001
2004.0,0.195,0,101,9.600000000000001
2004.5,0.195,0,100,6.6000000000000005
2005.0,0.197,0,100,4.800000000000001
2005.5,0.197,0,101,4.800000000000001
2006.0,0.197,0,101,4.2
2006.5,0.197,0,101,4.2
2007.0,0.195,0,101,3.6
2007.5,0.195,0,100,3.6
2008.0,0.197,0,100,4.2
2008.5,0.197,0,100,4.2
2009.0,0.197,0,99,4.2
2009.5,0.195,0,99,2.4000000000000004
2010.0,0.195,0,98,0.6000000000000001
2010.5,0.195,0,97,0.0
2011.0,0.197,0,97,0.0
2011.5,0.198,0,98,0.0
2012.0,0.198,0,98,0.0
2012.5,0.198,0,98,0.0
2013.0,0.198,0,99,0.0
2013.5,0.198,0,99,0.0
2014.0,0.198,0,99,0.0
2014.5,0.197,0,100,0.0
2015.0,0.197,0,101,0.0
2015.5,0.197,0,99,0.0
2016.0,0.197,0,99,1.2000000000000002
2016.5,0.197,0,100,1.8
2017.0,0.198,0,101,1.8
2017.5,0.2,0,101,1.8
2018.0,0.2,0,101,1.8
2018.5,0.201,0,101,1.8
2019.0,0.201,0,101,1.2000000000000002
2019.5,0.201,0,101,1.8
2020.0,0.201,0,100,3.6
2020.5,0.201,0,98,7.800000000000001
2021.0,0.201,0,98,9.600000000000001
2021.5,0.201,0,98,11.4
2022.0,0.203,0,99,12.0
2022.5,0.206,0,99,12.600000000000001
2023.0,0.206,0,99,12.0
2023.5,0.206,0,99,12.0
2024.0,0.203,0,99,11.4
2024.5,0.205,0,100,12.0
2025.0,0.205,0,100,12.0
2025.5,0.205,0,100,12.600000000000001
2026.0,0.205,0,100,11.4
2026.5,0.203,0,100,12.0
2027.0,0.203,0,99,13.8
2027.5,0.205,0,99,15.0
2028.0,0.205,0,99,15.0
2028.5,0.205,0,100,15.0
2029.0,0.205,0,100,15.0
2029.5,0.203,0,100,15.0
2030.0,0.201,0,100,15.600000000000001
2030.5,0.205,0,100,15.600000000000001
2031.0,0.205,0,100,14.4
2031.5,0.205,0,99,12.0
2032.0,0.205,0,98,12.0
2032.5,0.205,0,98,12.0
2033.0,0.205,0,98,12.600000000000001
2033.5,0.208,0,99,12.600000000000001
2034.0,0.208,0,99,12.600000000000001
2034.5,0.208,0,99,12.0
2035.0,0.208,0,100,12.0
2035.5,0.208,0,100,12.600000000000001
2036.0,0.208,0,100,12.600000000000001
2036.5,0.211,0,100,11.4
2037.0,0.211,0,99,9.600000000000001
2037.5,0.211,0,98,6.0
2038.0,0.211,0,98,4.800000000000001
2038.5,0.208,0,99,4.800000000000001
2039.0,0.208,0,99,4.800000000000001
2039.5,0.211,0,99,4.2
2040.0,0.211,0,99,4.2
2040.5,0.211,0,98,4.2
2041.0,0.211,0,98,4.2
2041.5,0.208,0,98,4.2
2042.0,0.208,0,98,3.6
2042.5,0.209,0,97,1.8
2043.0,0.209,0,96,0.0
2043.5,0.209,0,96,0.0
2044.0,0.209,0,96,0.0
2044.5,0.209,0,97,0.0
2045.0,0.209,0,97,0.0
2045.5,0.211,0,97,0.0
2046.0,0.214,0,98,0.0
2046.5,0.214,0,98,0.0
2047.0,0.214,0,99,0.0
2047.5,0.213,0,99,0.0
2048.0,0.213,0,99,0.0
2048.5,0.211,0,98,0.6000000000000001
2049.0,0.214,0,99,1.2000000000000002
2049.5,0.214,0,99,1.8
2050.0,0.214,0,99,1.8
2050.5,0.213,0,100,1.8
2051.0,0.213,0,100,1.8
2051.5,0.214,0,100,1.8
2052.0,0.214,0,100,1.8
2052.5,0.214,0,99,1.8
2053.0,0.214,0,98,4.800000000000001
2053.5,0.214,0,97,9.600000000000001
2054.0,0.214,0,96,11.4
2054.5,0.214,0,97,12.600000000000001
2055.0,0.218,0,97,13.200000000000001
2055.5,0.218,0,98,13.200000000000001
2056.0,0.218,0,98,12.600000000000001
2056.5,0.218,0,98,12.600000000000001
2057.0,0.218,0,99,12.600000000000001
2057.5,0.218,0,99,12.600000000000001
2058.0,0.218,0,99,12.600000000000001
2058.5,0.218,0,100,13.200000000000001
2059.0,0.218,0,100,12.0
2059.5,0.218,0,98,12.600000000000001
2060.0,0.218,0,97,14.4
2060.5,0.218,0,98,15.600000000000001
2061.0,0.218,0,98,16.2
2061.5,0.218,0,98,16.2
2062.0,0.219,0,98,16.2
2062.5,0.219,0,98,16.2
2063.0,0.221,0,98,16.2
2063.5,0.221,0,99,16.8
2064.0,0.222,0,99,15.600000000000001
2064.5,0.222,0,98,12.600000000000001
2065.0,0.222,0,97,12.600000000000001
2065.5,0.222,0,96,13.200000000000001
2066.0,0.222,0,97,13.8
2066.5,0.222,0,97,13.8
2067.0,0.222,0,98,13.200000000000001
2067.5,0.226,0,98,13.200000000000001
2068.0,0.226,0,99,13.200000000000001
2068.5,0.226,0,99,13.200000000000001
2069.0,0.226,0,99,13.8
2069.5,0.226,0,99,12.600000000000001
2070.0,0.224,0,99,9.600000000000001
2070.5,0.224,0,98,6.6000000000000005
2071.0,0.224,0,98,5.4
2071.5,0.224,0,98,4.800000000000001
2072.0,0.224,0,98,4.800000000000001
2072.5,0.224,0,98,4.800000000000001
2073.0,0.222,0,98,4.800000000000001
2073.5,0.222,0,98,4.800000000000001
2074.0,0.222,0,98,4.800000000000001
2074.5,0.224,0,97,4.800000000000001
2075.0,0.224,0,97,4.800000000000001
2075.5,0.224,0,97,2.4000000000000004
2076.0,0.222,0,95,0.6000000000000001
2076.5,0.222,0,95,0.0
2077.0,0.222,0,95,0.0
2077.5,0.222,0,96,0.0
2078.0,0.222,0,96,0.0
2078.5,0.222,0,96,0.0
2079.0,0.222,0,97,0.0
2079.5,0.222,0,97,0.0
2080.0,0.222,0,98,0.0
2080.5,0.222,0,98,0.0
2081.0,0.226,0,98,0.0
2081.5,0.226,0,97,0.6000000000000001
2082.0,0.226,0,98,1.8
2082.5,0.222,0,98,1.8
2083.0,0.224,0,98,2.4000000000000004
2083.5,0.224,0,99,2.4000000000000004
2084.0,0.224,0,99,2.4000000000000004
2084.5,0.222,0,99,1.8
2085.0,0.222,0,99,2.4000000000000004
2085.5,0.222,0,100,2.4000000000000004
2086.0,0.222,0,99,3.6
2086.5,0.222,0,97,9.0
2087.0,0.222,0,96,10.8
2087.5,0.222,0,97,12.600000000000001
2088.0,0.222,0,98,13.8
2088.5,0.221,0,98,13.8
2089.0,0.221,0,98,13.8
2089.5,0.221,0,99,13.200000000000001
2090.0,0.222,0,99,13.200000000000001
2090.5,0.222,0,99,12.600000000000001
2091.0,0.222,0,99,13.200000000000001
2091.5,0.221,0,100,13.200000000000001
2092.0,0.222,0,100,12.600000000000001
2092.5,0.222,0,100,12.600000000000001
2093.0,0.224,0,99,13.8
2093.5,0.224,0,98,15.600000000000001
2094.0,0.224,0,99,16.8
2094.5,0.224,0,99,16.8
2095.0,0.224,0,100,13.200000000000001
2095.5,0.224,0,100,9.600000000000001
2096.0,0.224,0,99,7.2
2096.5,0.221,0,99,5.4
2097.0,0.222,0,99,5.4
2097.5,0.222,0,99,4.800000000000001
2098.0,0.224,0,99,4.800000000000001
2098.5,0.224,0,99,4.800000000000001
2099.0,0.224,0,99,4.2
2099.5,0.224,0,99,4.2
2100.0,0.224,0,98,4.800000000000001
2100.5,0.222,0,98,4.800000000000001
2101.0,0.224,0,98,2.4000000000000004
2101.5,0.224,0,96,0.6000000000000001
2102.0,0.224,0,96,0.0
2102.5,0.224,0,96,0.0
2103.0,0.224,0,97,0.0
2103.5,0.224,0,97,0.0
2104.0,0.222,0,97,0.0
2104.5,0.222,0,98,0.0
2105.0,0.221,0,98,0.0
2105.5,0.221,0,99,0.0
2106.0,0.221,0,99,0.0
2106.5,0.219,0,100,0.0
2107.0,0.219,0,98,0.6000000000000001
2107.5,0.219,0,99,1.8
2108.0,0.219,0,99,1.8
2108.5,0.218,0,99,2.4000000000000004
2109.0,0.218,0,100,1.8
2109.5,0.218,0,100,1.8
2110.0,0.218,0,100,1.8
2110.5,0.216,0,100,1.8
2111.0,0.218,0,100,1.8
2111.5,0.218,0,99,3.6
2112.0,0.218,0,97,9.600000000000001
2112.5,0.216,0,97,10.8
2113.0,0.218,0,98,13.200000000000001
2113.5,0.218,0,98,13.8
2114.0,0.218,0,99,13.8
2114.5,0.216,0,99,13.200000000000001
2115.0,0.216,0,99,13.200000000000001
2115.5,0.219,0,100,12.600000000000001
2116.0,0.219,0,100,13.200000000000001
2116.5,0.219,0,100,13.200000000000001
2117.0,0.216,0,101,13.200000000000001
2117.5,0.218,0,101,12.0
2118.0,0.218,0,101,13.200000000000001
2118.5,0.218,0,99,14.4
2119.0,0.216,0,100,15.600000000000001
2119.5,0.216,0,100,16.2
2120.0,0.213,0,101,16.2
2120.5,0.216,0,101,16.2
2121.0,0.216,0,101,16.2
2121.5,0.216,0,101,16.8
2122.0,0.213,0,101,16.8
2122.5,0.213,0,101,14.4
2123.0,0.213,0,100,12.600000000000001
2123.5,0.216,0,99,12.600000000000001
2124.0,0.216,0,99,13.200000000000001
2124.5,0.216,0,100,13.200000000000001
2125.0,0.214,0,100,13.200000000000001
2125.5,0.214,0,101,13.200000000000001
2126.0,0.213,0,101,13.200000000000001
2126.5,0.216,0,101,13.200000000000001
2127.0,0.216,0,102,13.200000000000001
2127.5,0.216,0,102,13.8
2128.0,0.213,0,102,10.200000000000001
2128.5,0.213,0,100,9.0
2129.0,0.213,0,100,5.4
2129.5,0.218,0,100,4.800000000000001
2130.0,0.218,0,100,4.800000000000001
2130.5,0.218,0,101,4.2
2131.0,0.213,0,100,4.2
2131.5,0.211,0,100,4.2
2132.0,0.211,0,100,4.2
2132.5,0.214,0,99,4.2
2133.0,0.214,0,99,4.800000000000001
2133.5,0.214,0,99,3.0
2134.0,0.213,0,97,1.2000000000000002
2134.5,0.213,0,97,0.0
2135.0,0.211,0,97,0.0
2135.5,0.214,0,98,0.0
2136.0,0.214,0,98,0.0
2136.5,0.214,0,98,0.0
2137.0,0.214,0,99,0.0
2137.5,0.214,0,99,0.0
2138.0,0.214,0,99,0.0
2138.5,0.218,0,100,0.0
2139.0,0.218,0,100,0.0
2139.5,0.218,0,99,0.0
2140.0,0.214,0,99,1.2000000000000002
2140.5,0.214,0,100,1.8
2141.0,0.214,0,100,1.8
2141.5,0.216,0,101,1.8
2142.0,0.216,0,101,2.4000000000000004
2142.5,0.216,0,101,1.8
2143.0,0.216,0,101,1.8
2143.5,0.216,0,101,1.8
2144.0,0.214,0,100,3.6
2144.5,0.216,0,98,8.4
2145.0,0.216,0,98,10.200000000000001
2145.5,0.216,0,98,12.0
2146.0,0.214,0,99,13.200000000000001
2146.5,0.214,0,99,13.200000000000001
2147.0,0.214,0,99,13.200000000000001
2147.5,0.218,0,99,12.600000000000001
2148.0,0.218,0,99,12.600000000000001
2148.5,0.218,0,100,12.600000000000001
2149.0,0.216,0,100,13.200000000000001
2149.5,0.218,0,100,13.200000000000001
2150.0,0.218,0,101,12.600000000000001
2150.5,0.218,0,101,13.200000000000001
2151.0,0.218,0,99,14.4
2151.5,0.219,0,99,16.2
2152.0,0.219,0,99,16.8
2152.5,0.219,0,100,16.8
2153.0,0.219,0,100,16.8
2153.5,0.221,0,100,16.8
2154.0,0.221,0,100,16.8
2154.5,0.222,0,101,16.8
2155.0,0.222,0,101,15.600000000000001
2155.5,0.222,0,99,13.200000000000001
2156.0,0.222,0,99,12.600000000000001
2156.5,0.222,0,98,13.200000000000001
2157.0,0.222,0,98,13.8
2157.5,0.222,0,99,13.8
2158.0,0.222,0,99,13.200000000000001
2158.5,0.224,0,100,13.200000000000001
2159.0,0.224,0,100,13.200000000000001
2159.5,0.229,0,100,13.200000000000001
2160.0,0.229,0,100,13.8
2160.5,0.229,0,100,12.600000000000001
2161.0,0.23,0,98,9.600000000000001
2161.5,0.23,0,98,6.0
2162.0,0.23,0,98,5.4
2162.5,0.232,0,98,5.4
2163.0,0.232,0,98,4.800000000000001
2163.5,0.232,0,98,4.800000000000001
2164.0,0.232,0,98,4.800000000000001
2164.5,0.23,0,98,4.800000000000001
2165.0,0.23,0,98,4.800000000000001
2165.5,0.227,0,97,4.800000000000001
2166.0,0.229,0,97,4.800000000000001
2166.5,0.229,0,96,2.4000000000000004
2167.0,0.229,0,95,0.6000000000000001
2167.5,0.226,0,94,0.0
2168.0,0.226,0,95,0.0
2168.5,0.227,0,96,0.0
2169.0,0.227,0,96,0.0
2169.5,0.229,0,96,0.0
2170.0,0.229,0,97,0.0
2170.5,0.229,0,97,0.0
2171.0,0.229,0,98,0.0
2171.5,0.229,0,98,0.0
2172.0,0.229,0,98,0.0
2172.5,0.229,0,97,0.6000000000000001
2173.0,0.229,0,98,1.8
2173.5,0.23,0,97,2.4000000000000004
2174.0,0.23,0,98,2.4000000000000004
2174.5,0.23,0,99,2.4000000000000004
2175.0,0.227,0,99,2.4000000000000004
2175.5,0.227,0,99,2.4000000000000004
2176.0,0.227,0,99,2.4000000000000004
2176.5,0.229,0,99,2.4000000000000004
2177.0,0.229,0,99,3.6
2177.5,0.229,0,96,9.600000000000001
2178.0,0.227,0,96,11.4
2178.5,0.227,0,97,13.200000000000001
2179.0,0.227,0,97,14.4
2179.5,0.229,0,98,14.4
2180.0,0.229,0,98,14.4
2180.5,0.229,0,99,13.8
2181.0,0.226,0,99,13.8
2181.5,0.226,0,99,13.8
2182.0,0.226,0,100,13.8
2182.5,0.229,0,100,14.4
2183.0,0.229,0,101,13.200000000000001
2183.5,0.229,0,100,13.200000000000001
2184.0,0.226,0,99,15.0
2184.5,0.226,0,99,16.8
2185.0,0.224,0,99,17.400000000000002
2185.5,0.227,0,100,17.400000000000002
2186.0,0.227,0,100,16.8
2186.5,0.227,0,100,17.400000000000002
2187.0,0.226,0,100,17.400000000000002
2187.5,0.226,0,100,18.0
2188.0,0.222,0,100,17.400000000000002
2188.5,0.224,0,100,13.200000000000001
2189.0,0.224,0,98,13.200000000000001
2189.5,0.224,0,98,13.8
2190.0,0.221,0,98,13.8
2190.5,0.219,0,99,13.8
2191.0,0.219,0,100,13.8
2191.5,0.221,0,100,13.8
2192.0,0.221,0,101,13.8
2192.5,0.221,0,102,13.8
2193.0,0.219,0,101,13.8
2193.5,0.219,0,101,12.600000000000001
2194.0,0.219,0,100,9.600000000000001
2194.5,0.222,0,100,6.6000000000000005
2195.0,0.222,0,100,5.4
2195.5,0.222,0,100,5.4
2196.0,0.221,0,100,4.800000000000001
2196.5,0.221,0,100,4.800000000000001
2197.0,0.221,0,100,4.800000000000001
2197.5,0.221,0,100,4.800000000000001
2198.0,0.221,0,100,4.800000000000001
2198.5,0.221,0,99,4.800000000000001
2199.0,0.219,0,99,4.2
2199.5,0.219,0,98,1.8
2200.0,0.219,0,97,0.6000000000000001
2200.5,0.222,0,96,0.0
2201.0,0.222,0,97,0.0
2201.5,0.222,0,98,0.0
2202.0,0.222,0,98,0.0
2202.5,0.222,0,98,0.0
2203.0,0.222,0,99,0.0
2203.5,0.224,0,99,0.0
2204.0,0.224,0,100,0.0
2204.5,0.224,0,100,0.0
2205.0,0.224,0,99,0.0
2205.5,0.224,0,98,0.6000000000000001
2206.0,0.224,0,99,1.8
2206.5,0.224,0,100,2.4000000000000004
2207.0,0.224,0,100,2.4000000000000004
2207.5,0.226,0,101,2.4000000000000004
2208.0,0.226,0,101,2.4000000000000004
2208.5,0.226,0,101,2.4000000000000004
2209.0,0.226,0,101,1.8
2209.5,0.224,0,101,2.4000000000000004
2210.0,0.224,0,99,6.0
2210.5,0.222,0,98,9.600000000000001
2211.0,0.222,0,98,12.0
2211.5,0.221,0,99,13.200000000000001
2212.0,0.222,0,100,13.8
2212.5,0.222,0,100,13.200000000000001
2213.0,0.222,0,100,13.200000000000001
2213.5,0.219,0,100,13.200000000000001
2214.0,0.222,0,102,16.8
2214.5,0.222,0,101,13.200000000000001
2215.0,0.222,0,100,12.600000000000001
2215.5,0.222,0,99,13.200000000000001
2216.0,0.221,0,100,13.200000000000001
2216.5,0.224,0,100,13.200000000000001
2217.0,0.224,0,100,13.200000000000001
2217.5,0.224,0,101,13.200000000000001
2218.0,0.221,0,101,13.200000000000001
2218.5,0.221,0,101,13.200000000000001
2219.0,0.221,0,101,13.8
2219.5,0.226,0,101,12.600000000000001
2220.0,0.226,0,100,9.600000000000001
2220.5,0.226,0,99,6.6000000000000005
2221.0,0.222,0,100,5.4
2221.5,0.222,0,100,5.4
2222.0,0.222,0,100,4.800000000000001
2222.5,0.226,0,100,4.800000000000001
2223.0,0.226,0,100,4.800000000000001
2223.5,0.226,0,100,4.800000000000001
2224.0,0.222,0,100,4.800000000000001
2224.5,0.224,0,99,4.800000000000001
2225.0,0.226,0,99,4.800000000000001
2225.5,0.227,0,98,2.4000000000000004
2226.0,0.227,0,97,0.6000000000000001
2226.5,0.227,0,96,0.0
2227.0,0.227,0,97,0.0
2227.5,0.227,0,97,0.0
2228.0,0.226,0,98,0.0
2228.5,0.229,0,98,0.0
2229.0,0.229,0,99,0.0
2229.5,0.229,0,99,0.0
2230.0,0.224,0,99,0.0
2230.5,0.226,0,100,0.0
2231.0,0.226,0,99,0.0
2231.5,0.227,0,98,1.2000000000000002
2232.0,0.227,0,99,1.8
2232.5,0.227,0,99,2.4000000000000004
2233.0,0.224,0,100,2.4000000000000004
2233.5,0.224,0,100,2.4000000000000004
2234.0,0.221,0,101,2.4000000000000004
2234.5,0.221,0,101,2.4000000000000004
2235.0,0.221,0,101,2.4000000000000004
2235.5,0.221,0,101,2.4000000000000004
2236.0,0.221,0,99,5.4
2236.5,0.219,0,98,9.600000000000001
2237.0,0.219,0,98,12.0
2237.5,0.221,0,98,13.200000000000001
2238.0,0.221,0,99,13.8
2238.5,0.221,0,99,13.8
2239.0,0.219,0,100,13.200000000000001
2239.5,0.219,0,100,13.200000000000001
2240.0,0.219,0,100,13.200000000000001
2240.5,0.221,0,101,13.200000000000001
2241.0,0.221,0,101,13.8
2241.5,0.221,0,102,13.8
2242.0,0.221,0,101,12.600000000000001
2242.5,0.221,0,100,13.8
2243.0,0.221,0,101,15.0
2243.5,0.221,0,100,16.2
2244.0,0.221,0,101,16.8
2244.5,0.221,0,101,16.8
2245.0,0.222,0,101,16.2
2245.5,0.222,0,101,16.2
2246.0,0.222,0,101,16.8
2246.5,0.221,0,102,17.400000000000002
2247.0,0.221,0,101,13.200000000000001
2247.5,0.221,0,100,12.600000000000001
2248.0,0.224,0,99,13.200000000000001
2248.5,0.224,0,99,13.200000000000001
2249.0,0.224,0,100,13.8
2249.5,0.222,0,100,13.8
2250.0,0.222,0,101,13.200000000000001
2250.5,0.222,0,101,13.200000000000001
2251.0,0.226,0,101,13.200000000000001
2251.5,0.226,0,101,13.8
2252.0,0.226,0,102,13.200000000000001
2252.5,0.222,0,101,9.600000000000001
2253.0,0.222,0,100,7.2
2253.5,0.222,0,100,5.4
2254.0,0.226,0,101,5.4
2254.5,0.226,0,101,4.800000000000001
2255.0,0.226,0,100,4.800000000000001
2255.5,0.221,0,100,4.800000000000001
2256.0,0.221,0,100,4.800000000000001
2256.5,0.221,0,100,4.800000000000001
2257.0,0.224,0,99,4.800000000000001
2257.5,0.224,0,99,4.800000000000001
2258.0,0.224,0,98,2.4000000000000004
2258.5,0.219,0,97,0.6000000000000001
2259.0,0.219,0,96,0.0
2259.5,0.219,0,97,0.0
2260.0,0.222,0,97,0.0
2260.5,0.222,0,98,0.0
2261.0,0.222,0,98,0.0
2261.5,0.219,0,99,0.0
2262.0,0.219,0,99,0.0
2262.5,0.218,0,100,0.0
2263.0,0.222,0,100,0.0
2263.5,0.222,0,100,0.0
2264.0,0.222,0,98,0.6000000000000001
2264.5,0.219,0,99,1.8
2265.0,0.221,0,100,1.8
2265.5,0.221,0,100,1.8
2266.0,0.224,0,101,2.4000000000000004
2266.5,0.224,0,101,1.8
2267.0,0.224,0,101,1.8
2267.5,0.224,0,101,1.8
2268.0,0.224,0,100,1.8
2268.5,0.222,0,99,4.800000000000001
2269.0,0.224,0,97,9.600000000000001
2269.5,0.224,0,97,11.4
2270.0,0.224,0,98,13.200000000000001
2270.5,0.224,0,99,13.8
2271.0,0.224,0,99,13.8
2271.5,0.224,0,100,13.8
2272.0,0.224,0,99,13.200000000000001
2272.5,0.224,0,100,13.200000000000001
2273.0,0.224,0,100,13.200000000000001
2273.5,0.222,0,100,13.200000000000001
2274.0,0.222,0,101,13.8
2274.5,0.222,0,101,12.600000000000001
2275.0,0.222,0,100,13.8
2275.5,0.222,0,99,15.0
2276.0,0.224,0,99,16.2
2276.5,0.224,0,100,16.8
2277.0,0.224,0,100,16.8
2277.5,0.224,0,100,16.8
2278.0,0.224,0,100,16.8
2278.5,0.224,0,101,16.8
2279.0,0.227,0,101,17.400000000000002
2279.5,0.227,0,100,14.4
2280.0,0.227,0,98,12.600000000000001
2280.5,0.227,0,99,13.200000000000001
2281.0,0.224,0,98,13.200000000000001
2281.5,0.224,0,99,13.8
2282.0,0.226,0,100,13.8
2282.5,0.226,0,100,13.8
2283.0,0.226,0,100,13.200000000000001
2283.5,0.226,0,101,13.200000000000001
2284.0,0.222,0,102,13.8
2284.5,0.222,0,101,13.8
2285.0,0.222,0,101,10.200000000000001
2285.5,0.222,0,99,9.0
2286.0,0.222,0,99,6.0
2286.5,0.222,0,100,5.4
2287.0,0.224,0,100,4.800000000000001
2287.5,0.224,0,100,4.800000000000001
2288.0,0.224,0,100,4.800000000000001
2288.5,0.224,0,100,4.800000000000001
2289.0,0.222,0,100,4.800000000000001
2289.5,0.222,0,99,4.800000000000001
2290.0,0.221,0,99,4.800000000000001
2290.5,0.221,0,99,3.0
2291.0,0.221,0,98,1.2000000000000002
2291.5,0.221,0,97,0.0
2292.0,0.221,0,97,0.0
2292.5,0.221,0,98,0.0
2293.0,0.216,0,98,0.0
2293.5,0.214,0,99,0.0
2294.0,0.214,0,99,0.0
2294.5,0.214,0,100,0.0
2295.0,0.213,0,100,0.0
2295.5,0.213,0,101,0.0
2296.0,0.208,0,101,0.0
2296.5,0.209,0,100,0.6000000000000001
2297.0,0.209,0,101,1.8
2297.5,0.209,0,101,1.8
2298.0,0.206,0,102,2.4000000000000004
2298.5,0.206,0,102,2.4000000000000004
2299.0,0.205,0,102,2.4000000000000004
2299.5,0.206,0,102,1.8
2300.0,0.206,0,102,1.8
2300.5,0.206,0,102,1.8
2301.0,0.206,0,101,4.2
2301.5,0.206,0,99,9.600000000000001
2302.0,0.206,0,99,10.8
2302.5,0.209,0,100,12.0
2303.0,0.209,0,100,12.600000000000001
2303.5,0.213,0,100,12.600000000000001
2304.0,0.213,0,100,12.600000000000001
2304.5,0.213,0,100,12.600000000000001
2305.0,0.211,0,101,12.600000000000001
2305.5,0.211,0,101,12.600000000000001
2306.0,0.211,0,101,12.600000000000001
2306.5,0.213,0,101,13.200000000000001
2307.0,0.213,0,101,12.0
2307.5,0.213,0,101,13.200000000000001
2308.0,0.211,0,99,12.0
2308.5,0.211,0,99,12.0
2309.0,0.213,0,99,12.600000000000001
2309.5,0.213,0,99,13.200000000000001
2310.0,0.213,0,100,13.200000000000001
2310.5,0.214,0,100,13.200000000000001
2311.0,0.219,0,101,13.200000000000001
2311.5,0.219,0,101,12.600000000000001
2312.0,0.219,0,101,13.200000000000001
2312.5,0.219,0,101,13.200000000000001
2313.0,0.219,0,101,9.600000000000001
2313.5,0.216,0,100,6.6000000000000005
2314.0,0.221,0,100,5.4
2314.5,0.221,0,100,4.800000000000001
2315.0,0.222,0,100,4.800000000000001
2315.5,0.222,0,100,4.800000000000001
2316.0,0.222,0,100,4.800000000000001
2316.5,0.221,0,99,4.2
2317.0,0.222,0,99,4.800000000000001
2317.5,0.222,0,99,4.800000000000001
2318.0,0.222,0,98,4.800000000000001
2318.5,0.221,0,98,2.4000000000000004
2319.0,0.221,0,97,0.6000000000000001
2319.5,0.221,0,96,0.0
2320.0,0.222,0,96,0.0
2320.5,0.222,0,97,0.0
2321.0,0.222,0,97,0.0
2321.5,0.219,0,97,0.0
2322.0,0.219,0,98,0.0
2322.5,0.219,0,98,0.0
2323.0,0.221,0,99,0.0
2323.5,0.222,0,100,0.0
2324.0,0.222,0,99,0.0
2324.5,0.224,0,98,0.6000000000000001
2325.0,0.224,0,99,1.2000000000000002
2325.5,0.224,0,99,1.8
2326.0,0.226,0,100,1.8
2326.5,0.226,0,100,1.8
2327.0,0.226,0,100,1.8
2327.5,0.227,0,100,1.8
2328.0,0.227,0,100,1.8
2328.5,0.227,0,100,1.8
2329.0,0.227,0,99,3.6
2329.5,0.229,0,97,9.600000000000001
2330.0,0.229,0,97,10.8
2330.5,0.229,0,97,12.600000000000001
2331.0,0.227,0,97,13.8
2331.5,0.227,0,98,13.200000000000001
2332.0,0.227,0,98,13.200000000000001
2332.5,0.23,0,98,13.200000000000001
2333.0,0.23,0,99,13.200000000000001
2333.5,0.23,0,99,13.200000000000001
2334.0,0.23,0,99,13.200000000000001
2334.5,0.232,0,99,13.8
2335.0,0.232,0,100,12.600000000000001
2335.5,0.232,0,99,13.200000000000001
2336.0,0.232,0,98,15.0
2336.5,0.232,0,98,16.2
2337.0,0.234,0,98,16.8
2337.5,0.235,0,99,17.400000000000002
2338.0,0.235,0,99,17.400000000000002
2338.5,0.237,0,99,17.400000000000002
2339.0,0.237,0,99,17.400000000000002
2339.5,0.237,0,100,17.400000000000002
2340.0,0.237,0,100,16.8
2340.5,0.237,0,98,13.8
2341.0,0.237,0,97,13.200000000000001
2341.5,0.237,0,97,13.8
2342.0,0.237,0,98,13.8
2342.5,0.238,0,98,13.8
2343.0,0.238,0,98,13.8
2343.5,0.238,0,99,13.8
2344.0,0.238,0,99,13.8
2344.5,0.238,0,100,13.8
2345.0,0.238,0,99,14.4
2345.5,0.24,0,100,13.8
2346.0,0.24,0,99,9.600000000000001
2346.5,0.24,0,98,8.4
2347.0,0.24,0,98,6.0
2347.5,0.24,0,98,5.4
2348.0,0.24,0,99,5.4
2348.5,0.247,0,99,4.800000000000001
2349.0,0.247,0,98,4.800000000000001
2349.5,0.247,0,98,4.800000000000001
2350.0,0.247,0,98,4.800000000000001
2350.5,0.243,0,98,4.800000000000001
2351.0,0.243,0,98,4.800000000000001
2351.5,0.245,0,97,3.0
2352.0,0.245,0,96,0.6000000000000001
2352.5,0.245,0,95,0.0
2353.0,0.247,0,95,0.0
2353.5,0.247,0,96,0.0
2354.0,0.247,0,96,0.0
2354.5,0.245,0,96,0.0
2355.0,0.248,0,97,0.0
2355.5,0.248,0,97,0.0
2356.0,0.248,0,97,0.0
2356.5,0.251,0,97,0.0
2357.0,0.251,0,97,2.4000000000000004
2357.5,0.25,0,98,2.4000000000000004
2358.0,0.25,0,98,2.4000000000000004
2358.5,0.25,0,98,2.4000000000000004
2359.0,0.255,0,98,2.4000000000000004
2359.5,0.255,0,98,2.4000000000000004
2360.0,0.255,0,98,3.0
2360.5,0.255,0,96,7.2
2361.0,0.255,0,94,10.8
2361.5,0.255,0,95,13.200000000000001
2362.0,0.256,0,96,15.0
2362.5,0.258,0,96,15.0
2363.0,0.258,0,97,15.600000000000001
2363.5,0.258,0,97,15.0
2364.0,0.255,0,97,15.0
2364.5,0.256,0,98,14.4
2365.0,0.256,0,98,14.4
2365.5,0.259,0,98,15.0
2366.0,0.259,0,99,15.0
2366.5,0.259,0,98,13.8
2367.0,0.256,0,97,15.0
2367.5,0.256,0,97,16.8
2368.0,0.255,0,98,18.0
2368.5,0.259,0,98,18.6
2369.0,0.259,0,98,18.6
2369.5,0.259,0,98,18.6
2370.0,0.258,0,98,18.6
2370.5,0.258,0,99,19.200000000000003
2371.0,0.258,0,100,19.8
2371.5,0.258,0,99,16.8
2372.0,0.258,0,97,14.4
2372.5,0.258,0,97,14.4
2373.0,0.258,0,96,15.0
2373.5,0.258,0,97,15.0
2374.0,0.258,0,98,15.600000000000001
2374.5,0.259,0,98,15.0
2375.0,0.259,0,99,15.0
2375.5,0.259,0,100,15.0
2376.0,0.261,0,100,15.0
2376.5,0.261,0,100,15.600000000000001
2377.0,0.261,0,100,13.8
2377.5,0.263,0,99,9.600000000000001
2378.0,0.263,0,98,8.4
2378.5,0.263,0,98,6.0
2379.0,0.264,0,98,6.0
2379.5,0.264,0,99,5.4
2380.0,0.264,0,99,5.4
2380.5,0.264,0,98,5.4
2381.0,0.264,0,98,5.4
2381.5,0.264,0,98,5.4
2382.0,0.264,0,97,5.4
2382.5,0.264,0,97,4.800000000000001
2383.0,0.264,0,96,1.8
2383.5,0.263,0,95,0.6000000000000001
2384.0,0.263,0,94,0.0
2384.5,0.263,0,95,0.0
2385.0,0.264,0,95,0.0
2385.5,0.264,0,96,0.0
2386.0,0.264,0,96,0.0
2386.5,0.263,0,97,0.0
2387.0,0.261,0,97,0.0
2387.5,0.261,0,97,0.0
2388.0,0.261,0,98,0.0
2388.5,0.263,0,98,0.0
2389.0,0.263,0,97,1.2000000000000002
2389.5,0.263,0,97,1.8
2390.0,0.261,0,97,2.4000000000000004
2390.5,0.261,0,98,3.0
2391.0,0.259,0,99,3.0
2391.5,0.264,0,99,2.4000000000000004
2392.0,0.264,0,99,3.0
2392.5,0.264,0,99,2.4000000000000004
2393.0,0.258,0,99,2.4000000000000004
2393.5,0.258,0,98,4.2
2394.0,0.258,0,96,9.600000000000001
2394.5,0.258,0,95,12.600000000000001
2395.0,0.258,0,96,14.4
2395.5,0.261,0,97,15.600000000000001
2396.0,0.261,0,97,15.600000000000001
2396.5,0.261,0,98,15.600000000000001
2397.0,0.255,0,98,15.600000000000001
2397.5,0.259,0,99,15.0
2398.0,0.259,0,99,15.0
2398.5,0.259,0,99,15.0
2399.0,0.256,0,100,15.600000000000001
2399.5,0.256,0,100,14.4
2400.0,0.256,0,100,14.4
2400.5,0.258,0,99,16.8
2401.0,0.258,0,99,18.0
2401.5,0.258,0,99,18.6
2402.0,0.253,0,100,18.6
2402.5,0.253,0,101,18.6
2403.0,0.251,0,101,18.6
2403.5,0.251,0,101,19.200000000000003
2404.0,0.251,0,102,17.400000000000002
2404.5,0.248,0,100,13.8
2405.0,0.247,0,99,13.8
2405.5,0.247,0,98,14.4
2406.0,0.247,0,99,14.4
2406.5,0.247,0,100,14.4
2407.0,0.248,0,100,15.0
2407.5,0.248,0,100,14.4
2408.0,0.248,0,101,14.4
2408.5,0.248,0,102,15.0
2409.0,0.248,0,102,15.0
2409.5,0.248,0,102,13.200000000000001
2410.0,0.248,0,101,9.600000000000001
2410.5,0.248,0,99,7.800000000000001
2411.0,0.247,0,100,6.0
2411.5,0.247,0,101,5.4
2412.0,0.248,0,100,5.4
2412.5,0.248,0,101,4.800000000000001
2413.0,0.248,0,100,4.800000000000001
2413.5,0.248,0,100,4.800000000000001
2414.0,0.247,0,100,5.4
2414.5,0.247,0,100,5.4
2415.0,0.247,0,100,4.2
2415.5,0.245,0,99,1.8
2416.0,0.245,0,98,0.6000000000000001
2416.5,0.245,0,98,0.0
2417.0,0.247,0,98,0.0
2417.5,0.247,0,99,0.0
2418.0,0.248,0,99,0.0
2418.5,0.248,0,100,0.0
2419.0,0.248,0,100,0.0
2419.5,0.248,0,100,0.0
2420.0,0.248,0,100,0.0
2420.5,0.248,0,101,0.0
2421.0,0.247,0,100,0.0
2421.5,0.247,0,100,1.2000000000000002
2422.0,0.247,0,100,2.4000000000000004
2422.5,0.248,0,100,2.4000000000000004
2423.0,0.248,0,101,2.4000000000000004
2423.5,0.248,0,101,2.4000000000000004
2424.0,0.247,0,101,2.4000000000000004
2424.5,0.247,0,101,2.4000000000000004
2425.0,0.247,0,102,2.4000000000000004
2425.5,0.248,0,101,3.6
2426.0,0.248,0,98,9.0
2426.5,0.248,0,98,10.8
2427.0,0.247,0,98,13.200000000000001
2427.5,0.248,0,100,15.0
2428.0,0.248,0,100,14.4
2428.5,0.248,0,100,13.8
2429.0,0.248,0,100,13.8
2429.5,0.248,0,100,14.4
2430.0,0.248,0,101,14.4
2430.5,0.255,0,101,13.8
2431.0,0.255,0,100,13.8
2431.5,0.255,0,99,16.2
2432.0,0.248,0,99,17.400000000000002
2432.5,0.247,0,100,18.0
2433.0,0.248,0,100,18.0
2433.5,0.25,0,100,18.0
2434.0,0.25,0,100,18.0
2434.5,0.25,0,101,18.0
2435.0,0.248,0,101,18.6
2435.5,0.248,0,101,16.8
2436.0,0.247,0,100,13.8
2436.5,0.251,0,99,13.8
2437.0,0.251,0,99,14.4
2437.5,0.251,0,99,15.0
2438.0,0.248,0,99,15.0
2438.5,0.248,0,100,15.0
2439.0,0.248,0,100,15.0
2439.5,0.251,0,101,14.4
2440.0,0.251,0,102,14.4
2440.5,0.251,0,102,15.0
2441.0,0.248,0,102,13.200000000000001
2441.5,0.248,0,100,9.600000000000001
2442.0,0.248,0,100,7.2
2442.5,0.251,0,100,6.0
2443.0,0.251,0,100,5.4
2443.5,0.251,0,100,5.4
2444.0,0.248,0,100,4.800000000000001
2444.5,0.251,0,100,4.800000000000001
2445.0,0.251,0,100,4.800000000000001
2445.5,0.253,0,100,4.800000000000001
2446.0,0.253,0,99,5.4
2446.5,0.253,0,99,4.2
2447.0,0.253,0,98,1.8
2447.5,0.251,0,97,0.6000000000000001
2448.0,0.251,0,96,0.0
2448.5,0.253,0,97,0.0
2449.0,0.253,0,98,0.0
2449.5,0.253,0,98,0.0
2450.0,0.253,0,98,0.0
2450.5,0.253,0,99,0.0
2451.0,0.255,0,99,0.0
2451.5,0.256,0,99,0.0
2452.0,0.256,0,100,0.0
2452.5,0.256,0,99,0.0
2453.0,0.255,0,98,1.2000000000000002
2453.5,0.255,0,99,2.4000000000000004
2454.0,0.253,0,99,2.4000000000000004
2454.5,0.256,0,100,2.4000000000000004
2455.0,0.256,0,100,2.4000000000000004
2455.5,0.256,0,100,2.4000000000000004
2456.0,0.256,0,100,2.4000000000000004
2456.5,0.258,0,100,2.4000000000000004
2457.0,0.258,0,100,3.0
2457.5,0.258,0,98,7.2
2458.0,0.258,0,97,10.8
2458.5,0.258,0,97,13.200000000000001
2459.0,0.259,0,97,14.4
2459.5,0.259,0,98,15.0
2460.0,0.259,0,98,15.0
2460.5,0.263,0,98,15.0
2461.0,0.266,0,98,15.0
2461.5,0.266,0,99,15.0
2462.0,0.266,0,99,15.0
2462.5,0.266,0,99,15.0
2463.0,0.266,0,99,15.0
2463.5,0.266,0,99,13.8
2464.0,0.269,0,98,15.600000000000001
2464.5,0.269,0,97,17.400000000000002
2465.0,0.269,0,98,18.6
2465.5,0.266,0,97,19.200000000000003
2466.0,0.266,0,98,19.8
2466.5,0.263,0,99,19.200000000000003
2467.0,0.266,0,99,19.8
2467.5,0.266,0,99,19.8
2468.0,0.266,0,99,20.400000000000002
2468.5,0.266,0,99,16.2
2469.0,0.266,0,97,15.0
2469.5,0.264,0,97,15.0
2470.0,0.267,0,97,15.600000000000001
2470.5,0.267,0,97,15.600000000000001
2471.0,0.267,0,98,16.2
2471.5,0.267,0,98,16.2
2472.0,0.267,0,99,15.600000000000001
2472.5,0.267,0,100,15.600000000000001
2473.0,0.267,0,100,15.600000000000001
2473.5,0.267,0,100,16.2
2474.0,0.269,0,100,12.600000000000001
2474.5,0.269,0,99,9.600000000000001
2475.0,0.269,0,98,8.4
2475.5,0.269,0,98,6.0
2476.0,0.269,0,98,6.0
2476.5,0.269,0,99,5.4
2477.0,0.269,0,99,5.4
2477.5,0.269,0,98,5.4
2478.0,0.267,0,99,5.4
2478.5,0.267,0,98,5.4
2479.0,0.266,0,98,6.0
2479.5,0.266,0,98,4.2
2480.0,0.266,0,97,1.8
2480.5,0.266,0,96,0.6000000000000001
2481.0,0.266,0,95,0.0
2481.5,0.266,0,96,0.0
2482.0,0.264,0,97,0.0
2482.5,0.266,0,97,0.0
2483.0,0.266,0,98,0.0
2483.5,0.266,0,98,0.0
2484.0,0.266,0,99,0.0
2484.5,0.266,0,99,0.0
2485.0,0.263,0,100,0.0
2485.5,0.264,0,98,0.0
2486.0,0.264,0,98,1.2000000000000002
2486.5,0.266,0,98,2.4000000000000004
2487.0,0.266,0,99,3.0
2487.5,0.266,0,99,3.0
2488.0,0.263,0,100,3.0
2488.5,0.263,0,100,3.0
2489.0,0.259,0,100,2.4000000000000004
2489.5,0.261,0,100,2.4000000000000004
2490.0,0.261,0,100,2.4000000000000004
2490.5,0.261,0,98,9.600000000000001
2491.0,0.259,0,97,10.200000000000001
2491.5,0.261,0,97,13.200000000000001
2492.0,0.261,0,98,15.0
2492.5,0.263,0,98,15.600000000000001
2493.0,0.263,0,99,15.600000000000001
2493.5,0.263,0,99,15.600000000000001
2494.0,0.263,0,99,15.0
2494.5,0.263,0,100,15.0
2495.0,0.263,0,100,15.0
2495.5,0.266,0,100,15.600000000000001
2496.0,0.266,0,100,14.4
2496.5,0.266,0,100,14.4
2497.0,0.264,0,99,16.2
2497.5,0.264,0,97,17.400000000000002
2498.0,0.264,0,99,18.6
2498.5,0.271,0,99,19.8
2499.0,0.271,0,99,19.8
2499.5,0.271,0,99,19.8
2500.0,0.266,0,99,19.8
2500.5,0.266,0,99,20.400000000000002
2501.0,0.266,0,101,20.400000000000002
2501.5,0.271,0,99,16.8
2502.0,0.271,0,97,15.0
2502.5,0.271,0,97,15.0
2503.0,0.266,0,97,15.600000000000001
2503.5,0.266,0,98,15.600000000000001
2504.0,0.266,0,98,16.2
2504.5,0.269,0,99,16.2
2505.0,0.271,0,99,16.2
2505.5,0.271,0,100,16.2
2506.0,0.271,0,100,16.2
2506.5,0.267,0,100,16.2
2507.0,0.267,0,101,12.600000000000001
2507.5,0.266,0,99,9.600000000000001
2508.0,0.271,0,98,8.4
2508.5,0.271,0,98,6.0
2509.0,0.271,0,98,6.0
2509.5,0.269,0,99,5.4
2510.0,0.269,0,99,5.4
2510.5,0.267,0,99,5.4
2511.0,0.269,0,99,5.4
2511.5,0.269,0,99,5.4
2512.0,0.269,0,98,6.0
2512.5,0.267,0,98,3.6
2513.0,0.267,0,97,1.8
2513.5,0.267,0,96,0.6000000000000001
2514.0,0.269,0,95,0.0
2514.5,0.269,0,96,0.0
2515.0,0.269,0,97,0.0
2515.5,0.266,0,97,0.0
2516.0,0.266,0,98,0.0
2516.5,0.266,0,99,0.0
2517.0,0.266,0,98,0.0
2517.5,0.266,0,99,0.0
2518.0,0.266,0,100,0.0
2518.5,0.266,0,99,0.0
2519.0,0.266,0,99,1.8
2519.5,0.266,0,99,2.4000000000000004
2520.0,0.266,0,100,3.0
2520.5,0.266,0,100,3.0
2521.0,0.267,0,101,3.0
2521.5,0.267,0,100,3.0
2522.0,0.267,0,101,2.4000000000000004
2522.5,0.267,0,101,2.4000000000000004
2523.0,0.266,0,100,3.0
2523.5,0.266,0,98,7.2
2524.0,0.266,0,97,10.8
2524.5,0.266,0,97,14.4
2525.0,0.269,0,97,15.600000000000001
2525.5,0.269,0,98,15.600000000000001
2526.0,0.269,0,98,15.600000000000001
2526.5,0.267,0,98,15.600000000000001
2527.0,0.267,0,99,15.600000000000001
2527.5,0.271,0,99,15.600000000000001
2528.0,0.271,0,99,15.600000000000001
2528.5,0.271,0,100,15.600000000000001
2529.0,0.271,0,100,15.0
2529.5,0.271,0,99,14.4
2530.0,0.271,0,98,16.8
2530.5,0.274,0,98,18.6
2531.0,0.274,0,99,19.200000000000003
2531.5,0.274,0,99,19.8
2532.0,0.271,0,99,19.8
2532.5,0.271,0,100,19.8
2533.0,0.269,0,100,19.8
2533.5,0.274,0,100,20.400000000000002
2534.0,0.274,0,100,19.8
2534.5,0.274,0,99,15.600000000000001
2535.0,0.272,0,97,15.0
2535.5,0.272,0,97,15.600000000000001
2536.0,0.269,0,97,16.2
2536.5,0.274,0,97,16.2
2537.0,0.274,0,98,16.2
2537.5,0.274,0,99,16.2
2538.0,0.272,0,99,16.2
2538.5,0.272,0,100,16.2
2539.0,0.272,0,100,16.8
2539.5,0.277,0,99,16.8
2540.0,0.277,0,99,11.4
2540.5,0.277,0,99,9.600000000000001
2541.0,0.277,0,97,9.0
2541.5,0.277,0,97,6.6000000000000005
2542.0,0.277,0,98,6.0
2542.5,0.28,0,98,6.0
2543.0,0.284,0,98,6.0
2543.5,0.284,0,98,6.0
2544.0,0.284,0,98,6.0
2544.5,0.277,0,98,6.0
2545.0,0.277,0,98,6.0
2545.5,0.277,0,98,3.6
2546.0,0.284,0,97,1.2000000000000002
2546.5,0.284,0,95,0.0
2547.0,0.284,0,94,0.0
2547.5,0.282,0,95,0.0
2548.0,0.282,0,96,0.0
2548.5,0.282,0,96,0.0
2549.0,0.285,0,96,0.0
2549.5,0.285,0,97,0.0
2550.0,0.285,0,97,0.0
2550.5,0.284,0,98,0.0
2551.0,0.287,0,98,0.0
2551.5,0.287,0,96,0.6000000000000001
2552.0,0.288,0,96,1.8
2552.5,0.288,0,96,2.4000000000000004
2553.0,0.288,0,97,3.0
2553.5,0.287,0,97,3.0
2554.0,0.288,0,97,3.0
2554.5,0.288,0,98,3.0
2555.0,0.288,0,98,3.0
2555.5,0.288,0,98,3.0
2556.0,0.288,0,98,3.0
2556.5,0.288,0,96,8.4
2557.0,0.288,0,94,12.0
2557.5,0.288,0,94,15.0
2558.0,0.288,0,95,16.8
2558.5,0.288,0,95,17.400000000000002
2559.0,0.288,0,96,17.400000000000002
2559.5,0.292,0,97,17.400000000000002
2560.0,0.292,0,97,16.8
2560.5,0.293,0,97,16.8
2561.0,0.293,0,98,16.8
2561.5,0.293,0,98,16.8
2562.0,0.293,0,99,17.400000000000002
2562.5,0.296,0,98,15.600000000000001
2563.0,0.296,0,96,16.8
2563.5,0.296,0,95,19.200000000000003
2564.0,0.295,0,95,21.0
2564.5,0.295,0,96,21.6
2565.0,0.295,0,96,22.200000000000003
2565.5,0.296,0,97,22.200000000000003
2566.0,0.298,0,97,22.200000000000003
2566.5,0.298,0,97,22.200000000000003
2567.0,0.298,0,97,22.8
2567.5,0.296,0,98,21.0
2568.0,0.296,0,96,16.8
2568.5,0.295,0,94,16.2
2569.0,0.3,0,94,17.400000000000002
2569.5,0.3,0,94,18.0
2570.0,0.3,0,95,18.6
2570.5,0.296,0,96,18.6
2571.0,0.296,0,96,18.6
2571.5,0.295,0,97,18.6
2572.0,0.3,0,98,18.6
2572.5,0.3,0,98,18.6
2573.0,0.3,0,98,18.6
2573.5,0.3,0,98,13.8
2574.0,0.3,0,97,10.200000000000001
2574.5,0.3,0,96,9.600000000000001
2575.0,0.303,0,96,9.600000000000001
2575.5,0.303,0,97,7.800000000000001
2576.0,0.303,0,97,7.2
2576.5,0.303,0,97,6.6000000000000005
2577.0,0.3,0,97,6.6000000000000005
2577.5,0.3,0,97,6.6000000000000005
2578.0,0.305,0,97,6.6000000000000005
2578.5,0.305,0,97,7.2
2579.0,0.305,0,97,4.800000000000001
2579.5,0.305,0,95,1.8
2580.0,0.298,0,94,0.6000000000000001
2580.5,0.298,0,93,0.0
2581.0,0.298,0,94,0.0
2581.5,0.3,0,94,0.0
2582.0,0.3,0,95,0.0
2582.5,0.3,0,95,0.0
2583.0,0.295,0,96,0.0
2583.5,0.298,0,97,0.0
2584.0,0.298,0,97,0.0
2584.5,0.3,0,98,0.0
2585.0,0.3,0,98,0.0
2585.5,0.3,0,96,1.8
2586.0,0.295,0,97,3.0
2586.5,0.296,0,97,3.6
2587.0,0.296,0,98,3.6
2587.5,0.298,0,99,3.6
2588.0,0.298,0,99,3.6
2588.5,0.298,0,99,3.6
2589.0,0.295,0,99,3.0
2589.5,0.293,0,98,18.0
2590.0,0.293,0,99,17.400000000000002
2590.5,0.293,0,99,17.400000000000002
2591.0,0.293,0,100,18.0
2591.5,0.288,0,100,18.0
2592.0,0.288,0,101,16.2
2592.5,0.287,0,100,16.8
2593.0,0.287,0,98,19.200000000000003
2593.5,0.285,0,98,21.0
2594.0,0.285,0,99,22.200000000000003
2594.5,0.285,0,100,22.200000000000003
2595.0,0.285,0,100,22.8
2595.5,0.285,0,101,22.200000000000003
2596.0,0.284,0,101,22.200000000000003
2596.5,0.284,0,102,22.8
2597.0,0.284,0,102,19.8
2597.5,0.282,0,101,16.2
2598.0,0.282,0,99,16.2
2598.5,0.279,0,99,16.8
2599.0,0.279,0,99,17.400000000000002
2599.5,0.279,0,100,17.400000000000002
2600.0,0.28,0,100,17.400000000000002
2600.5,0.28,0,101,17.400000000000002
2601.0,0.28,0,102,17.400000000000002
2601.5,0.279,0,102,17.400000000000002
2602.0,0.277,0,102,18.0
2602.5,0.277,0,102,15.0
2603.0,0.277,0,101,10.8
2603.5,0.277,0,100,9.600000000000001
2604.0,0.277,0,100,9.0
2604.5,0.277,0,101,6.6000000000000005
2605.0,0.279,0,101,6.6000000000000005
2605.5,0.279,0,102,6.0
2606.0,0.279,0,101,6.0
2606.5,0.277,0,101,6.0
2607.0,0.277,0,101,6.0
2607.5,0.277,0,101,6.6000000000000005
2608.0,0.277,0,101,4.2
2608.5,0.277,0,99,1.8
2609.0,0.279,0,98,0.6000000000000001
2609.5,0.279,0,97,0.0
2610.0,0.279,0,98,0.0
2610.5,0.279,0,99,0.0
2611.0,0.28,0,100,0.0
2611.5,0.28,0,101,0.0
2612.0,0.28,0,101,0.0
2612.5,0.28,0,101,0.0
2613.0,0.279,0,102,0.0
2613.5,0.279,0,100,0.6000000000000001
2614.0,0.276,0,100,2.4000000000000004
2614.5,0.276,0,101,3.0
2615.0,0.276,0,101,3.0
2615.5,0.276,0,102,3.6
2616.0,0.271,0,102,3.0
2616.5,0.272,0,102,3.0
2617.0,0.272,0,102,3.0
2617.5,0.272,0,102,3.0
2618.0,0.271,0,102,6.0
2618.5,0.271,0,99,10.200000000000001
2619.0,0.266,0,99,13.8
2619.5,0.266,0,99,15.600000000000001
2620.0,0.266,0,100,16.8
2620.5,0.266,0,101,16.8
2621.0,0.266,0,102,16.8
2621.5,0.266,0,102,16.2
2622.0,0.266,0,103,16.2
2622.5,0.266,0,103,16.2
2623.0,0.264,0,104,16.2
2623.5,0.264,0,104,16.2
2624.0,0.264,0,103,15.0
2624.5,0.264,0,102,16.2
2625.0,0.263,0,101,18.6
2625.5,0.263,0,101,19.8
2626.0,0.261,0,102,20.400000000000002
2626.5,0.261,0,102,20.400000000000002
2627.0,0.259,0,103,19.8
2627.5,0.259,0,103,20.400000000000002
2628.0,0.258,0,104,20.400000000000002
2628.5,0.258,0,104,19.8
2629.0,0.258,0,103,15.0
2629.5,0.259,0,101,14.4
2630.0,0.259,0,101,15.0
2630.5,0.259,0,100,15.600000000000001
2631.0,0.256,0,101,16.2
2631.5,0.256,0,102,16.2
2632.0,0.253,0,102,16.2
2632.5,0.256,0,103,16.2
2633.0,0.256,0,104,16.2
2633.5,0.258,0,104,16.8
2634.0,0.258,0,104,14.4
2634.5,0.258,0,103,9.600000000000001
2635.0,0.258,0,102,9.600000000000001
2635.5,0.258,0,102,6.6000000000000005
2636.0,0.256,0,102,6.6000000000000005
2636.5,0.256,0,103,6.0
2637.0,0.253,0,103,5.4
2637.5,0.255,0,103,5.4
2638.0,0.255,0,103,5.4
2638.5,0.256,0,102,5.4
2639.0,0.256,0,102,5.4
2639.5,0.256,0,102,3.6
2640.0,0.256,0,101,1.2000000000000002
2640.5,0.258,0,99,0.0
2641.0,0.258,0,99,0.0
2641.5,0.258,0,100,0.0
2642.0,0.258,0,101,0.0
2642.5,0.258,0,101,0.0
2643.0,0.258,0,102,0.0
2643.5,0.258,0,102,0.0
2644.0,0.258,0,102,0.0
2644.5,0.258,0,103,0.0
2645.0,0.258,0,102,0.0
2645.5,0.258,0,101,1.2000000000000002
2646.0,0.258,0,102,2.4000000000000004
2646.5,0.258,0,102,3.0
2647.0,0.259,0,103,3.0
2647.5,0.259,0,103,3.0
2648.0,0.259,0,103,3.0
2648.5,0.259,0,103,2.4000000000000004
2649.0,0.259,0,104,2.4000000000000004
2649.5,0.259,0,104,2.4000000000000004
2650.0,0.261,0,102,6.0
2650.5,0.261,0,100,10.200000000000001
2651.0,0.261,0,100,13.200000000000001
2651.5,0.261,0,100,15.0
2652.0,0.263,0,101,15.600000000000001
2652.5,0.264,0,101,15.600000000000001
2653.0,0.264,0,101,15.0
2653.5,0.264,0,102,15.0
2654.0,0.266,0,102,15.0
2654.5,0.266,0,102,15.0
2655.0,0.266,0,102,15.600000000000001
2655.5,0.266,0,102,14.4
2656.0,0.266,0,102,14.4
2656.5,0.266,0,101,16.2
2657.0,0.266,0,100,18.0
2657.5,0.266,0,101,19.200000000000003
2658.0,0.266,0,101,19.200000000000003
2658.5,0.266,0,101,19.200000000000003
2659.0,0.266,0,102,19.200000000000003
2659.5,0.264,0,102,19.8
2660.0,0.266,0,102,19.8
2660.5,0.266,0,102,18.0
2661.0,0.266,0,101,15.0
2661.5,0.264,0,100,14.4
2662.0,0.266,0,100,15.600000000000001
2662.5,0.266,0,100,15.600000000000001
2663.0,0.266,0,101,15.600000000000001
2663.5,0.264,0,101,15.600000000000001
2664.0,0.266,0,102,15.600000000000001
2664.5,0.266,0,102,16.2
2665.0,0.267,0,101,13.8
2665.5,0.267,0,100,9.600000000000001
2666.0,0.267,0,99,9.0
2666.5,0.267,0,99,6.6000000000000005
2667.0,0.267,0,100,6.0
2667.5,0.267,0,100,6.0
2668.0,0.272,0,101,6.0
2668.5,0.272,0,100,5.4
2669.0,0.272,0,100,6.0
2669.5,0.269,0,100,6.0
2670.0,0.269,0,99,6.0
2670.5,0.269,0,100,4.2
2671.0,0.269,0,98,1.8
2671.5,0.269,0,96,0.6000000000000001
2672.0,0.269,0,96,0.0
2672.5,0.269,0,96,0.0
2673.0,0.269,0,97,0.0
2673.5,0.269,0,98,0.0
2674.0,0.267,0,98,0.0
2674.5,0.271,0,99,0.0
2675.0,0.271,0,99,0.0
2675.5,0.271,0,100,0.0
2676.0,0.266,0,100,0.0
2676.5,0.266,0,99,0.0
2677.0,0.266,0,98,1.8
2677.5,0.269,0,99,2.4000000000000004
2678.0,0.269,0,99,3.0
2678.5,0.269,0,100,3.0
2679.0,0.266,0,100,3.0
2679.5,0.266,0,101,3.0
2680.0,0.266,0,101,3.0
2680.5,0.269,0,101,3.0
2681.0,0.269,0,101,3.0
2681.5,0.269,0,99,8.4
2682.0,0.267,0,97,11.4
2682.5,0.267,0,97,14.4
2683.0,0.267,0,98,15.600000000000001
2683.5,0.271,0,98,16.2
2684.0,0.271,0,99,16.2
2684.5,0.271,0,99,16.2
2685.0,0.271,0,100,15.600000000000001
2685.5,0.271,0,100,15.600000000000001
2686.0,0.274,0,101,16.2
2686.5,0.274,0,101,15.600000000000001
2687.0,0.274,0,101,14.4
2687.5,0.272,0,99,16.8
2688.0,0.272,0,99,18.6
2688.5,0.272,0,99,19.200000000000003
2689.0,0.276,0,100,19.8
2689.5,0.276,0,100,19.8
2690.0,0.276,0,100,19.8
2690.5,0.272,0,101,19.8
2691.0,0.276,0,101,20.400000000000002
2691.5,0.276,0,101,20.400000000000002
2692.0,0.276,0,100,15.600000000000001
2692.5,0.274,0,98,15.0
2693.0,0.274,0,97,15.600000000000001
2693.5,0.274,0,97,16.2
2694.0,0.274,0,98,16.2
2694.5,0.274,0,99,16.8
2695.0,0.272,0,99,16.2
2695.5,0.272,0,100,16.2
2696.0,0.276,0,101,16.2
2696.5,0.276,0,101,16.8
2697.0,0.276,0,101,16.8
2697.5,0.276,0,101,11.4
2698.0,0.274,0,99,9.600000000000001
2698.5,0.274,0,99,8.4
2699.0,0.272,0,99,6.6000000000000005
2699.5,0.272,0,99,6.0
2700.0,0.272,0,100,6.0
2700.5,0.272,0,99,6.0
2701.0,0.272,0,100,5.4
2701.5,0.272,0,100,6.0
2702.0,0.271,0,99,6.0
2702.5,0.271,0,99,5.4
2703.0,0.272,0,99,3.0
2703.5,0.272,0,97,1.2000000000000002
2704.0,0.272,0,96,0.0
2704.5,0.272,0,96,0.0
2705.0,0.272,0,97,0.0
2705.5,0.274,0,97,0.0
2706.0,0.274,0,97,0.0
2706.5,0.274,0,98,0.0
2707.0,0.272,0,99,0.0
2707.5,0.272,0,99,0.0
2708.0,0.272,0,99,0.0
2708.5,0.272,0,100,0.0
2709.0,0.272,0,98,1.2000000000000002
2709.5,0.272,0,98,2.4000000000000004
2710.0,0.271,0,99,3.0
2710.5,0.272,0,99,3.0
2711.0,0.272,0,100,3.0
2711.5,0.271,0,100,4.800000000000001
2712.0,0.271,0,98,9.600000000000001
2712.5,0.272,0,97,13.200000000000001
2713.0,0.272,0,98,15.0
2713.5,0.272,0,98,16.2
2714.0,0.271,0,98,16.2
2714.5,0.271,0,99,16.2
2715.0,0.271,0,99,15.600000000000001
2715.5,0.272,0,99,15.600000000000001
2716.0,0.272,0,100,15.600000000000001
2716.5,0.274,0,100,15.600000000000001
2717.0,0.274,0,100,16.8
2717.5,0.277,0,100,15.0
2718.0,0.277,0,99,15.600000000000001
2718.5,0.277,0,98,18.0
2719.0,0.277,0,98,19.8
2719.5,0.277,0,98,20.400000000000002
2720.0,0.276,0,99,21.0
2720.5,0.276,0,99,21.0
2721.0,0.276,0,100,21.0
2721.5,0.277,0,100,21.0
2722.0,0.277,0,100,21.0
2722.5,0.277,0,100,18.6
2723.0,0.276,0,99,15.600000000000001
2723.5,0.276,0,97,15.600000000000001
2724.0,0.276,0,97,16.2
2724.5,0.276,0,97,16.8
2725.0,0.277,0,98,16.8
2725.5,0.277,0,99,16.8
2726.0,0.277,0,99,16.8
2726.5,0.277,0,99,16.8
2727.0,0.277,0,100,16.8
2727.5,0.276,0,100,16.8
2728.0,0.277,0,100,15.600000000000001
2728.5,0.277,0,99,10.8
2729.0,0.277,0,98,9.600000000000001
2729.5,0.276,0,97,7.2
2730.0,0.279,0,98,6.6000000000000005
2730.5,0.279,0,98,6.6000000000000005
2731.0,0.279,0,98,6.0
2731.5,0.279,0,98,6.0
2732.0,0.279,0,98,6.0
2732.5,0.277,0,98,6.0
2733.0,0.277,0,98,5.4
2733.5,0.277,0,97,3.0
2734.0,0.277,0,96,0.6000000000000001
2734.5,0.277,0,95,0.0
2735.0,0.276,0,95,0.0
2735.5,0.276,0,95,0.0
2736.0,0.276,0,96,0.0
2736.5,0.276,0,97,0.0
2737.0,0.276,0,97,0.0
2737.5,0.276,0,98,0.0
2738.0,0.276,0,98,0.0
2738.5,0.276,0,99,0.0
2739.0,0.279,0,99,0.0
2739.5,0.279,0,98,1.2000000000000002
2740.0,0.279,0,98,2.4000000000000004
2740.5,0.279,0,98,3.0
2741.0,0.277,0,98,3.0
2741.5,0.277,0,99,3.0
2742.0,0.277,0,99,3.0
2742.5,0.279,0,100,3.0
2743.0,0.279,0,100,3.0
2743.5,0.279,0,100,3.0
2744.0,0.277,0,99,4.800000000000001
2744.5,0.276,0,97,9.600000000000001
2745.0,0.276,0,96,13.200000000000001
2745.5,0.274,0,97,15.600000000000001
2746.0,0.276,0,98,16.8
2746.5,0.276,0,98,17.400000000000002
2747.0,0.276,0,99,16.8
2747.5,0.276,0,99,16.8
2748.0,0.279,0,100,16.8
2748.5,0.279,0,100,16.2
2749.0,0.279,0,100,16.2
2749.5,0.277,0,101,16.8
2750.0,0.279,0,102,15.0
2750.5,0.279,0,100,16.2
2751.0,0.28,0,98,18.0
2751.5,0.28,0,99,19.8
2752.0,0.28,0,99,21.0
2752.5,0.28,0,99,21.0
2753.0,0.28,0,99,21.0
2753.5,0.28,0,100,21.0
2754.0,0.28,0,100,21.0
2754.5,0.284,0,100,19.200000000000003
2755.0,0.284,0,99,16.2
2755.5,0.285,0,97,16.2
2756.0,0.285,0,96,16.8
2756.5,0.285,0,96,17.400000000000002
2757.0,0.285,0,97,17.400000000000002
2757.5,0.285,0,98,17.400000000000002
2758.0,0.285,0,99,17.400000000000002
2758.5,0.287,0,99,17.400000000000002
2759.0,0.287,0,100,17.400000000000002
2759.5,0.287,0,100,18.0
2760.0,0.285,0,100,16.2
2760.5,0.285,0,99,10.8
2761.0,0.285,0,98,9.600000000000001
2761.5,0.287,0,97,9.0
2762.0,0.287,0,98,6.6000000000000005
2762.5,0.287,0,98,6.6000000000000005
2763.0,0.285,0,98,6.6000000000000005
2763.5,0.285,0,98,6.0
2764.0,0.285,0,99,6.0
2764.5,0.287,0,98,6.0
2765.0,0.287,0,98,6.6000000000000005
2765.5,0.287,0,98,6.0
2766.0,0.287,0,97,3.0
2766.5,0.287,0,95,1.2000000000000002
2767.0,0.287,0,94,0.0
2767.5,0.287,0,94,0.0
2768.0,0.29,0,95,0.0
2768.5,0.29,0,96,0.0
2769.0,0.29,0,96,0.0
2769.5,0.288,0,97,0.0
2770.0,0.288,0,97,0.0
2770.5,0.288,0,98,0.0
2771.0,0.288,0,98,0.0
2771.5,0.288,0,99,0.0
2772.0,0.288,0,97,1.2000000000000002
2772.5,0.288,0,97,2.4000000000000004
2773.0,0.288,0,97,3.0
2773.5,0.288,0,98,3.6
2774.0,0.292,0,99,3.6
2774.5,0.292,0,99,3.6
2775.0,0.292,0,99,3.6
2775.5,0.288,0,100,3.0
2776.0,0.287,0,100,3.0
2776.5,0.287,0,100,4.800000000000001
2777.0,0.287,0,97,9.600000000000001
2777.5,0.287,0,96,13.200000000000001
2778.0,0.288,0,96,16.2
2778.5,0.288,0,96,17.400000000000002
2779.0,0.288,0,97,17.400000000000002
2779.5,0.288,0,98,17.400000000000002
2780.0,0.29,0,100,16.2
2780.5,0.29,0,98,18.0
2781.0,0.29,0,98,20.400000000000002
2781.5,0.29,0,98,21.6
2782.0,0.29,0,99,21.6
2782.5,0.29,0,99,22.200000000000003
2783.0,0.29,0,100,21.6
2783.5,0.29,0,100,22.200000000000003
2784.0,0.29,0,100,22.8
2784.5,0.292,0,100,21.6
2785.0,0.292,0,99,16.8
2785.5,0.292,0,97,16.2
2786.0,0.288,0,97,16.8
2786.5,0.288,0,97,17.400000000000002
2787.0,0.288,0,97,18.0
2787.5,0.288,0,99,18.0
2788.0,0.288,0,99,18.0
2788.5,0.288,0,99,18.0
2789.0,0.288,0,100,18.0
2789.5,0.29,0,100,18.0
2790.0,0.29,0,100,18.0
2790.5,0.29,0,99,12.0
2791.0,0.29,0,98,9.600000000000001
2791.5,0.29,0,98,9.600000000000001
2792.0,0.285,0,98,9.0
2792.5,0.287,0,99,7.2
2793.0,0.287,0,99,6.6000000000000005
2793.5,0.287,0,99,6.6000000000000005
2794.0,0.284,0,100,6.6000000000000005
2794.5,0.284,0,100,6.6000000000000005
2795.0,0.282,0,100,6.6000000000000005
2795.5,0.282,0,99,6.0
2796.0,0.282,0,100,3.0
2796.5,0.284,0,98,1.2000000000000002
2797.0,0.284,0,96,0.0
2797.5,0.284,0,97,0.0
2798.0,0.284,0,97,0.0
2798.5,0.284,0,98,0.0
2799.0,0.284,0,99,0.0
2799.5,0.282,0,99,0.0
2800.0,0.282,0,100,0.0
2800.5,0.282,0,100,0.0
2801.0,0.282,0,101,0.0
2801.5,0.28,0,100,0.0
2802.0,0.28,0,99,1.2000000000000002
2802.5,0.28,0,100,2.4000000000000004
2803.0,0.28,0,99,3.0
2803.5,0.28,0,100,3.6
2804.0,0.28,0,101,3.6
2804.5,0.28,0,101,3.0
2805.0,0.28,0,101,3.0
2805.5,0.279,0,102,3.0
2806.0,0.279,0,102,3.0
2806.5,0.279,0,101,6.0
2807.0,0.279,0,98,10.8
2807.5,0.277,0,97,13.8
2808.0,0.277,0,98,16.2
2808.5,0.282,0,99,17.400000000000002
2809.0,0.282,0,100,17.400000000000002
2809.5,0.282,0,100,17.400000000000002
2810.0,0.282,0,100,16.8
2810.5,0.28,0,101,16.8
2811.0,0.28,0,101,16.8
2811.5,0.285,0,102,17.400000000000002
2812.0,0.285,0,102,17.400000000000002
2812.5,0.285,0,102,15.0
2813.0,0.285,0,100,16.8
2813.5,0.282,0,100,18.6
2814.0,0.282,0,101,20.400000000000002
2814.5,0.284,0,100,21.0
2815.0,0.284,0,101,21.0
2815.5,0.284,0,101,21.0
2816.0,0.284,0,101,21.6
2816.5,0.28,0,102,21.6
2817.0,0.28,0,102,22.200000000000003
2817.5,0.282,0,101,17.400000000000002
2818.0,0.282,0,99,15.600000000000001
2818.5,0.282,0,99,16.2
2819.0,0.282,0,99,16.8
2819.5,0.28,0,99,16.8
2820.0,0.28,0,100,17.400000000000002
2820.5,0.284,0,100,17.400000000000002
2821.0,0.284,0,101,17.400000000000002
2821.5,0.284,0,103,17.400000000000002
2822.0,0.284,0,102,17.400000000000002
2822.5,0.282,0,102,16.8
2823.0,0.282,0,102,11.4
2823.5,0.284,0,100,9.600000000000001
2824.0,0.284,0,100,9.600000000000001
2824.5,0.284,0,100,6.6000000000000005
2825.0,0.284,0,100,6.6000000000000005
2825.5,0.284,0,101,6.0
2826.0,0.284,0,100,6.0
2826.5,0.28,0,100,6.0
2827.0,0.28,0,100,6.0
2827.5,0.28,0,100,6.0
2828.0,0.28,0,100,6.0
2828.5,0.28,0,99,3.0
2829.0,0.28,0,97,1.2000000000000002
2829.5,0.28,0,97,0.0
2830.0,0.28,0,97,0.0
2830.5,0.28,0,98,0.0
2831.0,0.28,0,99,0.0
2831.5,0.28,0,99,0.0
2832.0,0.284,0,100,0.0
2832.5,0.285,0,100,0.0
2833.0,0.287,0,100,0.0
2833.5,0.287,0,100,0.0
2834.0,0.288,0,100,0.0
2834.5,0.288,0,98,1.8
2835.0,0.288,0,99,2.4000000000000004
2835.5,0.287,0,99,3.0
2836.0,0.287,0,100,3.6
2836.5,0.284,0,100,3.6
2837.0,0.285,0,100,3.6
2837.5,0.285,0,100,3.6
2838.0,0.285,0,101,3.0
2838.5,0.285,0,100,3.0
2839.0,0.285,0,99,7.2
2839.5,0.285,0,97,11.4
2840.0,0.285,0,97,15.0
2840.5,0.285,0,97,16.8
2841.0,0.285,0,98,17.400000000000002
2841.5,0.285,0,98,17.400000000000002
2842.0,0.284,0,99,17.400000000000002
2842.5,0.28,0,99,16.8
2843.0,0.282,0,100,16.8
2843.5,0.282,0,100,16.8
2844.0,0.282,0,101,16.8
2844.5,0.28,0,101,17.400000000000002
2845.0,0.279,0,101,15.0
2845.5,0.279,0,101,16.8
2846.0,0.282,0,99,18.6
2846.5,0.282,0,99,20.400000000000002
2847.0,0.282,0,100,21.0
2847.5,0.28,0,100,21.0
2848.0,0.285,0,101,21.6
2848.5,0.285,0,101,21.0
2849.0,0.288,0,101,21.6
2849.5,0.288,0,101,22.200000000000003
2850.0,0.288,0,101,16.8
2850.5,0.287,0,99,15.600000000000001
2851.0,0.287,0,98,16.2
2851.5,0.288,0,98,16.8
2852.0,0.293,0,98,17.400000000000002
2852.5,0.293,0,99,17.400000000000002
2853.0,0.293,0,99,17.400000000000002
2853.5,0.29,0,100,17.400000000000002
2854.0,0.29,0,101,17.400000000000002
2854.5,0.288,0,101,18.0
2855.0,0.292,0,101,18.0
2855.5,0.292,0,100,13.200000000000001
2856.0,0.292,0,99,9.600000000000001
2856.5,0.292,0,98,9.600000000000001
2857.0,0.29,0,98,9.0
2857.5,0.29,0,99,7.2
2858.0,0.29,0,99,6.6000000000000005
2858.5,0.293,0,99,6.6000000000000005
2859.0,0.293,0,99,6.6000000000000005
2859.5,0.293,0,99,6.6000000000000005
2860.0,0.29,0,99,6.6000000000000005
2860.5,0.29,0,99,6.6000000000000005
2861.0,0.292,0,99,4.2
2861.5,0.296,0,97,1.8
2862.0,0.296,0,96,0.6000000000000001
2862.5,0.296,0,95,0.0
2863.0,0.293,0,96,0.0
2863.5,0.293,0,96,0.0
2864.0,0.293,0,97,0.0
2864.5,0.298,0,97,0.0
2865.0,0.298,0,98,0.0
2865.5,0.298,0,98,0.0
2866.0,0.296,0,98,0.0
2866.5,0.296,0,99,0.0
2867.0,0.296,0,97,0.6000000000000001
2867.5,0.3,0,96,1.8
2868.0,0.3,0,97,3.0
2868.5,0.3,0,97,3.6
2869.0,0.298,0,98,3.6
2869.5,0.298,0,98,3.6
2870.0,0.298,0,99,3.6
2870.5,0.298,0,99,3.6
2871.0,0.298,0,99,3.6
2871.5,0.296,0,99,3.6
2872.0,0.296,0,97,9.600000000000001
2872.5,0.293,0,95,12.600000000000001
2873.0,0.293,0,95,15.600000000000001
2873.5,0.293,0,96,17.400000000000002
2874.0,0.295,0,96,18.0
2874.5,0.295,0,97,18.0
2875.0,0.295,0,98,18.0
2875.5,0.295,0,98,18.0
2876.0,0.295,0,99,17.400000000000002
2876.5,0.293,0,99,17.400000000000002
2877.0,0.293,0,99,18.0
2877.5,0.292,0,100,18.0
2878.0,0.292,0,100,16.2
2878.5,0.29,0,99,18.0
2879.0,0.29,0,98,20.400000000000002
2879.5,0.288,0,98,22.200000000000003
2880.0,0.288,0,100,22.8
2880.5,0.287,0,100,22.8
2881.0,0.287,0,100,22.200000000000003
2881.5,0.285,0,101,22.200000000000003
2882.0,0.285,0,101,22.200000000000003
2882.5,0.282,0,102,22.8
2883.0,0.282,0,102,18.0
2883.5,0.28,0,100,16.2
2884.0,0.282,0,99,16.8
2884.5,0.282,0,99,17.400000000000002
2885.0,0.282,0,100,17.400000000000002
2885.5,0.28,0,100,17.400000000000002
2886.0,0.28,0,101,17.400000000000002
2886.5,0.28,0,101,17.400000000000002
2887.0,0.285,0,102,17.400000000000002
2887.5,0.285,0,102,17.400000000000002
2888.0,0.285,0,102,18.0
2888.5,0.284,0,102,12.600000000000001
2889.0,0.285,0,101,9.600000000000001
2889.5,0.285,0,100,9.600000000000001
2890.0,0.29,0,100,6.6000000000000005
2890.5,0.29,0,101,6.6000000000000005
2891.0,0.29,0,101,6.0
2891.5,0.287,0,100,6.0
2892.0,0.287,0,100,6.0
2892.5,0.287,0,101,6.0
2893.0,0.29,0,100,6.6000000000000005
2893.5,0.29,0,100,6.0
2894.0,0.29,0,99,3.0
2894.5,0.287,0,97,1.2000000000000002
2895.0,0.287,0,96,0.0
2895.5,0.287,0,96,0.0
2896.0,0.292,0,98,0.0
2896.5,0.29,0,99,0.0
2897.0,0.292,0,99,0.0
2897.5,0.292,0,99,0.0
2898.0,0.293,0,100,0.0
2898.5,0.293,0,100,0.0
2899.0,0.293,0,98,1.2000000000000002
2899.5,0.292,0,98,2.4000000000000004
2900.0,0.292,0,99,3.0
2900.5,0.292,0,99,3.6
2901.0,0.293,0,100,3.6
2901.5,0.293,0,100,3.6
2902.0,0.293,0,100,3.6
2902.5,0.293,0,101,3.6
2903.0,0.293,0,101,3.0
2903.5,0.293,0,100,6.0
2904.0,0.295,0,97,10.8
2904.5,0.295,0,96,14.4
2905.0,0.295,0,97,16.8
2905.5,0.295,0,98,17.400000000000002
2906.0,0.295,0,98,18.0
2906.5,0.295,0,99,18.0
2907.0,0.295,0,99,17.400000000000002
2907.5,0.296,0,100,17.400000000000002
2908.0,0.296,0,100,17.400000000000002
2908.5,0.3,0,100,17.400000000000002
2909.0,0.3,0,100,18.0
2909.5,0.3,0,101,15.600000000000001
2910.0,0.296,0,100,16.8
2910.5,0.296,0,98,19.200000000000003
2911.0,0.295,0,98,21.0
2911.5,0.293,0,99,22.200000000000003
2912.0,0.29,0,99,22.200000000000003
2912.5,0.29,0,100,22.200000000000003
2913.0,0.288,0,100,22.200000000000003
2913.5,0.288,0,101,22.200000000000003
2914.0,0.287,0,101,22.8
2914.5,0.29,0,102,19.200000000000003
2915.0,0.29,0,100,16.8
2915.5,0.29,0,98,16.8
2916.0,0.29,0,99,17.400000000000002
2916.5,0.29,0,99,17.400000000000002
2917.0,0.29,0,100,17.400000000000002
2917.5,0.292,0,100,17.400000000000002
2918.0,0.292,0,100,17.400000000000002
2918.5,0.292,0,102,18.0
2919.0,0.29,0,103,17.400000000000002
2919.5,0.29,0,102,18.0
2920.0,0.29,0,102,14.4
2920.5,0.29,0,100,10.200000000000001
2921.0,0.29,0,99,9.600000000000001
2921.5,0.292,0,99,8.4
2922.0,0.292,0,99,6.6000000000000005
2922.5,0.292,0,100,6.6000000000000005
2923.0,0.292,0,100,6.6000000000000005
2923.5,0.295,0,100,6.0
2924.0,0.295,0,100,6.0
2924.5,0.295,0,100,6.6000000000000005
2925.0,0.295,0,99,6.6000000000000005
2925.5,0.298,0,99,4.800000000000001
2926.0,0.298,0,98,1.8
2926.5,0.298,0,96,0.6000000000000001
2927.0,0.298,0,96,0.0
2927.5,0.298,0,96,0.0
2928.0,0.296,0,97,0.0
2928.5,0.298,0,98,0.0
2929.0,0.298,0,98,0.0
2929.5,0.298,0,99,0.0
2930.0,0.298,0,99,0.0
2930.5,0.3,0,100,0.0
2931.0,0.3,0,100,0.0
2931.5,0.3,0,99,0.6000000000000001
2932.0,0.3,0,98,1.8
2932.5,0.3,0,98,3.0
2933.0,0.301,0,99,3.6
2933.5,0.305,0,99,3.6
2934.0,0.305,0,100,3.6
2934.5,0.305,0,100,3.6
2935.0,0.305,0,100,3.6
2935.5,0.308,0,100,3.6
2936.0,0.308,0,100,4.2
2936.5,0.308,0,98,9.600000000000001
2937.0,0.308,0,96,13.200000000000001
2937.5,0.308,0,96,16.2
2938.0,0.308,0,97,17.400000000000002
2938.5,0.309,0,97,18.0
2939.0,0.309,0,98,18.0
2939.5,0.309,0,98,18.0
2940.0,0.309,0,99,18.0
2940.5,0.306,0,99,18.0
2941.0,0.306,0,100,17.400000000000002
2941.5,0.305,0,100,18.0
2942.0,0.305,0,100,17.400000000000002
2942.5,0.305,0,100,16.2
2943.0,0.305,0,99,18.6
2943.5,0.305,0,98,20.400000000000002
2944.0,0.305,0,98,21.6
2944.5,0.305,0,99,22.200000000000003
2945.0,0.305,0,99,22.8
2945.5,0.305,0,100,22.200000000000003
2946.0,0.305,0,100,22.8
2946.5,0.305,0,100,23.400000000000002
2947.0,0.305,0,101,22.8
2947.5,0.306,0,100,18.0
2948.0,0.306,0,97,16.8
2948.5,0.306,0,97,17.400000000000002
2949.0,0.308,0,97,18.0
2949.5,0.308,0,97,18.6
2950.0,0.308,0,99,18.6
2950.5,0.308,0,99,18.0
2951.0,0.313,0,100,18.0
2951.5,0.313,0,101,18.0
2952.0,0.313,0,101,18.6
2952.5,0.313,0,101,18.6
2953.0,0.313,0,100,13.200000000000001
2953.5,0.311,0,99,9.600000000000001
2954.0,0.316,0,98,9.600000000000001
2954.5,0.316,0,98,9.600000000000001
2955.0,0.316,0,98,9.0
2955.5,0.313,0,99,7.800000000000001
2956.0,0.313,0,98,7.2
2956.5,0.313,0,99,7.800000000000001
2957.0,0.317,0,98,7.800000000000001
2957.5,0.317,0,98,7.800000000000001
2958.0,0.317,0,98,9.600000000000001
2958.5,0.316,0,97,4.2
2959.0,0.316,0,96,1.8
2959.5,0.316,0,95,0.6000000000000001
2960.0,0.317,0,94,0.0
2960.5,0.319,0,95,0.0
2961.0,0.319,0,95,0.0
2961.5,0.319,0,96,0.0
2962.0,0.319,0,96,0.0
2962.5,0.321,0,97,0.0
2963.0,0.324,0,97,0.0
2963.5,0.327,0,98,0.0
2964.0,0.327,0,99,0.0
2964.5,0.327,0,98,0.6000000000000001
2965.0,0.327,0,97,2.4000000000000004
2965.5,0.327,0,97,3.6
2966.0,0.324,0,97,3.6
2966.5,0.327,0,98,4.2
2967.0,0.327,0,98,4.2
2967.5,0.327,0,98,3.6
2968.0,0.325,0,98,3.6
2968.5,0.325,0,99,4.2
2969.0,0.325,0,99,4.2
2969.5,0.327,0,97,9.600000000000001
2970.0,0.327,0,94,13.200000000000001
2970.5,0.327,0,94,16.8
2971.0,0.322,0,95,18.6
2971.5,0.324,0,95,19.8
2972.0,0.324,0,97,19.8
2972.5,0.324,0,97,19.8
2973.0,0.324,0,98,19.200000000000003
2973.5,0.324,0,99,18.6
2974.0,0.324,0,99,18.6
2974.5,0.322,0,99,19.200000000000003
2975.0,0.322,0,100,19.200000000000003
2975.5,0.322,0,100,17.400000000000002
2976.0,0.322,0,99,18.6
2976.5,0.322,0,98,21.0
2977.0,0.325,0,98,22.8
2977.5,0.325,0,98,23.400000000000002
2978.0,0.325,0,99,24.1
2978.5,0.322,0,99,24.1
2979.0,0.322,0,100,23.400000000000002
2979.5,0.321,0,100,24.1
2980.0,0.325,0,100,24.700000000000003
2980.5,0.325,0,100,19.8
2981.0,0.325,0,97,17.400000000000002
2981.5,0.321,0,97,17.400000000000002
2982.0,0.321,0,97,18.6
2982.5,0.319,0,97,18.6
2983.0,0.319,0,98,19.200000000000003
2983.5,0.319,0,99,19.200000000000003
2984.0,0.319,0,99,19.200000000000003
2984.5,0.317,0,100,19.200000000000003
2985.0,0.316,0,101,19.200000000000003
2985.5,0.316,0,101,19.8
2986.0,0.319,0,101,16.2
2986.5,0.319,0,100,10.8
2987.0,0.319,0,99,9.600000000000001
2987.5,0.317,0,99,9.600000000000001
2988.0,0.317,0,100,9.0
2988.5,0.314,0,100,8.4
2989.0,0.317,0,100,7.2
2989.5,0.317,0,100,6.6000000000000005
2990.0,0.317,0,100,6.6000000000000005
2990.5,0.314,0,100,7.2
2991.0,0.314,0,100,9.0
2991.5,0.309,0,100,4.800000000000001
2992.0,0.313,0,99,2.4000000000000004
2992.5,0.313,0,97,0.6000000000000001
2993.0,0.313,0,97,0.0
2993.5,0.308,0,97,0.0
2994.0,0.308,0,98,0.0
2994.5,0.308,0,99,0.0
2995.0,0.311,0,99,0.0
2995.5,0.311,0,100,0.0
2996.0,0.311,0,100,0.0
2996.5,0.309,0,100,0.0
2997.0,0.308,0,100,0.0
2997.5,0.308,0,100,0.6000000000000001
2998.0,0.309,0,99,2.4000000000000004
2998.5,0.309,0,99,3.6
2999.0,0.309,0,100,3.6
2999.5,0.308,0,101,4.2
3000.0,0.306,0,101,3.6
3000.5,0.306,0,101,3.6
3001.0,0.308,0,102,3.6
3001.5,0.308,0,102,3.6
3002.0,0.308,0,101,4.800000000000001
3002.5,0.306,0,99,9.600000000000001
3003.0,0.305,0,97,13.8
3003.5,0.305,0,97,16.8
3004.0,0.305,0,99,18.0
3004.5,0.306,0,99,18.6
3005.0,0.306,0,99,18.0
3005.5,0.306,0,100,18.0
3006.0,0.301,0,100,18.0
3006.5,0.303,0,101,18.0
3007.0,0.303,0,101,18.0
3007.5,0.305,0,102,18.0
3008.0,0.305,0,102,16.8
3008.5,0.305,0,101,16.8
3009.0,0.301,0,99,19.200000000000003
3009.5,0.301,0,99,21.0
3010.0,0.301,0,99,22.200000000000003
3010.5,0.301,0,100,22.200000000000003
3011.0,0.3,0,100,22.200000000000003
3011.5,0.3,0,101,22.8
3012.0,0.298,0,101,22.8
3012.5,0.298,0,102,23.400000000000002
3013.0,0.298,0,102,20.400000000000002
3013.5,0.298,0,100,16.8
3014.0,0.298,0,99,16.8
3014.5,0.298,0,99,17.400000000000002
3015.0,0.296,0,99,18.0
3015.5,0.296,0,100,18.6
3016.0,0.296,0,101,18.6
3016.5,0.301,0,102,18.0
3017.0,0.301,0,103,18.0
3017.5,0.301,0,103,18.0
3018.0,0.301,0,103,18.6
3018.5,0.301,0,103,15.0
3019.0,0.301,0,102,10.8
3019.5,0.303,0,100,9.600000000000001
3020.0,0.303,0,100,9.600000000000001
3020.5,0.303,0,101,9.0
3021.0,0.301,0,101,7.800000000000001
3021.5,0.303,0,101,6.6000000000000005
3022.0,0.303,0,101,6.6000000000000005
3022.5,0.306,0,101,6.6000000000000005
3023.0,0.306,0,101,6.6000000000000005
3023.5,0.308,0,100,8.4
3024.0,0.308,0,100,4.800000000000001
3024.5,0.308,0,99,1.8
3025.0,0.306,0,97,0.6000000000000001
3025.5,0.309,0,97,0.0
3026.0,0.309,0,97,0.0
3026.5,0.311,0,98,0.0
3027.0,0.311,0,98,0.0
3027.5,0.311,0,98,0.0
3028.0,0.309,0,99,0.0
3028.5,0.309,0,100,0.0
3029.0,0.309,0,100,0.0
3029.5,0.313,0,101,0.0
3030.0,0.313,0,99,1.2000000000000002
3030.5,0.313,0,99,2.4000000000000004
3031.0,0.309,0,99,3.6
3031.5,0.308,0,100,4.2
3032.0,0.308,0,101,3.6
3032.5,0.309,0,101,3.6
3033.0,0.309,0,101,3.6
3033.5,0.309,0,101,3.6
3034.0,0.305,0,102,3.6
3034.5,0.305,0,101,5.4
3035.0,0.305,0,99,10.200000000000001
3035.5,0.305,0,97,14.4
3036.0,0.305,0,97,16.8
3036.5,0.305,0,98,18.0
3037.0,0.305,0,98,18.0
3037.5,0.305,0,99,18.6
3038.0,0.303,0,100,18.0
3038.5,0.308,0,100,18.0
3039.0,0.308,0,101,18.0
3039.5,0.308,0,101,18.0
3040.0,0.306,0,101,18.6
3040.5,0.305,0,102,16.8
3041.0,0.305,0,101,16.8
3041.5,0.308,0,100,19.200000000000003
3042.0,0.308,0,99,21.0
3042.5,0.308,0,99,22.200000000000003
3043.0,0.306,0,100,22.8
3043.5,0.306,0,100,22.8
3044.0,0.306,0,101,22.8
3044.5,0.311,0,101,22.8
3045.0,0.311,0,101,23.400000000000002
3045.5,0.311,0,101,20.400000000000002
3046.0,0.309,0,99,16.8
3046.5,0.309,0,98,17.400000000000002
3047.0,0.309,0,97,18.0
3047.5,0.311,0,98,18.6
3048.0,0.311,0,98,18.6
3048.5,0.311,0,99,18.6
3049.0,0.311,0,100,18.6
3049.5,0.313,0,100,18.6
3050.0,0.313,0,100,18.6
3050.5,0.316,0,101,18.6
3051.0,0.316,0,100,16.2
3051.5,0.316,0,100,11.4
3052.0,0.316,0,98,9.600000000000001
3052.5,0.316,0,98,9.600000000000001
3053.0,0.321,0,99,9.600000000000001
3053.5,0.321,0,99,8.4
3054.0,0.321,0,99,7.800000000000001
3054.5,0.319,0,100,7.800000000000001
3055.0,0.319,0,99,8.4
3055.5,0.319,0,100,9.0
3056.0,0.319,0,100,6.0
3056.5,0.319,0,99,3.0
3057.0,0.319,0,97,1.2000000000000002
3057.5,0.319,0,96,0.0
3058.0,0.319,0,96,0.0
3058.5,0.319,0,97,0.0
3059.0,0.317,0,97,0.0
3059.5,0.319,0,98,0.0
3060.0,0.319,0,99,0.0
3060.5,0.319,0,99,0.0
3061.0,0.319,0,99,0.0
3061.5,0.319,0,100,0.0
3062.0,0.321,0,100,0.6000000000000001
3062.5,0.321,0,98,1.8
3063.0,0.321,0,98,3.0
3063.5,0.321,0,98,3.6
3064.0,0.321,0,99,4.2
3064.5,0.321,0,100,4.2
3065.0,0.319,0,100,3.6
3065.5,0.319,0,100,3.6
3066.0,0.319,0,100,3.6
3066.5,0.319,0,100,3.6
3067.0,0.319,0,99,9.600000000000001
3067.5,0.319,0,96,12.600000000000001
3068.0,0.319,0,96,16.2
3068.5,0.319,0,97,18.0
3069.0,0.317,0,98,18.6
3069.5,0.322,0,99,19.200000000000003
3070.0,0.322,0,99,18.6
3070.5,0.322,0,99,18.6
3071.0,0.319,0,100,18.0
3071.5,0.321,0,100,18.0
3072.0,0.321,0,100,18.6
3072.5,0.322,0,101,18.6
3073.0,0.322,0,100,16.8
3073.5,0.322,0,99,18.0
3074.0,0.322,0,98,20.400000000000002
3074.5,0.325,0,98,22.200000000000003
3075.0,0.325,0,98,23.400000000000002
3075.5,0.325,0,98,23.400000000000002
3076.0,0.327,0,99,24.0
3076.5,0.327,0,100,24.1
3077.0,0.327,0,100,24.1
3077.5,0.327,0,100,24.700000000000003
3078.0,0.327,0,99,19.8
3078.5,0.327,0,97,17.400000000000002
3079.0,0.329,0,96,18.0
3079.5,0.329,0,96,18.6
3080.0,0.329,0,96,19.8
3080.5,0.325,0,97,19.8
3081.0,0.325,0,98,19.8
3081.5,0.325,0,98,19.8
3082.0,0.329,0,99,19.8
3082.5,0.329,0,100,19.8
3083.0,0.329,0,100,20.400000000000002
3083.5,0.324,0,100,16.8
3084.0,0.324,0,98,12.0
3084.5,0.324,0,97,9.600000000000001
3085.0,0.329,0,97,9.600000000000001
3085.5,0.329,0,98,9.600000000000001
3086.0,0.329,0,98,9.600000000000001
3086.5,0.325,0,98,9.600000000000001
3087.0,0.325,0,98,9.600000000000001
3087.5,0.325,0,99,9.600000000000001
3088.0,0.327,0,98,9.600000000000001
3088.5,0.327,0,99,9.600000000000001
3089.0,0.327,0,99,6.0
3089.5,0.327,0,97,3.0
3090.0,0.325,0,95,1.2000000000000002
3090.5,0.325,0,94,0.0
3091.0,0.33,0,94,0.0
3091.5,0.33,0,95,0.0
3092.0,0.33,0,96,0.0
3092.5,0.33,0,96,0.0
3093.0,0.33,0,97,0.0
3093.5,0.33,0,97,0.0
3094.0,0.33,0,97,0.0
3094.5,0.33,0,98,0.0
3095.0,0.33,0,98,0.0
3095.5,0.33,0,97,1.8
3096.0,0.329,0,97,3.0
3096.5,0.329,0,97,4.2
3097.0,0.33,0,99,4.800000000000001
3097.5,0.33,0,99,4.2
3098.0,0.33,0,99,4.2
3098.5,0.33,0,99,4.2
3099.0,0.33,0,99,4.2
3099.5,0.33,0,99,6.6000000000000005
3100.0,0.334,0,96,11.4
3100.5,0.334,0,95,15.600000000000001
3101.0,0.334,0,95,18.6
3101.5,0.334,0,96,19.8
3102.0,0.334,0,96,20.400000000000002
3102.5,0.332,0,97,20.400000000000002
3103.0,0.334,0,97,19.8
3103.5,0.334,0,98,19.8
3104.0,0.334,0,98,19.8
3104.5,0.334,0,99,19.8
3105.0,0.334,0,99,20.400000000000002
3105.5,0.334,0,99,18.6
3106.0,0.332,0,98,18.0
3106.5,0.332,0,97,21.0
3107.0,0.332,0,97,23.400000000000002
3107.5,0.332,0,96,24.6
3108.0,0.332,0,98,25.200000000000003
3108.5,0.332,0,98,25.8
3109.0,0.33,0,99,25.8
3109.5,0.334,0,100,25.8
3110.0,0.334,0,100,25.8
3110.5,0.334,0,100,24.6
3111.0,0.334,0,99,19.200000000000003
3111.5,0.334,0,97,18.0
3112.0,0.334,0,95,19.200000000000003
3112.5,0.335,0,95,19.8
3113.0,0.335,0,97,20.400000000000002
3113.5,0.338,0,97,20.400000000000002
3114.0,0.338,0,98,20.400000000000002
3114.5,0.338,0,98,20.400000000000002
3115.0,0.335,0,99,20.400000000000002
3115.5,0.338,0,100,21.0
3116.0,0.338,0,100,21.0
3116.5,0.338,0,99,15.0
3117.0,0.338,0,97,10.8
3117.5,0.338,0,97,9.600000000000001
3118.0,0.338,0,97,9.600000000000001
3118.5,0.337,0,98,9.600000000000001
3119.0,0.337,0,99,9.600000000000001
3119.5,0.34,0,99,9.600000000000001
3120.0,0.34,0,98,9.600000000000001
3120.5,0.34,0,99,9.600000000000001
3121.0,0.34,0,99,9.600000000000001
3121.5,0.338,0,99,9.600000000000001
3122.0,0.338,0,99,4.800000000000001
3122.5,0.34,0,97,2.4000000000000004
3123.0,0.34,0,95,0.6000000000000001
3123.5,0.342,0,94,0.0
3124.0,0.342,0,95,0.0
3124.5,0.343,0,96,0.0
3125.0,0.343,0,96,0.0
3125.5,0.345,0,97,0.0
3126.0,0.348,0,98,0.0
3126.5,0.348,0,98,0.0
3127.0,0.348,0,98,0.0
3127.5,0.346,0,98,0.0
3128.0,0.346,0,98,1.2000000000000002
3128.5,0.345,0,97,3.0
3129.0,0.346,0,96,4.2
3129.5,0.346,0,97,4.800000000000001
3130.0,0.346,0,97,4.800000000000001
3130.5,0.346,0,98,4.800000000000001
3131.0,0.346,0,98,4.800000000000001
3131.5,0.345,0,99,4.800000000000001
3132.0,0.348,0,99,4.800000000000001
3132.5,0.348,0,99,4.2
3133.0,0.348,0,97,9.600000000000001
3133.5,0.345,0,95,13.8
3134.0,0.345,0,94,18.0
3134.5,0.345,0,95,20.400000000000002
3135.0,0.348,0,96,21.0
3135.5,0.348,0,97,21.0
3136.0,0.348,0,98,21.0
3136.5,0.346,0,98,21.0
3137.0,0.346,0,99,20.400000000000002
3137.5,0.348,0,99,20.400000000000002
3138.0,0.348,0,99,20.400000000000002
3138.5,0.353,0,100,21.0
3139.0,0.353,0,100,18.6
3139.5,0.353,0,98,19.8
3140.0,0.353,0,96,22.8
3140.5,0.353,0,97,24.6
3141.0,0.35,0,97,25.8
3141.5,0.354,0,98,26.400000000000002
3142.0,0.354,0,98,26.400000000000002
3142.5,0.354,0,99,26.5
3143.0,0.35,0,99,27.1
3143.5,0.353,0,99,27.1
3144.0,0.353,0,99,22.8
3144.5,0.354,0,97,19.8
3145.0,0.354,0,96,19.8
3145.5,0.353,0,95,21.6
3146.0,0.351,0,96,21.6
3146.5,0.351,0,97,21.6
3147.0,0.354,0,98,21.6
3147.5,0.354,0,99,21.6
3148.0,0.354,0,99,21.6
3148.5,0.353,0,99,22.200000000000003
3149.0,0.353,0,99,19.8
3149.5,0.353,0,99,13.8
3150.0,0.354,0,97,10.8
3150.5,0.354,0,96,9.600000000000001
3151.0,0.354,0,96,9.600000000000001
3151.5,0.354,0,97,9.600000000000001
3152.0,0.358,0,97,9.600000000000001
3152.5,0.358,0,98,9.600000000000001
3153.0,0.359,0,98,9.600000000000001
3153.5,0.359,0,98,9.600000000000001
3154.0,0.359,0,98,9.600000000000001
3154.5,0.359,0,98,9.600000000000001
3155.0,0.354,0,97,4.800000000000001
3155.5,0.354,0,95,2.4000000000000004
3156.0,0.354,0,94,1.2000000000000002
3156.5,0.359,0,93,0.6000000000000001
3157.0,0.359,0,94,0.0
3157.5,0.359,0,95,0.0
3158.0,0.356,0,95,0.0
3158.5,0.356,0,96,0.0
3159.0,0.356,0,97,0.0
3159.5,0.356,0,98,0.0
3160.0,0.356,0,98,0.0
3160.5,0.356,0,99,0.0
3161.0,0.354,0,97,1.8
3161.5,0.356,0,97,3.6
3162.0,0.356,0,97,4.800000000000001
3162.5,0.356,0,98,4.800000000000001
3163.0,0.354,0,99,4.800000000000001
3163.5,0.354,0,99,4.800000000000001
3164.0,0.353,0,99,4.800000000000001
3164.5,0.353,0,99,4.800000000000001
3165.0,0.351,0,100,4.800000000000001
3165.5,0.351,0,100,5.4
3166.0,0.351,0,97,10.8
3166.5,0.351,0,95,16.2
3167.0,0.354,0,95,19.8
3167.5,0.354,0,96,21.6
3168.0,0.354,0,97,22.200000000000003
3168.5,0.351,0,98,22.200000000000003
3169.0,0.351,0,98,21.6
3169.5,0.35,0,99,21.6
3170.0,0.351,0,100,21.6
3170.5,0.351,0,100,21.0
3171.0,0.351,0,100,21.6
3171.5,0.35,0,101,20.400000000000002
3172.0,0.35,0,101,19.200000000000003
3172.5,0.348,0,99,21.6
3173.0,0.351,0,98,24.700000000000003
3173.5,0.351,0,98,25.900000000000002
3174.0,0.351,0,99,27.0
3174.5,0.35,0,100,27.0
3175.0,0.35,0,101,27.0
3175.5,0.35,0,101,27.0
3176.0,0.353,0,101,27.0
3176.5,0.353,0,101,26.400000000000002
3177.0,0.353,0,101,20.400000000000002
3177.5,0.346,0,98,19.200000000000003
3178.0,0.346,0,97,20.400000000000002
3178.5,0.346,0,97,21.0
3179.0,0.348,0,97,21.6
3179.5,0.348,0,99,21.6
3180.0,0.348,0,99,21.6
3180.5,0.345,0,100,21.6
3181.0,0.342,0,101,21.6
3181.5,0.342,0,101,22.200000000000003
3182.0,0.346,0,101,21.6
3182.5,0.346,0,101,15.0
3183.0,0.346,0,99,11.4
3183.5,0.343,0,98,9.600000000000001
3184.0,0.343,0,99,9.600000000000001
3184.5,0.343,0,100,9.600000000000001
3185.0,0.343,0,100,9.600000000000001
3185.5,0.343,0,100,9.600000000000001
3186.0,0.343,0,100,9.600000000000001
3186.5,0.343,0,101,9.600000000000001
3187.0,0.34,0,101,9.600000000000001
3187.5,0.34,0,101,9.600000000000001
3188.0,0.34,0,101,4.2
3188.5,0.34,0,97,2.4000000000000004
3189.0,0.34,0,96,0.6000000000000001
3189.5,0.34,0,97,0.6000000000000001
3190.0,0.335,0,98,0.0
3190.5,0.335,0,99,0.0
3191.0,0.337,0,100,0.0
3191.5,0.337,0,101,0.0
3192.0,0.337,0,101,0.0
3192.5,0.337,0,101,0.0
3193.0,0.334,0,102,0.0
3193.5,0.334,0,102,0.6000000000000001
3194.0,0.33,0,99,2.4000000000000004
3194.5,0.33,0,100,3.6
3195.0,0.33,0,100,4.2
3195.5,0.33,0,101,4.800000000000001
3196.0,0.327,0,101,4.800000000000001
3196.5,0.327,0,102,4.800000000000001
3197.0,0.327,0,102,4.800000000000001
3197.5,0.327,0,102,4.800000000000001
3198.0,0.327,0,102,4.800000000000001
3198.5,0.327,0,101,9.600000000000001
3199.0,0.325,0,99,13.8
3199.5,0.325,0,98,18.0
3200.0,0.324,0,100,19.8
3200.5,0.324,0,101,20.400000000000002
3201.0,0.324,0,102,20.400000000000002
3201.5,0.324,0,102,19.8
3202.0,0.324,0,102,19.8
3202.5,0.324,0,103,19.8
3203.0,0.321,0,103,19.8
3203.5,0.321,0,104,19.8
3204.0,0.321,0,105,18.0
3204.5,0.321,0,103,18.0
3205.0,0.321,0,102,20.400000000000002
3205.5,0.321,0,101,22.8
3206.0,0.317,0,101,24.0
3206.5,0.317,0,102,24.6
3207.0,0.321,0,103,24.700000000000003
3207.5,0.321,0,103,24.700000000000003
3208.0,0.321,0,103,24.700000000000003
3208.5,0.321,0,104,25.3
3209.0,0.319,0,104,21.6
3209.5,0.319,0,102,18.0
3210.0,0.317,0,100,18.0
3210.5,0.317,0,100,19.200000000000003
3211.0,0.317,0,100,19.8
3211.5,0.317,0,101,19.8
3212.0,0.319,0,102,19.8
3212.5,0.319,0,102,19.8
3213.0,0.322,0,103,19.8
3213.5,0.322,0,104,19.8
3214.0,0.322,0,103,20.400000000000002
3214.5,0.322,0,103,15.600000000000001
3215.0,0.319,0,101,11.4
3215.5,0.319,0,101,9.600000000000001
3216.0,0.321,0,101,9.600000000000001
3216.5,0.321,0,101,9.600000000000001
3217.0,0.321,0,102,9.600000000000001
3217.5,0.321,0,102,9.600000000000001
3218.0,0.319,0,102,9.600000000000001
3218.5,0.321,0,101,9.600000000000001
3219.0,0.321,0,101,9.600000000000001
3219.5,0.321,0,101,4.2
3220.0,0.321,0,99,1.8
3220.5,0.317,0,98,0.6000000000000001
3221.0,0.317,0,97,0.0
3221.5,0.321,0,98,0.0
3222.0,0.321,0,99,0.0
3222.5,0.321,0,99,0.0
3223.0,0.321,0,100,0.0
3223.5,0.321,0,101,0.0
3224.0,0.321,0,102,0.0
3224.5,0.325,0,102,0.0
3225.0,0.325,0,102,0.0
3225.5,0.325,0,100,1.8
3226.0,0.325,0,100,3.0
3226.5,0.325,0,100,4.2
3227.0,0.325,0,102,4.2
3227.5,0.327,0,102,4.2
3228.0,0.327,0,102,4.2
3228.5,0.327,0,102,4.2
3229.0,0.327,0,103,4.2
3229.5,0.325,0,102,4.2
3230.0,0.325,0,101,9.600000000000001
3230.5,0.324,0,98,13.200000000000001
3231.0,0.324,0,98,16.8
3231.5,0.324,0,98,18.6
3232.0,0.322,0,99,19.8
3232.5,0.324,0,100,19.8
3233.0,0.324,0,100,19.8
3233.5,0.329,0,101,19.200000000000003
3234.0,0.329,0,101,19.200000000000003
3234.5,0.329,0,102,19.200000000000003
3235.0,0.329,0,102,19.8
3235.5,0.327,0,102,19.200000000000003
3236.0,0.33,0,102,17.400000000000002
3236.5,0.33,0,101,19.8
3237.0,0.33,0,100,22.200000000000003
3237.5,0.329,0,100,24.0
3238.0,0.329,0,100,24.6
3238.5,0.329,0,101,24.6
3239.0,0.33,0,102,24.6
3239.5,0.33,0,102,24.6
3240.0,0.33,0,102,25.200000000000003
3240.5,0.33,0,102,24.0
3241.0,0.33,0,101,18.6
3241.5,0.33,0,99,18.0
3242.0,0.33,0,98,18.6
3242.5,0.33,0,98,19.8
3243.0,0.33,0,99,19.8
3243.5,0.33,0,100,20.400000000000002
3244.0,0.329,0,100,20.400000000000002
3244.5,0.329,0,101,20.400000000000002
3245.0,0.329,0,102,20.400000000000002
3245.5,0.33,0,102,20.400000000000002
3246.0,0.33,0,102,19.200000000000003
3246.5,0.335,0,101,13.200000000000001
3247.0,0.335,0,98,10.200000000000001
3247.5,0.335,0,99,9.600000000000001
3248.0,0.335,0,99,9.600000000000001
3248.5,0.335,0,99,9.600000000000001
3249.0,0.335,0,100,9.600000000000001
3249.5,0.337,0,100,9.600000000000001
3250.0,0.337,0,99,9.600000000000001
3250.5,0.337,0,100,9.600000000000001
3251.0,0.337,0,100,9.600000000000001
3251.5,0.338,0,99,8.4
3252.0,0.338,0,99,3.6
3252.5,0.338,0,96,1.8
3253.0,0.338,0,95,0.6000000000000001
3253.5,0.338,0,96,0.0
3254.0,0.338,0,97,0.0
3254.5,0.34,0,97,0.0
3255.0,0.34,0,98,0.0
3255.5,0.34,0,99,0.0
3256.0,0.343,0,99,0.0
3256.5,0.343,0,99,0.0
3257.0,0.343,0,100,0.0
3257.5,0.342,0,99,0.0
3258.0,0.343,0,97,1.8
3258.5,0.343,0,97,3.6
3259.0,0.345,0,97,4.2
3259.5,0.345,0,98,4.800000000000001
3260.0,0.346,0,99,4.800000000000001
3260.5,0.346,0,99,4.800000000000001
3261.0,0.348,0,99,4.800000000000001
3261.5,0.348,0,99,4.800000000000001
3262.0,0.348,0,100,4.2
3262.5,0.346,0,99,9.0
3263.0,0.346,0,96,13.200000000000001
3263.5,0.345,0,95,17.400000000000002
3264.0,0.345,0,96,19.8
3264.5,0.346,0,97,21.0
3265.0,0.348,0,97,21.0
3265.5,0.348,0,98,21.6
3266.0,0.348,0,98,20.400000000000002
3266.5,0.348,0,99,20.400000000000002
3267.0,0.348,0,100,20.400000000000002
3267.5,0.346,0,100,20.400000000000002
3268.0,0.346,0,101,21.0
3268.5,0.346,0,101,18.6
3269.0,0.346,0,100,18.6
3269.5,0.342,0,98,21.6
3270.0,0.342,0,97,24.1
3270.5,0.342,0,98,25.3
3271.0,0.342,0,99,25.900000000000002
3271.5,0.342,0,99,26.400000000000002
3272.0,0.342,0,100,26.400000000000002
3272.5,0.343,0,100,26.400000000000002
3273.0,0.343,0,101,27.0
3273.5,0.343,0,101,24.1
3274.0,0.342,0,99,19.200000000000003
3274.5,0.343,0,97,19.200000000000003
3275.0,0.343,0,97,20.400000000000002
3275.5,0.343,0,97,21.0
3276.0,0.342,0,98,21.0
3276.5,0.342,0,99,21.0
3277.0,0.342,0,100,21.0
3277.5,0.345,0,100,21.0
3278.0,0.345,0,101,21.0
3278.5,0.345,0,101,21.0
3279.0,0.343,0,100,18.6
3279.5,0.343,0,101,13.200000000000001
3280.0,0.343,0,98,10.200000000000001
3280.5,0.346,0,98,9.600000000000001
3281.0,0.346,0,99,9.600000000000001
3281.5,0.346,0,100,9.600000000000001
3282.0,0.343,0,100,9.600000000000001
3282.5,0.345,0,100,9.600000000000001
3283.0,0.345,0,100,9.600000000000001
3283.5,0.346,0,100,9.600000000000001
3284.0,0.346,0,100,9.600000000000001
3284.5,0.346,0,100,7.2
3285.0,0.345,0,98,3.6
3285.5,0.345,0,96,1.8
3286.0,0.346,0,96,0.6000000000000001
3286.5,0.353,0,96,0.0
3287.0,0.353,0,96,0.0
3287.5,0.353,0,97,0.0
3288.0,0.35,0,97,0.0
3288.5,0.351,0,98,0.0
3289.0,0.351,0,98,0.0
3289.5,0.351,0,99,0.0
3290.0,0.351,0,99,0.0
3290.5,0.351,0,99,0.6000000000000001
3291.0,0.351,0,97,2.4000000000000004
3291.5,0.351,0,97,3.6
3292.0,0.351,0,97,4.800000000000001
3292.5,0.354,0,98,4.800000000000001
3293.0,0.354,0,99,4.800000000000001
3293.5,0.354,0,99,4.800000000000001
3294.0,0.354,0,99,4.800000000000001
3294.5,0.353,0,99,4.800000000000001
3295.0,0.353,0,100,4.800000000000001
3295.5,0.354,0,99,9.600000000000001
3296.0,0.354,0,96,13.8
3296.5,0.354,0,95,18.0
3297.0,0.354,0,95,20.400000000000002
3297.5,0.351,0,96,21.6
3298.0,0.351,0,97,22.200000000000003
3298.5,0.35,0,98,21.6
3299.0,0.351,0,99,21.0
3299.5,0.351,0,99,21.0
3300.0,0.354,0,100,21.0
3300.5,0.354,0,100,21.0
3301.0,0.354,0,100,21.6
3301.5,0.351,0,101,19.200000000000003
3302.0,0.351,0,100,20.400000000000002
3302.5,0.351,0,97,22.8
3303.0,0.351,0,98,25.200000000000003
3303.5,0.348,0,98,26.400000000000002
3304.0,0.348,0,99,27.0
3304.5,0.348,0,100,26.400000000000002
3305.0,0.348,0,100,26.400000000000002
3305.5,0.346,0,101,26.400000000000002
3306.0,0.346,0,101,27.0
3306.5,0.345,0,101,23.400000000000002
3307.0,0.345,0,100,19.200000000000003
3307.5,0.345,0,98,19.200000000000003
3308.0,0.345,0,97,20.400000000000002
3308.5,0.342,0,97,21.0
3309.0,0.345,0,98,21.6
3309.5,0.345,0,99,21.6
3310.0,0.345,0,100,21.6
3310.5,0.343,0,101,21.6
3311.0,0.345,0,102,21.6
3311.5,0.345,0,102,21.6
3312.0,0.351,0,102,19.200000000000003
3312.5,0.351,0,100,13.200000000000001
3313.0,0.346,0,99,9.600000000000001
3313.5,0.348,0,99,9.600000000000001
3314.0,0.351,0,100,9.600000000000001
3314.5,0.351,0,100,9.600000000000001
3315.0,0.351,0,100,9.600000000000001
3315.5,0.351,0,100,9.600000000000001
3316.0,0.351,0,100,9.600000000000001
3316.5,0.351,0,100,7.2
3317.0,0.35,0,97,3.6
3317.5,0.35,0,96,1.8
3318.0,0.35,0,95,0.6000000000000001
3318.5,0.35,0,96,0.6000000000000001
3319.0,0.35,0,97,0.0
3319.5,0.35,0,98,0.0
3320.0,0.35,0,98,0.0
3320.5,0.354,0,99,0.0
3321.0,0.354,0,99,0.0
3321.5,0.354,0,100,0.0
3322.0,0.351,0,100,0.0
3322.5,0.351,0,99,0.6000000000000001
3323.0,0.351,0,98,3.0
3323.5,0.356,0,97,4.2
3324.0,0.356,0,98,4.800000000000001
3324.5,0.356,0,99,4.800000000000001
3325.0,0.354,0,100,4.800000000000001
3325.5,0.354,0,100,4.800000000000001
3326.0,0.354,0,100,4.800000000000001
3326.5,0.356,0,101,4.800000000000001
3327.0,0.356,0,100,4.800000000000001
3327.5,0.356,0,99,9.600000000000001
3328.0,0.351,0,96,13.8
3328.5,0.351,0,96,18.0
3329.0,0.354,0,97,20.400000000000002
3329.5,0.354,0,97,21.0
3330.0,0.354,0,98,21.0
3330.5,0.354,0,99,21.0
3331.0,0.354,0,99,21.0
3331.5,0.354,0,100,20.400000000000002
3332.0,0.354,0,100,20.400000000000002
3332.5,0.354,0,101,21.0
3333.0,0.354,0,102,21.0
3333.5,0.353,0,101,18.6
3334.0,0.353,0,99,20.400000000000002
3334.5,0.353,0,97,22.8
3335.0,0.353,0,98,24.700000000000003
3335.5,0.353,0,98,25.8
3336.0,0.353,0,99,26.400000000000002
3336.5,0.351,0,99,26.400000000000002
3337.0,0.35,0,100,27.0
3337.5,0.353,0,100,27.6
3338.0,0.353,0,101,27.6
3338.5,0.354,0,97,21.6
3339.0,0.354,0,98,22.200000000000003
3339.5,0.353,0,99,22.200000000000003
3340.0,0.353,0,100,21.6
3340.5,0.351,0,101,21.6
3341.0,0.351,0,100,21.6
3341.5,0.353,0,101,22.200000000000003
3342.0,0.353,0,101,17.400000000000002
3342.5,0.353,0,99,12.600000000000001
3343.0,0.353,0,98,10.200000000000001
3343.5,0.351,0,98,9.600000000000001
3344.0,0.356,0,99,9.600000000000001
3344.5,0.356,0,99,9.600000000000001
3345.0,0.356,0,99,9.600000000000001
3345.5,0.356,0,99,9.600000000000001
3346.0,0.356,0,100,9.600000000000001
3346.5,0.354,0,100,9.600000000000001
3347.0,0.356,0,100,9.600000000000001
3347.5,0.356,0,99,6.0
3348.0,0.356,0,97,3.0
3348.5,0.356,0,96,1.2000000000000002
3349.0,0.356,0,95,0.6000000000000001
3349.5,0.356,0,96,0.0
3350.0,0.356,0,96,0.0
3350.5,0.356,0,97,0.0
3351.0,0.356,0,98,0.0
3351.5,0.356,0,99,0.0
3352.0,0.356,0,99,0.0
3352.5,0.353,0,100,0.0
3353.0,0.354,0,100,0.0
3353.5,0.354,0,98,1.2000000000000002
3354.0,0.354,0,98,3.0
3354.5,0.353,0,98,4.2
3355.0,0.353,0,98,4.800000000000001
3355.5,0.351,0,100,4.800000000000001
3356.0,0.356,0,100,4.800000000000001
3356.5,0.356,0,100,4.800000000000001
3357.0,0.356,0,100,4.800000000000001
3357.5,0.354,0,101,4.800000000000001
3358.0,0.354,0,100,4.800000000000001
3358.5,0.356,0,98,10.200000000000001
3359.0,0.358,0,95,15.0
3359.5,0.358,0,95,19.200000000000003
3360.0,0.358,0,97,21.0
3360.5,0.356,0,97,22.200000000000003
3361.0,0.356,0,98,22.200000000000003
3361.5,0.356,0,99,22.200000000000003
3362.0,0.356,0,100,21.6
3362.5,0.356,0,100,21.0
3363.0,0.356,0,101,21.0
3363.5,0.356,0,101,21.6
3364.0,0.351,0,100,27.0
3364.5,0.351,0,101,26.400000000000002
3365.0,0.351,0,102,27.0
3365.5,0.353,0,102,27.0
3366.0,0.353,0,102,26.400000000000002
3366.5,0.353,0,101,20.400000000000002
3367.0,0.351,0,98,19.8
3367.5,0.351,0,97,20.400000000000002
3368.0,0.351,0,98,21.0
3368.5,0.353,0,98,21.6
3369.0,0.353,0,99,21.6
3369.5,0.353,0,100,21.6
3370.0,0.351,0,100,21.6
3370.5,0.353,0,101,22.200000000000003
3371.0,0.353,0,101,22.200000000000003
3371.5,0.354,0,101,21.6
3372.0,0.354,0,100,15.0
3372.5,0.354,0,98,10.8
3373.0,0.353,0,98,9.600000000000001
3373.5,0.353,0,98,9.600000000000001
3374.0,0.351,0,99,9.600000000000001
3374.5,0.354,0,99,9.600000000000001
3375.0,0.354,0,99,9.600000000000001
3375.5,0.354,0,100,9.600000000000001
3376.0,0.354,0,100,9.600000000000001
3376.5,0.354,0,100,9.600000000000001
3377.0,0.354,0,100,9.600000000000001
3377.5,0.354,0,99,4.800000000000001
3378.0,0.354,0,96,2.4000000000000004
3378.5,0.354,0,95,1.2000000000000002
3379.0,0.354,0,95,0.6000000000000001
3379.5,0.354,0,96,0.0
3380.0,0.353,0,97,0.0
3380.5,0.354,0,98,0.0
3381.0,0.354,0,99,0.0
3381.5,0.354,0,99,0.0
3382.0,0.354,0,99,0.0
3382.5,0.354,0,100,0.0
3383.0,0.354,0,100,0.0
3383.5,0.354,0,97,2.4000000000000004
3384.0,0.354,0,98,3.6
3384.5,0.354,0,98,4.800000000000001
3385.0,0.354,0,98,5.4
3385.5,0.354,0,99,5.4
3386.0,0.354,0,100,5.4
3386.5,0.354,0,100,4.800000000000001
3387.0,0.354,0,101,5.4
3387.5,0.354,0,101,4.800000000000001
3388.0,0.354,0,100,7.2
3388.5,0.353,0,97,12.0
3389.0,0.353,0,96,16.8
3389.5,0.351,0,97,19.8
3390.0,0.351,0,97,21.6
3390.5,0.353,0,98,21.6
3391.0,0.353,0,99,21.6
3391.5,0.353,0,99,21.6
3392.0,0.353,0,100,21.0
3392.5,0.353,0,101,21.0
3393.0,0.353,0,101,21.0
3393.5,0.353,0,102,21.6
3394.0,0.353,0,102,18.6
3394.5,0.354,0,100,19.8
3395.0,0.354,0,98,22.8
3395.5,0.354,0,98,25.3
3396.0,0.353,0,98,26.5
3396.5,0.351,0,99,27.1
3397.0,0.353,0,99,27.0
3397.5,0.353,0,100,27.6
3398.0,0.353,0,101,27.6
3398.5,0.351,0,101,28.200000000000003
3399.0,0.351,0,101,24.1
3399.5,0.35,0,99,19.8
3400.0,0.351,0,97,19.8
3400.5,0.351,0,97,21.0
3401.0,0.351,0,97,22.200000000000003
3401.5,0.35,0,98,22.200000000000003
3402.0,0.35,0,99,22.200000000000003
3402.5,0.346,0,101,22.200000000000003
3403.0,0.35,0,101,22.200000000000003
3403.5,0.35,0,102,22.200000000000003
3404.0,0.35,0,102,22.200000000000003
3404.5,0.35,0,101,19.8
3405.0,0.35,0,101,13.200000000000001
3405.5,0.35,0,99,10.8
3406.0,0.353,0,99,9.600000000000001
3406.5,0.353,0,99,9.600000000000001
3407.0,0.353,0,99,9.600000000000001
3407.5,0.351,0,100,9.600000000000001
3408.0,0.351,0,100,9.600000000000001
3408.5,0.35,0,100,9.600000000000001
3409.0,0.351,0,100,9.600000000000001
3409.5,0.351,0,100,9.600000000000001
3410.0,0.351,0,100,7.2
3410.5,0.35,0,98,3.6
3411.0,0.35,0,96,1.8
3411.5,0.348,0,96,0.6000000000000001
3412.0,0.353,0,96,0.6000000000000001
3412.5,0.353,0,97,0.0
3413.0,0.353,0,98,0.0
3413.5,0.351,0,98,0.0
3414.0,0.351,0,99,0.0
3414.5,0.351,0,99,0.0
3415.0,0.353,0,100,0.0
3415.5,0.353,0,101,0.0
3416.0,0.354,0,99,1.2000000000000002
3416.5,0.354,0,98,3.0
3417.0,0.354,0,98,4.2
3417.5,0.354,0,99,4.800000000000001
3418.0,0.356,0,99,5.4
3418.5,0.356,0,100,5.4
3419.0,0.356,0,100,5.4
3419.5,0.356,0,100,4.800000000000001
3420.0,0.354,0,100,4.800000000000001
3420.5,0.354,0,100,4.800000000000001
3421.0,0.351,0,97,10.200000000000001
3421.5,0.351,0,95,15.0
3422.0,0.35,0,95,19.200000000000003
3422.5,0.35,0,96,21.0
3423.0,0.348,0,97,22.200000000000003
3423.5,0.348,0,98,22.200000000000003
3424.0,0.35,0,99,22.200000000000003
3424.5,0.351,0,100,21.6
3425.0,0.351,0,101,21.6
3425.5,0.351,0,101,21.6
3426.0,0.348,0,101,21.6
3426.5,0.348,0,102,21.6
3427.0,0.348,0,102,19.200000000000003
3427.5,0.35,0,100,21.6
3428.0,0.35,0,99,24.0
3428.5,0.35,0,99,25.8
3429.0,0.353,0,100,27.0
3429.5,0.353,0,101,27.0
3430.0,0.353,0,101,27.0
3430.5,0.356,0,102,27.1
3431.0,0.356,0,102,27.700000000000003
3431.5,0.356,0,102,27.1
3432.0,0.353,0,100,21.0
3432.5,0.353,0,98,19.8
3433.0,0.353,0,98,20.400000000000002
3433.5,0.353,0,98,21.6
3434.0,0.353,0,99,21.6
3434.5,0.353,0,99,22.200000000000003
3435.0,0.353,0,99,22.200000000000003
3435.5,0.353,0,101,21.6
3436.0,0.35,0,102,22.200000000000003
3436.5,0.351,0,102,22.200000000000003
3437.0,0.351,0,102,21.6
3437.5,0.354,0,101,15.0
3438.0,0.354,0,99,11.4
3438.5,0.354,0,99,10.200000000000001
3439.0,0.351,0,99,9.600000000000001
3439.5,0.353,0,100,9.600000000000001
3440.0,0.353,0,101,9.600000000000001
3440.5,0.353,0,101,9.600000000000001
3441.0,0.353,0,101,9.600000000000001
3441.5,0.353,0,101,9.600000000000001
3442.0,0.351,0,101,9.600000000000001
3442.5,0.353,0,101,9.600000000000001
3443.0,0.353,0,100,4.800000000000001
3443.5,0.354,0,98,2.4000000000000004
3444.0,0.354,0,97,1.2000000000000002
3444.5,0.354,0,97,0.6000000000000001
3445.0,0.351,0,98,0.6000000000000001
3445.5,0.354,0,98,0.0
3446.0,0.354,0,99,0.0
3446.5,0.356,0,100,0.0
3447.0,0.356,0,100,0.0
3447.5,0.356,0,100,0.0
3448.0,0.354,0,101,0.0
3448.5,0.354,0,99,0.6000000000000001
3449.0,0.354,0,99,2.4000000000000004
3449.5,0.359,0,99,3.6
3450.0,0.359,0,99,4.800000000000001
3450.5,0.359,0,99,4.800000000000001
3451.0,0.359,0,100,4.800000000000001
3451.5,0.359,0,100,4.800000000000001
3452.0,0.359,0,101,4.800000000000001
3452.5,0.361,0,101,4.800000000000001
3453.0,0.361,0,100,4.800000000000001
3453.5,0.361,0,99,9.600000000000001
3454.0,0.361,0,96,13.8
3454.5,0.361,0,95,18.6
3455.0,0.363,0,96,21.0
3455.5,0.366,0,97,22.200000000000003
3456.0,0.366,0,98,22.200000000000003
3456.5,0.366,0,98,22.200000000000003
3457.0,0.366,0,99,22.200000000000003
3457.5,0.366,0,99,21.6
3458.0,0.366,0,100,21.6
3458.5,0.372,0,100,22.200000000000003
3459.0,0.372,0,100,22.8
3459.5,0.372,0,100,19.8
3460.0,0.372,0,99,21.0
3460.5,0.372,0,97,24.700000000000003
3461.0,0.369,0,100,24.6
3461.5,0.372,0,97,20.400000000000002
3462.0,0.372,0,96,21.0
3462.5,0.372,0,95,21.6
3463.0,0.369,0,96,22.200000000000003
3463.5,0.369,0,97,22.8
3464.0,0.369,0,98,23.400000000000002
3464.5,0.374,0,99,23.400000000000002
3465.0,0.374,0,99,22.8
3465.5,0.374,0,100,23.400000000000002
3466.0,0.374,0,99,23.400000000000002
3466.5,0.374,0,100,21.0
3467.0,0.374,0,99,14.4
3467.5,0.379,0,97,11.4
3468.0,0.379,0,96,10.200000000000001
3468.5,0.379,0,97,9.600000000000001
3469.0,0.379,0,97,9.600000000000001
3469.5,0.379,0,98,9.600000000000001
3470.0,0.379,0,98,9.600000000000001
3470.5,0.377,0,99,9.600000000000001
3471.0,0.377,0,99,9.600000000000001
3471.5,0.377,0,98,9.600000000000001
3472.0,0.379,0,98,9.600000000000001
3472.5,0.379,0,97,4.800000000000001
3473.0,0.38,0,94,2.4000000000000004
3473.5,0.38,0,94,1.2000000000000002
3474.0,0.382,0,94,0.6000000000000001
3474.5,0.382,0,95,0.6000000000000001
3475.0,0.383,0,96,0.6000000000000001
3475.5,0.383,0,96,0.0
3476.0,0.385,0,97,0.0
3476.5,0.385,0,97,0.0
3477.0,0.385,0,98,0.0
3477.5,0.385,0,98,0.0
3478.0,0.385,0,97,0.0
3478.5,0.385,0,96,2.4000000000000004
3479.0,0.385,0,96,4.2
3479.5,0.385,0,96,5.4
3480.0,0.385,0,97,5.4
3480.5,0.385,0,98,6.0
3481.0,0.387,0,98,6.0
3481.5,0.387,0,98,5.4
3482.0,0.387,0,99,5.4
3482.5,0.387,0,99,5.4
3483.0,0.385,0,99,6.6000000000000005
3483.5,0.385,0,95,12.0
3484.0,0.385,0,94,17.400000000000002
3484.5,0.385,0,94,21.0
3485.0,0.385,0,95,22.8
3485.5,0.385,0,96,24.0
3486.0,0.385,0,97,24.0
3486.5,0.39,0,99,22.8
3487.0,0.39,0,100,22.8
3487.5,0.39,0,100,22.8
3488.0,0.388,0,100,21.6
3488.5,0.388,0,99,20.400000000000002
3489.0,0.385,0,97,23.400000000000002
3489.5,0.388,0,96,26.5
3490.0,0.388,0,97,28.3
3490.5,0.388,0,98,28.3
3491.0,0.388,0,98,29.400000000000002
3491.5,0.388,0,99,29.400000000000002
3492.0,0.387,0,100,30.0
3492.5,0.392,0,100,30.0
3493.0,0.392,0,100,29.400000000000002
3493.5,0.392,0,99,22.8
3494.0,0.392,0,96,21.0
3494.5,0.392,0,95,22.200000000000003
3495.0,0.388,0,95,23.400000000000002
3495.5,0.396,0,96,24.0
3496.0,0.396,0,97,24.1
3496.5,0.396,0,98,24.1
3497.0,0.392,0,98,24.1
3497.5,0.392,0,100,24.1
3498.0,0.392,0,100,24.6
3498.5,0.392,0,100,24.6
3499.0,0.393,0,99,18.0
3499.5,0.393,0,97,13.200000000000001
3500.0,0.393,0,97,11.4
3500.5,0.392,0,97,10.200000000000001
3501.0,0.392,0,98,10.200000000000001
3501.5,0.392,0,98,10.200000000000001
3502.0,0.396,0,99,9.600000000000001
3502.5,0.396,0,99,9.600000000000001
3503.0,0.396,0,100,9.600000000000001
3503.5,0.393,0,100,9.600000000000001
3504.0,0.393,0,100,9.600000000000001
3504.5,0.393,0,99,6.6000000000000005
3505.0,0.396,0,98,3.6
3505.5,0.396,0,95,1.8
3506.0,0.396,0,94,0.6000000000000001
3506.5,0.395,0,95,0.6000000000000001
3507.0,0.395,0,96,0.6000000000000001
3507.5,0.395,0,97,0.6000000000000001
3508.0,0.398,0,98,0.6000000000000001
3508.5,0.398,0,99,0.6000000000000001
3509.0,0.398,0,99,0.0
3509.5,0.395,0,99,0.6000000000000001
3510.0,0.393,0,100,0.6000000000000001
3510.5,0.393,0,99,1.2000000000000002
3511.0,0.395,0,97,3.6
3511.5,0.395,0,97,5.4
3512.0,0.395,0,98,5.4
3512.5,0.395,0,99,6.0
3513.0,0.395,0,99,6.0
3513.5,0.395,0,100,6.0
3514.0,0.395,0,100,5.4
3514.5,0.395,0,101,5.4
3515.0,0.396,0,100,6.0
3515.5,0.396,0,97,11.4
3516.0,0.396,0,95,16.8
3516.5,0.396,0,95,21.0
3517.0,0.398,0,97,23.400000000000002
3517.5,0.398,0,98,24.0
3518.0,0.398,0,98,24.0
3518.5,0.398,0,99,24.0
3519.0,0.398,0,100,23.400000000000002
3519.5,0.398,0,100,23.400000000000002
3520.0,0.396,0,101,23.400000000000002
3520.5,0.396,0,101,23.400000000000002
3521.0,0.396,0,102,22.8
3521.5,0.398,0,101,20.400000000000002
3522.0,0.398,0,98,22.8
3522.5,0.398,0,98,25.8
3523.0,0.398,0,98,28.200000000000003
3523.5,0.396,0,100,28.200000000000003
3524.0,0.395,0,100,28.8
3524.5,0.398,0,100,28.8
3525.0,0.398,0,101,28.8
3525.5,0.398,0,101,29.400000000000002
3526.0,0.393,0,102,29.400000000000002
3526.5,0.393,0,100,22.200000000000003
3527.0,0.393,0,98,21.0
3527.5,0.395,0,97,22.200000000000003
3528.0,0.395,0,97,22.8
3528.5,0.395,0,97,24.0
3529.0,0.39,0,98,24.0
3529.5,0.39,0,100,24.0
3530.0,0.39,0,101,24.0
3530.5,0.393,0,101,24.0
3531.0,0.393,0,101,24.0
3531.5,0.393,0,102,24.6
3532.0,0.39,0,101,16.8
3532.5,0.39,0,99,12.600000000000001
3533.0,0.39,0,98,10.8
3533.5,0.39,0,99,10.200000000000001
3534.0,0.39,0,99,9.600000000000001
3534.5,0.39,0,100,9.600000000000001
3535.0,0.385,0,99,9.600000000000001
3535.5,0.385,0,101,9.600000000000001
3536.0,0.385,0,101,9.600000000000001
3536.5,0.39,0,100,9.600000000000001
3537.0,0.39,0,101,9.600000000000001
3537.5,0.39,0,99,5.4
3538.0,0.388,0,96,3.0
3538.5,0.388,0,96,1.2000000000000002
3539.0,0.392,0,96,0.6000000000000001
3539.5,0.396,0,97,0.6000000000000001
3540.0,0.396,0,97,0.6000000000000001
3540.5,0.396,0,97,0.6000000000000001
3541.0,0.396,0,98,0.6000000000000001
3541.5,0.4,0,99,0.6000000000000001
3542.0,0.4,0,99,0.6000000000000001
3542.5,0.403,0,100,0.0
3543.0,0.403,0,100,0.0
3543.5,0.403,0,98,2.4000000000000004
3544.0,0.403,0,97,4.2
3544.5,0.4,0,97,5.4
3545.0,0.4,0,98,6.0
3545.5,0.404,0,99,6.0
3546.0,0.404,0,99,6.0
3546.5,0.404,0,99,6.0
3547.0,0.404,0,100,5.4
3547.5,0.403,0,100,6.0
3548.0,0.403,0,99,9.0
3548.5,0.403,0,96,13.200000000000001
3549.0,0.403,0,94,18.6
3549.5,0.403,0,95,21.6
3550.0,0.403,0,96,24.0
3550.5,0.403,0,96,24.6
3551.0,0.404,0,97,24.6
3551.5,0.404,0,98,24.0
3552.0,0.406,0,98,24.0
3552.5,0.406,0,100,24.0
3553.0,0.406,0,99,24.0
3553.5,0.406,0,100,24.0
3554.0,0.406,0,100,22.200000000000003
3554.5,0.404,0,100,21.6
3555.0,0.409,0,98,24.6
3555.5,0.409,0,97,27.6
3556.0,0.409,0,97,28.200000000000003
3556.5,0.404,0,98,30.0
3557.0,0.404,0,99,30.6
3557.5,0.404,0,100,30.6
3558.0,0.408,0,100,30.6
3558.5,0.408,0,101,30.6
3559.0,0.408,0,101,28.8
3559.5,0.406,0,99,22.8
3560.0,0.406,0,96,22.200000000000003
3560.5,0.403,0,96,22.8
3561.0,0.408,0,96,24.0
3561.5,0.408,0,97,24.6
3562.0,0.408,0,98,24.6
3562.5,0.406,0,98,24.6
3563.0,0.406,0,99,24.6
3563.5,0.406,0,100,24.6
3564.0,0.408,0,100,25.200000000000003
3564.5,0.408,0,100,25.200000000000003
3565.0,0.408,0,100,18.0
3565.5,0.408,0,97,13.200000000000001
3566.0,0.408,0,96,11.4
3566.5,0.408,0,97,10.8
3567.0,0.414,0,98,10.8
3567.5,0.414,0,99,10.200000000000001
3568.0,0.414,0,99,10.200000000000001
3568.5,0.414,0,99,10.200000000000001
3569.0,0.414,0,100,10.200000000000001
3569.5,0.414,0,100,10.200000000000001
3570.0,0.412,0,100,10.200000000000001
3570.5,0.412,0,100,6.0
3571.0,0.412,0,96,3.0
3571.5,0.412,0,95,1.8
3572.0,0.409,0,94,1.2000000000000002
3572.5,0.409,0,95,0.6000000000000001
3573.0,0.409,0,96,0.6000000000000001
3573.5,0.409,0,97,0.6000000000000001
3574.0,0.409,0,98,0.6000000000000001
3574.5,0.412,0,98,0.6000000000000001
3575.0,0.412,0,98,0.6000000000000001
3575.5,0.412,0,99,0.6000000000000001
3576.0,0.409,0,99,0.0
3576.5,0.408,0,97,1.8
3577.0,0.406,0,96,4.2
3577.5,0.408,0,97,5.4
3578.0,0.408,0,97,6.0
3578.5,0.408,0,98,6.6000000000000005
3579.0,0.408,0,99,6.6000000000000005
3579.5,0.406,0,99,24.6
3580.0,0.406,0,99,24.0
3580.5,0.406,0,100,24.0
3581.0,0.404,0,101,24.0
3581.5,0.404,0,101,24.0
3582.0,0.409,0,101,24.0
3582.5,0.409,0,101,22.8
3583.0,0.409,0,100,21.6
3583.5,0.409,0,97,24.1
3584.0,0.408,0,97,27.700000000000003
3584.5,0.408,0,98,28.8
3585.0,0.408,0,99,30.6
3585.5,0.408,0,99,30.6
3586.0,0.408,0,100,30.6
3586.5,0.408,0,100,31.200000000000003
3587.0,0.408,0,101,31.200000000000003
3587.5,0.408,0,101,30.6
3588.0,0.408,0,100,23.400000000000002
3588.5,0.408,0,96,22.200000000000003
3589.0,0.408,0,96,23.400000000000002
3589.5,0.408,0,97,24.6
3590.0,0.406,0,96,25.200000000000003
3590.5,0.406,0,98,25.200000000000003
3591.0,0.406,0,99,25.200000000000003
3591.5,0.409,0,100,25.200000000000003
3592.0,0.409,0,101,25.200000000000003
3592.5,0.409,0,101,25.8
3593.0,0.406,0,101,25.8
3593.5,0.406,0,101,18.0
3594.0,0.406,0,99,13.200000000000001
3594.5,0.409,0,98,11.4
3595.0,0.409,0,98,10.8
3595.5,0.409,0,99,10.200000000000001
3596.0,0.411,0,99,10.200000000000001
3596.5,0.411,0,98,10.200000000000001
3597.0,0.411,0,100,10.200000000000001
3597.5,0.414,0,100,10.200000000000001
3598.0,0.414,0,99,10.200000000000001
3598.5,0.414,0,99,10.200000000000001
3599.0,0.411,0,99,6.0
3599.5,0.411,0,96,3.0
3600.0,0.409,0,94,1.8
3600.5,0.411,0,94,1.2000000000000002
3601.0,0.411,0,95,1.2000000000000002
3601.5,0.411,0,96,0.6000000000000001
3602.0,0.411,0,97,0.6000000000000001
3602.5,0.411,0,98,0.6000000000000001
3603.0,0.411,0,98,0.6000000000000001
3603.5,0.411,0,99,0.6000000000000001
3604.0,0.411,0,100,1.2000000000000002
3604.5,0.411,0,100,0.0
3605.0,0.408,0,98,2.4000000000000004
3605.5,0.408,0,97,4.800000000000001
3606.0,0.408,0,97,6.0
3606.5,0.406,0,98,6.6000000000000005
3607.0,0.406,0,99,6.6000000000000005
3607.5,0.406,0,99,6.6000000000000005
3608.0,0.406,0,100,6.6000000000000005
3608.5,0.406,0,100,6.0
3609.0,0.406,0,101,6.6000000000000005
3609.5,0.408,0,99,8.4
3610.0,0.408,0,97,13.200000000000001
3610.5,0.408,0,95,18.6
3611.0,0.408,0,95,22.8
3611.5,0.408,0,96,24.6
3612.0,0.408,0,97,25.8
3612.5,0.408,0,98,25.8
3613.0,0.408,0,99,25.200000000000003
3613.5,0.408,0,100,25.200000000000003
3614.0,0.408,0,100,24.6
3614.5,0.408,0,101,24.700000000000003
3615.0,0.408,0,101,25.3
3615.5,0.408,0,102,23.400000000000002
3616.0,0.408,0,101,22.200000000000003
3616.5,0.404,0,99,24.700000000000003
3617.0,0.404,0,99,27.700000000000003
3617.5,0.404,0,99,29.5
3618.0,0.404,0,100,30.6
3618.5,0.403,0,101,30.6
3619.0,0.401,0,102,30.6
3619.5,0.401,0,102,30.6
3620.0,0.401,0,103,31.200000000000003
3620.5,0.401,0,103,28.200000000000003
3621.0,0.401,0,100,22.8
3621.5,0.398,0,99,22.200000000000003
3622.0,0.398,0,98,23.400000000000002
3622.5,0.396,0,99,24.700000000000003
3623.0,0.4,0,99,24.6
3623.5,0.4,0,100,24.6
3624.0,0.4,0,101,24.6
3624.5,0.4,0,102,24.6
3625.0,0.4,0,103,24.6
3625.5,0.4,0,103,24.6
3626.0,0.403,0,102,21.6
3626.5,0.403,0,101,15.600000000000001
3627.0,0.403,0,99,12.0
3627.5,0.401,0,99,10.8
3628.0,0.401,0,100,10.8
3628.5,0.401,0,101,10.200000000000001
3629.0,0.403,0,101,10.200000000000001
3629.5,0.403,0,101,10.200000000000001
3630.0,0.403,0,102,10.200000000000001
3630.5,0.403,0,102,10.200000000000001
3631.0,0.401,0,101,10.200000000000001
3631.5,0.401,0,101,9.0
3632.0,0.4,0,99,4.2
3632.5,0.4,0,97,2.4000000000000004
3633.0,0.401,0,96,1.2000000000000002
3633.5,0.401,0,97,1.2000000000000002
3634.0,0.401,0,98,0.6000000000000001
3634.5,0.401,0,99,0.6000000000000001
3635.0,0.408,0,99,0.6000000000000001
3635.5,0.408,0,100,0.6000000000000001
3636.0,0.408,0,100,0.6000000000000001
3636.5,0.408,0,100,0.6000000000000001
3637.0,0.403,0,100,0.0
3637.5,0.403,0,100,1.8
3638.0,0.409,0,99,4.2
3638.5,0.409,0,99,5.4
3639.0,0.409,0,99,6.0
3639.5,0.409,0,100,6.6000000000000005
3640.0,0.404,0,100,6.6000000000000005
3640.5,0.404,0,100,6.0
3641.0,0.406,0,101,6.0
3641.5,0.406,0,101,6.0
3642.0,0.406,0,101,7.2
3642.5,0.406,0,98,12.600000000000001
3643.0,0.404,0,96,18.0
3643.5,0.404,0,96,22.200000000000003
3644.0,0.408,0,97,24.0
3644.5,0.408,0,98,25.200000000000003
3645.0,0.408,0,99,25.200000000000003
3645.5,0.408,0,99,25.200000000000003
3646.0,0.406,0,100,24.6
3646.5,0.406,0,101,24.6
3647.0,0.408,0,101,24.0
3647.5,0.408,0,102,24.6
3648.0,0.408,0,103,22.8
3648.5,0.409,0,100,21.6
3649.0,0.409,0,98,24.6
3649.5,0.409,0,98,27.6
3650.0,0.406,0,99,30.0
3650.5,0.406,0,100,30.6
3651.0,0.404,0,100,31.200000000000003
3651.5,0.404,0,101,31.200000000000003
3652.0,0.404,0,102,31.200000000000003
3652.5,0.404,0,102,31.200000000000003
3653.0,0.403,0,103,29.400000000000002
3653.5,0.403,0,100,22.8
3654.0,0.403,0,98,22.200000000000003
3654.5,0.403,0,98,23.400000000000002
3655.0,0.4,0,98,24.0
3655.5,0.4,0,99,24.6
3656.0,0.396,0,100,24.6
3656.5,0.396,0,101,25.200000000000003
3657.0,0.396,0,102,25.200000000000003
3657.5,0.396,0,103,25.200000000000003
3658.0,0.396,0,103,25.200000000000003
3658.5,0.4,0,103,22.8
3659.0,0.4,0,101,15.600000000000001
3659.5,0.4,0,99,12.600000000000001
3660.0,0.401,0,99,11.4
3660.5,0.403,0,99,10.8
3661.0,0.403,0,100,10.200000000000001
3661.5,0.404,0,101,10.200000000000001
3662.0,0.404,0,101,10.200000000000001
3662.5,0.404,0,101,10.200000000000001
3663.0,0.404,0,101,10.200000000000001
3663.5,0.408,0,101,10.200000000000001
3664.0,0.408,0,101,9.600000000000001
3664.5,0.408,0,99,4.800000000000001
3665.0,0.406,0,96,2.4000000000000004
3665.5,0.406,0,95,1.2000000000000002
3666.0,0.406,0,95,1.2000000000000002
3666.5,0.411,0,96,0.6000000000000001
3667.0,0.411,0,97,0.6000000000000001
3667.5,0.411,0,98,0.6000000000000001
3668.0,0.408,0,99,0.6000000000000001
3668.5,0.408,0,99,0.6000000000000001
3669.0,0.409,0,100,0.6000000000000001
3669.5,0.412,0,100,0.0
3670.0,0.412,0,99,1.2000000000000002
3670.5,0.412,0,97,3.6
3671.0,0.412,0,98,5.4
3671.5,0.412,0,98,6.0
3672.0,0.412,0,99,6.6000000000000005
3672.5,0.412,0,99,7.2
3673.0,0.412,0,100,6.6000000000000005
3673.5,0.412,0,100,6.6000000000000005
3674.0,0.412,0,101,6.6000000000000005
3674.5,0.411,0,101,6.0
3675.0,0.411,0,98,10.200000000000001
3675.5,0.411,0,95,16.8
3676.0,0.409,0,95,21.0
3676.5,0.409,0,96,24.0
3677.0,0.409,0,97,25.200000000000003
3677.5,0.408,0,97,25.200000000000003
3678.0,0.408,0,98,25.200000000000003
3678.5,0.408,0,99,24.6
3679.0,0.409,0,100,24.6
3679.5,0.409,0,100,24.6
3680.0,0.409,0,101,24.6
3680.5,0.408,0,101,25.200000000000003
3681.0,0.408,0,101,21.6
3681.5,0.404,0,99,23.400000000000002
3682.0,0.409,0,98,26.5
3682.5,0.409,0,98,28.3
3683.0,0.409,0,99,30.0
3683.5,0.406,0,100,30.6
3684.0,0.406,0,100,30.6
3684.5,0.404,0,101,31.200000000000003
3685.0,0.406,0,101,31.200000000000003
3685.5,0.406,0,101,31.8
3686.0,0.406,0,102,25.8
3686.5,0.404,0,98,22.8
3687.0,0.404,0,97,22.8
3687.5,0.404,0,97,24.1
3688.0,0.408,0,97,25.200000000000003
3688.5,0.408,0,99,25.200000000000003
3689.0,0.408,0,99,25.200000000000003
3689.5,0.404,0,100,25.200000000000003
3690.0,0.406,0,102,25.200000000000003
3690.5,0.408,0,102,25.200000000000003
3691.0,0.411,0,102,25.8
3691.5,0.411,0,102,19.8
3692.0,0.411,0,100,13.8
3692.5,0.408,0,97,12.0
3693.0,0.409,0,98,10.8
3693.5,0.409,0,99,10.8
3694.0,0.411,0,99,10.200000000000001
3694.5,0.411,0,100,10.200000000000001
3695.0,0.411,0,100,10.200000000000001
3695.5,0.409,0,100,10.200000000000001
3696.0,0.411,0,101,10.200000000000001
3696.5,0.411,0,101,10.8
3697.0,0.416,0,100,7.2
3697.5,0.416,0,98,3.6
3698.0,0.416,0,96,1.8
3698.5,0.414,0,95,1.2000000000000002
3699.0,0.417,0,96,0.6000000000000001
3699.5,0.417,0,97,0.6000000000000001
3700.0,0.421,0,98,0.6000000000000001
3700.5,0.421,0,98,0.6000000000000001
3701.0,0.421,0,99,0.6000000000000001
3701.5,0.421,0,100,0.6000000000000001
3702.0,0.421,0,100,0.6000000000000001
3702.5,0.421,0,101,0.0
3703.0,0.417,0,99,2.4000000000000004
3703.5,0.417,0,97,4.2
3704.0,0.417,0,98,5.4
3704.5,0.417,0,98,6.6000000000000005
3705.0,0.416,0,99,6.6000000000000005
3705.5,0.416,0,100,6.6000000000000005
3706.0,0.417,0,100,6.6000000000000005
3706.5,0.417,0,100,6.6000000000000005
3707.0,0.417,0,101,6.6000000000000005
3707.5,0.417,0,100,7.800000000000001
3708.0,0.416,0,97,12.600000000000001
3708.5,0.416,0,95,18.6
3709.0,0.416,0,95,22.200000000000003
3709.5,0.416,0,96,24.700000000000003
3710.0,0.416,0,97,25.3
3710.5,0.417,0,98,25.3
3711.0,0.417,0,98,25.200000000000003
3711.5,0.419,0,99,24.6
3712.0,0.419,0,100,24.6
3712.5,0.421,0,100,24.6
3713.0,0.421,0,101,25.200000000000003
3713.5,0.421,0,101,23.400000000000002
3714.0,0.421,0,100,22.200000000000003
3714.5,0.421,0,97,24.6
3715.0,0.419,0,97,28.200000000000003
3715.5,0.421,0,97,30.0
3716.0,0.421,0,98,31.200000000000003
3716.5,0.422,0,99,31.8
3717.0,0.422,0,100,31.8
3717.5,0.422,0,100,32.4
3718.0,0.419,0,101,32.4
3718.5,0.419,0,101,31.8
3719.0,0.419,0,99,24.6
3719.5,0.421,0,97,23.400000000000002
3720.0,0.421,0,95,24.700000000000003
3720.5,0.421,0,96,25.900000000000002
3721.0,0.419,0,97,25.900000000000002
3721.5,0.421,0,97,25.8
3722.0,0.421,0,98,25.8
3722.5,0.424,0,99,25.8
3723.0,0.421,0,97,11.4
3723.5,0.421,0,98,11.4
3724.0,0.424,0,98,10.8
3724.5,0.424,0,98,10.8
3725.0,0.424,0,99,10.8
3725.5,0.419,0,99,10.8
3726.0,0.421,0,99,10.8
3726.5,0.421,0,99,10.8
3727.0,0.421,0,99,7.800000000000001
3727.5,0.416,0,95,3.6
3728.0,0.416,0,94,1.8
3728.5,0.416,0,94,1.2000000000000002
3729.0,0.416,0,95,1.2000000000000002
3729.5,0.416,0,96,1.2000000000000002
3730.0,0.416,0,97,1.2000000000000002
3730.5,0.414,0,98,1.2000000000000002
3731.0,0.414,0,99,0.6000000000000001
3731.5,0.414,0,100,0.6000000000000001
3732.0,0.417,0,100,0.6000000000000001
3732.5,0.417,0,101,0.0
3733.0,0.417,0,99,1.8
3733.5,0.414,0,98,4.2
3734.0,0.416,0,98,5.4
3734.5,0.416,0,99,6.6000000000000005
3735.0,0.419,0,100,6.6000000000000005
3735.5,0.419,0,100,7.2
3736.0,0.419,0,101,6.6000000000000005
3736.5,0.417,0,101,6.6000000000000005
3737.0,0.419,0,102,6.6000000000000005
3737.5,0.419,0,101,9.0
3738.0,0.419,0,98,13.200000000000001
3738.5,0.419,0,96,19.200000000000003
3739.0,0.417,0,96,23.400000000000002
3739.5,0.417,0,97,25.200000000000003
3740.0,0.417,0,98,25.8
3740.5,0.417,0,99,25.8
3741.0,0.419,0,99,25.8
3741.5,0.419,0,100,25.200000000000003
3742.0,0.419,0,100,25.200000000000003
3742.5,0.419,0,101,25.200000000000003
3743.0,0.419,0,101,25.8
3743.5,0.419,0,102,24.0
3744.0,0.419,0,101,22.8
3744.5,0.419,0,99,25.8
3745.0,0.421,0,97,28.200000000000003
3745.5,0.421,0,98,30.6
3746.0,0.422,0,99,31.8
3746.5,0.422,0,99,31.8
3747.0,0.424,0,100,31.8
3747.5,0.424,0,101,32.4
3748.0,0.424,0,101,32.4
3748.5,0.424,0,101,31.8
3749.0,0.422,0,99,24.6
3749.5,0.422,0,97,23.400000000000002
3750.0,0.425,0,96,24.6
3750.5,0.425,0,96,25.8
3751.0,0.425,0,96,26.400000000000002
3751.5,0.425,0,97,27.0
3752.0,0.425,0,99,27.0
3752.5,0.425,0,99,27.0
3753.0,0.425,0,100,27.0
3753.5,0.425,0,101,27.0
3754.0,0.424,0,100,27.0
3754.5,0.424,0,99,18.6
3755.0,0.424,0,97,14.4
3755.5,0.424,0,97,12.600000000000001
3756.0,0.424,0,98,11.4
3756.5,0.424,0,98,11.4
3757.0,0.424,0,99,10.8
3757.5,0.425,0,99,10.8
3758.0,0.425,0,100,10.8
3758.5,0.425,0,100,10.8
3759.0,0.425,0,100,11.4
3759.5,0.425,0,100,11.4
3760.0,0.424,0,100,6.6000000000000005
3760.5,0.425,0,96,3.6
3761.0,0.425,0,95,2.4000000000000004
3761.5,0.425,0,95,1.2000000000000002
3762.0,0.422,0,96,1.2000000000000002
3762.5,0.422,0,97,1.2000000000000002
3763.0,0.422,0,97,1.2000000000000002
3763.5,0.422,0,98,1.2000000000000002
3764.0,0.422,0,99,1.2000000000000002
3764.5,0.422,0,99,1.2000000000000002
3765.0,0.422,0,100,1.2000000000000002
3765.5,0.422,0,100,0.0
3766.0,0.422,0,97,3.0
3766.5,0.421,0,97,4.800000000000001
3767.0,0.421,0,97,6.6000000000000005
3767.5,0.421,0,98,9.0
3768.0,0.421,0,99,9.0
3768.5,0.419,0,99,8.4
3769.0,0.419,0,100,8.4
3769.5,0.417,0,101,7.2
3770.0,0.422,0,101,7.2
3770.5,0.422,0,100,9.600000000000001
3771.0,0.422,0,97,13.8
3771.5,0.419,0,96,19.8
3772.0,0.421,0,96,23.400000000000002
3772.5,0.421,0,97,25.200000000000003
3773.0,0.422,0,98,25.8
3773.5,0.422,0,99,26.400000000000002
3774.0,0.422,0,99,26.400000000000002
3774.5,0.419,0,100,25.8
3775.0,0.419,0,101,25.8
3775.5,0.417,0,101,25.8
3776.0,0.419,0,102,25.8
3776.5,0.419,0,102,24.0
3777.0,0.419,0,101,23.400000000000002
3777.5,0.416,0,98,26.400000000000002
3778.0,0.416,0,97,28.8
3778.5,0.412,0,98,31.200000000000003
3779.0,0.421,0,99,32.4
3779.5,0.421,0,100,33.0
3780.0,0.421,0,101,33.0
3780.5,0.416,0,101,33.0
3781.0,0.416,0,102,33.6
3781.5,0.416,0,102,30.6
3782.0,0.414,0,99,24.0
3782.5,0.414,0,97,24.0
3783.0,0.414,0,97,25.200000000000003
3783.5,0.412,0,97,26.400000000000002
3784.0,0.412,0,98,26.400000000000002
3784.5,0.414,0,100,26.400000000000002
3785.0,0.417,0,100,26.400000000000002
3785.5,0.417,0,101,26.400000000000002
3786.0,0.417,0,102,26.400000000000002
3786.5,0.417,0,102,27.0
3787.0,0.417,0,101,24.6
3787.5,0.417,0,100,16.8
3788.0,0.417,0,98,13.200000000000001
3788.5,0.417,0,97,12.0
3789.0,0.417,0,98,11.4
3789.5,0.417,0,98,11.4
3790.0,0.419,0,99,11.4
3790.5,0.419,0,99,11.4
3791.0,0.419,0,100,10.8
3791.5,0.419,0,100,10.8
3792.0,0.419,0,100,11.4
3792.5,0.419,0,100,10.200000000000001
3793.0,0.421,0,98,3.0
3793.5,0.422,0,97,5.4
3794.0,0.422,0,98,6.6000000000000005
3794.5,0.422,0,99,7.2
3795.0,0.421,0,100,8.4
3795.5,0.421,0,100,8.4
3796.0,0.421,0,101,7.800000000000001
3796.5,0.421,0,101,7.2
3797.0,0.421,0,101,6.6000000000000005
3797.5,0.421,0,99,9.600000000000001
3798.0,0.419,0,96,15.600000000000001
3798.5,0.419,0,95,21.0
3799.0,0.419,0,96,24.6
3799.5,0.419,0,96,26.400000000000002
3800.0,0.419,0,97,27.0
3800.5,0.419,0,98,27.0
3801.0,0.419,0,99,26.400000000000002
3801.5,0.421,0,100,25.8
3802.0,0.422,0,100,25.8
3802.5,0.422,0,101,26.400000000000002
3803.0,0.422,0,102,26.400000000000002
3803.5,0.419,0,102,23.400000000000002
3804.0,0.417,0,100,24.1
3804.5,0.417,0,98,27.700000000000003
3805.0,0.417,0,98,30.700000000000003
3805.5,0.417,0,99,32.4
3806.0,0.417,0,100,33.0
3806.5,0.417,0,100,33.0
3807.0,0.416,0,101,33.0
3807.5,0.417,0,102,33.0
3808.0,0.417,0,102,33.6
3808.5,0.417,0,102,27.6
3809.0,0.416,0,99,24.0
3809.5,0.412,0,97,24.0
3810.0,0.412,0,97,25.200000000000003
3810.5,0.411,0,97,26.400000000000002
3811.0,0.414,0,98,27.0
3811.5,0.414,0,99,27.0
3812.0,0.414,0,100,27.0
3812.5,0.412,0,101,27.0
3813.0,0.412,0,102,27.0
3813.5,0.414,0,102,27.0
3814.0,0.419,0,102,21.6
3814.5,0.419,0,99,15.600000000000001
3815.0,0.419,0,97,12.600000000000001
3815.5,0.417,0,97,12.0
3816.0,0.417,0,98,11.4
3816.5,0.417,0,99,11.4
3817.0,0.421,0,100,11.4
3817.5,0.421,0,100,11.4
3818.0,0.421,0,101,11.4
3818.5,0.419,0,101,11.4
3819.0,0.419,0,101,11.4
3819.5,0.419,0,101,9.600000000000001
3820.0,0.421,0,98,4.2
3820.5,0.421,0,96,2.4000000000000004
3821.0,0.421,0,95,1.8
3821.5,0.417,0,96,1.2000000000000002
3822.0,0.417,0,97,1.2000000000000002
3822.5,0.419,0,98,1.2000000000000002
3823.0,0.422,0,99,1.2000000000000002
3823.5,0.422,0,99,1.2000000000000002
3824.0,0.422,0,100,1.2000000000000002
3824.5,0.419,0,100,1.2000000000000002
3825.0,0.421,0,100,0.0
3825.5,0.421,0,99,1.8
3826.0,0.424,0,97,4.800000000000001
3826.5,0.424,0,97,6.0
3827.0,0.425,0,98,8.4
3827.5,0.425,0,99,9.600000000000001
3828.0,0.425,0,99,9.600000000000001
3828.5,0.425,0,100,9.600000000000001
3829.0,0.425,0,100,9.0
3829.5,0.425,0,101,9.600000000000001
3830.0,0.425,0,101,7.800000000000001
3830.5,0.425,0,98,12.600000000000001
3831.0,0.425,0,96,19.200000000000003
3831.5,0.425,0,96,23.400000000000002
3832.0,0.425,0,97,25.200000000000003
3832.5,0.425,0,98,26.400000000000002
3833.0,0.425,0,99,26.400000000000002
3833.5,0.425,0,99,26.400000000000002
3834.0,0.427,0,100,26.400000000000002
3834.5,0.427,0,101,25.8
3835.0,0.427,0,101,25.8
3835.5,0.427,0,102,26.400000000000002
3836.0,0.427,0,102,25.200000000000003
3836.5,0.429,0,100,23.400000000000002
3837.0,0.429,0,97,25.8
3837.5,0.429,0,97,28.8
3838.0,0.43,0,97,31.8
3838.5,0.43,0,98,32.4
3839.0,0.433,0,99,33.0
3839.5,0.433,0,99,33.6
3840.0,0.433,0,100,33.6
3840.5,0.433,0,100,34.2
3841.0,0.433,0,101,34.2
3841.5,0.433,0,99,26.400000000000002
3842.0,0.433,0,96,24.6
3842.5,0.433,0,96,25.200000000000003
3843.0,0.433,0,96,27.0
3843.5,0.433,0,97,27.6
3844.0,0.433,0,98,27.6
3844.5,0.435,0,99,27.6
3845.0,0.435,0,100,27.6
3845.5,0.437,0,101,27.6
3846.0,0.437,0,101,27.6
3846.5,0.437,0,101,28.200000000000003
3847.0,0.437,0,100,21.0
3847.5,0.437,0,98,15.0
3848.0,0.437,0,97,13.200000000000001
3848.5,0.438,0,98,12.0
3849.0,0.438,0,98,12.0
3849.5,0.44,0,99,12.0
3850.0,0.44,0,99,11.4
3850.5,0.443,0,100,11.4
3851.0,0.443,0,100,11.4
3851.5,0.445,0,100,11.4
3852.0,0.446,0,100,12.0
3852.5,0.446,0,99,9.600000000000001
3853.0,0.446,0,96,4.2
3853.5,0.446,0,94,2.4000000000000004
3854.0,0.45,0,94,1.8
3854.5,0.453,0,94,1.2000000000000002
3855.0,0.453,0,95,1.2000000000000002
3855.5,0.453,0,96,1.2000000000000002
3856.0,0.45,0,97,1.2000000000000002
3856.5,0.451,0,98,1.2000000000000002
3857.0,0.454,0,98,1.2000000000000002
3857.5,0.456,0,99,1.2000000000000002
3858.0,0.456,0,99,0.0
3858.5,0.456,0,96,2.4000000000000004
3859.0,0.456,0,95,4.800000000000001
3859.5,0.456,0,96,6.6000000000000005
3860.0,0.454,0,96,9.600000000000001
3860.5,0.454,0,97,9.600000000000001
3861.0,0.458,0,97,9.600000000000001
3861.5,0.458,0,98,9.600000000000001
3862.0,0.458,0,98,9.600000000000001
3862.5,0.459,0,99,9.600000000000001
3863.0,0.459,0,99,7.800000000000001
3863.5,0.461,0,95,12.0
3864.0,0.461,0,93,18.6
3864.5,0.461,0,92,24.0
3865.0,0.459,0,93,27.0
3865.5,0.461,0,94,28.200000000000003
3866.0,0.464,0,95,28.200000000000003
3866.5,0.464,0,97,28.200000000000003
3867.0,0.467,0,97,28.200000000000003
3867.5,0.467,0,98,28.200000000000003
3868.0,0.467,0,98,28.200000000000003
3868.5,0.467,0,99,28.200000000000003
3869.0,0.467,0,99,28.200000000000003
3869.5,0.467,0,99,25.200000000000003
3870.0,0.47,0,97,25.8
3870.5,0.47,0,95,30.0
3871.0,0.47,0,95,33.0
3871.5,0.47,0,96,34.800000000000004
3872.0,0.47,0,97,36.0
3872.5,0.474,0,97,36.0
3873.0,0.474,0,98,36.0
3873.5,0.474,0,98,36.6
3874.0,0.474,0,99,36.6
3874.5,0.477,0,99,33.6
3875.0,0.477,0,96,27.0
3875.5,0.477,0,94,26.400000000000002
3876.0,0.475,0,93,27.6
3876.5,0.479,0,93,28.200000000000003
3877.0,0.479,0,94,30.0
3877.5,0.482,0,95,30.0
3878.0,0.483,0,95,30.0
3878.5,0.485,0,97,30.0
3879.0,0.49,0,98,30.0
3879.5,0.495,0,98,30.6
3880.0,0.495,0,97,30.6
3880.5,0.495,0,97,23.400000000000002
3881.0,0.499,0,95,17.400000000000002
3881.5,0.499,0,92,15.0
3882.0,0.503,0,93,13.8
3882.5,0.503,0,94,13.8
3883.0,0.506,1,94,13.200000000000001
3883.5,0.506,1,95,13.200000000000001
3884.0,0.511,1,95,13.200000000000001
3884.5,0.511,1,96,13.200000000000001
3885.0,0.512,2,96,13.200000000000001
3885.5,0.512,2,96,13.8
3886.0,0.516,2,96,12.0
3886.5,0.516,3,94,7.800000000000001
3887.0,0.516,3,90,4.2
3887.5,0.516,3,89,3.0
3888.0,0.516,3,89,2.4000000000000004
3888.5,0.519,4,90,2.4000000000000004
3889.0,0.519,4,91,2.4000000000000004
3889.5,0.52,4,92,2.4000000000000004
3890.0,0.522,5,93,2.4000000000000004
3890.5,0.528,5,93,2.4000000000000004
3891.0,0.53,5,94,2.4000000000000004
3891.5,0.533,5,94,2.4000000000000004
3892.0,0.533,6,94,1.2000000000000002
3892.5,0.537,6,92,2.4000000000000004
3893.0,0.537,6,90,5.4
3893.5,0.543,6,90,9.600000000000001
3894.0,0.545,7,90,9.600000000000001
3894.5,0.546,7,91,9.600000000000001
3895.0,0.548,7,91,10.200000000000001
3895.5,0.551,8,92,10.200000000000001
3896.0,0.554,8,92,10.200000000000001
3896.5,0.556,8,93,10.200000000000001
3897.0,0.561,8,93,10.200000000000001
3897.5,0.561,9,92,9.600000000000001
3898.0,0.562,9,88,16.2
3898.5,0.562,9,85,24.0
3899.0,0.566,9,85,30.0
3899.5,0.566,10,86,33.0
3900.0,0.569,10,86,34.800000000000004
3900.5,0.574,10,88,35.4
3901.0,0.575,10,89,35.4
3901.5,0.58,11,89,35.4
3902.0,0.582,11,90,34.800000000000004
3902.5,0.583,11,91,34.800000000000004
3903.0,0.585,12,92,34.800000000000004
3903.5,0.59,12,92,34.800000000000004
3904.0,0.595,12,92,36.0
3904.5,0.596,12,92,30.6
3905.0,0.598,13,88,33.0
3905.5,0.598,13,86,38.5
3906.0,0.603,13,85,42.1
3906.5,0.604,13,86,44.5
3907.0,0.611,14,87,45.7
3907.5,0.611,14,88,46.2
3908.0,0.615,14,89,46.800000000000004
3908.5,0.62,15,89,46.800000000000004
3909.0,0.624,15,90,47.400000000000006
3909.5,0.625,15,90,47.400000000000006
3910.0,0.628,15,89,42.0
3910.5,0.633,16,86,34.2
3911.0,0.633,16,82,34.2
3911.5,0.635,16,80,36.6
3912.0,0.64,16,80,39.0
3912.5,0.641,17,81,39.6
3913.0,0.644,17,81,40.800000000000004
3913.5,0.649,17,83,41.400000000000006
3914.0,0.653,17,84,41.400000000000006
3914.5,0.659,18,85,41.400000000000006
3915.0,0.659,18,86,41.400000000000006
3915.5,0.662,18,87,41.400000000000006
3916.0,0.664,18,86,42.0
3916.5,0.667,19,86,38.400000000000006
3917.0,0.67,19,84,27.0
3917.5,0.673,19,80,22.200000000000003
3918.0,0.682,19,79,21.0
3918.5,0.683,20,80,20.400000000000002
3919.0,0.686,20,81,20.400000000000002
3919.5,0.691,20,82,21.0
3920.0,0.693,20,83,20.400000000000002
3920.5,0.698,21,84,20.400000000000002
3921.0,0.706,21,85,20.400000000000002
3921.5,0.712,21,86,20.400000000000002
3922.0,0.712,21,86,20.400000000000002
3922.5,0.712,22,85,20.400000000000002
3923.0,0.717,22,85,19.8
3923.5,0.722,22,84,11.4
3924.0,0.725,22,78,9.600000000000001
3924.5,0.73,23,76,6.6000000000000005
3925.0,0.735,23,75,6.6000000000000005
3925.5,0.74,23,76,6.6000000000000005
3926.0,0.74,23,77,6.6000000000000005
3926.5,0.744,24,78,6.6000000000000005
3927.0,0.746,24,79,6.6000000000000005
3927.5,0.751,24,80,6.6000000000000005
3928.0,0.756,24,81,7.2
3928.5,0.76,24,81,6.6000000000000005
3929.0,0.769,25,81,6.6000000000000005
3929.5,0.769,25,81,7.2
3930.0,0.772,25,81,4.800000000000001
3930.5,0.775,25,79,6.0
3931.0,0.777,26,75,10.8
3931.5,0.781,26,73,14.4
3932.0,0.786,26,73,16.8
3932.5,0.789,26,74,18.0
3933.0,0.796,27,75,18.6
3933.5,0.798,27,76,19.200000000000003
3934.0,0.801,27,77,19.200000000000003
3934.5,0.806,27,79,19.200000000000003
3935.0,0.806,28,80,19.200000000000003
3935.5,0.806,28,80,19.200000000000003
3936.0,0.806,28,80,19.200000000000003
3936.5,0.828,28,80,16.8
3937.0,0.835,28,76,25.200000000000003
3937.5,0.836,29,71,37.2
3938.0,0.841,29,68,46.2
3938.5,0.846,29,68,50.400000000000006
3939.0,0.854,29,69,47.400000000000006
3939.5,0.859,29,68,45.0
3940.0,0.864,30,67,43.2
3940.5,0.865,30,65,42.0
3941.0,0.87,30,63,42.0
3941.5,0.873,30,61,42.6
3942.0,0.876,30,60,43.2
3942.5,0.88,31,59,43.800000000000004
3943.0,0.886,31,58,44.400000000000006
3943.5,0.889,31,57,45.6
3944.0,0.896,31,56,46.2
3944.5,0.897,31,55,46.800000000000004
3945.0,0.902,31,54,47.400000000000006
3945.5,0.905,32,53,49.800000000000004
3946.0,0.905,32,52,50.400000000000006
3946.5,0.907,32,51,45.0
3947.0,0.91,32,48,45.0
3947.5,0.91,32,46,52.800000000000004
3948.0,0.914,32,43,55.2
3948.5,0.914,32,41,55.2
3949.0,0.915,32,39,55.800000000000004
3949.5,0.918,33,37,56.400000000000006
3950.0,0.922,33,36,57.6
3950.5,0.925,33,34,58.800000000000004
3951.0,0.928,33,33,60.0
3951.5,0.93,33,32,60.6
3952.0,0.933,33,32,61.800000000000004
3952.5,0.934,33,32,63.0
3953.0,0.939,33,32,63.6
3953.5,0.941,33,32,64.2
3954.0,0.943,33,32,64.8
3954.5,0.944,34,33,65.4
3955.0,0.947,34,33,66.0
3955.5,0.949,34,33,67.2
3956.0,0.952,34,34,67.2
3956.5,0.955,34,34,67.8
3957.0,0.959,34,34,68.4
3957.5,0.96,34,35,69.0
3958.0,0.963,34,35,67.8
3958.5,0.967,34,35,67.2
3959.0,0.97,34,35,67.8
3959.5,0.972,34,34,68.4
3960.0,0.973,35,34,69.0
3960.5,0.976,35,33,70.2
3961.0,0.978,35,32,64.2
3961.5,0.981,35,32,51.0
3962.0,0.981,35,31,51.0
3962.5,0.981,35,31,55.2
3963.0,0.973,35,26,58.800000000000004
3963.5,0.97,35,26,61.2
3964.0,0.975,35,22,63.6
3964.5,0.976,35,22,64.8
3965.0,0.983,35,19,66.0
3965.5,0.984,35,17,67.2
3966.0,0.989,35,17,67.8
3966.5,0.992,35,17,68.4
3967.0,0.996,35,19,69.60000000000001
3967.5,0.999,36,0,69.60000000000001
3968.0,0.999,36,0,54.6
3968.5,1.01,36,0,31.200000000000003
3969.0,1.01,36,0,16.8
3969.5,1.01,36,0,9.600000000000001
3970.0,1.01,36,0,5.4
3970.5,1.01,36,0,4.800000000000001
3971.0,0.934,36,0,5.4
3971.5,0.873,36,0,6.0
3972.0,0.77,36,0,9.600000000000001
3972.5,0.699,36,0,9.600000000000001
3973.0,0.617,36,0,9.600000000000001
3973.5,0.585,36,0,9.600000000000001
3974.0,0.586,36,0,10.8
3974.5,0.599,36,0,11.4
3975.0,0.609,36,0,11.4
3975.5,0.609,36,0,12.0
3976.0,0.609,36,0,12.600000000000001
3976.5,0.609,36,0,12.600000000000001
3977.0,0.599,36,0,12.600000000000001
3977.5,0.577,36,0,12.600000000000001
3978.0,0.538,36,0,12.600000000000001
3978.5,0.511,36,0,12.600000000000001
3979.0,0.472,36,0,12.0
3979.5,0.451,36,0,11.4
3980.0,0.425,36,0,11.4
3980.5,0.411,36,0,10.8
3981.0,0.395,36,0,10.200000000000001
3981.5,0.385,36,0,10.200000000000001
3982.0,0.379,36,0,9.600000000000001
3982.5,0.377,36,0,9.600000000000001
3983.0,0.372,36,0,9.600000000000001
3983.5,0.369,36,0,9.600000000000001
3984.0,0.361,36,0,9.600000000000001
3984.5,0.356,36,0,9.600000000000001
3985.0,0.348,36,0,7.800000000000001
3985.5,0.342,36,0,6.6000000000000005
3986.0,0.334,36,0,6.0
3986.5,0.325,36,0,6.0
3987.0,0.316,36,0,5.4
3987.5,0.309,36,0,5.4
3988.0,0.3,36,0,4.800000000000001
3988.5,0.293,36,0,4.800000000000001
3989.0,0.285,36,0,4.2
3989.5,0.284,36,0,4.2
3990.0,0.276,36,0,3.6
3990.5,0.271,36,0,3.6
3991.0,0.264,36,0,3.0
3991.5,0.259,36,0,3.0
3992.0,0.253,36,0,2.4000000000000004
3992.5,0.248,36,0,2.4000000000000004
3993.0,0.243,36,0,2.4000000000000004
3993.5,0.24,36,0,1.8
3994.0,0.234,36,0,1.8
3994.5,0.229,36,0,1.8
3995.0,0.222,36,0,1.2000000000000002
3995.5,0.218,36,0,1.2000000000000002
3996.0,0.209,36,0,1.2000000000000002
3996.5,0.205,36,0,1.2000000000000002
3997.0,0.2,36,0,1.2000000000000002
3997.5,0.195,36,0,0.6000000000000001
3998.0,0.189,36,0,0.6000000000000001
3998.5,0.184,36,0,0.6000000000000001
3999.0,0.177,36,0,0.6000000000000001
3999.5,0.161,36,0,0.6000000000000001
4000.0,0.158,36,0,0.0
4000.5,0.148,36,0,0.0
4001.0,0.145,36,0,0.0
4001.5,0.143,36,0,0.0
4002.0,0.142,36,0,0.0
4002.5,0.14,36,0,0.0
4003.0,0.139,36,0,0.0
4003.5,0.137,36,0,0.0
4004.0,0.134,36,0,0.0
4004.5,0.132,36,0,0.0
4005.0,0.132,36,0,0.0
4005.5,0.131,36,0,0.0
4006.0,0.129,36,0,0.0
4006.5,0.127,36,0,0.0
4007.0,0.127,36,0,0.0
4007.5,0.126,36,0,0.0
4008.0,0.124,36,0,0.0
4008.5,0.124,36,0,0.0
4009.0,0.122,36,0,0.0
4009.5,0.122,36,0,0.0
4010.0,0.121,36,0,0.0
4010.5,0.121,36,0,0.0
4011.0,0.118,36,0,0.0
4011.5,0.118,36,0,0.0
4012.0,0.118,36,0,0.0
4012.5,0.116,36,0,0.0
4013.0,0.116,36,0,0.0
4013.5,0.116,36,0,0.0
4014.0,0.114,36,0,0.0
4014.5,0.114,36,0,0.0
4015.0,0.116,36,0,0.0
4015.5,0.114,36,0,0.0
4016.0,0.114,36,0,0.0
4016.5,0.116,36,0,0.0
4017.0,0.113,36,0,0.0
4017.5,0.116,36,0,0.0
4018.0,0.114,36,0,0.0
4018.5,0.114,36,0,0.0
4019.0,0.114,36,0,0.0
4019.5,0.114,36,0,0.0
4020.0,0.114,36,0,0.0
4020.5,0.114,36,0,0.0
4021.0,0.113,36,0,0.0
4021.5,0.113,36,0,0.0
4022.0,0.111,36,0,0.0
4022.5,0.113,36,0,0.0
4023.0,0.111,36,0,0.0
4023.5,0.111,36,0,0.0
4024.0,0.11,36,0,0.0
4024.5,0.111,36,0,0.0
4025.0,0.11,36,0,0.0
4025.5,0.11,36,0,0.0
4026.0,0.11,36,0,0.0
4026.5,0.11,36,0,0.0
4027.0,0.11,36,0,0.0
4027.5,0.11,36,0,0.0
4028.0,0.108,36,0,0.0
4028.5,0.108,36,0,0.0
4029.0,0.108,36,0,0.0
4029.5,0.106,36,0,0.0
4030.0,0.106,36,0,0.0
4030.5,0.105,36,0,0.0
4031.0,0.106,36,0,0.0
4031.5,0.103,36,0,0.0
4032.0,0.103,36,0,0.0
4032.5,0.105,36,0,0.0
4033.0,0.103,36,0,0.0
4033.5,0.102,36,0,0.0
4034.0,0.103,36,0,0.0
4034.5,0.102,36,0,0.0
4035.0,0.102,36,0,0.0
4035.5,0.1,36,0,0.0
4036.0,0.102,36,0,0.0
4036.5,0.1,36,0,0.0
4037.0,0.098,36,0,0.0
4037.5,0.098,36,0,0.0
4038.0,0.098,36,0,0.0
4038.5,0.098,36,0,0.0
4039.0,0.098,36,0,0.0
4039.5,0.098,36,0,0.0
4040.0,0.097,36,0,0.0
4040.5,0.097,36,0,0.0
4041.0,0.097,36,0,0.0
4041.5,0.095,36,0,0.0
4042.0,0.095,36,0,0.0
4042.5,0.095,36,0,0.0
4043.0,0.095,36,0,0.0
4043.5,0.093,36,0,0.0
4044.0,0.095,36,0,0.0
4044.5,0.093,36,0,0.0
4045.0,0.092,36,0,0.0
4045.5,0.092,36,0,0.0
4046.0,0.092,36,0,0.0
4046.5,0.092,36,0,0.0
4047.0,0.09,36,0,0.0
4047.5,0.092,36,0,0.0
4048.0,0.09,36,0,0.0
4048.5,0.089,36,0,0.0
4049.0,0.089,36,0,0.0
4049.5,0.087,36,0,0.0
4050.0,0.085,36,0,0.0
4050.5,0.085,36,0,0.0
4051.0,0.084,36,0,0.0
4051.5,0.082,36,0,0.0
4052.0,0.081,36,0,0.0
4052.5,0.081,36,0,0.0
4053.0,0.077,36,0,0.0
4053.5,0.076,36,0,0.0
4054.0,0.074,36,0,0.0
4054.5,0.073,36,0,0.0
4055.0,0.073,36,0,0.0
4055.5,0.071,36,0,0.0
4056.0,0.069,36,0,0.0
4056.5,0.068,36,0,0.0
4057.0,0.068,36,0,0.0
4057.5,0.066,36,0,0.0
4058.0,0.064,36,0,0.0
4058.5,0.064,36,0,0.0
4059.0,0.061,36,0,0.0
4059.5,0.061,36,0,0.0
4060.0,0.06,36,0,0.0
4060.5,0.058,36,0,0.0
4061.0,0.058,36,0,0.0
4061.5,0.056,36,0,0.0
4062.0,0.055,36,0,0.0
4062.5,0.055,36,0,0.0
4063.0,0.053,36,0,0.0
4063.5,0.052,36,0,0.0
4064.0,0.052,36,0,0.0
4064.5,0.05,36,0,0.0
4065.0,0.05,36,0,0.0
4065.5,0.048,36,0,0.0
4066.0,0.048,36,0,0.0
4066.5,0.047,36,0,0.0
4067.0,0.045,36,0,0.0
4067.5,0.045,36,0,0.0
4068.0,0.047,36,0,0.0
4068.5,0.045,36,0,0.0
4069.0,0.044,36,0,0.0
4069.5,0.044,36,0,0.0
4070.0,0.042,36,0,0.0
4070.5,0.042,36,0,0.0
4071.0,0.042,36,0,0.0
4071.5,0.042,36,0,0.0
4072.0,0.042,36,0,0.0
4072.5,0.042,36,0,0.0
4073.0,0.04,36,0,0.0
4073.5,0.04,36,0,0.0
4074.0,0.04,36,0,0.0
4074.5,0.04,36,0,0.0
4075.0,0.04,36,0,0.0
