Time,Torque,Angle,Rotating speed,Power
0,0.01,0,9,0.0
0.5,0.008,0,10,0.0
1.0,0.015,0,10,0.0
1.5,0.011,0,14,0.0
2.0,0.015,0,15,0.0
2.5,0.015,0,20,0.0
3.0,0.016,0,23,0.0
3.5,0.015,0,23,0.0
4.0,0.015,0,25,0.0
4.5,0.015,0,27,0.0
5.0,0.015,0,28,0.0
5.5,0.015,0,29,0.0
6.0,0.015,0,30,0.6000000000000001
6.5,0.015,0,30,0.6000000000000001
7.0,0.016,0,31,0.6000000000000001
7.5,0.015,0,33,1.2000000000000002
8.0,0.016,0,35,1.2000000000000002
8.5,0.015,0,38,1.2000000000000002
9.0,0.015,0,43,1.2000000000000002
9.5,0.016,0,45,1.2000000000000002
10.0,0.015,0,48,1.2000000000000002
10.5,0.015,0,51,1.2000000000000002
11.0,0.015,0,52,0.0
11.5,0.013,0,53,0.0
12.0,0.015,0,54,0.0
12.5,0.013,0,54,0.0
13.0,0.013,0,55,0.0
13.5,0.013,0,56,0.0
14.0,0.013,0,56,0.0
14.5,0.013,0,57,0.0
15.0,0.013,0,57,0.0
15.5,0.015,0,57,0.0
16.0,0.015,0,57,0.0
16.5,0.015,0,58,0.0
17.0,0.015,0,59,0.0
17.5,0.015,0,61,0.0
18.0,0.016,0,66,0.0
18.5,0.016,0,68,0.0
19.0,0.015,0,71,0.0
19.5,0.018,0,73,0.0
20.0,0.016,0,76,0.0
20.5,0.015,0,77,0.0
21.0,0.015,0,78,0.0
21.5,0.016,0,80,0.0
22.0,0.013,0,82,0.0
22.5,0.013,0,82,0.0
23.0,0.015,0,82,0.0
23.5,0.015,0,82,0.0
24.0,0.013,0,81,0.0
24.5,0.013,0,81,0.0
25.0,0.015,0,81,0.6000000000000001
25.5,0.011,0,81,1.8
26.0,0.015,0,80,3.0
26.5,0.013,0,81,5.4
27.0,0.01,0,83,9.600000000000001
27.5,0.011,0,85,9.600000000000001
28.0,0.011,0,89,9.600000000000001
28.5,0.013,0,91,9.600000000000001
29.0,0.01,0,94,9.600000000000001
29.5,0.013,0,95,9.600000000000001
30.0,0.011,0,97,9.600000000000001
30.5,0.013,0,99,9.0
31.0,0.011,0,100,7.2
31.5,0.011,0,101,6.6000000000000005
32.0,0.011,0,102,6.0
32.5,0.013,0,103,6.0
33.0,0.011,0,103,6.0
33.5,0.011,0,104,5.4
34.0,0.011,0,104,4.800000000000001
34.5,0.013,0,103,4.2
35.0,0.01,0,104,4.2
35.5,0.011,0,103,3.6
36.0,0.01,0,104,4.800000000000001
36.5,0.011,0,104,7.2
37.0,0.01,0,105,9.600000000000001
37.5,0.01,0,108,9.600000000000001
38.0,0.008,0,111,10.8
38.5,0.013,0,113,10.8
39.0,0.011,0,116,10.200000000000001
39.5,0.011,0,118,9.600000000000001
40.0,0.008,0,121,9.600000000000001
40.5,0.006,0,123,9.600000000000001
41.0,0.013,0,123,9.600000000000001
41.5,0.008,0,124,6.0
42.0,0.01,0,124,4.2
42.5,0.008,0,125,3.0
43.0,0.01,0,126,2.4000000000000004
43.5,0.01,0,125,2.4000000000000004
44.0,0.01,0,125,1.8
44.5,0.011,0,124,1.8
45.0,0.01,0,123,1.8
45.5,0.01,0,123,1.8
46.0,0.011,0,123,1.2000000000000002
46.5,0.01,0,123,0.6000000000000001
47.0,0.011,0,122,0.0
47.5,0.011,0,123,0.0
48.0,0.01,0,122,0.0
48.5,0.01,0,122,0.0
49.0,0.01,0,122,0.0
49.5,0.013,0,121,0.0
50.0,0.013,0,123,0.0
50.5,0.01,0,122,0.0
51.0,0.011,0,122,0.6000000000000001
51.5,0.013,0,123,0.6000000000000001
52.0,0.013,0,123,0.6000000000000001
52.5,0.011,0,123,0.6000000000000001
53.0,0.011,0,122,0.6000000000000001
53.5,0.011,0,122,0.6000000000000001
54.0,0.011,0,121,0.6000000000000001
54.5,0.013,0,120,1.8
55.0,0.013,0,120,3.6
55.5,0.013,0,121,4.2
56.0,0.015,0,121,4.2
56.5,0.018,0,120,3.6
57.0,0.013,0,119,3.6
57.5,0.013,0,119,3.0
58.0,0.018,0,118,3.0
58.5,0.034,0,118,3.6
59.0,0.029,0,117,4.2
59.5,0.023,0,117,4.2
60.0,0.023,0,117,4.800000000000001
60.5,0.024,0,117,4.800000000000001
61.0,0.026,0,117,4.800000000000001
61.5,0.027,0,117,4.2
62.0,0.027,0,115,4.2
62.5,0.024,0,115,4.2
63.0,0.023,0,115,4.2
63.5,0.029,0,115,4.800000000000001
64.0,0.027,0,115,4.2
64.5,0.029,0,113,4.2
65.0,0.031,0,114,4.2
65.5,0.026,0,114,4.2
66.0,0.029,0,113,4.2
66.5,0.029,0,113,3.6
67.0,0.031,0,113,3.6
67.5,0.032,0,113,3.6
68.0,0.027,0,113,4.2
68.5,0.031,0,112,3.6
69.0,0.031,0,112,3.0
69.5,0.031,0,112,2.4000000000000004
70.0,0.032,0,112,1.8
70.5,0.031,0,112,1.8
71.0,0.032,0,111,1.8
71.5,0.035,0,110,1.2000000000000002
72.0,0.034,0,109,1.8
72.5,0.035,0,109,1.8
73.0,0.034,0,108,1.8
73.5,0.034,0,107,1.2000000000000002
74.0,0.034,0,107,0.6000000000000001
74.5,0.035,0,107,0.0
75.0,0.035,0,107,0.0
75.5,0.037,0,107,0.0
76.0,0.035,0,107,0.0
76.5,0.037,0,106,0.0
77.0,0.039,0,106,0.0
77.5,0.039,0,106,0.0
78.0,0.039,0,105,0.0
78.5,0.039,0,106,0.0
79.0,0.039,0,106,0.0
79.5,0.04,0,106,0.0
80.0,0.042,0,107,0.6000000000000001
80.5,0.04,0,107,0.6000000000000001
81.0,0.042,0,107,0.6000000000000001
81.5,0.04,0,106,0.6000000000000001
82.0,0.044,0,106,0.0
82.5,0.042,0,106,0.0
83.0,0.044,0,106,0.0
83.5,0.042,0,105,1.8
84.0,0.044,0,104,3.6
84.5,0.044,0,105,4.800000000000001
85.0,0.044,0,105,5.4
85.5,0.044,0,105,5.4
86.0,0.044,0,105,4.800000000000001
86.5,0.045,0,104,4.800000000000001
87.0,0.044,0,104,4.800000000000001
87.5,0.045,0,104,4.800000000000001
88.0,0.045,0,103,4.800000000000001
88.5,0.047,0,103,4.800000000000001
89.0,0.047,0,104,4.800000000000001
89.5,0.045,0,104,5.4
90.0,0.045,0,104,6.0
90.5,0.047,0,105,6.0
91.0,0.045,0,103,6.0
91.5,0.05,0,104,6.0
92.0,0.045,0,104,5.4
92.5,0.047,0,104,5.4
93.0,0.045,0,104,5.4
93.5,0.05,0,104,5.4
94.0,0.045,0,102,5.4
94.5,0.047,0,103,4.800000000000001
95.0,0.044,0,103,4.800000000000001
95.5,0.047,0,103,5.4
96.0,0.044,0,103,5.4
96.5,0.05,0,104,4.800000000000001
97.0,0.044,0,102,4.800000000000001
97.5,0.048,0,103,4.800000000000001
98.0,0.044,0,104,4.800000000000001
98.5,0.048,0,103,4.800000000000001
99.0,0.045,0,103,5.4
99.5,0.048,0,103,3.6
100.0,0.047,0,103,3.0
100.5,0.047,0,103,2.4000000000000004
101.0,0.047,0,104,1.8
101.5,0.047,0,103,1.8
102.0,0.045,0,103,1.8
102.5,0.047,0,102,1.8
103.0,0.047,0,102,1.8
103.5,0.045,0,101,1.8
104.0,0.047,0,101,1.8
104.5,0.048,0,100,1.8
105.0,0.045,0,100,0.6000000000000001
105.5,0.048,0,100,0.0
106.0,0.047,0,100,0.0
106.5,0.047,0,100,0.0
107.0,0.044,0,100,0.0
107.5,0.048,0,100,0.0
108.0,0.044,0,100,0.0
108.5,0.047,0,100,0.0
109.0,0.045,0,101,0.0
109.5,0.044,0,100,0.0
110.0,0.045,0,101,0.0
110.5,0.048,0,101,0.0
111.0,0.044,0,102,0.0
111.5,0.045,0,102,0.0
112.0,0.044,0,103,0.6000000000000001
112.5,0.045,0,103,0.6000000000000001
113.0,0.044,0,102,0.0
113.5,0.048,0,102,0.0
114.0,0.044,0,102,0.0
114.5,0.045,0,102,0.0
115.0,0.045,0,102,0.6000000000000001
115.5,0.044,0,101,3.0
116.0,0.044,0,101,4.800000000000001
116.5,0.045,0,102,5.4
117.0,0.047,0,102,5.4
117.5,0.045,0,102,4.800000000000001
118.0,0.044,0,102,4.800000000000001
118.5,0.044,0,101,4.800000000000001
119.0,0.044,0,101,4.2
119.5,0.045,0,101,4.2
120.0,0.044,0,101,4.800000000000001
120.5,0.047,0,101,4.800000000000001
121.0,0.045,0,102,4.800000000000001
121.5,0.047,0,101,5.4
122.0,0.045,0,102,6.0
122.5,0.048,0,102,6.0
123.0,0.048,0,102,6.0
123.5,0.048,0,102,5.4
124.0,0.047,0,102,5.4
124.5,0.048,0,101,5.4
125.0,0.047,0,101,5.4
125.5,0.05,0,102,6.0
126.0,0.047,0,102,5.4
126.5,0.048,0,101,4.800000000000001
127.0,0.048,0,101,4.800000000000001
127.5,0.048,0,101,4.800000000000001
128.0,0.048,0,101,4.800000000000001
128.5,0.048,0,102,4.800000000000001
129.0,0.047,0,102,4.2
129.5,0.05,0,102,4.2
130.0,0.05,0,102,4.2
130.5,0.048,0,102,4.800000000000001
131.0,0.048,0,102,4.800000000000001
131.5,0.048,0,102,3.6
132.0,0.047,0,102,2.4000000000000004
132.5,0.05,0,102,2.4000000000000004
133.0,0.047,0,102,1.8
133.5,0.052,0,102,1.8
134.0,0.047,0,101,1.2000000000000002
134.5,0.048,0,101,1.2000000000000002
135.0,0.048,0,100,1.2000000000000002
135.5,0.047,0,99,1.8
136.0,0.048,0,99,1.8
136.5,0.047,0,99,0.6000000000000001
137.0,0.048,0,98,0.0
137.5,0.047,0,99,0.0
138.0,0.053,0,99,0.0
138.5,0.047,0,99,0.0
139.0,0.048,0,99,0.0
139.5,0.048,0,99,0.0
140.0,0.052,0,99,0.0
140.5,0.05,0,99,0.0
141.0,0.05,0,99,0.0
141.5,0.048,0,100,0.0
142.0,0.052,0,99,0.0
142.5,0.048,0,100,0.0
143.0,0.047,0,101,0.0
143.5,0.047,0,101,0.6000000000000001
144.0,0.05,0,102,0.6000000000000001
144.5,0.047,0,101,0.6000000000000001
145.0,0.048,0,101,0.6000000000000001
145.5,0.048,0,101,0.6000000000000001
146.0,0.048,0,101,0.0
146.5,0.047,0,101,0.6000000000000001
147.0,0.048,0,100,1.8
147.5,0.047,0,100,3.6
148.0,0.05,0,100,4.800000000000001
148.5,0.048,0,101,5.4
149.0,0.048,0,100,5.4
149.5,0.047,0,100,4.800000000000001
150.0,0.05,0,100,4.800000000000001
150.5,0.047,0,100,4.2
151.0,0.05,0,100,4.2
151.5,0.048,0,100,4.800000000000001
152.0,0.048,0,100,4.800000000000001
152.5,0.048,0,100,5.4
153.0,0.048,0,100,5.4
153.5,0.047,0,100,6.0
154.0,0.05,0,101,6.0
154.5,0.048,0,101,6.0
155.0,0.05,0,101,5.4
155.5,0.047,0,101,5.4
156.0,0.047,0,101,4.800000000000001
156.5,0.047,0,101,5.4
157.0,0.048,0,101,5.4
157.5,0.047,0,101,6.0
158.0,0.047,0,101,4.800000000000001
158.5,0.045,0,100,4.800000000000001
159.0,0.047,0,101,4.800000000000001
159.5,0.045,0,101,4.800000000000001
160.0,0.048,0,101,4.800000000000001
160.5,0.045,0,101,4.800000000000001
161.0,0.047,0,101,4.2
161.5,0.044,0,101,4.2
162.0,0.045,0,102,4.2
162.5,0.044,0,102,4.800000000000001
163.0,0.047,0,101,4.800000000000001
163.5,0.045,0,101,3.0
164.0,0.047,0,101,2.4000000000000004
164.5,0.044,0,102,1.8
165.0,0.045,0,102,1.8
165.5,0.045,0,102,1.8
166.0,0.047,0,101,1.8
166.5,0.045,0,100,1.2000000000000002
167.0,0.045,0,100,1.2000000000000002
167.5,0.047,0,99,1.2000000000000002
168.0,0.047,0,99,1.8
168.5,0.047,0,99,1.8
169.0,0.048,0,98,0.6000000000000001
169.5,0.047,0,98,0.0
170.0,0.047,0,98,0.0
170.5,0.047,0,98,0.0
171.0,0.048,0,99,0.0
171.5,0.047,0,99,0.0
172.0,0.052,0,99,0.0
172.5,0.048,0,99,0.0
173.0,0.05,0,99,0.0
173.5,0.048,0,99,0.0
174.0,0.05,0,100,0.0
174.5,0.05,0,100,0.0
175.0,0.053,0,100,0.0
175.5,0.048,0,101,0.0
176.0,0.05,0,101,0.6000000000000001
176.5,0.048,0,101,0.6000000000000001
177.0,0.05,0,101,0.6000000000000001
177.5,0.048,0,101,0.0
178.0,0.053,0,100,0.0
178.5,0.05,0,100,0.0
179.0,0.053,0,100,0.6000000000000001
179.5,0.052,0,99,3.0
180.0,0.053,0,99,4.2
180.5,0.052,0,100,4.800000000000001
181.0,0.056,0,100,5.4
181.5,0.055,0,100,4.800000000000001
182.0,0.056,0,100,4.800000000000001
182.5,0.055,0,99,4.800000000000001
183.0,0.055,0,99,4.2
183.5,0.055,0,99,4.2
184.0,0.06,0,99,4.800000000000001
184.5,0.056,0,99,4.800000000000001
185.0,0.06,0,99,4.800000000000001
185.5,0.055,0,99,4.800000000000001
186.0,0.056,0,99,6.0
186.5,0.058,0,100,6.6000000000000005
187.0,0.06,0,100,6.0
187.5,0.056,0,100,6.0
188.0,0.058,0,100,5.4
188.5,0.058,0,99,5.4
189.0,0.056,0,100,5.4
189.5,0.058,0,100,6.0
190.0,0.063,0,99,6.6000000000000005
190.5,0.056,0,99,5.4
191.0,0.058,0,99,5.4
191.5,0.058,0,99,5.4
192.0,0.056,0,99,5.4
192.5,0.058,0,99,4.800000000000001
193.0,0.058,0,100,4.800000000000001
193.5,0.056,0,100,4.800000000000001
194.0,0.056,0,100,4.2
194.5,0.06,0,100,4.2
195.0,0.056,0,100,4.800000000000001
195.5,0.058,0,100,5.4
196.0,0.058,0,100,3.6
196.5,0.058,0,100,2.4000000000000004
197.0,0.056,0,100,2.4000000000000004
197.5,0.06,0,100,1.8
198.0,0.056,0,100,1.8
198.5,0.06,0,99,1.8
199.0,0.06,0,99,1.8
199.5,0.06,0,98,1.8
200.0,0.058,0,98,1.8
200.5,0.06,0,97,1.8
201.0,0.056,0,97,1.8
201.5,0.061,0,97,1.2000000000000002
202.0,0.058,0,97,0.0
202.5,0.06,0,97,0.0
203.0,0.058,0,97,0.0
203.5,0.063,0,97,0.0
204.0,0.056,0,97,0.0
204.5,0.058,0,97,0.0
205.0,0.056,0,97,0.0
205.5,0.06,0,98,0.0
206.0,0.058,0,98,0.0
206.5,0.061,0,98,0.0
207.0,0.058,0,99,0.0
207.5,0.058,0,98,0.0
208.0,0.058,0,99,0.0
208.5,0.058,0,100,0.6000000000000001
209.0,0.056,0,100,0.6000000000000001
209.5,0.06,0,100,0.6000000000000001
210.0,0.055,0,100,0.6000000000000001
210.5,0.056,0,100,0.0
211.0,0.055,0,99,0.0
211.5,0.058,0,99,0.0
212.0,0.055,0,99,1.2000000000000002
212.5,0.055,0,98,3.0
213.0,0.055,0,98,4.800000000000001
213.5,0.053,0,99,5.4
214.0,0.053,0,99,5.4
214.5,0.055,0,99,5.4
215.0,0.055,0,99,4.800000000000001
215.5,0.055,0,99,4.800000000000001
216.0,0.056,0,99,4.800000000000001
216.5,0.056,0,99,4.800000000000001
217.0,0.055,0,99,4.800000000000001
217.5,0.056,0,99,5.4
218.0,0.055,0,99,5.4
218.5,0.053,0,100,5.4
219.0,0.055,0,100,6.0
219.5,0.053,0,100,6.6000000000000005
220.0,0.058,0,100,6.6000000000000005
220.5,0.053,0,101,6.0
221.0,0.055,0,100,5.4
221.5,0.055,0,100,5.4
222.0,0.053,0,100,5.4
222.5,0.053,0,100,6.0
223.0,0.055,0,100,6.0
223.5,0.052,0,100,4.800000000000001
224.0,0.053,0,100,4.800000000000001
224.5,0.052,0,99,5.4
225.0,0.055,0,100,5.4
225.5,0.052,0,100,4.800000000000001
226.0,0.055,0,100,4.800000000000001
226.5,0.052,0,100,4.2
227.0,0.053,0,101,4.800000000000001
227.5,0.05,0,101,4.800000000000001
228.0,0.052,0,101,4.800000000000001
228.5,0.05,0,100,4.800000000000001
229.0,0.053,0,100,3.0
229.5,0.05,0,100,2.4000000000000004
230.0,0.052,0,101,1.8
230.5,0.052,0,101,1.8
231.0,0.052,0,100,1.8
231.5,0.048,0,100,1.8
232.0,0.053,0,99,1.2000000000000002
232.5,0.048,0,99,1.2000000000000002
233.0,0.053,0,98,1.2000000000000002
233.5,0.048,0,98,1.8
234.0,0.053,0,98,1.2000000000000002
234.5,0.05,0,98,0.0
235.0,0.056,0,97,0.0
235.5,0.052,0,97,0.0
236.0,0.053,0,98,0.0
236.5,0.052,0,98,0.0
237.0,0.055,0,98,0.0
237.5,0.053,0,98,0.0
238.0,0.058,0,98,0.0
238.5,0.056,0,98,0.0
239.0,0.056,0,98,0.0
239.5,0.056,0,98,0.0
240.0,0.058,0,98,0.0
240.5,0.056,0,99,0.0
241.0,0.056,0,100,0.0
241.5,0.061,0,100,0.6000000000000001
242.0,0.058,0,100,0.6000000000000001
242.5,0.058,0,100,0.0
243.0,0.06,0,100,0.0
243.5,0.058,0,99,0.0
244.0,0.058,0,99,0.0
244.5,0.058,0,99,0.6000000000000001
245.0,0.058,0,98,2.4000000000000004
245.5,0.06,0,98,4.2
246.0,0.063,0,98,5.4
246.5,0.058,0,99,5.4
247.0,0.058,0,99,5.4
247.5,0.061,0,99,5.4
248.0,0.06,0,98,4.800000000000001
248.5,0.06,0,98,4.800000000000001
249.0,0.06,0,98,4.800000000000001
249.5,0.06,0,98,4.800000000000001
250.0,0.06,0,98,5.4
250.5,0.061,0,98,5.4
251.0,0.061,0,99,5.4
251.5,0.064,0,99,6.0
252.0,0.06,0,99,6.6000000000000005
252.5,0.06,0,99,7.800000000000001
253.0,0.06,0,99,6.6000000000000005
253.5,0.061,0,99,6.0
254.0,0.06,0,99,6.0
254.5,0.063,0,99,6.0
255.0,0.061,0,99,6.0
255.5,0.061,0,99,7.2
256.0,0.063,0,99,6.0
256.5,0.064,0,98,5.4
257.0,0.061,0,99,5.4
257.5,0.061,0,99,5.4
258.0,0.06,0,99,5.4
258.5,0.063,0,99,5.4
259.0,0.064,0,99,4.800000000000001
259.5,0.066,0,99,4.800000000000001
260.0,0.061,0,99,4.800000000000001
260.5,0.063,0,100,4.800000000000001
261.0,0.06,0,99,5.4
261.5,0.064,0,99,4.2
262.0,0.063,0,99,3.0
262.5,0.066,0,99,2.4000000000000004
263.0,0.064,0,99,1.8
263.5,0.061,0,99,1.8
264.0,0.063,0,99,1.8
264.5,0.066,0,98,1.8
265.0,0.066,0,98,1.8
265.5,0.063,0,98,1.8
266.0,0.063,0,97,1.8
266.5,0.064,0,97,1.8
267.0,0.066,0,97,1.2000000000000002
267.5,0.064,0,96,0.6000000000000001
268.0,0.064,0,96,0.0
268.5,0.066,0,96,0.0
269.0,0.066,0,97,0.0
269.5,0.066,0,97,0.0
270.0,0.068,0,97,0.0
270.5,0.068,0,97,0.0
271.0,0.066,0,97,0.0
271.5,0.069,0,97,0.0
272.0,0.071,0,98,0.0
272.5,0.068,0,98,0.0
273.0,0.071,0,98,0.0
273.5,0.066,0,98,0.0
274.0,0.069,0,99,0.0
274.5,0.068,0,99,0.6000000000000001
275.0,0.071,0,100,0.0
275.5,0.069,0,99,0.0
276.0,0.071,0,99,0.6000000000000001
276.5,0.069,0,99,0.0
277.0,0.069,0,99,0.0
277.5,0.069,0,99,0.0
278.0,0.071,0,98,2.4000000000000004
278.5,0.069,0,97,4.2
279.0,0.074,0,98,5.4
279.5,0.069,0,98,6.0
280.0,0.071,0,98,6.0
280.5,0.069,0,98,5.4
281.0,0.071,0,98,5.4
281.5,0.068,0,98,5.4
282.0,0.071,0,98,5.4
282.5,0.071,0,98,5.4
283.0,0.069,0,98,5.4
283.5,0.069,0,98,6.0
284.0,0.071,0,99,5.4
284.5,0.068,0,99,6.6000000000000005
285.0,0.068,0,99,9.0
285.5,0.073,0,98,9.600000000000001
286.0,0.068,0,100,9.0
286.5,0.069,0,99,7.2
287.0,0.071,0,99,6.6000000000000005
287.5,0.069,0,99,6.6000000000000005
288.0,0.069,0,99,6.6000000000000005
288.5,0.074,0,99,9.0
289.0,0.068,0,99,6.6000000000000005
289.5,0.069,0,98,5.4
290.0,0.071,0,98,6.0
290.5,0.069,0,99,6.0
291.0,0.069,0,100,5.4
291.5,0.074,0,100,5.4
292.0,0.069,0,100,5.4
292.5,0.071,0,100,4.800000000000001
293.0,0.068,0,100,4.800000000000001
293.5,0.068,0,100,5.4
294.0,0.068,0,100,5.4
294.5,0.073,0,100,4.800000000000001
295.0,0.066,0,99,3.6
295.5,0.071,0,100,3.0
296.0,0.068,0,100,2.4000000000000004
296.5,0.069,0,100,1.8
297.0,0.069,0,100,1.8
297.5,0.073,0,99,1.8
298.0,0.068,0,98,1.8
298.5,0.069,0,98,1.8
299.0,0.069,0,98,1.8
299.5,0.069,0,97,1.8
300.0,0.071,0,97,1.8
300.5,0.071,0,97,0.6000000000000001
301.0,0.068,0,97,0.0
301.5,0.071,0,97,0.0
302.0,0.068,0,97,0.0
302.5,0.071,0,97,0.0
303.0,0.068,0,97,0.0
303.5,0.074,0,97,0.0
304.0,0.066,0,98,0.0
304.5,0.073,0,98,0.0
305.0,0.069,0,98,0.0
305.5,0.071,0,98,0.0
306.0,0.068,0,99,0.0
306.5,0.073,0,99,0.0
307.0,0.068,0,99,0.6000000000000001
307.5,0.071,0,100,0.6000000000000001
308.0,0.069,0,100,0.6000000000000001
308.5,0.069,0,100,0.6000000000000001
309.0,0.069,0,100,0.6000000000000001
309.5,0.068,0,100,0.6000000000000001
310.0,0.066,0,100,0.0
310.5,0.066,0,99,0.6000000000000001
311.0,0.066,0,99,2.4000000000000004
311.5,0.066,0,98,4.800000000000001
312.0,0.066,0,99,6.0
312.5,0.066,0,100,6.0
313.0,0.066,0,100,6.0
313.5,0.066,0,100,5.4
314.0,0.066,0,99,5.4
314.5,0.064,0,99,5.4
315.0,0.066,0,99,5.4
315.5,0.066,0,99,5.4
316.0,0.069,0,99,5.4
316.5,0.064,0,99,6.0
317.0,0.066,0,100,6.0
317.5,0.066,0,100,9.0
318.0,0.068,0,100,9.600000000000001
318.5,0.064,0,101,9.600000000000001
319.0,0.068,0,101,8.4
319.5,0.064,0,100,6.6000000000000005
320.0,0.068,0,100,6.6000000000000005
320.5,0.064,0,100,6.6000000000000005
321.0,0.066,0,100,6.6000000000000005
321.5,0.066,0,100,9.0
322.0,0.069,0,100,6.0
322.5,0.064,0,100,5.4
323.0,0.066,0,99,6.0
323.5,0.064,0,99,6.0
324.0,0.064,0,100,6.0
324.5,0.063,0,101,5.4
325.0,0.068,0,100,5.4
325.5,0.064,0,101,5.4
326.0,0.068,0,101,5.4
326.5,0.066,0,101,5.4
327.0,0.066,0,101,5.4
327.5,0.064,0,100,4.2
328.0,0.069,0,100,3.0
328.5,0.066,0,100,2.4000000000000004
329.0,0.069,0,101,2.4000000000000004
329.5,0.066,0,100,1.8
330.0,0.069,0,100,1.8
330.5,0.066,0,99,1.8
331.0,0.073,0,99,1.8
331.5,0.068,0,98,1.8
332.0,0.073,0,98,1.8
332.5,0.068,0,97,1.8
333.0,0.071,0,97,0.6000000000000001
333.5,0.068,0,97,0.0
334.0,0.074,0,97,0.0
334.5,0.068,0,97,0.0
335.0,0.073,0,97,0.0
335.5,0.068,0,98,0.0
336.0,0.071,0,97,0.0
336.5,0.069,0,98,0.0
337.0,0.073,0,98,0.0
337.5,0.068,0,98,0.0
338.0,0.073,0,98,0.0
338.5,0.068,0,99,0.0
339.0,0.069,0,98,0.0
339.5,0.068,0,99,0.6000000000000001
340.0,0.071,0,100,0.6000000000000001
340.5,0.069,0,100,0.6000000000000001
341.0,0.069,0,100,0.6000000000000001
341.5,0.066,0,100,0.6000000000000001
342.0,0.068,0,100,0.0
342.5,0.068,0,100,0.0
343.0,0.068,0,100,0.0
343.5,0.068,0,99,1.8
344.0,0.068,0,98,3.6
344.5,0.066,0,98,5.4
345.0,0.066,0,99,6.0
345.5,0.064,0,100,6.0
346.0,0.066,0,100,6.0
346.5,0.066,0,100,5.4
347.0,0.064,0,99,5.4
347.5,0.068,0,99,5.4
348.0,0.064,0,99,5.4
348.5,0.068,0,99,5.4
349.0,0.064,0,100,6.0
349.5,0.066,0,100,5.4
350.0,0.066,0,100,6.0
350.5,0.066,0,100,7.2
351.0,0.064,0,101,9.0
351.5,0.066,0,100,8.4
352.0,0.066,0,100,6.6000000000000005
352.5,0.064,0,100,6.6000000000000005
353.0,0.066,0,101,6.0
353.5,0.066,0,100,6.6000000000000005
354.0,0.064,0,100,7.800000000000001
354.5,0.068,0,100,6.6000000000000005
355.0,0.063,0,99,5.4
355.5,0.068,0,100,6.0
356.0,0.064,0,100,6.0
356.5,0.066,0,100,6.0
357.0,0.068,0,101,5.4
357.5,0.068,0,101,5.4
358.0,0.066,0,101,4.800000000000001
358.5,0.066,0,101,4.800000000000001
359.0,0.068,0,102,4.800000000000001
359.5,0.068,0,101,5.4
360.0,0.064,0,101,4.2
360.5,0.069,0,100,3.0
361.0,0.066,0,101,2.4000000000000004
361.5,0.066,0,101,2.4000000000000004
362.0,0.066,0,101,1.8
362.5,0.066,0,101,1.8
363.0,0.066,0,100,1.8
363.5,0.066,0,99,1.8
364.0,0.066,0,99,1.8
364.5,0.066,0,99,1.8
365.0,0.066,0,98,1.8
365.5,0.071,0,97,0.0
366.0,0.066,0,97,0.0
366.5,0.073,0,98,0.0
367.0,0.071,0,98,0.0
367.5,0.071,0,98,0.0
368.0,0.073,0,98,0.0
368.5,0.074,0,98,0.0
369.0,0.071,0,97,0.0
369.5,0.076,0,98,0.0
370.0,0.074,0,99,0.0
370.5,0.074,0,98,0.0
371.0,0.073,0,99,0.0
371.5,0.077,0,100,0.6000000000000001
372.0,0.074,0,100,0.6000000000000001
372.5,0.077,0,100,0.6000000000000001
373.0,0.074,0,100,0.6000000000000001
373.5,0.077,0,99,0.0
374.0,0.076,0,99,0.0
374.5,0.079,0,99,0.0
375.0,0.076,0,98,1.2000000000000002
375.5,0.076,0,97,3.6
376.0,0.077,0,97,4.800000000000001
376.5,0.079,0,98,6.0
377.0,0.077,0,98,6.6000000000000005
377.5,0.079,0,98,6.0
378.0,0.081,0,98,6.0
378.5,0.079,0,98,5.4
379.0,0.079,0,98,5.4
379.5,0.079,0,98,5.4
380.0,0.081,0,98,6.0
380.5,0.079,0,98,6.0
381.0,0.084,0,98,6.6000000000000005
381.5,0.079,0,98,6.6000000000000005
382.0,0.082,0,98,9.600000000000001
382.5,0.081,0,98,9.600000000000001
383.0,0.082,0,99,9.600000000000001
383.5,0.081,0,99,9.600000000000001
384.0,0.084,0,99,9.600000000000001
384.5,0.081,0,99,9.600000000000001
385.0,0.082,0,99,9.600000000000001
385.5,0.082,0,99,9.600000000000001
386.0,0.082,0,99,9.600000000000001
386.5,0.084,0,98,6.6000000000000005
387.0,0.089,0,98,6.0
387.5,0.084,0,98,6.6000000000000005
388.0,0.084,0,98,6.6000000000000005
388.5,0.082,0,98,6.0
389.0,0.085,0,99,6.0
389.5,0.084,0,99,6.0
390.0,0.087,0,99,5.4
390.5,0.084,0,99,6.0
391.0,0.082,0,99,6.6000000000000005
391.5,0.087,0,99,4.800000000000001
392.0,0.084,0,99,3.6
392.5,0.085,0,98,2.4000000000000004
393.0,0.084,0,99,2.4000000000000004
393.5,0.085,0,99,2.4000000000000004
394.0,0.085,0,99,1.8
394.5,0.085,0,98,1.8
395.0,0.085,0,98,1.8
395.5,0.085,0,97,1.8
396.0,0.085,0,97,1.8
396.5,0.087,0,96,2.4000000000000004
397.0,0.09,0,96,1.8
397.5,0.085,0,96,0.6000000000000001
398.0,0.085,0,96,0.0
398.5,0.09,0,96,0.0
399.0,0.09,0,96,0.0
399.5,0.087,0,97,0.0
400.0,0.09,0,97,0.0
400.5,0.089,0,96,0.0
401.0,0.09,0,97,0.0
401.5,0.09,0,97,0.0
402.0,0.093,0,98,0.0
402.5,0.089,0,98,0.0
403.0,0.092,0,97,0.0
403.5,0.09,0,98,0.0
404.0,0.092,0,99,0.6000000000000001
404.5,0.09,0,99,0.6000000000000001
405.0,0.092,0,100,0.6000000000000001
405.5,0.092,0,99,0.6000000000000001
406.0,0.093,0,99,0.6000000000000001
406.5,0.089,0,99,0.0
407.0,0.093,0,99,0.6000000000000001
407.5,0.089,0,99,0.6000000000000001
408.0,0.092,0,98,3.0
408.5,0.09,0,97,4.800000000000001
409.0,0.092,0,98,6.0
409.5,0.09,0,98,6.6000000000000005
410.0,0.09,0,98,6.6000000000000005
410.5,0.089,0,98,6.6000000000000005
411.0,0.09,0,98,6.0
411.5,0.089,0,98,6.0
412.0,0.087,0,98,6.0
412.5,0.092,0,98,6.0
413.0,0.087,0,98,6.6000000000000005
413.5,0.089,0,99,7.800000000000001
414.0,0.09,0,99,6.6000000000000005
414.5,0.087,0,99,9.600000000000001
415.0,0.087,0,99,9.600000000000001
415.5,0.092,0,99,9.600000000000001
416.0,0.09,0,100,9.600000000000001
416.5,0.087,0,99,7.800000000000001
417.0,0.089,0,99,6.0
417.5,0.09,0,99,6.6000000000000005
418.0,0.09,0,99,6.6000000000000005
418.5,0.09,0,99,6.6000000000000005
419.0,0.098,0,99,6.0
419.5,0.089,0,99,6.0
420.0,0.09,0,100,6.0
420.5,0.087,0,100,6.0
421.0,0.089,0,100,6.0
421.5,0.087,0,100,6.6000000000000005
422.0,0.092,0,100,5.4
422.5,0.087,0,99,3.6
423.0,0.087,0,100,3.0
423.5,0.085,0,100,2.4000000000000004
424.0,0.087,0,100,2.4000000000000004
424.5,0.084,0,100,1.8
425.0,0.09,0,99,1.8
425.5,0.085,0,99,1.8
426.0,0.085,0,98,1.8
426.5,0.085,0,98,1.8
427.0,0.089,0,98,2.4000000000000004
427.5,0.085,0,98,1.2000000000000002
428.0,0.085,0,97,0.0
428.5,0.084,0,97,0.0
429.0,0.084,0,97,0.0
429.5,0.084,0,98,0.0
430.0,0.087,0,98,0.0
430.5,0.084,0,98,0.0
431.0,0.084,0,98,0.0
431.5,0.085,0,98,0.0
432.0,0.084,0,98,0.0
432.5,0.084,0,98,0.0
433.0,0.085,0,99,0.0
433.5,0.081,0,99,0.0
434.0,0.082,0,100,0.0
434.5,0.084,0,100,0.6000000000000001
435.0,0.082,0,101,0.6000000000000001
435.5,0.084,0,101,0.6000000000000001
436.0,0.081,0,101,0.6000000000000001
436.5,0.081,0,100,0.6000000000000001
437.0,0.081,0,100,0.6000000000000001
437.5,0.081,0,100,0.0
438.0,0.079,0,100,1.2000000000000002
438.5,0.077,0,99,3.6
439.0,0.079,0,99,5.4
439.5,0.079,0,99,6.6000000000000005
440.0,0.079,0,100,6.6000000000000005
440.5,0.081,0,100,6.6000000000000005
441.0,0.077,0,100,6.0
441.5,0.081,0,100,6.0
442.0,0.076,0,100,6.0
442.5,0.077,0,100,6.0
443.0,0.079,0,100,6.0
443.5,0.079,0,100,6.6000000000000005
444.0,0.076,0,101,6.0
444.5,0.077,0,101,6.6000000000000005
445.0,0.076,0,101,9.600000000000001
445.5,0.076,0,101,9.600000000000001
446.0,0.076,0,101,9.600000000000001
446.5,0.076,0,102,9.600000000000001
447.0,0.074,0,101,7.800000000000001
447.5,0.076,0,101,9.0
448.0,0.073,0,101,9.0
448.5,0.076,0,101,9.600000000000001
449.0,0.074,0,102,7.2
449.5,0.076,0,101,6.0
450.0,0.074,0,101,6.0
450.5,0.076,0,101,6.0
451.0,0.074,0,101,6.0
451.5,0.074,0,102,5.4
452.0,0.073,0,102,5.4
452.5,0.074,0,102,5.4
453.0,0.073,0,102,5.4
453.5,0.074,0,102,5.4
454.0,0.073,0,102,6.0
454.5,0.073,0,102,4.800000000000001
455.0,0.073,0,102,3.6
455.5,0.076,0,102,2.4000000000000004
456.0,0.073,0,102,2.4000000000000004
456.5,0.074,0,102,1.8
457.0,0.071,0,102,1.8
457.5,0.071,0,101,1.8
458.0,0.071,0,101,1.8
458.5,0.074,0,100,1.8
459.0,0.071,0,100,1.8
459.5,0.076,0,99,1.8
460.0,0.071,0,99,1.2000000000000002
460.5,0.071,0,99,0.0
461.0,0.073,0,99,0.0
461.5,0.076,0,99,0.0
462.0,0.073,0,99,0.0
462.5,0.076,0,99,0.0
463.0,0.074,0,99,0.0
463.5,0.076,0,99,0.0
464.0,0.082,0,100,0.0
464.5,0.079,0,100,0.0
465.0,0.082,0,100,0.0
465.5,0.079,0,100,0.0
466.0,0.082,0,101,0.0
466.5,0.081,0,101,0.0
467.0,0.085,0,101,0.0
467.5,0.081,0,101,0.6000000000000001
468.0,0.085,0,101,0.0
468.5,0.084,0,100,0.0
469.0,0.087,0,100,0.0
469.5,0.085,0,100,0.6000000000000001
470.0,0.089,0,99,1.8
470.5,0.087,0,98,4.2
471.0,0.09,0,98,5.4
471.5,0.087,0,99,6.6000000000000005
472.0,0.09,0,99,6.6000000000000005
472.5,0.087,0,99,6.6000000000000005
473.0,0.09,0,99,6.0
473.5,0.092,0,98,6.0
474.0,0.093,0,98,5.4
474.5,0.092,0,98,6.0
475.0,0.095,0,98,6.0
475.5,0.092,0,98,6.6000000000000005
476.0,0.095,0,98,6.0
476.5,0.093,0,98,8.4
477.0,0.095,0,98,9.600000000000001
477.5,0.097,0,99,9.600000000000001
478.0,0.098,0,99,9.600000000000001
478.5,0.097,0,99,9.600000000000001
479.0,0.097,0,99,9.600000000000001
479.5,0.095,0,98,9.600000000000001
480.0,0.098,0,98,9.600000000000001
480.5,0.095,0,98,9.600000000000001
481.0,0.093,0,98,9.600000000000001
481.5,0.097,0,98,7.2
482.0,0.098,0,98,7.2
482.5,0.098,0,98,7.800000000000001
483.0,0.102,0,98,7.2
483.5,0.1,0,98,6.6000000000000005
484.0,0.098,0,99,6.6000000000000005
484.5,0.1,0,99,6.0
485.0,0.1,0,99,6.6000000000000005
485.5,0.1,0,99,6.6000000000000005
486.0,0.102,0,99,6.6000000000000005
486.5,0.102,0,99,6.6000000000000005
487.0,0.1,0,99,4.2
487.5,0.103,0,98,3.0
488.0,0.1,0,99,2.4000000000000004
488.5,0.1,0,99,2.4000000000000004
489.0,0.1,0,99,2.4000000000000004
489.5,0.102,0,98,1.8
490.0,0.098,0,97,1.8
490.5,0.102,0,97,1.8
491.0,0.098,0,97,1.8
491.5,0.098,0,96,2.4000000000000004
492.0,0.1,0,96,2.4000000000000004
492.5,0.105,0,96,1.2000000000000002
493.0,0.1,0,96,0.0
493.5,0.102,0,95,0.0
494.0,0.102,0,95,0.0
494.5,0.103,0,96,0.0
495.0,0.103,0,97,0.0
495.5,0.105,0,96,0.0
496.0,0.102,0,97,0.0
496.5,0.103,0,97,0.0
497.0,0.103,0,97,0.0
497.5,0.103,0,97,0.0
498.0,0.103,0,98,0.0
498.5,0.103,0,98,0.0
499.0,0.103,0,98,0.6000000000000001
499.5,0.102,0,99,0.6000000000000001
500.0,0.103,0,99,0.6000000000000001
500.5,0.105,0,99,0.6000000000000001
501.0,0.103,0,99,0.6000000000000001
501.5,0.105,0,99,0.6000000000000001
502.0,0.105,0,99,0.6000000000000001
502.5,0.103,0,99,0.6000000000000001
503.0,0.106,0,98,1.2000000000000002
503.5,0.103,0,97,4.2
504.0,0.106,0,97,5.4
504.5,0.105,0,98,7.2
505.0,0.106,0,98,9.0
505.5,0.105,0,98,8.4
506.0,0.106,0,98,7.2
506.5,0.106,0,98,6.6000000000000005
507.0,0.106,0,97,7.2
507.5,0.105,0,98,6.6000000000000005
508.0,0.105,0,98,6.6000000000000005
508.5,0.103,0,98,8.4
509.0,0.105,0,99,7.800000000000001
509.5,0.105,0,99,9.600000000000001
510.0,0.106,0,98,9.600000000000001
510.5,0.105,0,99,9.600000000000001
511.0,0.106,0,99,9.600000000000001
511.5,0.105,0,99,9.600000000000001
512.0,0.108,0,99,9.600000000000001
512.5,0.103,0,98,9.600000000000001
513.0,0.105,0,99,9.600000000000001
513.5,0.105,0,100,9.600000000000001
514.0,0.105,0,99,9.600000000000001
514.5,0.106,0,98,9.600000000000001
515.0,0.108,0,98,9.0
515.5,0.105,0,98,9.600000000000001
516.0,0.105,0,99,9.600000000000001
516.5,0.105,0,99,9.600000000000001
517.0,0.106,0,100,7.800000000000001
517.5,0.105,0,99,6.6000000000000005
518.0,0.103,0,100,6.6000000000000005
518.5,0.106,0,100,6.6000000000000005
519.0,0.105,0,100,6.6000000000000005
519.5,0.105,0,100,9.0
520.0,0.106,0,100,4.800000000000001
520.5,0.103,0,99,3.6
521.0,0.103,0,99,3.0
521.5,0.106,0,100,2.4000000000000004
522.0,0.103,0,100,2.4000000000000004
522.5,0.103,0,100,2.4000000000000004
523.0,0.105,0,99,1.8
523.5,0.102,0,99,1.8
524.0,0.1,0,98,1.8
524.5,0.105,0,98,2.4000000000000004
525.0,0.1,0,97,2.4000000000000004
525.5,0.102,0,98,1.2000000000000002
526.0,0.102,0,97,0.0
526.5,0.102,0,97,0.0
527.0,0.102,0,97,0.0
527.5,0.108,0,98,0.0
528.0,0.098,0,98,0.0
528.5,0.105,0,98,0.0
529.0,0.1,0,98,0.0
529.5,0.102,0,98,0.0
530.0,0.102,0,99,0.0
530.5,0.106,0,99,0.0
531.0,0.102,0,99,0.0
531.5,0.105,0,99,0.0
532.0,0.106,0,100,0.6000000000000001
532.5,0.106,0,100,0.6000000000000001
533.0,0.103,0,100,0.6000000000000001
533.5,0.11,0,100,0.6000000000000001
534.0,0.106,0,100,0.6000000000000001
534.5,0.108,0,100,0.6000000000000001
535.0,0.106,0,100,0.6000000000000001
535.5,0.108,0,99,0.6000000000000001
536.0,0.105,0,99,1.8
536.5,0.108,0,98,4.800000000000001
537.0,0.106,0,98,6.0
537.5,0.108,0,98,9.0
538.0,0.106,0,99,9.600000000000001
538.5,0.108,0,99,9.600000000000001
539.0,0.108,0,99,7.800000000000001
539.5,0.11,0,98,6.6000000000000005
540.0,0.11,0,98,6.6000000000000005
540.5,0.106,0,98,6.6000000000000005
541.0,0.108,0,98,7.800000000000001
541.5,0.108,0,98,9.600000000000001
542.0,0.108,0,99,7.800000000000001
542.5,0.111,0,99,9.600000000000001
543.0,0.111,0,98,9.600000000000001
543.5,0.111,0,99,9.600000000000001
544.0,0.114,0,99,9.600000000000001
544.5,0.113,0,98,9.600000000000001
545.0,0.113,0,98,9.600000000000001
545.5,0.114,0,99,9.600000000000001
546.0,0.114,0,99,9.600000000000001
546.5,0.114,0,99,9.600000000000001
547.0,0.118,0,98,9.600000000000001
547.5,0.118,0,97,9.600000000000001
548.0,0.118,0,98,9.600000000000001
548.5,0.118,0,97,9.600000000000001
549.0,0.121,0,98,9.600000000000001
549.5,0.119,0,98,9.600000000000001
550.0,0.122,0,98,9.600000000000001
550.5,0.121,0,98,9.600000000000001
551.0,0.124,0,99,9.600000000000001
551.5,0.122,0,99,9.600000000000001
552.0,0.126,0,99,9.600000000000001
552.5,0.124,0,99,9.600000000000001
553.0,0.131,0,98,5.4
553.5,0.126,0,97,3.6
554.0,0.129,0,98,3.0
554.5,0.126,0,98,3.0
555.0,0.127,0,98,2.4000000000000004
555.5,0.129,0,98,2.4000000000000004
556.0,0.129,0,97,2.4000000000000004
556.5,0.131,0,96,2.4000000000000004
557.0,0.129,0,96,2.4000000000000004
557.5,0.127,0,95,2.4000000000000004
558.0,0.132,0,95,2.4000000000000004
558.5,0.129,0,95,1.8
559.0,0.129,0,95,0.0
559.5,0.132,0,94,0.0
560.0,0.132,0,94,0.0
560.5,0.131,0,95,0.0
561.0,0.131,0,95,0.0
561.5,0.134,0,95,0.0
562.0,0.131,0,95,0.0
562.5,0.134,0,96,0.0
563.0,0.132,0,96,0.0
563.5,0.131,0,96,0.0
564.0,0.131,0,97,0.0
564.5,0.134,0,96,0.0
565.0,0.129,0,96,0.0
565.5,0.129,0,97,0.6000000000000001
566.0,0.129,0,98,0.6000000000000001
566.5,0.134,0,98,0.6000000000000001
567.0,0.127,0,98,0.6000000000000001
567.5,0.131,0,98,0.6000000000000001
568.0,0.127,0,98,0.6000000000000001
568.5,0.127,0,98,0.6000000000000001
569.0,0.129,0,98,1.2000000000000002
569.5,0.127,0,97,3.0
570.0,0.126,0,96,5.4
570.5,0.127,0,96,9.600000000000001
571.0,0.127,0,96,9.600000000000001
571.5,0.127,0,97,9.600000000000001
572.0,0.129,0,97,9.600000000000001
572.5,0.126,0,97,9.600000000000001
573.0,0.126,0,97,9.600000000000001
573.5,0.127,0,97,9.600000000000001
574.0,0.126,0,97,9.600000000000001
574.5,0.126,0,97,9.600000000000001
575.0,0.131,0,98,9.600000000000001
575.5,0.124,0,98,9.600000000000001
576.0,0.126,0,98,9.600000000000001
576.5,0.126,0,98,9.600000000000001
577.0,0.127,0,98,10.200000000000001
577.5,0.126,0,98,10.200000000000001
578.0,0.131,0,99,10.200000000000001
578.5,0.127,0,98,10.200000000000001
579.0,0.127,0,99,10.200000000000001
579.5,0.126,0,98,10.200000000000001
580.0,0.127,0,98,10.8
580.5,0.126,0,99,9.600000000000001
581.0,0.129,0,98,9.600000000000001
581.5,0.124,0,98,9.600000000000001
582.0,0.126,0,98,9.600000000000001
582.5,0.124,0,98,9.600000000000001
583.0,0.124,0,99,9.600000000000001
583.5,0.122,0,99,9.600000000000001
584.0,0.129,0,99,9.600000000000001
584.5,0.124,0,99,9.600000000000001
585.0,0.121,0,100,9.600000000000001
585.5,0.122,0,100,9.600000000000001
586.0,0.122,0,100,9.600000000000001
586.5,0.119,0,100,5.4
587.0,0.124,0,99,3.6
587.5,0.122,0,99,3.6
588.0,0.121,0,100,3.0
588.5,0.119,0,100,3.0
589.0,0.122,0,100,2.4000000000000004
589.5,0.118,0,99,2.4000000000000004
590.0,0.119,0,99,2.4000000000000004
590.5,0.122,0,98,2.4000000000000004
591.0,0.119,0,98,2.4000000000000004
591.5,0.118,0,98,2.4000000000000004
592.0,0.119,0,97,1.2000000000000002
592.5,0.119,0,97,0.0
593.0,0.119,0,97,0.0
593.5,0.121,0,97,0.0
594.0,0.119,0,97,0.0
594.5,0.121,0,98,0.0
595.0,0.119,0,98,0.0
595.5,0.121,0,98,0.0
596.0,0.121,0,98,0.0
596.5,0.122,0,98,0.0
597.0,0.118,0,99,0.0
597.5,0.122,0,99,0.0
598.0,0.119,0,99,0.0
598.5,0.121,0,100,0.6000000000000001
599.0,0.121,0,100,0.6000000000000001
599.5,0.124,0,101,0.6000000000000001
600.0,0.119,0,101,0.6000000000000001
600.5,0.122,0,101,0.6000000000000001
601.0,0.119,0,100,0.6000000000000001
601.5,0.119,0,100,0.6000000000000001
602.0,0.116,0,100,0.6000000000000001
602.5,0.119,0,99,3.6
603.0,0.114,0,98,5.4
603.5,0.116,0,98,9.0
604.0,0.116,0,99,9.600000000000001
604.5,0.116,0,99,9.600000000000001
605.0,0.113,0,100,9.600000000000001
605.5,0.116,0,100,9.600000000000001
606.0,0.114,0,99,9.600000000000001
606.5,0.116,0,99,9.600000000000001
607.0,0.111,0,99,9.600000000000001
607.5,0.113,0,99,9.600000000000001
608.0,0.111,0,100,9.600000000000001
608.5,0.113,0,100,9.600000000000001
609.0,0.111,0,101,9.600000000000001
609.5,0.113,0,100,9.600000000000001
610.0,0.113,0,99,10.200000000000001
610.5,0.11,0,100,9.600000000000001
611.0,0.11,0,101,9.600000000000001
611.5,0.111,0,100,9.600000000000001
612.0,0.111,0,100,9.600000000000001
612.5,0.111,0,101,9.600000000000001
613.0,0.111,0,100,10.200000000000001
613.5,0.11,0,100,9.600000000000001
614.0,0.111,0,100,9.600000000000001
614.5,0.113,0,100,9.600000000000001
615.0,0.11,0,100,9.600000000000001
615.5,0.111,0,100,9.600000000000001
616.0,0.11,0,101,9.600000000000001
616.5,0.108,0,101,9.600000000000001
617.0,0.11,0,101,9.600000000000001
617.5,0.113,0,101,9.600000000000001
618.0,0.11,0,101,9.600000000000001
618.5,0.111,0,101,9.600000000000001
619.0,0.108,0,101,6.0
619.5,0.11,0,100,4.2
620.0,0.108,0,100,3.6
620.5,0.11,0,101,3.0
621.0,0.11,0,101,2.4000000000000004
621.5,0.11,0,100,2.4000000000000004
622.0,0.106,0,100,2.4000000000000004
622.5,0.108,0,99,2.4000000000000004
623.0,0.106,0,99,2.4000000000000004
623.5,0.108,0,99,2.4000000000000004
624.0,0.106,0,98,2.4000000000000004
624.5,0.106,0,98,0.6000000000000001
625.0,0.105,0,97,0.0
625.5,0.106,0,97,0.0
626.0,0.106,0,97,0.0
626.5,0.103,0,98,0.0
627.0,0.106,0,99,0.0
627.5,0.108,0,99,0.0
628.0,0.106,0,99,0.0
628.5,0.105,0,99,0.0
629.0,0.105,0,100,0.0
629.5,0.105,0,100,0.0
630.0,0.108,0,100,0.0
630.5,0.106,0,100,0.0
631.0,0.108,0,101,0.6000000000000001
631.5,0.105,0,101,0.6000000000000001
632.0,0.106,0,102,0.6000000000000001
632.5,0.106,0,102,0.6000000000000001
633.0,0.108,0,101,0.6000000000000001
633.5,0.106,0,101,0.6000000000000001
634.0,0.108,0,101,0.6000000000000001
634.5,0.105,0,101,0.6000000000000001
635.0,0.106,0,100,2.4000000000000004
635.5,0.108,0,99,4.800000000000001
636.0,0.106,0,99,8.4
636.5,0.106,0,100,9.600000000000001
637.0,0.108,0,100,9.600000000000001
637.5,0.105,0,100,9.600000000000001
638.0,0.106,0,100,9.0
638.5,0.106,0,100,7.800000000000001
639.0,0.106,0,100,7.800000000000001
639.5,0.106,0,100,9.0
640.0,0.11,0,100,9.600000000000001
640.5,0.106,0,101,9.600000000000001
641.0,0.106,0,101,9.0
641.5,0.105,0,100,9.600000000000001
642.0,0.105,0,101,9.600000000000001
642.5,0.105,0,101,9.600000000000001
643.0,0.106,0,101,9.600000000000001
643.5,0.106,0,101,9.600000000000001
644.0,0.108,0,101,9.600000000000001
644.5,0.108,0,100,9.600000000000001
645.0,0.105,0,101,9.600000000000001
645.5,0.103,0,101,9.600000000000001
646.0,0.103,0,100,9.600000000000001
646.5,0.105,0,100,9.0
647.0,0.105,0,100,9.600000000000001
647.5,0.103,0,100,9.600000000000001
648.0,0.102,0,101,9.600000000000001
648.5,0.102,0,101,9.600000000000001
649.0,0.102,0,101,9.0
649.5,0.102,0,102,8.4
650.0,0.105,0,102,8.4
650.5,0.102,0,101,9.600000000000001
651.0,0.103,0,102,9.600000000000001
651.5,0.102,0,102,5.4
652.0,0.103,0,101,3.6
652.5,0.105,0,102,3.0
653.0,0.105,0,102,3.0
653.5,0.105,0,102,2.4000000000000004
654.0,0.105,0,102,2.4000000000000004
654.5,0.103,0,101,2.4000000000000004
655.0,0.105,0,100,2.4000000000000004
655.5,0.105,0,100,2.4000000000000004
656.0,0.105,0,99,2.4000000000000004
656.5,0.103,0,99,2.4000000000000004
657.0,0.103,0,99,1.2000000000000002
657.5,0.103,0,98,0.0
658.0,0.102,0,98,0.0
658.5,0.102,0,98,0.0
659.0,0.103,0,99,0.0
659.5,0.102,0,99,0.0
660.0,0.103,0,99,0.0
660.5,0.102,0,99,0.0
661.0,0.105,0,99,0.0
661.5,0.105,0,100,0.0
662.0,0.105,0,100,0.0
662.5,0.102,0,100,0.0
663.0,0.106,0,101,0.0
663.5,0.102,0,101,0.6000000000000001
664.0,0.105,0,101,0.6000000000000001
664.5,0.105,0,102,1.2000000000000002
665.0,0.106,0,102,0.6000000000000001
665.5,0.105,0,101,0.6000000000000001
666.0,0.108,0,101,0.6000000000000001
666.5,0.108,0,101,0.6000000000000001
667.0,0.108,0,101,0.6000000000000001
667.5,0.108,0,100,4.2
668.0,0.11,0,99,5.4
668.5,0.11,0,99,7.800000000000001
669.0,0.111,0,100,9.600000000000001
669.5,0.108,0,100,9.0
670.0,0.11,0,100,7.800000000000001
670.5,0.108,0,100,7.2
671.0,0.111,0,99,7.2
671.5,0.108,0,100,7.2
672.0,0.111,0,99,8.4
672.5,0.106,0,99,9.600000000000001
673.0,0.108,0,100,9.600000000000001
673.5,0.11,0,100,9.600000000000001
674.0,0.111,0,100,9.600000000000001
674.5,0.11,0,100,9.600000000000001
675.0,0.111,0,100,9.600000000000001
675.5,0.108,0,100,9.600000000000001
676.0,0.11,0,100,9.600000000000001
676.5,0.108,0,100,9.600000000000001
677.0,0.113,0,100,9.600000000000001
677.5,0.108,0,100,9.600000000000001
678.0,0.111,0,100,9.600000000000001
678.5,0.11,0,100,9.600000000000001
679.0,0.111,0,99,9.0
679.5,0.111,0,100,9.600000000000001
680.0,0.114,0,99,9.600000000000001
680.5,0.11,0,100,9.600000000000001
681.0,0.11,0,100,9.0
681.5,0.113,0,100,8.4
682.0,0.114,0,100,9.0
682.5,0.111,0,101,9.600000000000001
683.0,0.116,0,101,9.600000000000001
683.5,0.111,0,100,9.600000000000001
684.0,0.111,0,100,4.800000000000001
684.5,0.113,0,100,3.6
685.0,0.114,0,100,3.0
685.5,0.113,0,100,2.4000000000000004
686.0,0.116,0,100,2.4000000000000004
686.5,0.111,0,100,2.4000000000000004
687.0,0.111,0,99,2.4000000000000004
687.5,0.118,0,99,2.4000000000000004
688.0,0.118,0,98,2.4000000000000004
688.5,0.111,0,98,2.4000000000000004
689.0,0.113,0,97,1.8
689.5,0.114,0,97,0.6000000000000001
690.0,0.113,0,97,0.0
690.5,0.116,0,97,0.0
691.0,0.114,0,97,0.0
691.5,0.114,0,97,0.0
692.0,0.116,0,98,0.0
692.5,0.116,0,98,0.0
693.0,0.116,0,98,0.0
693.5,0.118,0,98,0.0
694.0,0.116,0,98,0.0
694.5,0.118,0,99,0.0
695.0,0.118,0,99,0.0
695.5,0.118,0,99,0.0
696.0,0.118,0,100,0.6000000000000001
696.5,0.121,0,100,0.6000000000000001
697.0,0.116,0,100,0.6000000000000001
697.5,0.118,0,100,0.6000000000000001
698.0,0.118,0,100,0.6000000000000001
698.5,0.118,0,100,0.6000000000000001
699.0,0.116,0,100,0.6000000000000001
699.5,0.118,0,99,0.6000000000000001
700.0,0.116,0,98,1.8
700.5,0.119,0,98,5.4
701.0,0.116,0,97,8.4
701.5,0.119,0,98,9.600000000000001
702.0,0.119,0,98,9.600000000000001
702.5,0.121,0,99,9.600000000000001
703.0,0.119,0,99,9.600000000000001
703.5,0.119,0,98,9.600000000000001
704.0,0.121,0,99,9.0
704.5,0.121,0,98,9.600000000000001
705.0,0.121,0,99,9.600000000000001
705.5,0.121,0,99,9.600000000000001
706.0,0.121,0,99,9.600000000000001
706.5,0.119,0,99,9.600000000000001
707.0,0.119,0,99,9.600000000000001
707.5,0.124,0,99,10.200000000000001
708.0,0.122,0,99,10.200000000000001
708.5,0.122,0,100,9.600000000000001
709.0,0.119,0,99,9.600000000000001
709.5,0.124,0,99,9.600000000000001
710.0,0.121,0,99,9.600000000000001
710.5,0.124,0,99,10.200000000000001
711.0,0.122,0,99,9.600000000000001
711.5,0.119,0,99,9.600000000000001
712.0,0.126,0,98,9.600000000000001
712.5,0.124,0,99,3.6
713.0,0.127,0,99,3.0
713.5,0.121,0,100,2.4000000000000004
714.0,0.124,0,99,2.4000000000000004
714.5,0.122,0,99,2.4000000000000004
715.0,0.121,0,99,2.4000000000000004
715.5,0.122,0,98,2.4000000000000004
716.0,0.124,0,98,2.4000000000000004
716.5,0.119,0,97,2.4000000000000004
717.0,0.121,0,97,1.8
717.5,0.119,0,97,0.6000000000000001
718.0,0.118,0,96,0.0
718.5,0.119,0,96,0.0
719.0,0.124,0,97,0.0
719.5,0.116,0,97,0.0
720.0,0.119,0,97,0.0
720.5,0.116,0,97,0.0
721.0,0.121,0,98,0.0
721.5,0.116,0,98,0.0
722.0,0.121,0,98,0.0
722.5,0.116,0,99,0.0
723.0,0.121,0,99,0.0
723.5,0.118,0,98,0.0
724.0,0.119,0,99,0.6000000000000001
724.5,0.116,0,100,0.6000000000000001
725.0,0.121,0,100,0.6000000000000001
725.5,0.119,0,100,0.6000000000000001
726.0,0.119,0,100,0.6000000000000001
726.5,0.118,0,100,0.6000000000000001
727.0,0.119,0,100,0.6000000000000001
727.5,0.116,0,100,0.6000000000000001
728.0,0.118,0,99,3.0
728.5,0.116,0,98,5.4
729.0,0.116,0,98,9.600000000000001
729.5,0.116,0,99,9.600000000000001
730.0,0.113,0,99,9.600000000000001
730.5,0.114,0,99,9.600000000000001
731.0,0.114,0,99,9.600000000000001
731.5,0.113,0,99,9.600000000000001
732.0,0.111,0,99,9.600000000000001
732.5,0.113,0,99,9.600000000000001
733.0,0.113,0,100,9.600000000000001
733.5,0.114,0,100,9.600000000000001
734.0,0.113,0,101,9.600000000000001
734.5,0.113,0,100,9.600000000000001
735.0,0.113,0,100,9.600000000000001
735.5,0.114,0,100,10.200000000000001
736.0,0.111,0,101,9.600000000000001
736.5,0.113,0,101,9.600000000000001
737.0,0.113,0,101,9.600000000000001
737.5,0.114,0,101,9.600000000000001
738.0,0.113,0,101,9.600000000000001
738.5,0.114,0,101,9.600000000000001
739.0,0.113,0,100,9.600000000000001
739.5,0.113,0,100,9.600000000000001
740.0,0.116,0,100,9.600000000000001
740.5,0.114,0,100,9.600000000000001
741.0,0.113,0,100,9.600000000000001
741.5,0.116,0,100,9.600000000000001
742.0,0.114,0,101,9.600000000000001
742.5,0.116,0,101,9.600000000000001
743.0,0.116,0,101,9.600000000000001
743.5,0.118,0,101,9.600000000000001
744.0,0.116,0,101,9.600000000000001
744.5,0.119,0,100,5.4
745.0,0.118,0,100,3.6
745.5,0.118,0,100,3.6
746.0,0.118,0,100,3.0
746.5,0.119,0,100,3.0
747.0,0.118,0,100,2.4000000000000004
747.5,0.119,0,99,2.4000000000000004
748.0,0.116,0,99,2.4000000000000004
748.5,0.118,0,98,2.4000000000000004
749.0,0.116,0,98,2.4000000000000004
749.5,0.121,0,98,3.0
750.0,0.118,0,98,1.2000000000000002
750.5,0.121,0,97,0.0
751.0,0.118,0,97,0.0
751.5,0.121,0,97,0.0
752.0,0.119,0,97,0.0
752.5,0.122,0,98,0.0
753.0,0.122,0,97,0.0
753.5,0.122,0,98,0.0
754.0,0.121,0,98,0.0
754.5,0.121,0,98,0.0
755.0,0.121,0,98,0.0
755.5,0.124,0,99,0.0
756.0,0.121,0,98,0.0
756.5,0.126,0,98,0.6000000000000001
757.0,0.124,0,99,0.6000000000000001
757.5,0.121,0,99,0.6000000000000001
758.0,0.119,0,100,0.6000000000000001
758.5,0.126,0,99,0.6000000000000001
759.0,0.122,0,99,0.6000000000000001
759.5,0.124,0,99,0.6000000000000001
760.0,0.122,0,98,1.8
760.5,0.121,0,97,4.2
761.0,0.124,0,97,7.800000000000001
761.5,0.126,0,97,9.600000000000001
762.0,0.126,0,98,9.600000000000001
762.5,0.126,0,98,9.600000000000001
763.0,0.122,0,98,9.600000000000001
763.5,0.127,0,98,9.600000000000001
764.0,0.124,0,98,9.600000000000001
764.5,0.126,0,98,9.600000000000001
765.0,0.126,0,98,9.600000000000001
765.5,0.129,0,99,9.600000000000001
766.0,0.126,0,99,9.600000000000001
766.5,0.127,0,99,9.600000000000001
767.0,0.126,0,99,9.600000000000001
767.5,0.126,0,98,10.8
768.0,0.124,0,99,10.8
768.5,0.126,0,99,10.8
769.0,0.122,0,99,10.200000000000001
769.5,0.127,0,99,10.200000000000001
770.0,0.122,0,99,10.200000000000001
770.5,0.124,0,99,10.8
771.0,0.122,0,99,10.8
771.5,0.124,0,99,9.600000000000001
772.0,0.122,0,98,9.600000000000001
772.5,0.126,0,98,9.600000000000001
773.0,0.121,0,98,9.600000000000001
773.5,0.126,0,98,9.600000000000001
774.0,0.122,0,99,9.600000000000001
774.5,0.127,0,99,9.600000000000001
775.0,0.124,0,100,9.600000000000001
775.5,0.122,0,100,9.600000000000001
776.0,0.126,0,100,9.600000000000001
776.5,0.126,0,100,9.600000000000001
777.0,0.126,0,100,6.0
777.5,0.131,0,99,4.800000000000001
778.0,0.122,0,99,3.6
778.5,0.124,0,100,3.0
779.0,0.126,0,100,3.0
779.5,0.126,0,100,3.0
780.0,0.126,0,99,2.4000000000000004
780.5,0.129,0,99,2.4000000000000004
781.0,0.124,0,98,3.0
781.5,0.122,0,98,3.0
782.0,0.126,0,97,3.0
782.5,0.126,0,97,1.8
783.0,0.127,0,97,0.0
783.5,0.126,0,96,0.0
784.0,0.129,0,96,0.0
784.5,0.127,0,97,0.0
785.0,0.127,0,97,0.0
785.5,0.127,0,97,0.0
786.0,0.129,0,97,0.0
786.5,0.129,0,97,0.0
787.0,0.129,0,98,0.0
787.5,0.127,0,98,0.0
788.0,0.132,0,98,0.0
788.5,0.129,0,97,0.0
789.0,0.131,0,98,0.6000000000000001
789.5,0.129,0,99,1.2000000000000002
790.0,0.131,0,99,1.2000000000000002
790.5,0.127,0,100,1.2000000000000002
791.0,0.132,0,99,1.2000000000000002
791.5,0.131,0,99,1.2000000000000002
792.0,0.132,0,99,0.6000000000000001
792.5,0.129,0,99,1.2000000000000002
793.0,0.132,0,99,1.8
793.5,0.127,0,97,5.4
794.0,0.131,0,97,7.2
794.5,0.131,0,97,9.600000000000001
795.0,0.131,0,98,9.600000000000001
795.5,0.127,0,98,9.600000000000001
796.0,0.131,0,98,9.600000000000001
796.5,0.131,0,98,9.600000000000001
797.0,0.129,0,98,9.600000000000001
797.5,0.129,0,98,9.600000000000001
798.0,0.131,0,98,9.600000000000001
798.5,0.129,0,98,9.600000000000001
799.0,0.131,0,99,9.600000000000001
799.5,0.131,0,99,9.600000000000001
800.0,0.129,0,99,10.200000000000001
800.5,0.129,0,98,10.8
801.0,0.131,0,99,11.4
801.5,0.131,0,99,10.8
802.0,0.129,0,99,10.8
802.5,0.129,0,99,10.8
803.0,0.129,0,99,10.8
803.5,0.129,0,99,11.4
804.0,0.129,0,99,12.0
804.5,0.131,0,99,9.600000000000001
805.0,0.129,0,98,9.600000000000001
805.5,0.129,0,98,9.600000000000001
806.0,0.129,0,99,9.600000000000001
806.5,0.131,0,99,9.600000000000001
807.0,0.127,0,100,9.600000000000001
807.5,0.131,0,100,9.600000000000001
808.0,0.126,0,100,9.600000000000001
808.5,0.129,0,100,9.600000000000001
809.0,0.129,0,101,9.600000000000001
809.5,0.131,0,100,9.600000000000001
810.0,0.127,0,100,6.6000000000000005
810.5,0.132,0,100,4.800000000000001
811.0,0.127,0,99,3.6
811.5,0.127,0,100,3.0
812.0,0.129,0,100,3.0
812.5,0.134,0,100,3.0
813.0,0.131,0,99,2.4000000000000004
813.5,0.131,0,99,2.4000000000000004
814.0,0.127,0,98,2.4000000000000004
814.5,0.129,0,98,3.0
815.0,0.129,0,98,2.4000000000000004
815.5,0.135,0,97,1.2000000000000002
816.0,0.126,0,97,0.0
816.5,0.129,0,96,0.0
817.0,0.131,0,96,0.0
817.5,0.131,0,97,0.0
818.0,0.132,0,98,0.0
818.5,0.134,0,97,0.0
819.0,0.129,0,98,0.0
819.5,0.129,0,98,0.0
820.0,0.132,0,98,0.0
820.5,0.132,0,99,0.0
821.0,0.129,0,100,0.0
821.5,0.129,0,98,0.0
822.0,0.131,0,99,0.6000000000000001
822.5,0.129,0,100,0.6000000000000001
823.0,0.131,0,100,1.2000000000000002
823.5,0.132,0,100,1.2000000000000002
824.0,0.127,0,100,0.6000000000000001
824.5,0.131,0,100,0.6000000000000001
825.0,0.134,0,100,0.6000000000000001
825.5,0.131,0,100,0.6000000000000001
826.0,0.134,0,99,1.8
826.5,0.132,0,98,5.4
827.0,0.132,0,98,9.600000000000001
827.5,0.132,0,98,9.600000000000001
828.0,0.134,0,99,9.600000000000001
828.5,0.131,0,99,9.600000000000001
829.0,0.134,0,99,9.600000000000001
829.5,0.132,0,99,9.600000000000001
830.0,0.132,0,99,9.600000000000001
830.5,0.132,0,99,9.600000000000001
831.0,0.132,0,99,9.600000000000001
831.5,0.129,0,100,9.600000000000001
832.0,0.134,0,100,9.600000000000001
832.5,0.129,0,100,9.600000000000001
833.0,0.131,0,100,10.200000000000001
833.5,0.129,0,100,10.8
834.0,0.131,0,100,10.8
834.5,0.131,0,100,10.8
835.0,0.134,0,100,10.8
835.5,0.129,0,100,10.8
836.0,0.134,0,100,10.8
836.5,0.132,0,100,11.4
837.0,0.131,0,100,9.600000000000001
837.5,0.131,0,99,9.600000000000001
838.0,0.139,0,99,9.600000000000001
838.5,0.132,0,99,9.600000000000001
839.0,0.135,0,99,9.600000000000001
839.5,0.134,0,100,9.600000000000001
840.0,0.134,0,100,9.600000000000001
840.5,0.137,0,100,9.600000000000001
841.0,0.139,0,100,9.600000000000001
841.5,0.134,0,100,9.600000000000001
842.0,0.135,0,100,9.600000000000001
842.5,0.135,0,100,9.600000000000001
843.0,0.132,0,100,4.800000000000001
843.5,0.134,0,99,3.6
844.0,0.137,0,99,3.6
844.5,0.131,0,100,3.0
845.0,0.132,0,100,3.0
845.5,0.132,0,99,3.0
846.0,0.132,0,99,2.4000000000000004
846.5,0.132,0,99,3.0
847.0,0.131,0,98,3.0
847.5,0.127,0,98,3.0
848.0,0.131,0,98,2.4000000000000004
848.5,0.131,0,97,0.6000000000000001
849.0,0.132,0,97,0.0
849.5,0.132,0,97,0.0
850.0,0.129,0,97,0.0
850.5,0.127,0,98,0.0
851.0,0.132,0,98,0.0
851.5,0.129,0,98,0.0
852.0,0.129,0,98,0.0
852.5,0.131,0,98,0.0
853.0,0.131,0,99,0.0
853.5,0.131,0,99,0.0
854.0,0.131,0,98,0.0
854.5,0.131,0,98,0.6000000000000001
855.0,0.132,0,99,0.6000000000000001
855.5,0.131,0,100,0.6000000000000001
856.0,0.132,0,100,0.6000000000000001
856.5,0.134,0,100,1.2000000000000002
857.0,0.134,0,100,1.2000000000000002
857.5,0.134,0,100,0.6000000000000001
858.0,0.134,0,100,0.6000000000000001
858.5,0.134,0,100,1.8
859.0,0.132,0,98,3.6
859.5,0.135,0,97,6.0
860.0,0.134,0,98,9.600000000000001
860.5,0.137,0,98,9.600000000000001
861.0,0.135,0,99,9.600000000000001
861.5,0.137,0,99,9.600000000000001
862.0,0.137,0,99,9.600000000000001
862.5,0.139,0,98,9.600000000000001
863.0,0.135,0,99,9.600000000000001
863.5,0.139,0,98,9.600000000000001
864.0,0.139,0,99,9.600000000000001
864.5,0.14,0,99,9.600000000000001
865.0,0.137,0,100,9.600000000000001
865.5,0.142,0,99,9.600000000000001
866.0,0.139,0,99,10.8
866.5,0.139,0,99,11.4
867.0,0.139,0,99,11.4
867.5,0.14,0,99,11.4
868.0,0.135,0,99,11.4
868.5,0.14,0,99,10.8
869.0,0.135,0,99,11.4
869.5,0.14,0,100,12.0
870.0,0.134,0,99,10.200000000000001
870.5,0.137,0,98,9.600000000000001
871.0,0.135,0,99,9.600000000000001
871.5,0.143,0,98,9.600000000000001
872.0,0.135,0,99,9.600000000000001
872.5,0.139,0,99,9.600000000000001
873.0,0.139,0,99,9.600000000000001
873.5,0.14,0,100,9.600000000000001
874.0,0.139,0,100,9.600000000000001
874.5,0.145,0,100,9.600000000000001
875.0,0.139,0,100,9.600000000000001
875.5,0.14,0,100,9.600000000000001
876.0,0.142,0,99,5.4
876.5,0.142,0,99,4.2
877.0,0.142,0,99,3.6
877.5,0.145,0,100,3.0
878.0,0.142,0,99,3.0
878.5,0.142,0,99,3.0
879.0,0.147,0,98,3.0
879.5,0.145,0,98,3.0
880.0,0.142,0,98,3.0
880.5,0.142,0,97,3.0
881.0,0.145,0,97,2.4000000000000004
881.5,0.14,0,96,0.6000000000000001
882.0,0.145,0,96,0.0
882.5,0.143,0,96,0.0
883.0,0.14,0,96,0.0
883.5,0.142,0,97,0.0
884.0,0.147,0,97,0.0
884.5,0.142,0,97,0.0
885.0,0.147,0,98,0.0
885.5,0.14,0,98,0.0
886.0,0.143,0,98,0.0
886.5,0.14,0,99,0.0
887.0,0.147,0,98,0.0
887.5,0.14,0,99,0.6000000000000001
888.0,0.145,0,99,1.2000000000000002
888.5,0.142,0,99,1.2000000000000002
889.0,0.143,0,100,1.2000000000000002
889.5,0.142,0,100,1.2000000000000002
890.0,0.145,0,100,1.2000000000000002
890.5,0.142,0,100,1.2000000000000002
891.0,0.145,0,100,1.2000000000000002
891.5,0.143,0,99,1.2000000000000002
892.0,0.143,0,98,5.4
892.5,0.143,0,97,7.800000000000001
893.0,0.143,0,98,9.600000000000001
893.5,0.145,0,98,9.600000000000001
894.0,0.145,0,99,9.600000000000001
894.5,0.145,0,99,9.600000000000001
895.0,0.145,0,99,9.600000000000001
895.5,0.145,0,99,9.600000000000001
896.0,0.147,0,99,9.600000000000001
896.5,0.145,0,99,9.600000000000001
897.0,0.15,0,99,9.600000000000001
897.5,0.147,0,99,9.600000000000001
898.0,0.147,0,100,9.600000000000001
898.5,0.148,0,99,12.0
899.0,0.15,0,100,12.0
899.5,0.148,0,99,11.4
900.0,0.15,0,100,11.4
900.5,0.153,0,99,11.4
901.0,0.15,0,99,12.0
901.5,0.15,0,99,12.600000000000001
902.0,0.15,0,99,10.200000000000001
902.5,0.148,0,98,9.600000000000001
903.0,0.151,0,98,9.600000000000001
903.5,0.155,0,98,9.600000000000001
904.0,0.153,0,98,9.600000000000001
904.5,0.151,0,99,9.600000000000001
905.0,0.153,0,99,9.600000000000001
905.5,0.155,0,99,9.600000000000001
906.0,0.153,0,100,9.600000000000001
906.5,0.156,0,100,9.600000000000001
907.0,0.151,0,100,10.200000000000001
907.5,0.155,0,99,9.600000000000001
908.0,0.155,0,99,5.4
908.5,0.156,0,99,4.2
909.0,0.153,0,99,3.6
909.5,0.16,0,99,3.6
910.0,0.15,0,99,3.0
910.5,0.155,0,98,3.0
911.0,0.155,0,98,3.0
911.5,0.156,0,98,3.0
912.0,0.153,0,97,3.0
912.5,0.155,0,97,3.6
913.0,0.151,0,97,1.8
913.5,0.156,0,96,0.6000000000000001
914.0,0.153,0,96,0.0
914.5,0.155,0,95,0.0
915.0,0.15,0,96,0.0
915.5,0.15,0,97,0.0
916.0,0.153,0,97,0.0
916.5,0.155,0,97,0.0
917.0,0.153,0,98,0.0
917.5,0.153,0,98,0.0
918.0,0.153,0,98,0.0
918.5,0.15,0,99,0.0
919.0,0.153,0,98,0.0
919.5,0.151,0,97,0.6000000000000001
920.0,0.153,0,99,0.6000000000000001
920.5,0.153,0,99,1.2000000000000002
921.0,0.153,0,99,1.2000000000000002
921.5,0.15,0,99,0.6000000000000001
922.0,0.155,0,99,1.2000000000000002
922.5,0.15,0,99,0.6000000000000001
923.0,0.151,0,99,0.6000000000000001
923.5,0.151,0,99,1.2000000000000002
924.0,0.151,0,98,5.4
924.5,0.15,0,97,9.600000000000001
925.0,0.151,0,97,9.600000000000001
925.5,0.153,0,98,10.200000000000001
926.0,0.151,0,99,10.200000000000001
926.5,0.153,0,99,9.600000000000001
927.0,0.153,0,99,9.600000000000001
927.5,0.15,0,99,9.600000000000001
928.0,0.151,0,99,9.600000000000001
928.5,0.15,0,99,9.600000000000001
929.0,0.15,0,99,9.600000000000001
929.5,0.15,0,100,10.200000000000001
930.0,0.15,0,99,9.600000000000001
930.5,0.148,0,99,10.8
931.0,0.15,0,99,11.4
931.5,0.147,0,99,12.600000000000001
932.0,0.143,0,99,12.600000000000001
932.5,0.143,0,100,12.0
933.0,0.15,0,99,12.0
933.5,0.147,0,100,12.0
934.0,0.143,0,100,12.0
934.5,0.145,0,100,12.600000000000001
935.0,0.143,0,100,10.200000000000001
935.5,0.14,0,99,9.600000000000001
936.0,0.145,0,99,9.600000000000001
936.5,0.143,0,99,9.600000000000001
937.0,0.14,0,100,9.600000000000001
937.5,0.139,0,101,9.600000000000001
938.0,0.14,0,101,9.600000000000001
938.5,0.14,0,101,9.600000000000001
939.0,0.143,0,102,9.600000000000001
939.5,0.14,0,102,9.600000000000001
940.0,0.137,0,102,9.600000000000001
940.5,0.137,0,101,7.2
941.0,0.137,0,101,4.800000000000001
941.5,0.135,0,101,3.6
942.0,0.139,0,102,3.0
942.5,0.135,0,102,3.0
943.0,0.134,0,101,3.0
943.5,0.131,0,101,3.0
944.0,0.135,0,101,3.0
944.5,0.132,0,100,3.0
945.0,0.135,0,100,3.0
945.5,0.134,0,100,2.4000000000000004
946.0,0.142,0,99,0.0
946.5,0.142,0,99,0.0
947.0,0.143,0,100,0.0
947.5,0.143,0,100,0.0
948.0,0.143,0,99,0.6000000000000001
948.5,0.143,0,100,0.6000000000000001
949.0,0.148,0,100,1.2000000000000002
949.5,0.147,0,100,1.2000000000000002
950.0,0.147,0,100,1.2000000000000002
950.5,0.147,0,100,0.6000000000000001
951.0,0.145,0,100,1.2000000000000002
951.5,0.143,0,100,0.6000000000000001
952.0,0.147,0,100,1.2000000000000002
952.5,0.147,0,99,3.6
953.0,0.143,0,97,6.6000000000000005
953.5,0.145,0,98,9.600000000000001
954.0,0.145,0,98,9.600000000000001
954.5,0.147,0,99,9.600000000000001
955.0,0.145,0,99,9.600000000000001
955.5,0.15,0,99,9.600000000000001
956.0,0.148,0,98,9.600000000000001
956.5,0.15,0,99,9.600000000000001
957.0,0.148,0,99,9.600000000000001
957.5,0.148,0,99,9.600000000000001
958.0,0.148,0,100,10.200000000000001
958.5,0.153,0,99,9.600000000000001
959.0,0.147,0,99,10.200000000000001
959.5,0.15,0,99,11.4
960.0,0.151,0,99,12.0
960.5,0.151,0,99,12.0
961.0,0.147,0,100,12.0
961.5,0.153,0,100,12.0
962.0,0.148,0,99,12.0
962.5,0.148,0,100,12.0
963.0,0.148,0,100,12.600000000000001
963.5,0.15,0,100,10.200000000000001
964.0,0.15,0,98,9.600000000000001
964.5,0.155,0,99,9.600000000000001
965.0,0.147,0,98,10.200000000000001
965.5,0.153,0,98,10.200000000000001
966.0,0.15,0,99,9.600000000000001
966.5,0.155,0,100,9.600000000000001
967.0,0.151,0,100,9.600000000000001
967.5,0.153,0,100,9.600000000000001
968.0,0.15,0,100,9.600000000000001
968.5,0.151,0,100,10.200000000000001
969.0,0.153,0,101,8.4
969.5,0.156,0,100,5.4
970.0,0.153,0,99,4.2
970.5,0.151,0,100,3.6
971.0,0.153,0,100,3.6
971.5,0.151,0,100,3.0
972.0,0.153,0,99,3.0
972.5,0.155,0,99,3.0
973.0,0.15,0,99,3.0
973.5,0.15,0,98,3.0
974.0,0.153,0,98,3.0
974.5,0.151,0,98,2.4000000000000004
975.0,0.151,0,97,0.0
975.5,0.153,0,96,0.0
976.0,0.148,0,97,0.0
976.5,0.15,0,97,0.0
977.0,0.155,0,97,0.0
977.5,0.153,0,98,0.0
978.0,0.15,0,98,0.0
978.5,0.151,0,98,0.0
979.0,0.153,0,99,0.0
979.5,0.151,0,100,0.0
980.0,0.158,0,99,0.0
980.5,0.153,0,99,0.0
981.0,0.153,0,99,0.6000000000000001
981.5,0.153,0,100,1.2000000000000002
982.0,0.155,0,100,1.2000000000000002
982.5,0.156,0,101,1.2000000000000002
983.0,0.16,0,100,1.2000000000000002
983.5,0.155,0,100,1.2000000000000002
984.0,0.155,0,100,1.2000000000000002
984.5,0.155,0,100,0.6000000000000001
985.0,0.156,0,99,2.4000000000000004
985.5,0.155,0,98,4.800000000000001
986.0,0.16,0,97,9.600000000000001
986.5,0.155,0,98,9.600000000000001
987.0,0.156,0,98,9.600000000000001
987.5,0.153,0,99,10.200000000000001
988.0,0.158,0,99,10.200000000000001
988.5,0.153,0,99,9.600000000000001
989.0,0.161,0,99,9.600000000000001
989.5,0.156,0,99,9.600000000000001
990.0,0.158,0,99,9.600000000000001
990.5,0.156,0,99,10.200000000000001
991.0,0.158,0,100,9.600000000000001
991.5,0.155,0,100,10.200000000000001
992.0,0.163,0,99,10.8
992.5,0.155,0,99,12.0
993.0,0.158,0,99,12.0
993.5,0.155,0,100,12.600000000000001
994.0,0.158,0,100,12.0
994.5,0.155,0,100,12.0
995.0,0.158,0,100,12.0
995.5,0.156,0,100,12.600000000000001
996.0,0.155,0,100,12.600000000000001
996.5,0.153,0,99,10.200000000000001
997.0,0.158,0,98,9.600000000000001
997.5,0.156,0,98,10.200000000000001
998.0,0.158,0,99,10.200000000000001
998.5,0.156,0,99,10.200000000000001
999.0,0.156,0,99,9.600000000000001
999.5,0.156,0,100,9.600000000000001
1000.0,0.16,0,100,9.600000000000001
1000.5,0.156,0,100,9.600000000000001
1001.0,0.16,0,100,10.200000000000001
1001.5,0.155,0,100,10.200000000000001
1002.0,0.16,0,100,7.800000000000001
1002.5,0.158,0,99,4.800000000000001
1003.0,0.158,0,99,4.2
1003.5,0.155,0,100,3.6
1004.0,0.158,0,100,3.6
1004.5,0.155,0,99,3.6
1005.0,0.156,0,99,3.0
1005.5,0.16,0,99,3.0
1006.0,0.158,0,98,3.0
1006.5,0.158,0,98,3.0
1007.0,0.16,0,98,3.0
1007.5,0.16,0,97,1.8
1008.0,0.16,0,96,0.0
1008.5,0.161,0,96,0.0
1009.0,0.156,0,96,0.0
1009.5,0.161,0,97,0.0
1010.0,0.16,0,98,0.0
1010.5,0.161,0,98,0.0
1011.0,0.16,0,99,0.0
1011.5,0.161,0,98,0.0
1012.0,0.156,0,98,0.0
1012.5,0.158,0,100,0.0
1013.0,0.156,0,100,0.0
1013.5,0.158,0,99,0.0
1014.0,0.155,0,100,1.2000000000000002
1014.5,0.155,0,100,1.2000000000000002
1015.0,0.153,0,100,1.2000000000000002
1015.5,0.156,0,101,1.2000000000000002
1016.0,0.151,0,100,1.2000000000000002
1016.5,0.151,0,100,1.2000000000000002
1017.0,0.153,0,100,1.2000000000000002
1017.5,0.156,0,100,1.2000000000000002
1018.0,0.151,0,99,3.0
1018.5,0.155,0,98,7.2
1019.0,0.151,0,98,9.600000000000001
1019.5,0.153,0,99,9.600000000000001
1020.0,0.151,0,100,10.200000000000001
1020.5,0.155,0,100,10.200000000000001
1021.0,0.15,0,100,9.600000000000001
1021.5,0.153,0,100,9.600000000000001
1022.0,0.148,0,100,9.600000000000001
1022.5,0.151,0,100,9.600000000000001
1023.0,0.15,0,100,9.600000000000001
1023.5,0.153,0,101,10.200000000000001
1024.0,0.145,0,101,9.600000000000001
1024.5,0.15,0,101,10.200000000000001
1025.0,0.143,0,101,11.4
1025.5,0.148,0,100,12.0
1026.0,0.147,0,101,12.0
1026.5,0.151,0,101,11.4
1027.0,0.143,0,101,11.4
1027.5,0.145,0,101,11.4
1028.0,0.143,0,102,11.4
1028.5,0.148,0,101,12.0
1029.0,0.145,0,101,10.200000000000001
1029.5,0.151,0,100,9.600000000000001
1030.0,0.142,0,100,9.600000000000001
1030.5,0.143,0,101,9.600000000000001
1031.0,0.142,0,101,9.600000000000001
1031.5,0.145,0,101,9.600000000000001
1032.0,0.142,0,102,9.600000000000001
1032.5,0.15,0,102,9.600000000000001
1033.0,0.14,0,102,9.600000000000001
1033.5,0.145,0,103,9.600000000000001
1034.0,0.142,0,102,9.600000000000001
1034.5,0.145,0,102,6.0
1035.0,0.145,0,102,4.2
1035.5,0.145,0,102,3.6
1036.0,0.14,0,102,3.6
1036.5,0.143,0,102,3.0
1037.0,0.139,0,102,3.0
1037.5,0.143,0,101,3.0
1038.0,0.14,0,101,3.0
1038.5,0.145,0,100,2.4000000000000004
1039.0,0.14,0,100,3.0
1039.5,0.143,0,100,3.0
1040.0,0.142,0,100,0.6000000000000001
1040.5,0.145,0,99,0.0
1041.0,0.143,0,99,0.0
1041.5,0.147,0,100,4.2
1042.0,0.147,0,99,7.2
1042.5,0.148,0,100,9.600000000000001
1043.0,0.145,0,100,9.600000000000001
1043.5,0.147,0,100,9.600000000000001
1044.0,0.15,0,100,9.600000000000001
1044.5,0.151,0,100,9.600000000000001
1045.0,0.15,0,100,9.600000000000001
1045.5,0.153,0,100,9.600000000000001
1046.0,0.148,0,100,9.600000000000001
1046.5,0.148,0,100,9.600000000000001
1047.0,0.148,0,101,9.600000000000001
1047.5,0.151,0,100,9.600000000000001
1048.0,0.151,0,100,10.200000000000001
1048.5,0.153,0,100,11.4
1049.0,0.151,0,100,11.4
1049.5,0.151,0,100,11.4
1050.0,0.151,0,101,11.4
1050.5,0.153,0,101,11.4
1051.0,0.151,0,100,11.4
1051.5,0.151,0,101,12.0
1052.0,0.151,0,100,11.4
1052.5,0.151,0,99,9.600000000000001
1053.0,0.151,0,100,9.600000000000001
1053.5,0.158,0,99,9.600000000000001
1054.0,0.153,0,99,9.600000000000001
1054.5,0.151,0,100,9.600000000000001
1055.0,0.15,0,100,9.600000000000001
1055.5,0.155,0,100,9.600000000000001
1056.0,0.153,0,101,9.600000000000001
1056.5,0.158,0,101,9.600000000000001
1057.0,0.155,0,101,9.600000000000001
1057.5,0.153,0,101,9.600000000000001
1058.0,0.153,0,100,6.0
1058.5,0.158,0,100,4.800000000000001
1059.0,0.155,0,100,3.6
1059.5,0.158,0,100,3.0
1060.0,0.156,0,100,3.0
1060.5,0.153,0,100,3.0
1061.0,0.153,0,99,3.0
1061.5,0.158,0,99,3.0
1062.0,0.156,0,98,3.0
1062.5,0.16,0,98,3.0
1063.0,0.158,0,98,2.4000000000000004
1063.5,0.155,0,97,1.2000000000000002
1064.0,0.16,0,96,0.0
1064.5,0.163,0,96,0.0
1065.0,0.16,0,96,0.0
1065.5,0.161,0,97,0.0
1066.0,0.16,0,97,0.0
1066.5,0.16,0,97,0.0
1067.0,0.166,0,98,0.0
1067.5,0.161,0,98,0.0
1068.0,0.166,0,98,0.0
1068.5,0.161,0,98,0.0
1069.0,0.161,0,98,0.0
1069.5,0.161,0,98,0.6000000000000001
1070.0,0.166,0,99,1.2000000000000002
1070.5,0.161,0,99,1.2000000000000002
1071.0,0.166,0,100,1.2000000000000002
1071.5,0.16,0,100,1.2000000000000002
1072.0,0.161,0,100,1.2000000000000002
1072.5,0.161,0,100,1.2000000000000002
1073.0,0.164,0,100,1.2000000000000002
1073.5,0.164,0,100,1.2000000000000002
1074.0,0.164,0,98,4.2
1074.5,0.161,0,97,6.0
1075.0,0.161,0,97,9.600000000000001
1075.5,0.163,0,98,9.600000000000001
1076.0,0.166,0,98,10.200000000000001
1076.5,0.166,0,98,10.200000000000001
1077.0,0.166,0,98,9.600000000000001
1077.5,0.161,0,98,9.600000000000001
1078.0,0.166,0,99,9.600000000000001
1078.5,0.166,0,99,9.600000000000001
1079.0,0.168,0,99,9.600000000000001
1079.5,0.161,0,99,10.200000000000001
1080.0,0.168,0,99,9.600000000000001
1080.5,0.168,0,99,10.200000000000001
1081.0,0.166,0,98,11.4
1081.5,0.166,0,99,12.0
1082.0,0.168,0,99,12.600000000000001
1082.5,0.161,0,99,12.0
1083.0,0.161,0,99,12.0
1083.5,0.169,0,99,12.0
1084.0,0.169,0,100,12.0
1084.5,0.169,0,100,12.600000000000001
1085.0,0.166,0,100,12.0
1085.5,0.161,0,98,9.600000000000001
1086.0,0.161,0,99,9.600000000000001
1086.5,0.166,0,98,10.200000000000001
1087.0,0.166,0,98,10.200000000000001
1087.5,0.161,0,100,10.200000000000001
1088.0,0.164,0,99,9.600000000000001
1088.5,0.166,0,100,9.600000000000001
1089.0,0.161,0,100,9.600000000000001
1089.5,0.168,0,101,9.600000000000001
1090.0,0.161,0,101,10.200000000000001
1090.5,0.168,0,100,9.600000000000001
1091.0,0.161,0,100,5.4
1091.5,0.166,0,99,4.2
1092.0,0.166,0,100,4.2
1092.5,0.166,0,100,3.6
1093.0,0.166,0,100,3.6
1093.5,0.166,0,99,3.0
1094.0,0.164,0,99,3.0
1094.5,0.166,0,99,3.0
1095.0,0.166,0,98,3.0
1095.5,0.166,0,98,3.6
1096.0,0.161,0,98,2.4000000000000004
1096.5,0.161,0,97,0.6000000000000001
1097.0,0.168,0,96,0.0
1097.5,0.168,0,96,0.0
1098.0,0.168,0,97,0.0
1098.5,0.168,0,97,0.0
1099.0,0.161,0,97,0.0
1099.5,0.169,0,98,0.0
1100.0,0.169,0,98,0.0
1100.5,0.168,0,98,0.0
1101.0,0.168,0,99,0.0
1101.5,0.168,0,99,0.0
1102.0,0.168,0,98,0.0
1102.5,0.168,0,99,0.6000000000000001
1103.0,0.168,0,99,1.2000000000000002
1103.5,0.168,0,99,1.2000000000000002
1104.0,0.169,0,100,1.2000000000000002
1104.5,0.169,0,100,1.2000000000000002
1105.0,0.169,0,100,1.2000000000000002
1105.5,0.168,0,100,1.2000000000000002
1106.0,0.168,0,100,1.2000000000000002
1106.5,0.168,0,100,1.8
1107.0,0.169,0,98,4.800000000000001
1107.5,0.169,0,97,9.600000000000001
1108.0,0.171,0,98,9.600000000000001
1108.5,0.171,0,98,10.200000000000001
1109.0,0.171,0,99,10.200000000000001
1109.5,0.172,0,99,10.200000000000001
1110.0,0.172,0,99,9.600000000000001
1110.5,0.172,0,99,9.600000000000001
1111.0,0.174,0,99,9.600000000000001
1111.5,0.174,0,99,9.600000000000001
1112.0,0.174,0,99,10.200000000000001
1112.5,0.174,0,99,10.200000000000001
1113.0,0.174,0,99,9.600000000000001
1113.5,0.174,0,99,11.4
1114.0,0.18,0,99,12.600000000000001
1114.5,0.18,0,99,12.600000000000001
1115.0,0.18,0,99,12.600000000000001
1115.5,0.177,0,99,12.600000000000001
1116.0,0.176,0,99,12.600000000000001
1116.5,0.176,0,99,12.600000000000001
1117.0,0.18,0,99,12.600000000000001
1117.5,0.18,0,99,13.200000000000001
1118.0,0.18,0,99,10.8
1118.5,0.177,0,98,10.200000000000001
1119.0,0.176,0,97,10.200000000000001
1119.5,0.176,0,97,10.8
1120.0,0.18,0,97,10.8
1120.5,0.18,0,98,10.8
1121.0,0.18,0,98,10.200000000000001
1121.5,0.18,0,99,10.200000000000001
1122.0,0.179,0,98,10.200000000000001
1122.5,0.179,0,99,10.8
1123.0,0.184,0,100,10.8
1123.5,0.184,0,99,9.600000000000001
1124.0,0.184,0,99,5.4
1124.5,0.182,0,97,4.2
1125.0,0.184,0,98,4.2
1125.5,0.184,0,98,3.6
1126.0,0.187,0,98,3.6
1126.5,0.189,0,97,3.6
1127.0,0.189,0,97,3.6
1127.5,0.189,0,97,3.6
1128.0,0.189,0,96,3.6
1128.5,0.189,0,96,3.6
1129.0,0.189,0,96,3.0
1129.5,0.195,0,95,0.6000000000000001
1130.0,0.195,0,94,0.0
1130.5,0.195,0,94,0.0
1131.0,0.192,0,94,0.0
1131.5,0.192,0,94,0.0
1132.0,0.193,0,95,0.0
1132.5,0.198,0,95,0.0
1133.0,0.198,0,95,0.0
1133.5,0.198,0,96,0.0
1134.0,0.195,0,96,0.0
1134.5,0.197,0,97,0.0
1135.0,0.197,0,96,0.0
1135.5,0.197,0,95,0.6000000000000001
1136.0,0.2,0,96,1.2000000000000002
1136.5,0.2,0,96,1.2000000000000002
1137.0,0.2,0,97,1.8
1137.5,0.197,0,97,1.8
1138.0,0.197,0,97,1.8
1138.5,0.197,0,97,1.2000000000000002
1139.0,0.197,0,97,1.2000000000000002
1139.5,0.197,0,97,1.2000000000000002
1140.0,0.197,0,97,3.0
1140.5,0.195,0,95,6.0
1141.0,0.195,0,94,9.600000000000001
1141.5,0.195,0,95,10.8
1142.0,0.195,0,96,12.0
1142.5,0.195,0,96,12.0
1143.0,0.195,0,96,12.0
1143.5,0.193,0,97,11.4
1144.0,0.195,0,97,11.4
1144.5,0.195,0,97,10.8
1145.0,0.195,0,97,11.4
1145.5,0.195,0,98,11.4
1146.0,0.197,0,98,11.4
1146.5,0.197,0,98,10.8
1147.0,0.197,0,97,12.0
1147.5,0.197,0,97,13.8
1148.0,0.195,0,97,14.4
1148.5,0.195,0,98,14.4
1149.0,0.195,0,98,14.4
1149.5,0.195,0,98,14.4
1150.0,0.195,0,98,14.4
1150.5,0.195,0,99,15.0
1151.0,0.193,0,99,15.600000000000001
1151.5,0.195,0,97,10.8
1152.0,0.195,0,97,11.4
1152.5,0.195,0,97,11.4
1153.0,0.195,0,97,11.4
1153.5,0.192,0,98,11.4
1154.0,0.192,0,98,11.4
1154.5,0.192,0,99,11.4
1155.0,0.195,0,99,11.4
1155.5,0.195,0,100,11.4
1156.0,0.195,0,100,12.0
1156.5,0.192,0,100,9.600000000000001
1157.0,0.192,0,99,6.6000000000000005
1157.5,0.192,0,98,4.800000000000001
1158.0,0.195,0,99,4.2
1158.5,0.195,0,99,4.2
1159.0,0.195,0,99,3.6
1159.5,0.193,0,99,3.6
1160.0,0.192,0,98,3.6
1160.5,0.192,0,98,3.6
1161.0,0.192,0,98,3.6
1161.5,0.192,0,97,4.2
1162.0,0.192,0,97,3.0
1162.5,0.192,0,96,0.6000000000000001
1163.0,0.192,0,96,0.0
1163.5,0.192,0,95,0.0
1164.0,0.19,0,96,0.0
1164.5,0.195,0,96,0.0
1165.0,0.195,0,97,0.0
1165.5,0.195,0,97,0.0
1166.0,0.19,0,98,0.0
1166.5,0.192,0,98,0.0
1167.0,0.192,0,98,0.0
1167.5,0.192,0,99,0.0
1168.0,0.192,0,98,0.0
1168.5,0.192,0,98,0.6000000000000001
1169.0,0.19,0,99,1.2000000000000002
1169.5,0.192,0,99,1.8
1170.0,0.192,0,100,1.8
1170.5,0.192,0,100,1.8
1171.0,0.192,0,100,1.2000000000000002
1171.5,0.192,0,100,1.2000000000000002
1172.0,0.192,0,100,1.2000000000000002
1172.5,0.19,0,100,1.8
1173.0,0.19,0,98,4.800000000000001
1173.5,0.19,0,97,9.600000000000001
1174.0,0.19,0,97,10.200000000000001
1174.5,0.192,0,97,11.4
1175.0,0.192,0,98,11.4
1175.5,0.193,0,98,12.0
1176.0,0.193,0,98,11.4
1176.5,0.193,0,98,11.4
1177.0,0.193,0,98,11.4
1177.5,0.195,0,98,11.4
1178.0,0.195,0,99,11.4
1178.5,0.195,0,99,12.0
1179.0,0.195,0,99,10.8
1179.5,0.195,0,99,12.0
1180.0,0.195,0,98,13.8
1180.5,0.195,0,98,14.4
1181.0,0.195,0,98,14.4
1181.5,0.195,0,99,15.0
1182.0,0.195,0,99,15.0
1182.5,0.195,0,99,15.0
1183.0,0.195,0,99,15.0
1183.5,0.195,0,100,15.600000000000001
1184.0,0.192,0,99,12.600000000000001
1184.5,0.192,0,98,11.4
1185.0,0.193,0,97,11.4
1185.5,0.193,0,98,12.0
1186.0,0.193,0,98,12.0
1186.5,0.193,0,99,12.0
1187.0,0.195,0,99,11.4
1187.5,0.195,0,99,11.4
1188.0,0.195,0,100,11.4
1188.5,0.198,0,100,12.0
1189.0,0.198,0,100,12.0
1189.5,0.198,0,100,9.600000000000001
1190.0,0.198,0,99,7.2
1190.5,0.193,0,98,5.4
1191.0,0.193,0,98,4.800000000000001
1191.5,0.192,0,100,4.2
1192.0,0.192,0,99,4.2
1192.5,0.192,0,99,4.2
1193.0,0.193,0,99,3.6
1193.5,0.193,0,99,3.6
1194.0,0.193,0,98,3.6
1194.5,0.19,0,98,4.2
1195.0,0.19,0,98,3.0
1195.5,0.19,0,97,0.6000000000000001
1196.0,0.192,0,97,0.0
1196.5,0.192,0,96,0.0
1197.0,0.192,0,97,0.0
1197.5,0.189,0,98,0.0
1198.0,0.19,0,98,0.0
1198.5,0.19,0,98,0.0
1199.0,0.19,0,99,0.0
1199.5,0.189,0,99,0.0
1200.0,0.189,0,100,0.0
1200.5,0.189,0,100,0.0
1201.0,0.19,0,99,0.0
1201.5,0.19,0,99,0.6000000000000001
1202.0,0.19,0,100,1.2000000000000002
1202.5,0.19,0,100,1.2000000000000002
1203.0,0.19,0,100,1.2000000000000002
1203.5,0.19,0,101,1.8
1204.0,0.187,0,100,1.2000000000000002
1204.5,0.187,0,100,1.2000000000000002
1205.0,0.187,0,101,1.2000000000000002
1205.5,0.187,0,100,1.8
1206.0,0.187,0,98,5.4
1206.5,0.187,0,98,9.600000000000001
1207.0,0.185,0,98,10.8
1207.5,0.185,0,99,12.0
1208.0,0.185,0,99,12.0
1208.5,0.187,0,99,12.0
1209.0,0.187,0,99,11.4
1209.5,0.189,0,100,11.4
1210.0,0.189,0,100,11.4
1210.5,0.189,0,100,11.4
1211.0,0.189,0,100,12.0
1211.5,0.189,0,101,11.4
1212.0,0.189,0,101,10.8
1212.5,0.189,0,100,12.600000000000001
1213.0,0.185,0,99,13.8
1213.5,0.185,0,100,14.4
1214.0,0.184,0,101,14.4
1214.5,0.187,0,100,14.4
1215.0,0.187,0,101,13.8
1215.5,0.187,0,101,14.4
1216.0,0.185,0,101,14.4
1216.5,0.185,0,101,14.4
1217.0,0.184,0,100,11.4
1217.5,0.185,0,99,10.8
1218.0,0.185,0,99,11.4
1218.5,0.185,0,99,11.4
1219.0,0.184,0,100,11.4
1219.5,0.184,0,100,11.4
1220.0,0.182,0,101,11.4
1220.5,0.184,0,101,11.4
1221.0,0.184,0,102,11.4
1221.5,0.184,0,102,12.0
1222.0,0.179,0,102,10.200000000000001
1222.5,0.179,0,102,8.4
1223.0,0.177,0,101,5.4
1223.5,0.18,0,100,4.800000000000001
1224.0,0.18,0,101,4.2
1224.5,0.18,0,101,3.6
1225.0,0.177,0,101,3.6
1225.5,0.177,0,101,3.6
1226.0,0.174,0,100,3.6
1226.5,0.177,0,100,3.6
1227.0,0.177,0,100,3.6
1227.5,0.177,0,100,3.0
1228.0,0.176,0,99,1.2000000000000002
1228.5,0.176,0,98,0.0
1229.0,0.172,0,98,0.0
1229.5,0.176,0,99,0.0
1230.0,0.176,0,99,0.0
1230.5,0.176,0,100,0.0
1231.0,0.172,0,100,0.0
1231.5,0.176,0,100,0.0
1232.0,0.176,0,100,0.0
1232.5,0.176,0,101,0.0
1233.0,0.174,0,102,0.0
1233.5,0.174,0,101,0.0
1234.0,0.172,0,101,0.6000000000000001
1234.5,0.172,0,102,1.2000000000000002
1235.0,0.172,0,102,1.8
1235.5,0.172,0,103,1.2000000000000002
1236.0,0.171,0,103,1.2000000000000002
1236.5,0.171,0,103,1.2000000000000002
1237.0,0.171,0,102,1.2000000000000002
1237.5,0.171,0,103,1.2000000000000002
1238.0,0.171,0,102,3.0
1238.5,0.171,0,100,6.0
1239.0,0.171,0,100,9.600000000000001
1239.5,0.171,0,101,10.200000000000001
1240.0,0.169,0,101,10.8
1240.5,0.171,0,101,10.8
1241.0,0.171,0,102,10.8
1241.5,0.171,0,101,10.200000000000001
1242.0,0.171,0,102,10.200000000000001
1242.5,0.172,0,101,10.200000000000001
1243.0,0.172,0,102,10.200000000000001
1243.5,0.174,0,102,10.8
1244.0,0.174,0,102,9.600000000000001
1244.5,0.174,0,102,10.8
1245.0,0.174,0,101,12.0
1245.5,0.177,0,101,13.200000000000001
1246.0,0.177,0,101,13.200000000000001
1246.5,0.177,0,101,13.200000000000001
1247.0,0.176,0,101,13.200000000000001
1247.5,0.176,0,101,13.200000000000001
1248.0,0.176,0,102,13.200000000000001
1248.5,0.18,0,102,13.8
1249.0,0.18,0,102,11.4
1249.5,0.18,0,100,10.200000000000001
1250.0,0.179,0,100,10.8
1250.5,0.177,0,100,10.8
1251.0,0.177,0,100,10.8
1251.5,0.18,0,100,10.8
1252.0,0.18,0,101,10.8
1252.5,0.18,0,102,10.8
1253.0,0.18,0,102,10.8
1253.5,0.18,0,102,10.8
1254.0,0.18,0,102,11.4
1254.5,0.182,0,101,9.600000000000001
1255.0,0.182,0,100,5.4
1255.5,0.182,0,100,4.800000000000001
1256.0,0.179,0,100,4.2
1256.5,0.179,0,100,3.6
1257.0,0.179,0,100,3.6
1257.5,0.184,0,100,3.6
1258.0,0.184,0,100,3.6
1258.5,0.184,0,99,3.6
1259.0,0.179,0,99,3.6
1259.5,0.179,0,99,3.6
1260.0,0.179,0,99,1.8
1260.5,0.182,0,97,0.0
1261.0,0.182,0,97,0.0
1261.5,0.182,0,97,0.0
1262.0,0.18,0,98,0.0
1262.5,0.182,0,98,0.0
1263.0,0.182,0,98,0.0
1263.5,0.187,0,99,0.0
1264.0,0.187,0,99,0.0
1264.5,0.187,0,99,0.0
1265.0,0.184,0,100,0.0
1265.5,0.18,0,100,0.0
1266.0,0.18,0,99,0.0
1266.5,0.182,0,99,1.2000000000000002
1267.0,0.182,0,100,1.2000000000000002
1267.5,0.182,0,100,1.2000000000000002
1268.0,0.18,0,101,1.2000000000000002
1268.5,0.18,0,100,1.2000000000000002
1269.0,0.179,0,100,1.2000000000000002
1269.5,0.18,0,101,1.2000000000000002
1270.0,0.18,0,100,1.2000000000000002
1270.5,0.179,0,98,9.600000000000001
1271.0,0.177,0,98,10.8
1271.5,0.179,0,99,10.8
1272.0,0.179,0,99,10.8
1272.5,0.179,0,99,10.8
1273.0,0.179,0,99,10.200000000000001
1273.5,0.18,0,100,10.200000000000001
1274.0,0.18,0,100,10.200000000000001
1274.5,0.18,0,100,10.8
1275.0,0.18,0,101,10.8
1275.5,0.18,0,101,10.200000000000001
1276.0,0.18,0,99,10.8
1276.5,0.18,0,99,12.600000000000001
1277.0,0.18,0,99,13.200000000000001
1277.5,0.18,0,100,13.8
1278.0,0.18,0,100,13.8
1278.5,0.18,0,100,13.200000000000001
1279.0,0.18,0,100,13.200000000000001
1279.5,0.18,0,100,13.8
1280.0,0.18,0,100,14.4
1280.5,0.182,0,100,12.0
1281.0,0.182,0,98,10.8
1281.5,0.182,0,98,10.8
1282.0,0.182,0,98,10.8
1282.5,0.184,0,98,11.4
1283.0,0.184,0,99,11.4
1283.5,0.185,0,100,11.4
1284.0,0.185,0,100,10.8
1284.5,0.185,0,101,11.4
1285.0,0.185,0,101,11.4
1285.5,0.184,0,101,11.4
1286.0,0.185,0,101,9.600000000000001
1286.5,0.185,0,100,6.6000000000000005
1287.0,0.185,0,100,4.800000000000001
1287.5,0.185,0,100,4.2
1288.0,0.185,0,100,4.2
1288.5,0.185,0,100,3.6
1289.0,0.185,0,100,3.6
1289.5,0.185,0,99,3.6
1290.0,0.185,0,99,3.6
1290.5,0.185,0,98,3.6
1291.0,0.185,0,98,3.6
1291.5,0.185,0,98,2.4000000000000004
1292.0,0.185,0,97,1.2000000000000002
1292.5,0.185,0,96,0.0
1293.0,0.185,0,96,0.0
1293.5,0.185,0,96,0.0
1294.0,0.185,0,97,0.0
1294.5,0.185,0,97,0.0
1295.0,0.185,0,97,0.0
1295.5,0.187,0,98,0.0
1296.0,0.189,0,98,0.0
1296.5,0.189,0,99,0.0
1297.0,0.19,0,99,0.0
1297.5,0.19,0,98,0.0
1298.0,0.19,0,98,0.6000000000000001
1298.5,0.189,0,98,1.8
1299.0,0.187,0,99,1.8
1299.5,0.187,0,100,1.8
1300.0,0.187,0,100,1.8
1300.5,0.187,0,100,1.8
1301.0,0.187,0,100,1.2000000000000002
1301.5,0.185,0,100,1.2000000000000002
1302.0,0.184,0,100,1.8
1302.5,0.184,0,99,4.800000000000001
1303.0,0.184,0,97,9.600000000000001
1303.5,0.185,0,97,10.200000000000001
1304.0,0.185,0,98,11.4
1304.5,0.185,0,98,11.4
1305.0,0.185,0,99,11.4
1305.5,0.185,0,99,11.4
1306.0,0.185,0,99,10.8
1306.5,0.185,0,99,10.8
1307.0,0.185,0,99,10.8
1307.5,0.185,0,100,11.4
1308.0,0.184,0,100,11.4
1308.5,0.184,0,100,10.200000000000001
1309.0,0.184,0,99,12.0
1309.5,0.185,0,99,13.200000000000001
1310.0,0.185,0,100,13.8
1310.5,0.185,0,100,13.8
1311.0,0.182,0,100,13.8
1311.5,0.182,0,100,13.8
1312.0,0.182,0,100,13.8
1312.5,0.185,0,100,13.8
1313.0,0.185,0,101,14.4
1313.5,0.185,0,100,11.4
1314.0,0.184,0,99,10.8
1314.5,0.184,0,99,10.8
1315.0,0.18,0,99,11.4
1315.5,0.184,0,99,11.4
1316.0,0.184,0,100,11.4
1316.5,0.184,0,100,10.8
1317.0,0.18,0,100,10.8
1317.5,0.18,0,101,10.8
1318.0,0.18,0,101,11.4
1318.5,0.182,0,101,11.4
1319.0,0.182,0,100,9.600000000000001
1319.5,0.182,0,100,5.4
1320.0,0.18,0,100,4.800000000000001
1320.5,0.18,0,100,4.2
1321.0,0.18,0,100,4.2
1321.5,0.182,0,100,3.6
1322.0,0.182,0,100,3.6
1322.5,0.182,0,100,3.6
1323.0,0.18,0,99,3.6
1323.5,0.18,0,99,3.6
1324.0,0.18,0,99,3.6
1324.5,0.182,0,98,1.8
1325.0,0.182,0,97,0.6000000000000001
1325.5,0.182,0,96,0.0
1326.0,0.182,0,97,0.0
1326.5,0.182,0,97,0.0
1327.0,0.182,0,98,0.0
1327.5,0.184,0,98,0.0
1328.0,0.184,0,98,0.0
1328.5,0.185,0,98,0.0
1329.0,0.185,0,99,0.0
1329.5,0.187,0,99,0.0
1330.0,0.187,0,100,0.0
1330.5,0.189,0,98,0.0
1331.0,0.189,0,98,1.2000000000000002
1331.5,0.189,0,99,1.8
1332.0,0.189,0,99,1.8
1332.5,0.189,0,100,1.8
1333.0,0.189,0,100,1.8
1333.5,0.19,0,99,1.8
1334.0,0.19,0,99,1.2000000000000002
1334.5,0.19,0,100,1.2000000000000002
1335.0,0.19,0,99,3.0
1335.5,0.19,0,97,7.2
1336.0,0.19,0,96,9.600000000000001
1336.5,0.189,0,97,11.4
1337.0,0.189,0,98,12.0
1337.5,0.187,0,98,12.0
1338.0,0.189,0,98,12.0
1338.5,0.189,0,98,11.4
1339.0,0.189,0,99,11.4
1339.5,0.189,0,99,11.4
1340.0,0.189,0,99,11.4
1340.5,0.189,0,100,12.0
1341.0,0.189,0,100,10.8
1341.5,0.189,0,100,10.8
1342.0,0.189,0,99,12.600000000000001
1342.5,0.184,0,99,13.8
1343.0,0.184,0,100,13.8
1343.5,0.184,0,100,13.8
1344.0,0.187,0,100,13.8
1344.5,0.187,0,100,13.8
1345.0,0.187,0,100,13.8
1345.5,0.185,0,100,14.4
1346.0,0.185,0,100,13.200000000000001
1346.5,0.185,0,99,11.4
1347.0,0.189,0,99,10.8
1347.5,0.189,0,98,11.4
1348.0,0.189,0,99,11.4
1348.5,0.187,0,99,11.4
1349.0,0.187,0,100,11.4
1349.5,0.187,0,100,11.4
1350.0,0.189,0,100,11.4
1350.5,0.189,0,101,11.4
1351.0,0.189,0,101,11.4
1351.5,0.187,0,101,10.200000000000001
1352.0,0.189,0,100,8.4
1352.5,0.189,0,100,5.4
1353.0,0.193,0,99,4.800000000000001
1353.5,0.193,0,100,4.2
1354.0,0.193,0,100,4.2
1354.5,0.19,0,99,3.6
1355.0,0.19,0,99,3.6
1355.5,0.192,0,99,3.6
1356.0,0.197,0,98,3.6
1356.5,0.197,0,98,3.6
1357.0,0.197,0,98,3.6
1357.5,0.195,0,97,1.2000000000000002
1358.0,0.195,0,95,0.0
1358.5,0.195,0,95,0.0
1359.0,0.198,0,95,0.0
1359.5,0.2,0,96,0.0
1360.0,0.2,0,96,0.0
1360.5,0.2,0,96,0.0
1361.0,0.198,0,97,0.0
1361.5,0.198,0,97,0.0
1362.0,0.198,0,98,0.0
1362.5,0.201,0,98,0.0
1363.0,0.201,0,98,0.0
1363.5,0.201,0,97,0.6000000000000001
1364.0,0.198,0,97,1.2000000000000002
1364.5,0.201,0,98,1.8
1365.0,0.201,0,98,1.8
1365.5,0.203,0,99,1.8
1366.0,0.203,0,99,1.8
1366.5,0.203,0,99,1.8
1367.0,0.201,0,99,1.8
1367.5,0.201,0,99,1.8
1368.0,0.201,0,98,3.6
1368.5,0.201,0,96,9.0
1369.0,0.201,0,96,10.200000000000001
1369.5,0.201,0,97,12.0
1370.0,0.201,0,97,12.600000000000001
1370.5,0.203,0,97,12.600000000000001
1371.0,0.203,0,97,12.0
1371.5,0.203,0,97,12.0
1372.0,0.201,0,98,12.0
1372.5,0.203,0,98,12.0
1373.0,0.203,0,98,12.0
1373.5,0.203,0,98,12.600000000000001
1374.0,0.203,0,99,11.4
1374.5,0.203,0,98,11.4
1375.0,0.203,0,97,13.200000000000001
1375.5,0.203,0,97,15.0
1376.0,0.203,0,97,15.600000000000001
1376.5,0.203,0,98,15.600000000000001
1377.0,0.203,0,99,15.600000000000001
1377.5,0.201,0,99,15.600000000000001
1378.0,0.201,0,99,15.600000000000001
1378.5,0.201,0,100,15.600000000000001
1379.0,0.203,0,99,15.600000000000001
1379.5,0.203,0,99,12.0
1380.0,0.203,0,98,12.0
1380.5,0.2,0,97,12.0
1381.0,0.2,0,98,12.600000000000001
1381.5,0.2,0,98,12.600000000000001
1382.0,0.2,0,99,12.0
1382.5,0.2,0,99,12.0
1383.0,0.2,0,99,12.0
1383.5,0.2,0,100,12.0
1384.0,0.2,0,100,12.600000000000001
1384.5,0.2,0,100,12.600000000000001
1385.0,0.203,0,99,9.600000000000001
1385.5,0.2,0,99,4.2
1386.0,0.2,0,99,4.2
1386.5,0.201,0,99,4.2
1387.0,0.201,0,98,4.2
1387.5,0.201,0,98,4.2
1388.0,0.201,0,98,4.2
1388.5,0.2,0,97,4.2
1389.0,0.2,0,97,1.8
1389.5,0.2,0,96,0.6000000000000001
1390.0,0.201,0,95,0.0
1390.5,0.201,0,95,0.0
1391.0,0.201,0,96,0.0
1391.5,0.201,0,96,0.0
1392.0,0.203,0,97,0.0
1392.5,0.203,0,97,0.0
1393.0,0.205,0,97,0.0
1393.5,0.205,0,97,0.0
1394.0,0.205,0,98,0.0
1394.5,0.205,0,98,0.0
1395.0,0.205,0,97,0.0
1395.5,0.205,0,98,1.2000000000000002
1396.0,0.206,0,97,1.8
1396.5,0.206,0,98,1.8
1397.0,0.206,0,99,1.8
1397.5,0.205,0,99,1.8
1398.0,0.205,0,99,1.8
1398.5,0.206,0,99,1.8
1399.0,0.208,0,99,1.8
1399.5,0.208,0,98,2.4000000000000004
1400.0,0.208,0,97,6.0
1400.5,0.206,0,96,9.600000000000001
1401.0,0.205,0,96,12.0
1401.5,0.205,0,97,13.200000000000001
1402.0,0.205,0,97,13.200000000000001
1402.5,0.205,0,98,13.200000000000001
1403.0,0.205,0,98,12.600000000000001
1403.5,0.205,0,98,12.600000000000001
1404.0,0.205,0,99,12.600000000000001
1404.5,0.205,0,99,12.600000000000001
1405.0,0.206,0,99,12.600000000000001
1405.5,0.206,0,100,12.600000000000001
1406.0,0.206,0,100,12.0
1406.5,0.206,0,99,13.200000000000001
1407.0,0.205,0,98,15.0
1407.5,0.205,0,99,15.600000000000001
1408.0,0.206,0,99,15.600000000000001
1408.5,0.206,0,99,15.600000000000001
1409.0,0.206,0,99,15.600000000000001
1409.5,0.206,0,99,15.600000000000001
1410.0,0.205,0,100,16.2
1410.5,0.205,0,100,16.2
1411.0,0.206,0,100,12.600000000000001
1411.5,0.206,0,98,12.0
1412.0,0.206,0,98,12.600000000000001
1412.5,0.206,0,98,12.600000000000001
1413.0,0.205,0,97,13.200000000000001
1413.5,0.205,0,99,13.200000000000001
1414.0,0.203,0,100,12.600000000000001
1414.5,0.206,0,100,12.600000000000001
1415.0,0.206,0,101,12.600000000000001
1415.5,0.206,0,101,12.600000000000001
1416.0,0.203,0,100,13.200000000000001
1416.5,0.203,0,101,9.600000000000001
1417.0,0.203,0,99,6.6000000000000005
1417.5,0.206,0,99,5.4
1418.0,0.206,0,100,4.800000000000001
1418.5,0.206,0,100,4.800000000000001
1419.0,0.203,0,100,4.2
1419.5,0.203,0,99,4.2
1420.0,0.2,0,99,4.2
1420.5,0.2,0,99,4.2
1421.0,0.2,0,99,4.2
1421.5,0.2,0,98,4.2
1422.0,0.2,0,98,2.4000000000000004
1422.5,0.2,0,97,0.6000000000000001
1423.0,0.197,0,96,0.0
1423.5,0.2,0,96,0.0
1424.0,0.2,0,97,0.0
1424.5,0.2,0,98,0.0
1425.0,0.2,0,98,0.0
1425.5,0.201,0,98,0.0
1426.0,0.201,0,99,0.0
1426.5,0.205,0,99,0.0
1427.0,0.205,0,99,0.0
1427.5,0.205,0,100,0.0
1428.0,0.203,0,98,0.6000000000000001
1428.5,0.205,0,99,1.2000000000000002
1429.0,0.205,0,99,1.8
1429.5,0.205,0,100,1.8
1430.0,0.205,0,101,1.8
1430.5,0.206,0,100,1.8
1431.0,0.206,0,100,1.8
1431.5,0.208,0,100,1.8
1432.0,0.208,0,101,1.8
1432.5,0.208,0,100,3.6
1433.0,0.206,0,98,8.4
1433.5,0.208,0,97,10.200000000000001
1434.0,0.208,0,98,12.0
1434.5,0.208,0,98,12.600000000000001
1435.0,0.211,0,98,12.600000000000001
1435.5,0.211,0,99,12.600000000000001
1436.0,0.211,0,99,12.600000000000001
1436.5,0.211,0,99,12.600000000000001
1437.0,0.211,0,99,12.600000000000001
1437.5,0.211,0,99,12.600000000000001
1438.0,0.211,0,100,13.200000000000001
1438.5,0.211,0,100,12.0
1439.0,0.211,0,100,12.600000000000001
1439.5,0.208,0,98,13.8
1440.0,0.209,0,98,15.600000000000001
1440.5,0.209,0,99,16.2
1441.0,0.209,0,99,16.2
1441.5,0.209,0,99,16.2
1442.0,0.209,0,100,16.2
1442.5,0.209,0,100,16.2
1443.0,0.213,0,101,16.8
1443.5,0.213,0,101,15.0
1444.0,0.213,0,99,12.600000000000001
1444.5,0.213,0,99,12.0
1445.0,0.213,0,99,12.600000000000001
1445.5,0.209,0,99,13.200000000000001
1446.0,0.214,0,99,13.200000000000001
1446.5,0.214,0,100,12.600000000000001
1447.0,0.214,0,101,12.600000000000001
1447.5,0.211,0,101,12.600000000000001
1448.0,0.211,0,101,12.600000000000001
1448.5,0.209,0,102,13.200000000000001
1449.0,0.211,0,101,11.4
1449.5,0.211,0,100,9.600000000000001
1450.0,0.211,0,99,6.0
1450.5,0.208,0,100,5.4
1451.0,0.208,0,100,4.800000000000001
1451.5,0.208,0,100,4.800000000000001
1452.0,0.208,0,100,4.2
1452.5,0.208,0,100,4.2
1453.0,0.208,0,99,4.2
1453.5,0.206,0,99,4.2
1454.0,0.206,0,99,4.2
1454.5,0.206,0,99,3.6
1455.0,0.208,0,98,1.8
1455.5,0.208,0,97,0.0
1456.0,0.208,0,97,0.0
1456.5,0.206,0,97,0.0
1457.0,0.208,0,98,0.0
1457.5,0.208,0,98,0.0
1458.0,0.209,0,98,0.0
1458.5,0.209,0,99,0.0
1459.0,0.209,0,99,0.0
1459.5,0.209,0,99,0.0
1460.0,0.208,0,100,0.0
1460.5,0.208,0,100,0.0
1461.0,0.209,0,98,1.2000000000000002
1461.5,0.209,0,99,1.2000000000000002
1462.0,0.209,0,99,1.8
1462.5,0.209,0,100,1.8
1463.0,0.208,0,100,1.8
1463.5,0.208,0,100,1.8
1464.0,0.208,0,100,1.8
1464.5,0.208,0,100,1.8
1465.0,0.208,0,100,2.4000000000000004
1465.5,0.208,0,99,5.4
1466.0,0.206,0,97,9.600000000000001
1466.5,0.206,0,97,11.4
1467.0,0.206,0,98,12.600000000000001
1467.5,0.206,0,98,13.200000000000001
1468.0,0.206,0,99,13.200000000000001
1468.5,0.206,0,99,13.200000000000001
1469.0,0.206,0,99,12.600000000000001
1469.5,0.206,0,100,12.600000000000001
1470.0,0.208,0,100,12.600000000000001
1470.5,0.208,0,100,12.600000000000001
1471.0,0.208,0,101,12.600000000000001
1471.5,0.208,0,101,12.0
1472.0,0.208,0,100,13.200000000000001
1472.5,0.209,0,100,14.4
1473.0,0.209,0,100,15.600000000000001
1473.5,0.209,0,100,15.600000000000001
1474.0,0.208,0,100,15.600000000000001
1474.5,0.213,0,100,15.600000000000001
1475.0,0.213,0,100,15.600000000000001
1475.5,0.213,0,101,16.2
1476.0,0.209,0,101,16.2
1476.5,0.209,0,100,12.600000000000001
1477.0,0.209,0,99,12.0
1477.5,0.213,0,98,12.600000000000001
1478.0,0.213,0,98,12.600000000000001
1478.5,0.213,0,100,13.200000000000001
1479.0,0.209,0,100,12.600000000000001
1479.5,0.209,0,100,12.600000000000001
1480.0,0.208,0,101,12.600000000000001
1480.5,0.213,0,101,12.600000000000001
1481.0,0.213,0,102,13.200000000000001
1481.5,0.213,0,102,13.200000000000001
1482.0,0.208,0,101,9.600000000000001
1482.5,0.208,0,100,6.6000000000000005
1483.0,0.208,0,100,5.4
1483.5,0.209,0,101,4.800000000000001
1484.0,0.209,0,101,4.2
1484.5,0.209,0,100,4.2
1485.0,0.208,0,100,4.2
1485.5,0.208,0,100,4.2
1486.0,0.206,0,100,4.2
1486.5,0.209,0,99,4.2
1487.0,0.209,0,99,4.2
1487.5,0.209,0,99,1.8
1488.0,0.208,0,97,0.6000000000000001
1488.5,0.208,0,97,0.0
1489.0,0.208,0,97,0.0
1489.5,0.213,0,97,0.0
1490.0,0.213,0,98,0.0
1490.5,0.213,0,98,0.0
1491.0,0.209,0,99,0.0
1491.5,0.211,0,99,0.0
1492.0,0.211,0,99,0.0
1492.5,0.214,0,100,0.0
1493.0,0.214,0,100,0.0
1493.5,0.214,0,98,0.6000000000000001
1494.0,0.211,0,99,1.2000000000000002
1494.5,0.214,0,99,1.8
1495.0,0.214,0,100,1.8
1495.5,0.216,0,100,1.8
1496.0,0.216,0,100,1.8
1496.5,0.216,0,100,1.8
1497.0,0.214,0,100,1.8
1497.5,0.213,0,100,1.8
1498.0,0.213,0,99,4.2
1498.5,0.214,0,97,9.600000000000001
1499.0,0.214,0,97,10.8
1499.5,0.214,0,98,12.600000000000001
1500.0,0.214,0,98,13.200000000000001
1500.5,0.213,0,98,13.200000000000001
1501.0,0.213,0,99,13.200000000000001
1501.5,0.213,0,99,12.600000000000001
1502.0,0.213,0,99,12.600000000000001
1502.5,0.213,0,99,12.600000000000001
1503.0,0.214,0,100,13.200000000000001
1503.5,0.214,0,100,13.200000000000001
1504.0,0.214,0,100,12.0
1504.5,0.213,0,100,12.600000000000001
1505.0,0.213,0,99,14.4
1505.5,0.211,0,99,15.600000000000001
1506.0,0.211,0,99,15.600000000000001
1506.5,0.211,0,99,15.600000000000001
1507.0,0.211,0,100,15.600000000000001
1507.5,0.213,0,100,15.600000000000001
1508.0,0.214,0,100,16.2
1508.5,0.214,0,100,16.8
1509.0,0.214,0,100,14.4
1509.5,0.214,0,99,12.0
1510.0,0.214,0,98,12.0
1510.5,0.209,0,98,12.600000000000001
1511.0,0.214,0,98,13.200000000000001
1511.5,0.214,0,99,13.200000000000001
1512.0,0.214,0,100,13.200000000000001
1512.5,0.213,0,100,12.600000000000001
1513.0,0.213,0,101,12.600000000000001
1513.5,0.211,0,101,13.200000000000001
1514.0,0.209,0,101,13.200000000000001
1514.5,0.208,0,101,11.4
1515.0,0.208,0,100,9.600000000000001
1515.5,0.208,0,100,6.0
1516.0,0.208,0,100,5.4
1516.5,0.206,0,101,4.800000000000001
1517.0,0.206,0,101,4.800000000000001
1517.5,0.206,0,101,4.2
1518.0,0.206,0,100,4.2
1518.5,0.205,0,100,4.2
1519.0,0.205,0,100,4.2
1519.5,0.205,0,99,4.800000000000001
1520.0,0.205,0,99,3.0
1520.5,0.205,0,99,1.2000000000000002
1521.0,0.205,0,98,0.0
1521.5,0.205,0,97,0.0
1522.0,0.205,0,97,0.0
1522.5,0.205,0,98,0.0
1523.0,0.203,0,99,0.0
1523.5,0.203,0,99,0.0
1524.0,0.203,0,99,0.0
1524.5,0.203,0,99,0.0
1525.0,0.203,0,100,0.0
1525.5,0.203,0,101,0.0
1526.0,0.198,0,100,0.6000000000000001
1526.5,0.198,0,100,1.2000000000000002
1527.0,0.198,0,100,1.8
1527.5,0.198,0,101,1.8
1528.0,0.197,0,102,1.8
1528.5,0.197,0,102,1.8
1529.0,0.193,0,102,1.8
1529.5,0.193,0,102,1.8
1530.0,0.192,0,102,1.8
1530.5,0.192,0,102,3.0
1531.0,0.192,0,100,7.2
1531.5,0.192,0,99,9.600000000000001
1532.0,0.19,0,100,11.4
1532.5,0.19,0,100,12.0
1533.0,0.192,0,100,12.0
1533.5,0.193,0,100,12.0
1534.0,0.193,0,100,12.0
1534.5,0.193,0,101,11.4
1535.0,0.19,0,101,12.0
1535.5,0.19,0,101,12.0
1536.0,0.19,0,101,12.600000000000001
1536.5,0.19,0,102,11.4
1537.0,0.19,0,102,12.0
1537.5,0.19,0,101,13.200000000000001
1538.0,0.189,0,101,14.4
1538.5,0.187,0,102,15.0
1539.0,0.192,0,102,15.0
1539.5,0.192,0,102,15.0
1540.0,0.192,0,102,15.0
1540.5,0.192,0,102,15.0
1541.0,0.187,0,103,15.600000000000001
1541.5,0.187,0,103,12.600000000000001
1542.0,0.185,0,101,11.4
1542.5,0.185,0,101,11.4
1543.0,0.187,0,100,12.0
1543.5,0.187,0,101,12.0
1544.0,0.189,0,102,12.0
1544.5,0.19,0,102,11.4
1545.0,0.195,0,102,11.4
1545.5,0.195,0,103,11.4
1546.0,0.197,0,103,12.0
1546.5,0.197,0,103,12.0
1547.0,0.197,0,102,9.600000000000001
1547.5,0.197,0,102,6.0
1548.0,0.201,0,101,5.4
1548.5,0.201,0,101,4.800000000000001
1549.0,0.201,0,101,4.2
1549.5,0.201,0,101,4.2
1550.0,0.201,0,101,4.2
1550.5,0.201,0,100,4.2
1551.0,0.205,0,100,4.2
1551.5,0.205,0,100,4.2
1552.0,0.205,0,99,4.2
1552.5,0.205,0,99,1.8
1553.0,0.203,0,98,0.6000000000000001
1553.5,0.203,0,96,0.0
1554.0,0.206,0,96,0.0
1554.5,0.206,0,97,0.0
1555.0,0.206,0,97,0.0
1555.5,0.206,0,98,0.0
1556.0,0.205,0,98,0.0
1556.5,0.205,0,99,0.0
1557.0,0.208,0,99,0.0
1557.5,0.208,0,99,0.0
1558.0,0.208,0,100,0.0
1558.5,0.209,0,98,0.6000000000000001
1559.0,0.209,0,99,1.2000000000000002
1559.5,0.209,0,99,1.8
1560.0,0.211,0,100,1.8
1560.5,0.211,0,100,1.8
1561.0,0.211,0,100,1.8
1561.5,0.211,0,100,1.8
1562.0,0.208,0,100,1.8
1562.5,0.208,0,100,1.8
1563.0,0.209,0,99,3.6
1563.5,0.209,0,97,9.0
1564.0,0.209,0,97,10.200000000000001
1564.5,0.209,0,97,12.0
1565.0,0.209,0,98,12.600000000000001
1565.5,0.209,0,98,13.200000000000001
1566.0,0.209,0,98,12.600000000000001
1566.5,0.211,0,98,12.600000000000001
1567.0,0.211,0,99,12.600000000000001
1567.5,0.211,0,99,12.600000000000001
1568.0,0.211,0,99,12.600000000000001
1568.5,0.211,0,99,13.200000000000001
1569.0,0.211,0,100,12.0
1569.5,0.213,0,99,12.600000000000001
1570.0,0.213,0,99,13.8
1570.5,0.213,0,98,15.600000000000001
1571.0,0.211,0,98,16.2
1571.5,0.214,0,99,16.2
1572.0,0.214,0,99,16.2
1572.5,0.214,0,100,16.2
1573.0,0.214,0,100,16.2
1573.5,0.218,0,100,16.2
1574.0,0.218,0,99,12.600000000000001
1574.5,0.216,0,98,12.0
1575.0,0.218,0,98,12.600000000000001
1575.5,0.218,0,98,13.200000000000001
1576.0,0.219,0,99,13.200000000000001
1576.5,0.219,0,99,12.600000000000001
1577.0,0.219,0,99,12.600000000000001
1577.5,0.219,0,100,12.600000000000001
1578.0,0.221,0,100,13.200000000000001
1578.5,0.221,0,100,13.200000000000001
1579.0,0.221,0,100,12.0
1579.5,0.221,0,99,9.600000000000001
1580.0,0.221,0,98,6.0
1580.5,0.219,0,97,5.4
1581.0,0.219,0,98,4.800000000000001
1581.5,0.219,0,99,4.800000000000001
1582.0,0.218,0,99,4.800000000000001
1582.5,0.221,0,98,4.2
1583.0,0.221,0,99,4.2
1583.5,0.221,0,98,4.2
1584.0,0.219,0,98,4.800000000000001
1584.5,0.219,0,98,4.2
1585.0,0.219,0,97,1.8
1585.5,0.224,0,96,0.6000000000000001
1586.0,0.224,0,96,0.0
1586.5,0.224,0,96,0.0
1587.0,0.224,0,96,0.0
1587.5,0.224,0,97,0.0
1588.0,0.222,0,97,0.0
1588.5,0.226,0,97,0.0
1589.0,0.226,0,97,0.0
1589.5,0.226,0,97,0.0
1590.0,0.224,0,97,0.0
1590.5,0.224,0,98,0.0
1591.0,0.224,0,98,0.6000000000000001
1591.5,0.226,0,97,1.8
1592.0,0.226,0,98,1.8
1592.5,0.226,0,98,1.8
1593.0,0.224,0,99,1.8
1593.5,0.224,0,99,2.4000000000000004
1594.0,0.224,0,99,1.8
1594.5,0.226,0,99,1.8
1595.0,0.226,0,99,1.8
1595.5,0.226,0,98,3.6
1596.0,0.226,0,96,9.600000000000001
1596.5,0.226,0,96,10.8
1597.0,0.226,0,96,12.600000000000001
1597.5,0.227,0,97,13.8
1598.0,0.227,0,97,13.8
1598.5,0.227,0,98,13.8
1599.0,0.227,0,98,13.200000000000001
1599.5,0.226,0,98,13.200000000000001
1600.0,0.226,0,99,13.200000000000001
1600.5,0.229,0,99,13.200000000000001
1601.0,0.229,0,99,13.200000000000001
1601.5,0.229,0,100,12.600000000000001
1602.0,0.229,0,99,12.600000000000001
1602.5,0.227,0,98,14.4
1603.0,0.227,0,98,15.600000000000001
1603.5,0.226,0,98,16.2
1604.0,0.226,0,99,16.8
1604.5,0.226,0,99,16.8
1605.0,0.229,0,99,16.8
1605.5,0.229,0,99,16.8
1606.0,0.229,0,100,16.8
1606.5,0.227,0,100,16.2
1607.0,0.227,0,99,13.200000000000001
1607.5,0.227,0,98,12.600000000000001
1608.0,0.227,0,98,13.200000000000001
1608.5,0.227,0,97,13.8
1609.0,0.227,0,98,13.8
1609.5,0.226,0,99,13.8
1610.0,0.23,0,99,13.200000000000001
1610.5,0.23,0,100,13.200000000000001
1611.0,0.23,0,101,13.200000000000001
1611.5,0.229,0,101,13.8
1612.0,0.229,0,101,13.200000000000001
1612.5,0.23,0,101,9.600000000000001
1613.0,0.23,0,100,6.6000000000000005
1613.5,0.23,0,99,5.4
1614.0,0.229,0,100,4.800000000000001
1614.5,0.226,0,100,4.800000000000001
1615.0,0.226,0,100,4.800000000000001
1615.5,0.224,0,100,4.800000000000001
1616.0,0.226,0,100,4.800000000000001
1616.5,0.226,0,99,4.800000000000001
1617.0,0.226,0,99,4.800000000000001
1617.5,0.222,0,98,4.2
1618.0,0.222,0,98,1.8
1618.5,0.222,0,97,0.6000000000000001
1619.0,0.219,0,96,0.0
1619.5,0.219,0,96,0.0
1620.0,0.219,0,97,0.0
1620.5,0.221,0,98,0.0
1621.0,0.221,0,98,0.0
1621.5,0.221,0,99,0.0
1622.0,0.221,0,99,0.0
1622.5,0.219,0,100,0.0
1623.0,0.221,0,100,0.0
1623.5,0.221,0,99,0.6000000000000001
1624.0,0.221,0,100,1.8
1624.5,0.214,0,100,1.8
1625.0,0.214,0,101,1.8
1625.5,0.213,0,101,1.8
1626.0,0.216,0,101,1.8
1626.5,0.216,0,101,1.8
1627.0,0.216,0,101,1.8
1627.5,0.213,0,101,1.8
1628.0,0.213,0,100,4.800000000000001
1628.5,0.211,0,98,9.600000000000001
1629.0,0.213,0,98,11.4
1629.5,0.213,0,99,12.600000000000001
1630.0,0.214,0,99,13.200000000000001
1630.5,0.214,0,100,13.200000000000001
1631.0,0.214,0,100,12.600000000000001
1631.5,0.209,0,100,12.600000000000001
1632.0,0.213,0,101,12.600000000000001
1632.5,0.213,0,101,12.600000000000001
1633.0,0.213,0,101,12.600000000000001
1633.5,0.209,0,102,12.600000000000001
1634.0,0.209,0,102,12.0
1634.5,0.209,0,101,13.200000000000001
1635.0,0.213,0,100,15.0
1635.5,0.213,0,101,15.600000000000001
1636.0,0.213,0,101,15.600000000000001
1636.5,0.209,0,101,15.600000000000001
1637.0,0.209,0,102,15.600000000000001
1637.5,0.206,0,102,15.600000000000001
1638.0,0.213,0,102,16.2
1638.5,0.213,0,102,16.2
1639.0,0.213,0,101,12.600000000000001
1639.5,0.206,0,100,12.0
1640.0,0.206,0,100,12.0
1640.5,0.206,0,100,12.600000000000001
1641.0,0.208,0,101,12.600000000000001
1641.5,0.208,0,101,12.600000000000001
1642.0,0.208,0,102,12.0
1642.5,0.208,0,102,12.0
1643.0,0.208,0,103,12.600000000000001
1643.5,0.208,0,103,12.600000000000001
1644.0,0.211,0,102,11.4
1644.5,0.211,0,102,9.600000000000001
1645.0,0.211,0,101,6.0
1645.5,0.211,0,101,4.800000000000001
1646.0,0.211,0,102,4.800000000000001
1646.5,0.209,0,102,4.2
1647.0,0.213,0,102,4.2
1647.5,0.213,0,101,4.2
1648.0,0.216,0,101,4.2
1648.5,0.216,0,101,4.2
1649.0,0.216,0,100,4.2
1649.5,0.214,0,100,3.0
1650.0,0.214,0,100,1.2000000000000002
1650.5,0.214,0,98,0.0
1651.0,0.214,0,98,0.0
1651.5,0.214,0,98,0.0
1652.0,0.214,0,99,0.0
1652.5,0.214,0,99,0.0
1653.0,0.216,0,99,0.0
1653.5,0.216,0,100,0.0
1654.0,0.219,0,99,0.0
1654.5,0.219,0,100,0.0
1655.0,0.219,0,101,0.0
1655.5,0.216,0,100,0.0
1656.0,0.216,0,99,1.2000000000000002
1656.5,0.216,0,100,1.8
1657.0,0.219,0,100,1.8
1657.5,0.219,0,100,1.8
1658.0,0.219,0,101,1.8
1658.5,0.218,0,100,1.8
1659.0,0.218,0,100,1.8
1659.5,0.218,0,101,1.8
1660.0,0.222,0,100,3.0
1660.5,0.222,0,98,6.6000000000000005
1661.0,0.222,0,97,10.200000000000001
1661.5,0.218,0,98,12.0
1662.0,0.219,0,99,13.200000000000001
1662.5,0.221,0,99,13.200000000000001
1663.0,0.222,0,99,13.200000000000001
1663.5,0.222,0,99,12.600000000000001
1664.0,0.222,0,99,12.600000000000001
1664.5,0.222,0,100,12.600000000000001
1665.0,0.222,0,100,12.600000000000001
1665.5,0.222,0,100,13.200000000000001
1666.0,0.226,0,100,12.600000000000001
1666.5,0.226,0,101,12.0
1667.0,0.226,0,99,13.8
1667.5,0.226,0,98,15.0
1668.0,0.221,0,99,16.2
1668.5,0.221,0,100,16.2
1669.0,0.222,0,100,16.2
1669.5,0.222,0,100,16.2
1670.0,0.222,0,100,16.2
1670.5,0.222,0,100,16.8
1671.0,0.221,0,100,16.2
1671.5,0.221,0,100,12.600000000000001
1672.0,0.226,0,98,12.600000000000001
1672.5,0.226,0,98,12.600000000000001
1673.0,0.226,0,99,13.200000000000001
1673.5,0.226,0,99,13.200000000000001
1674.0,0.222,0,99,13.200000000000001
1674.5,0.222,0,99,13.200000000000001
1675.0,0.227,0,100,13.200000000000001
1675.5,0.227,0,100,13.200000000000001
1676.0,0.227,0,100,13.200000000000001
1676.5,0.227,0,101,13.200000000000001
1677.0,0.226,0,100,9.600000000000001
1677.5,0.226,0,99,6.6000000000000005
1678.0,0.227,0,99,5.4
1678.5,0.227,0,99,4.800000000000001
1679.0,0.227,0,99,4.800000000000001
1679.5,0.227,0,99,4.800000000000001
1680.0,0.224,0,99,4.2
1680.5,0.224,0,99,4.2
1681.0,0.224,0,99,4.2
1681.5,0.229,0,98,4.800000000000001
1682.0,0.229,0,98,4.2
1682.5,0.229,0,98,1.8
1683.0,0.226,0,97,0.6000000000000001
1683.5,0.226,0,96,0.0
1684.0,0.226,0,96,0.0
1684.5,0.23,0,97,0.0
1685.0,0.23,0,97,0.0
1685.5,0.232,0,97,0.0
1686.0,0.232,0,98,0.0
1686.5,0.232,0,98,0.0
1687.0,0.232,0,98,0.0
1687.5,0.235,0,99,0.0
1688.0,0.235,0,99,0.0
1688.5,0.235,0,97,0.6000000000000001
1689.0,0.232,0,98,1.2000000000000002
1689.5,0.232,0,98,1.8
1690.0,0.232,0,99,1.8
1690.5,0.235,0,99,1.8
1691.0,0.235,0,99,1.8
1691.5,0.235,0,99,1.8
1692.0,0.234,0,99,1.8
1692.5,0.237,0,99,1.8
1693.0,0.237,0,96,10.8
1693.5,0.237,0,96,12.600000000000001
1694.0,0.238,0,97,13.200000000000001
1694.5,0.238,0,97,13.8
1695.0,0.238,0,97,13.8
1695.5,0.238,0,97,13.200000000000001
1696.0,0.238,0,98,13.200000000000001
1696.5,0.238,0,98,13.200000000000001
1697.0,0.238,0,98,13.8
1697.5,0.237,0,99,13.8
1698.0,0.237,0,99,12.600000000000001
1698.5,0.235,0,99,13.200000000000001
1699.0,0.237,0,98,15.0
1699.5,0.237,0,98,16.2
1700.0,0.237,0,98,17.400000000000002
1700.5,0.235,0,98,17.400000000000002
1701.0,0.235,0,99,17.400000000000002
1701.5,0.232,0,99,17.400000000000002
1702.0,0.232,0,99,17.400000000000002
1702.5,0.232,0,100,18.0
1703.0,0.232,0,100,17.400000000000002
1703.5,0.232,0,99,13.8
1704.0,0.232,0,98,13.200000000000001
1704.5,0.23,0,98,13.8
1705.0,0.234,0,98,13.8
1705.5,0.234,0,98,13.8
1706.0,0.234,0,99,13.8
1706.5,0.234,0,100,13.8
1707.0,0.235,0,100,13.200000000000001
1707.5,0.235,0,101,13.8
1708.0,0.235,0,101,13.8
1708.5,0.235,0,101,13.200000000000001
1709.0,0.238,0,100,9.600000000000001
1709.5,0.238,0,99,6.6000000000000005
1710.0,0.238,0,98,5.4
1710.5,0.235,0,99,5.4
1711.0,0.237,0,99,4.800000000000001
1711.5,0.237,0,99,4.800000000000001
1712.0,0.237,0,99,4.800000000000001
1712.5,0.235,0,99,4.800000000000001
1713.0,0.234,0,99,4.800000000000001
1713.5,0.234,0,98,4.800000000000001
1714.0,0.234,0,98,4.800000000000001
1714.5,0.232,0,98,2.4000000000000004
1715.0,0.232,0,97,0.6000000000000001
1715.5,0.232,0,96,0.0
1716.0,0.232,0,96,0.0
1716.5,0.232,0,97,0.0
1717.0,0.23,0,98,0.0
1717.5,0.23,0,98,0.0
1718.0,0.235,0,98,0.0
1718.5,0.235,0,99,0.0
1719.0,0.235,0,99,0.0
1719.5,0.235,0,100,0.0
1720.0,0.232,0,100,0.0
1720.5,0.234,0,98,0.6000000000000001
1721.0,0.234,0,99,1.8
1721.5,0.234,0,99,1.8
1722.0,0.234,0,100,1.8
1722.5,0.234,0,100,2.4000000000000004
1723.0,0.234,0,100,1.8
1723.5,0.234,0,100,1.8
1724.0,0.232,0,100,1.8
1724.5,0.232,0,100,1.8
1725.0,0.232,0,99,4.2
1725.5,0.232,0,97,9.600000000000001
1726.0,0.23,0,97,11.4
1726.5,0.23,0,97,12.600000000000001
1727.0,0.23,0,98,13.8
1727.5,0.23,0,98,13.8
1728.0,0.23,0,99,13.8
1728.5,0.23,0,99,13.200000000000001
1729.0,0.23,0,99,13.200000000000001
1729.5,0.23,0,99,13.200000000000001
1730.0,0.229,0,100,13.200000000000001
1730.5,0.232,0,100,13.8
1731.0,0.232,0,100,12.600000000000001
1731.5,0.232,0,100,13.200000000000001
1732.0,0.23,0,99,15.0
1732.5,0.23,0,98,16.8
1733.0,0.235,0,99,16.8
1733.5,0.238,0,98,17.400000000000002
1734.0,0.238,0,99,16.8
1734.5,0.238,0,99,17.400000000000002
1735.0,0.238,0,100,17.400000000000002
1735.5,0.238,0,100,18.0
1736.0,0.237,0,100,15.600000000000001
1736.5,0.242,0,98,13.200000000000001
1737.0,0.242,0,97,13.200000000000001
1737.5,0.242,0,97,13.8
1738.0,0.242,0,97,13.8
1738.5,0.242,0,97,13.8
1739.0,0.242,0,98,13.8
1739.5,0.245,0,99,13.8
1740.0,0.245,0,99,13.8
1740.5,0.245,0,100,14.4
1741.0,0.243,0,99,14.4
1741.5,0.243,0,99,13.200000000000001
1742.0,0.245,0,98,5.4
1742.5,0.245,0,99,5.4
1743.0,0.242,0,99,4.800000000000001
1743.5,0.242,0,99,4.800000000000001
1744.0,0.242,0,99,4.800000000000001
1744.5,0.242,0,99,4.800000000000001
1745.0,0.242,0,98,4.800000000000001
1745.5,0.242,0,98,4.800000000000001
1746.0,0.24,0,98,4.2
1746.5,0.24,0,97,1.8
1747.0,0.24,0,96,0.6000000000000001
1747.5,0.242,0,95,0.0
1748.0,0.242,0,96,0.0
1748.5,0.242,0,96,0.0
1749.0,0.242,0,97,0.0
1749.5,0.24,0,97,0.0
1750.0,0.24,0,98,0.0
1750.5,0.243,0,98,0.0
1751.0,0.243,0,98,0.0
1751.5,0.243,0,99,0.0
1752.0,0.243,0,98,0.0
1752.5,0.242,0,98,0.6000000000000001
1753.0,0.245,0,99,1.8
1753.5,0.245,0,99,1.8
1754.0,0.245,0,99,2.4000000000000004
1754.5,0.245,0,100,2.4000000000000004
1755.0,0.245,0,99,2.4000000000000004
1755.5,0.245,0,100,2.4000000000000004
1756.0,0.247,0,100,1.8
1756.5,0.247,0,100,1.8
1757.0,0.247,0,99,4.800000000000001
1757.5,0.247,0,97,9.600000000000001
1758.0,0.247,0,96,12.0
1758.5,0.247,0,97,13.8
1759.0,0.248,0,97,14.4
1759.5,0.248,0,98,14.4
1760.0,0.248,0,98,14.4
1760.5,0.247,0,98,13.8
1761.0,0.248,0,98,13.8
1761.5,0.248,0,99,13.8
1762.0,0.248,0,99,13.8
1762.5,0.248,0,99,14.4
1763.0,0.245,0,100,13.200000000000001
1763.5,0.245,0,99,13.8
1764.0,0.243,0,98,15.600000000000001
1764.5,0.245,0,98,17.400000000000002
1765.0,0.245,0,98,18.0
1765.5,0.245,0,99,18.0
1766.0,0.242,0,99,18.0
1766.5,0.242,0,99,18.0
1767.0,0.243,0,100,18.0
1767.5,0.248,0,100,18.6
1768.0,0.248,0,100,16.2
1768.5,0.248,0,99,13.8
1769.0,0.245,0,97,13.200000000000001
1769.5,0.245,0,97,13.8
1770.0,0.243,0,97,14.4
1770.5,0.248,0,98,14.4
1771.0,0.248,0,99,14.4
1771.5,0.248,0,99,14.4
1772.0,0.247,0,99,14.4
1772.5,0.247,0,99,14.4
1773.0,0.247,0,100,15.0
1773.5,0.25,0,100,13.8
1774.0,0.25,0,99,9.600000000000001
1774.5,0.25,0,99,7.800000000000001
1775.0,0.247,0,97,6.0
1775.5,0.247,0,98,5.4
1776.0,0.247,0,98,5.4
1776.5,0.247,0,99,5.4
1777.0,0.247,0,99,4.800000000000001
1777.5,0.247,0,98,4.800000000000001
1778.0,0.245,0,99,4.800000000000001
1778.5,0.243,0,98,5.4
1779.0,0.243,0,98,4.800000000000001
1779.5,0.243,0,98,2.4000000000000004
1780.0,0.243,0,97,0.6000000000000001
1780.5,0.243,0,96,0.0
1781.0,0.243,0,96,0.0
1781.5,0.242,0,97,0.0
1782.0,0.242,0,97,0.0
1782.5,0.242,0,98,0.0
1783.0,0.245,0,98,0.0
1783.5,0.245,0,99,0.0
1784.0,0.245,0,99,0.0
1784.5,0.243,0,99,0.0
1785.0,0.245,0,100,0.0
1785.5,0.247,0,98,0.6000000000000001
1786.0,0.247,0,98,1.8
1786.5,0.247,0,99,2.4000000000000004
1787.0,0.247,0,99,2.4000000000000004
1787.5,0.245,0,99,2.4000000000000004
1788.0,0.248,0,99,2.4000000000000004
1788.5,0.248,0,99,2.4000000000000004
1789.0,0.248,0,100,2.4000000000000004
1789.5,0.247,0,99,2.4000000000000004
1790.0,0.248,0,99,3.6
1790.5,0.248,0,96,9.600000000000001
1791.0,0.248,0,96,12.0
1791.5,0.247,0,97,13.8
1792.0,0.248,0,97,15.0
1792.5,0.248,0,98,15.0
1793.0,0.248,0,98,15.0
1793.5,0.248,0,99,14.4
1794.0,0.248,0,99,14.4
1794.5,0.248,0,99,13.8
1795.0,0.248,0,100,14.4
1795.5,0.247,0,100,15.0
1796.0,0.247,0,100,13.8
1796.5,0.247,0,99,13.8
1797.0,0.247,0,98,16.2
1797.5,0.243,0,98,17.400000000000002
1798.0,0.245,0,98,18.6
1798.5,0.245,0,99,18.6
1799.0,0.245,0,99,18.6
1799.5,0.245,0,99,18.6
1800.0,0.245,0,100,18.6
1800.5,0.245,0,100,19.200000000000003
1801.0,0.243,0,100,17.400000000000002
1801.5,0.242,0,99,14.4
1802.0,0.245,0,98,13.8
1802.5,0.245,0,97,14.4
1803.0,0.245,0,98,15.0
1803.5,0.245,0,98,15.0
1804.0,0.242,0,99,15.0
1804.5,0.242,0,100,15.0
1805.0,0.242,0,100,15.0
1805.5,0.247,0,100,15.0
1806.0,0.247,0,101,15.0
1806.5,0.247,0,101,13.8
1807.0,0.242,0,100,9.600000000000001
1807.5,0.242,0,99,9.0
1808.0,0.242,0,99,6.0
1808.5,0.245,0,99,5.4
1809.0,0.245,0,99,5.4
1809.5,0.245,0,100,5.4
1810.0,0.24,0,99,4.800000000000001
1810.5,0.24,0,99,4.800000000000001
1811.0,0.238,0,99,5.4
1811.5,0.242,0,98,5.4
1812.0,0.242,0,98,5.4
1812.5,0.242,0,98,2.4000000000000004
1813.0,0.237,0,96,0.6000000000000001
1813.5,0.234,0,96,0.0
1814.0,0.234,0,96,0.0
1814.5,0.238,0,97,0.0
1815.0,0.238,0,97,0.0
1815.5,0.238,0,98,0.0
1816.0,0.234,0,99,0.0
1816.5,0.232,0,99,0.0
1817.0,0.232,0,99,0.0
1817.5,0.234,0,100,0.0
1818.0,0.234,0,100,0.0
1818.5,0.234,0,99,1.2000000000000002
1819.0,0.232,0,100,2.4000000000000004
1819.5,0.23,0,100,2.4000000000000004
1820.0,0.23,0,101,2.4000000000000004
1820.5,0.234,0,102,2.4000000000000004
1821.0,0.234,0,102,2.4000000000000004
1821.5,0.234,0,102,2.4000000000000004
1822.0,0.23,0,102,2.4000000000000004
1822.5,0.229,0,102,2.4000000000000004
1823.0,0.227,0,100,6.0
1823.5,0.227,0,99,10.200000000000001
1824.0,0.227,0,98,12.600000000000001
1824.5,0.227,0,99,13.8
1825.0,0.227,0,100,13.8
1825.5,0.226,0,100,13.8
1826.0,0.226,0,100,13.8
1826.5,0.226,0,100,13.8
1827.0,0.224,0,101,13.8
1827.5,0.224,0,101,13.8
1828.0,0.224,0,101,13.8
1828.5,0.222,0,102,13.8
1829.0,0.222,0,102,13.200000000000001
1829.5,0.221,0,101,14.4
1830.0,0.221,0,100,16.2
1830.5,0.221,0,101,16.8
1831.0,0.219,0,101,17.400000000000002
1831.5,0.219,0,101,17.400000000000002
1832.0,0.216,0,102,17.400000000000002
1832.5,0.218,0,102,17.400000000000002
1833.0,0.218,0,103,17.400000000000002
1833.5,0.218,0,103,16.8
1834.0,0.216,0,102,13.8
1834.5,0.216,0,101,13.200000000000001
1835.0,0.214,0,100,13.8
1835.5,0.214,0,101,13.8
1836.0,0.214,0,101,13.8
1836.5,0.214,0,102,13.8
1837.0,0.214,0,102,13.200000000000001
1837.5,0.214,0,103,13.200000000000001
1838.0,0.214,0,103,13.200000000000001
1838.5,0.218,0,103,13.8
1839.0,0.218,0,103,11.4
1839.5,0.218,0,103,9.600000000000001
1840.0,0.216,0,102,6.0
1840.5,0.216,0,102,4.800000000000001
1841.0,0.216,0,102,4.800000000000001
1841.5,0.218,0,102,4.800000000000001
1842.0,0.218,0,102,4.800000000000001
1842.5,0.218,0,102,4.2
1843.0,0.218,0,102,4.2
1843.5,0.218,0,101,4.800000000000001
1844.0,0.216,0,101,4.800000000000001
1844.5,0.218,0,101,3.0
1845.0,0.218,0,100,1.2000000000000002
1845.5,0.218,0,99,0.0
1846.0,0.216,0,99,0.0
1846.5,0.216,0,99,0.0
1847.0,0.214,0,100,0.0
1847.5,0.218,0,100,0.0
1848.0,0.218,0,100,0.0
1848.5,0.219,0,101,0.0
1849.0,0.219,0,101,0.0
1849.5,0.219,0,101,0.0
1850.0,0.219,0,102,0.0
1850.5,0.221,0,100,0.6000000000000001
1851.0,0.221,0,100,1.2000000000000002
1851.5,0.222,0,100,1.8
1852.0,0.222,0,101,2.4000000000000004
1852.5,0.222,0,101,1.8
1853.0,0.222,0,101,1.8
1853.5,0.227,0,102,1.8
1854.0,0.227,0,102,1.8
1854.5,0.227,0,101,1.8
1855.0,0.224,0,101,4.2
1855.5,0.224,0,99,9.600000000000001
1856.0,0.222,0,98,10.8
1856.5,0.224,0,99,12.600000000000001
1857.0,0.224,0,99,13.8
1857.5,0.226,0,100,13.8
1858.0,0.226,0,100,13.200000000000001
1858.5,0.229,0,100,13.200000000000001
1859.0,0.229,0,100,13.200000000000001
1859.5,0.229,0,100,13.200000000000001
1860.0,0.227,0,101,13.200000000000001
1860.5,0.227,0,101,13.8
1861.0,0.227,0,101,12.600000000000001
1861.5,0.227,0,100,13.8
1862.0,0.226,0,99,15.600000000000001
1862.5,0.224,0,99,16.8
1863.0,0.224,0,100,17.400000000000002
1863.5,0.224,0,100,17.400000000000002
1864.0,0.224,0,100,16.8
1864.5,0.224,0,100,16.8
1865.0,0.224,0,101,17.400000000000002
1865.5,0.224,0,101,18.0
1866.0,0.224,0,101,15.0
1866.5,0.226,0,99,13.200000000000001
1867.0,0.226,0,98,13.200000000000001
1867.5,0.229,0,98,13.8
1868.0,0.229,0,98,13.8
1868.5,0.229,0,99,13.8
1869.0,0.229,0,99,13.8
1869.5,0.23,0,100,13.8
1870.0,0.23,0,101,13.8
1870.5,0.23,0,101,13.8
1871.0,0.229,0,101,14.4
1871.5,0.229,0,101,11.4
1872.0,0.229,0,100,9.600000000000001
1872.5,0.23,0,100,6.6000000000000005
1873.0,0.23,0,100,5.4
1873.5,0.23,0,100,5.4
1874.0,0.23,0,100,4.800000000000001
1874.5,0.23,0,100,4.800000000000001
1875.0,0.23,0,100,4.800000000000001
1875.5,0.234,0,100,4.800000000000001
1876.0,0.234,0,100,4.800000000000001
1876.5,0.234,0,99,5.4
1877.0,0.234,0,99,3.6
1877.5,0.23,0,98,1.2000000000000002
1878.0,0.23,0,97,0.0
1878.5,0.234,0,96,0.0
1879.0,0.234,0,97,0.0
1879.5,0.234,0,97,0.0
1880.0,0.234,0,98,0.0
1880.5,0.234,0,98,0.0
1881.0,0.234,0,99,0.0
1881.5,0.237,0,99,0.0
1882.0,0.237,0,99,0.0
1882.5,0.237,0,100,0.0
1883.0,0.237,0,98,0.0
1883.5,0.237,0,99,1.8
1884.0,0.237,0,100,2.4000000000000004
1884.5,0.238,0,100,2.4000000000000004
1885.0,0.238,0,100,2.4000000000000004
1885.5,0.238,0,100,2.4000000000000004
1886.0,0.237,0,100,1.8
1886.5,0.238,0,101,1.8
1887.0,0.238,0,100,3.0
1887.5,0.238,0,98,7.800000000000001
1888.0,0.238,0,97,10.8
1888.5,0.238,0,97,12.600000000000001
1889.0,0.238,0,98,13.8
1889.5,0.24,0,98,14.4
1890.0,0.242,0,98,14.4
1890.5,0.242,0,98,13.8
1891.0,0.242,0,99,13.8
1891.5,0.243,0,99,13.8
1892.0,0.245,0,99,13.8
1892.5,0.247,0,100,14.4
1893.0,0.247,0,100,14.4
1893.5,0.247,0,100,13.200000000000001
1894.0,0.247,0,98,15.0
1894.5,0.248,0,98,16.8
1895.0,0.248,0,98,17.400000000000002
1895.5,0.25,0,99,18.0
1896.0,0.25,0,99,18.6
1896.5,0.253,0,99,18.0
1897.0,0.253,0,99,18.0
1897.5,0.253,0,100,18.6
1898.0,0.253,0,100,18.6
1898.5,0.253,0,99,15.0
1899.0,0.25,0,97,13.8
1899.5,0.251,0,97,14.4
1900.0,0.251,0,97,15.0
1900.5,0.251,0,97,15.0
1901.0,0.255,0,97,15.0
1901.5,0.255,0,98,15.0
1902.0,0.255,0,99,15.0
1902.5,0.255,0,99,15.0
1903.0,0.255,0,99,15.0
1903.5,0.255,0,99,15.600000000000001
1904.0,0.258,0,99,12.0
1904.5,0.258,0,98,9.600000000000001
1905.0,0.258,0,97,6.6000000000000005
1905.5,0.258,0,97,6.0
1906.0,0.258,0,97,6.0
1906.5,0.258,0,98,5.4
1907.0,0.263,0,98,5.4
1907.5,0.263,0,97,5.4
1908.0,0.263,0,97,5.4
1908.5,0.258,0,97,5.4
1909.0,0.261,0,97,5.4
1909.5,0.261,0,97,4.2
1910.0,0.261,0,95,1.8
1910.5,0.261,0,94,0.0
1911.0,0.261,0,94,0.0
1911.5,0.259,0,94,0.0
1912.0,0.259,0,95,0.0
1912.5,0.259,0,96,0.0
1913.0,0.261,0,96,0.0
1913.5,0.261,0,97,0.0
1914.0,0.261,0,97,0.0
1914.5,0.261,0,98,0.0
1915.0,0.256,0,98,0.0
1915.5,0.256,0,98,0.0
1916.0,0.255,0,96,1.8
1916.5,0.256,0,97,2.4000000000000004
1917.0,0.256,0,97,2.4000000000000004
1917.5,0.256,0,98,3.0
1918.0,0.255,0,98,3.0
1918.5,0.255,0,99,3.0
1919.0,0.255,0,99,3.0
1919.5,0.258,0,99,2.4000000000000004
1920.0,0.258,0,99,2.4000000000000004
1920.5,0.258,0,97,4.800000000000001
1921.0,0.255,0,95,9.600000000000001
1921.5,0.255,0,95,12.600000000000001
1922.0,0.255,0,96,15.0
1922.5,0.256,0,97,15.600000000000001
1923.0,0.256,0,98,15.600000000000001
1923.5,0.256,0,98,15.600000000000001
1924.0,0.256,0,98,15.0
1924.5,0.256,0,99,15.0
1925.0,0.256,0,99,15.0
1925.5,0.256,0,99,15.0
1926.0,0.256,0,101,15.600000000000001
1926.5,0.256,0,101,13.8
1927.0,0.256,0,98,14.4
1927.5,0.256,0,98,16.8
1928.0,0.255,0,98,18.0
1928.5,0.255,0,99,18.6
1929.0,0.255,0,99,18.6
1929.5,0.255,0,99,18.6
1930.0,0.251,0,100,18.6
1930.5,0.251,0,100,19.200000000000003
1931.0,0.251,0,100,19.8
1931.5,0.253,0,100,18.0
1932.0,0.253,0,98,14.4
1932.5,0.253,0,97,13.8
1933.0,0.253,0,97,15.0
1933.5,0.253,0,97,15.600000000000001
1934.0,0.253,0,98,15.600000000000001
1934.5,0.25,0,99,15.600000000000001
1935.0,0.25,0,100,15.600000000000001
1935.5,0.25,0,100,15.0
1936.0,0.248,0,101,15.600000000000001
1936.5,0.248,0,101,15.600000000000001
1937.0,0.248,0,101,14.4
1937.5,0.247,0,100,9.600000000000001
1938.0,0.247,0,99,9.600000000000001
1938.5,0.247,0,99,6.6000000000000005
1939.0,0.248,0,99,6.0
1939.5,0.248,0,100,5.4
1940.0,0.248,0,100,5.4
1940.5,0.247,0,100,5.4
1941.0,0.245,0,100,5.4
1941.5,0.245,0,100,5.4
1942.0,0.247,0,99,5.4
1942.5,0.247,0,99,4.800000000000001
1943.0,0.247,0,98,2.4000000000000004
1943.5,0.243,0,97,0.0
1944.0,0.245,0,96,0.0
1944.5,0.245,0,97,0.0
1945.0,0.25,0,98,0.0
1945.5,0.25,0,98,0.0
1946.0,0.25,0,98,0.0
1946.5,0.248,0,99,0.0
1947.0,0.247,0,99,0.0
1947.5,0.247,0,100,0.0
1948.0,0.248,0,100,0.0
1948.5,0.248,0,98,0.0
1949.0,0.248,0,99,1.8
1949.5,0.25,0,99,1.8
1950.0,0.25,0,99,2.4000000000000004
1950.5,0.25,0,100,2.4000000000000004
1951.0,0.253,0,101,2.4000000000000004
1951.5,0.253,0,101,2.4000000000000004
1952.0,0.253,0,101,2.4000000000000004
1952.5,0.253,0,101,2.4000000000000004
1953.0,0.253,0,100,3.0
1953.5,0.253,0,98,5.4
1954.0,0.255,0,97,9.600000000000001
1954.5,0.255,0,97,12.600000000000001
1955.0,0.255,0,97,14.4
1955.5,0.255,0,97,15.0
1956.0,0.261,0,98,15.0
1956.5,0.259,0,99,14.4
1957.0,0.259,0,98,15.0
1957.5,0.259,0,97,17.400000000000002
1958.0,0.259,0,97,18.6
1958.5,0.259,0,98,19.8
1959.0,0.259,0,98,19.8
1959.5,0.259,0,99,19.8
1960.0,0.259,0,99,19.8
1960.5,0.263,0,100,20.400000000000002
1961.0,0.263,0,100,20.400000000000002
1961.5,0.263,0,100,16.8
1962.0,0.259,0,98,14.4
1962.5,0.259,0,97,15.0
1963.0,0.258,0,97,15.600000000000001
1963.5,0.258,0,97,16.2
1964.0,0.258,0,98,15.600000000000001
1964.5,0.258,0,98,15.600000000000001
1965.0,0.258,0,99,15.600000000000001
1965.5,0.258,0,99,15.600000000000001
1966.0,0.259,0,100,16.2
1966.5,0.259,0,100,16.2
1967.0,0.259,0,99,13.8
1967.5,0.259,0,98,9.600000000000001
1968.0,0.261,0,97,9.0
1968.5,0.261,0,98,6.0
1969.0,0.261,0,98,6.0
1969.5,0.264,0,98,5.4
1970.0,0.264,0,98,5.4
1970.5,0.264,0,98,5.4
1971.0,0.263,0,98,5.4
1971.5,0.266,0,98,5.4
1972.0,0.266,0,97,5.4
1972.5,0.266,0,97,4.800000000000001
1973.0,0.266,0,95,2.4000000000000004
1973.5,0.266,0,94,0.6000000000000001
1974.0,0.266,0,94,0.0
1974.5,0.266,0,94,0.0
1975.0,0.267,0,95,0.0
1975.5,0.267,0,96,0.0
1976.0,0.269,0,96,0.0
1976.5,0.269,0,97,0.0
1977.0,0.269,0,97,0.0
1977.5,0.271,0,97,0.0
1978.0,0.271,0,98,0.0
1978.5,0.271,0,98,0.0
1979.0,0.271,0,96,1.2000000000000002
1979.5,0.271,0,97,1.8
1980.0,0.271,0,97,3.0
1980.5,0.271,0,97,3.0
1981.0,0.272,0,98,3.0
1981.5,0.272,0,98,3.0
1982.0,0.274,0,98,3.0
1982.5,0.274,0,99,3.0
1983.0,0.274,0,99,3.0
1983.5,0.274,0,98,4.800000000000001
1984.0,0.274,0,95,10.200000000000001
1984.5,0.274,0,95,12.600000000000001
1985.0,0.272,0,95,15.0
1985.5,0.274,0,96,16.2
1986.0,0.274,0,97,16.8
1986.5,0.274,0,97,16.8
1987.0,0.276,0,97,16.2
1987.5,0.276,0,98,16.2
1988.0,0.276,0,98,16.2
1988.5,0.276,0,99,16.2
1989.0,0.274,0,99,16.8
1989.5,0.274,0,100,15.600000000000001
1990.0,0.274,0,99,16.2
1990.5,0.274,0,97,18.0
1991.0,0.274,0,97,19.200000000000003
1991.5,0.272,0,97,19.8
1992.0,0.272,0,98,20.400000000000002
1992.5,0.272,0,98,20.400000000000002
1993.0,0.272,0,98,20.400000000000002
1993.5,0.272,0,99,21.0
1994.0,0.271,0,99,21.0
1994.5,0.271,0,99,21.6
1995.0,0.271,0,99,16.8
1995.5,0.272,0,96,15.600000000000001
1996.0,0.272,0,96,16.2
1996.5,0.272,0,96,16.8
1997.0,0.271,0,97,16.8
1997.5,0.271,0,98,16.8
1998.0,0.271,0,98,16.8
1998.5,0.272,0,99,16.8
1999.0,0.272,0,99,16.8
1999.5,0.272,0,100,16.8
2000.0,0.272,0,100,16.8
2000.5,0.272,0,99,13.200000000000001
2001.0,0.272,0,98,9.600000000000001
2001.5,0.272,0,98,9.600000000000001
2002.0,0.272,0,98,6.6000000000000005
2002.5,0.272,0,98,6.0
2003.0,0.272,0,98,6.0
2003.5,0.272,0,98,6.0
2004.0,0.272,0,99,6.0
2004.5,0.272,0,98,5.4
2005.0,0.276,0,98,6.0
2005.5,0.276,0,98,6.0
2006.0,0.276,0,98,3.0
2006.5,0.272,0,95,1.8
2007.0,0.272,0,95,0.6000000000000001
2007.5,0.272,0,94,0.0
2008.0,0.274,0,95,0.0
2008.5,0.274,0,96,0.0
2009.0,0.274,0,96,0.0
2009.5,0.271,0,97,0.0
2010.0,0.272,0,98,0.0
2010.5,0.272,0,98,0.0
2011.0,0.272,0,99,0.0
2011.5,0.272,0,99,0.0
2012.0,0.271,0,98,0.6000000000000001
2012.5,0.267,0,97,1.8
2013.0,0.267,0,98,2.4000000000000004
2013.5,0.267,0,98,3.0
2014.0,0.267,0,99,3.0
2014.5,0.267,0,99,3.0
2015.0,0.266,0,100,3.0
2015.5,0.266,0,100,3.0
2016.0,0.264,0,100,3.0
2016.5,0.264,0,100,3.0
2017.0,0.264,0,98,7.800000000000001
2017.5,0.264,0,96,12.600000000000001
2018.0,0.264,0,97,15.0
2018.5,0.263,0,97,16.2
2019.0,0.263,0,98,16.8
2019.5,0.263,0,99,16.8
2020.0,0.263,0,100,16.8
2020.5,0.263,0,100,16.2
2021.0,0.261,0,101,16.2
2021.5,0.261,0,101,15.600000000000001
2022.0,0.261,0,101,16.2
2022.5,0.261,0,102,16.2
2023.0,0.261,0,101,14.4
2023.5,0.261,0,100,16.2
2024.0,0.259,0,100,18.6
2024.5,0.259,0,100,19.200000000000003
2025.0,0.259,0,101,19.8
2025.5,0.259,0,101,20.400000000000002
2026.0,0.259,0,101,19.8
2026.5,0.259,0,102,20.400000000000002
2027.0,0.259,0,102,20.400000000000002
2027.5,0.259,0,102,18.0
2028.0,0.259,0,100,15.600000000000001
2028.5,0.259,0,99,14.4
2029.0,0.259,0,98,15.0
2029.5,0.259,0,98,16.2
2030.0,0.259,0,99,16.2
2030.5,0.261,0,99,16.2
2031.0,0.261,0,100,16.2
2031.5,0.261,0,101,16.2
2032.0,0.264,0,101,16.2
2032.5,0.264,0,101,16.8
2033.0,0.264,0,101,16.8
2033.5,0.266,0,100,10.200000000000001
2034.0,0.266,0,99,9.600000000000001
2034.5,0.266,0,99,8.4
2035.0,0.269,0,100,6.6000000000000005
2035.5,0.269,0,100,6.0
2036.0,0.269,0,100,6.0
2036.5,0.269,0,100,6.0
2037.0,0.269,0,100,6.0
2037.5,0.269,0,99,6.0
2038.0,0.269,0,99,6.0
2038.5,0.269,0,99,6.0
2039.0,0.269,0,98,3.0
2039.5,0.269,0,96,0.6000000000000001
2040.0,0.269,0,96,0.0
2040.5,0.269,0,96,0.0
2041.0,0.269,0,97,0.0
2041.5,0.269,0,98,0.0
2042.0,0.269,0,98,0.0
2042.5,0.271,0,99,0.0
2043.0,0.271,0,99,0.0
2043.5,0.272,0,99,0.0
2044.0,0.272,0,99,0.0
2044.5,0.274,0,99,0.0
2045.0,0.274,0,98,1.2000000000000002
2045.5,0.276,0,98,2.4000000000000004
2046.0,0.276,0,98,3.0
2046.5,0.276,0,99,3.0
2047.0,0.274,0,100,3.0
2047.5,0.274,0,99,3.6
2048.0,0.274,0,100,3.0
2048.5,0.279,0,100,3.0
2049.0,0.279,0,100,3.0
2049.5,0.279,0,98,5.4
2050.0,0.277,0,96,10.200000000000001
2050.5,0.277,0,96,13.8
2051.0,0.277,0,97,16.2
2051.5,0.28,0,97,16.8
2052.0,0.282,0,98,16.8
2052.5,0.282,0,99,16.8
2053.0,0.282,0,99,16.8
2053.5,0.282,0,99,16.2
2054.0,0.282,0,99,16.8
2054.5,0.282,0,99,16.8
2055.0,0.288,0,100,16.8
2055.5,0.288,0,100,15.0
2056.0,0.288,0,98,16.2
2056.5,0.285,0,97,18.0
2057.0,0.285,0,98,19.8
2057.5,0.284,0,98,21.0
2058.0,0.287,0,98,21.6
2058.5,0.287,0,99,21.6
2059.0,0.287,0,99,21.6
2059.5,0.285,0,99,21.6
2060.0,0.285,0,100,22.200000000000003
2060.5,0.284,0,100,19.8
2061.0,0.285,0,98,16.2
2061.5,0.285,0,97,16.2
2062.0,0.285,0,96,16.8
2062.5,0.284,0,96,17.400000000000002
2063.0,0.284,0,97,17.400000000000002
2063.5,0.284,0,98,17.400000000000002
2064.0,0.287,0,99,17.400000000000002
2064.5,0.287,0,100,17.400000000000002
2065.0,0.29,0,100,17.400000000000002
2065.5,0.29,0,100,17.400000000000002
2066.0,0.29,0,100,16.8
2066.5,0.29,0,99,11.4
2067.0,0.29,0,98,9.600000000000001
2067.5,0.29,0,98,8.4
2068.0,0.29,0,98,7.2
2068.5,0.29,0,98,6.6000000000000005
2069.0,0.29,0,99,6.0
2069.5,0.29,0,99,6.0
2070.0,0.29,0,98,6.0
2070.5,0.29,0,98,6.6000000000000005
2071.0,0.29,0,98,6.6000000000000005
2071.5,0.29,0,98,6.0
2072.0,0.29,0,97,3.0
2072.5,0.29,0,95,1.2000000000000002
2073.0,0.288,0,95,0.0
2073.5,0.288,0,97,0.0
2074.0,0.288,0,97,0.0
2074.5,0.288,0,97,0.0
2075.0,0.288,0,98,0.0
2075.5,0.29,0,98,0.0
2076.0,0.29,0,99,0.0
2076.5,0.29,0,98,0.0
2077.0,0.29,0,97,1.2000000000000002
2077.5,0.29,0,97,2.4000000000000004
2078.0,0.288,0,98,3.0
2078.5,0.29,0,98,3.6
2079.0,0.29,0,99,3.6
2079.5,0.292,0,99,3.6
2080.0,0.292,0,99,3.6
2080.5,0.292,0,99,3.0
2081.0,0.29,0,99,3.6
2081.5,0.29,0,98,6.0
2082.0,0.292,0,96,9.600000000000001
2082.5,0.292,0,95,13.200000000000001
2083.0,0.293,0,96,16.2
2083.5,0.293,0,96,17.400000000000002
2084.0,0.293,0,97,18.0
2084.5,0.29,0,98,18.0
2085.0,0.29,0,98,17.400000000000002
2085.5,0.29,0,99,17.400000000000002
2086.0,0.293,0,99,16.8
2086.5,0.293,0,100,17.400000000000002
2087.0,0.293,0,100,17.400000000000002
2087.5,0.29,0,100,16.2
2088.0,0.29,0,101,16.8
2088.5,0.288,0,98,18.0
2089.0,0.292,0,98,20.400000000000002
2089.5,0.292,0,99,21.6
2090.0,0.292,0,99,22.200000000000003
2090.5,0.288,0,100,21.6
2091.0,0.292,0,101,21.6
2091.5,0.292,0,101,22.200000000000003
2092.0,0.295,0,101,22.200000000000003
2092.5,0.295,0,101,21.6
2093.0,0.295,0,100,16.8
2093.5,0.29,0,98,16.2
2094.0,0.288,0,98,16.8
2094.5,0.287,0,99,16.8
2095.0,0.292,0,99,17.400000000000002
2095.5,0.292,0,100,17.400000000000002
2096.0,0.292,0,100,17.400000000000002
2096.5,0.287,0,100,17.400000000000002
2097.0,0.287,0,101,17.400000000000002
2097.5,0.287,0,101,17.400000000000002
2098.0,0.285,0,101,17.400000000000002
2098.5,0.285,0,100,11.4
2099.0,0.285,0,99,9.600000000000001
2099.5,0.284,0,99,9.0
2100.0,0.284,0,100,7.2
2100.5,0.284,0,100,6.6000000000000005
2101.0,0.285,0,100,6.6000000000000005
2101.5,0.285,0,100,6.0
2102.0,0.285,0,100,6.0
2102.5,0.28,0,100,6.6000000000000005
2103.0,0.282,0,100,6.6000000000000005
2103.5,0.284,0,100,4.800000000000001
2104.0,0.284,0,98,3.0
2104.5,0.284,0,97,1.2000000000000002
2105.0,0.284,0,96,0.0
2105.5,0.284,0,97,0.0
2106.0,0.284,0,97,0.0
2106.5,0.284,0,98,0.0
2107.0,0.287,0,99,0.0
2107.5,0.287,0,99,0.0
2108.0,0.287,0,99,0.0
2108.5,0.285,0,100,0.0
2109.0,0.284,0,100,0.0
2109.5,0.284,0,99,0.6000000000000001
2110.0,0.284,0,98,1.8
2110.5,0.282,0,99,3.0
2111.0,0.282,0,99,3.0
2111.5,0.28,0,100,3.6
2112.0,0.28,0,100,3.6
2112.5,0.28,0,101,3.0
2113.0,0.28,0,101,3.0
2113.5,0.28,0,101,3.0
2114.0,0.28,0,101,3.0
2114.5,0.28,0,98,7.2
2115.0,0.279,0,97,11.4
2115.5,0.279,0,97,15.600000000000001
2116.0,0.279,0,98,16.8
2116.5,0.279,0,99,17.400000000000002
2117.0,0.277,0,99,17.400000000000002
2117.5,0.277,0,100,16.8
2118.0,0.277,0,100,16.8
2118.5,0.277,0,101,16.8
2119.0,0.276,0,101,16.8
2119.5,0.276,0,101,16.8
2120.0,0.276,0,102,16.8
2120.5,0.276,0,102,15.0
2121.0,0.276,0,101,16.8
2121.5,0.276,0,100,19.200000000000003
2122.0,0.272,0,100,20.400000000000002
2122.5,0.272,0,101,20.400000000000002
2123.0,0.272,0,101,20.400000000000002
2123.5,0.272,0,101,20.400000000000002
2124.0,0.272,0,102,21.0
2124.5,0.272,0,102,21.0
2125.0,0.267,0,102,19.200000000000003
2125.5,0.267,0,101,16.2
2126.0,0.267,0,100,15.0
2126.5,0.267,0,99,15.600000000000001
2127.0,0.266,0,100,16.2
2127.5,0.266,0,100,16.8
2128.0,0.263,0,101,16.8
2128.5,0.263,0,102,16.8
2129.0,0.264,0,102,16.8
2129.5,0.264,0,102,16.8
2130.0,0.264,0,104,16.8
2130.5,0.264,0,103,16.2
2131.0,0.261,0,102,9.600000000000001
2131.5,0.259,0,101,9.600000000000001
2132.0,0.263,0,102,7.800000000000001
2132.5,0.263,0,102,6.6000000000000005
2133.0,0.263,0,102,6.0
2133.5,0.263,0,103,5.4
2134.0,0.261,0,102,5.4
2134.5,0.261,0,102,5.4
2135.0,0.261,0,102,6.0
2135.5,0.261,0,101,6.0
2136.0,0.261,0,101,4.800000000000001
2136.5,0.261,0,100,2.4000000000000004
2137.0,0.256,0,99,0.6000000000000001
2137.5,0.256,0,98,0.0
2138.0,0.258,0,99,0.0
2138.5,0.258,0,100,0.0
2139.0,0.258,0,100,0.0
2139.5,0.258,0,101,0.0
2140.0,0.253,0,101,0.0
2140.5,0.251,0,102,0.0
2141.0,0.253,0,102,0.0
2141.5,0.253,0,102,0.0
2142.0,0.253,0,101,1.2000000000000002
2142.5,0.253,0,101,2.4000000000000004
2143.0,0.25,0,102,3.0
2143.5,0.248,0,102,3.0
2144.0,0.248,0,103,3.0
2144.5,0.248,0,103,3.0
2145.0,0.248,0,103,3.0
2145.5,0.248,0,104,3.0
2146.0,0.245,0,104,3.0
2146.5,0.245,0,103,6.0
2147.0,0.245,0,101,10.200000000000001
2147.5,0.245,0,101,13.200000000000001
2148.0,0.25,0,101,15.0
2148.5,0.25,0,102,15.600000000000001
2149.0,0.25,0,102,15.600000000000001
2149.5,0.25,0,103,15.0
2150.0,0.251,0,102,15.0
2150.5,0.251,0,103,15.0
2151.0,0.251,0,103,15.0
2151.5,0.251,0,103,15.600000000000001
2152.0,0.251,0,103,14.4
2152.5,0.251,0,104,13.8
2153.0,0.251,0,102,15.600000000000001
2153.5,0.251,0,101,17.400000000000002
2154.0,0.253,0,101,18.6
2154.5,0.253,0,102,19.200000000000003
2155.0,0.253,0,102,19.200000000000003
2155.5,0.253,0,102,19.200000000000003
2156.0,0.255,0,103,19.200000000000003
2156.5,0.255,0,103,19.8
2157.0,0.256,0,103,18.0
2157.5,0.256,0,101,14.4
2158.0,0.256,0,100,14.4
2158.5,0.255,0,100,15.0
2159.0,0.256,0,100,15.600000000000001
2159.5,0.256,0,101,15.600000000000001
2160.0,0.258,0,102,15.600000000000001
2160.5,0.258,0,102,15.600000000000001
2161.0,0.258,0,103,15.600000000000001
2161.5,0.256,0,104,15.600000000000001
2162.0,0.259,0,103,16.2
2162.5,0.259,0,103,13.200000000000001
2163.0,0.261,0,102,9.600000000000001
2163.5,0.261,0,100,9.0
2164.0,0.261,0,101,6.6000000000000005
2164.5,0.261,0,101,6.0
2165.0,0.264,0,101,6.0
2165.5,0.264,0,101,5.4
2166.0,0.266,0,100,5.4
2166.5,0.266,0,101,5.4
2167.0,0.266,0,100,5.4
2167.5,0.266,0,100,5.4
2168.0,0.269,0,100,3.6
2168.5,0.269,0,99,1.8
2169.0,0.269,0,97,0.6000000000000001
2169.5,0.267,0,96,0.0
2170.0,0.267,0,97,0.0
2170.5,0.266,0,98,0.0
2171.0,0.267,0,98,0.0
2171.5,0.267,0,99,0.0
2172.0,0.267,0,99,0.0
2172.5,0.267,0,99,0.0
2173.0,0.267,0,100,0.0
2173.5,0.267,0,100,0.0
2174.0,0.266,0,99,0.6000000000000001
2174.5,0.266,0,98,1.8
2175.0,0.264,0,99,3.0
2175.5,0.264,0,99,3.0
2176.0,0.264,0,100,3.0
2176.5,0.264,0,100,3.0
2177.0,0.264,0,100,3.0
2177.5,0.264,0,101,3.0
2178.0,0.267,0,101,3.0
2178.5,0.267,0,101,4.2
2179.0,0.267,0,99,9.600000000000001
2179.5,0.267,0,97,12.0
2180.0,0.266,0,98,14.4
2180.5,0.266,0,98,15.600000000000001
2181.0,0.269,0,99,16.2
2181.5,0.269,0,99,15.600000000000001
2182.0,0.269,0,100,15.600000000000001
2182.5,0.269,0,100,15.600000000000001
2183.0,0.269,0,100,15.600000000000001
2183.5,0.269,0,101,15.600000000000001
2184.0,0.271,0,101,16.2
2184.5,0.271,0,101,14.4
2185.0,0.271,0,101,15.0
2185.5,0.271,0,100,16.8
2186.0,0.271,0,99,18.6
2186.5,0.271,0,99,19.200000000000003
2187.0,0.274,0,99,19.8
2187.5,0.274,0,100,20.400000000000002
2188.0,0.274,0,101,19.8
2188.5,0.276,0,101,20.400000000000002
2189.0,0.276,0,101,20.400000000000002
2189.5,0.276,0,101,18.6
2190.0,0.277,0,99,15.0
2190.5,0.277,0,98,15.0
2191.0,0.277,0,97,15.600000000000001
2191.5,0.277,0,98,16.2
2192.0,0.277,0,98,16.8
2192.5,0.277,0,99,16.8
2193.0,0.279,0,100,16.2
2193.5,0.279,0,100,16.2
2194.0,0.279,0,101,16.8
2194.5,0.279,0,101,16.8
2195.0,0.279,0,100,15.0
2195.5,0.279,0,100,10.8
2196.0,0.277,0,99,9.600000000000001
2196.5,0.282,0,98,7.2
2197.0,0.282,0,99,6.6000000000000005
2197.5,0.282,0,99,6.0
2198.0,0.282,0,98,6.0
2198.5,0.282,0,98,6.0
2199.0,0.28,0,99,6.0
2199.5,0.288,0,98,6.0
2200.0,0.288,0,98,6.0
2200.5,0.288,0,97,5.4
2201.0,0.285,0,96,3.0
2201.5,0.285,0,95,1.2000000000000002
2202.0,0.282,0,94,0.0
2202.5,0.287,0,94,0.0
2203.0,0.287,0,95,0.0
2203.5,0.287,0,96,0.0
2204.0,0.287,0,95,0.0
2204.5,0.287,0,96,0.0
2205.0,0.287,0,97,0.0
2205.5,0.288,0,97,0.0
2206.0,0.29,0,98,0.0
2206.5,0.29,0,98,0.0
2207.0,0.29,0,97,1.2000000000000002
2207.5,0.288,0,97,2.4000000000000004
2208.0,0.288,0,97,3.0
2208.5,0.288,0,97,3.0
2209.0,0.292,0,98,3.0
2209.5,0.292,0,98,3.6
2210.0,0.292,0,98,3.0
2210.5,0.292,0,98,3.0
2211.0,0.292,0,98,3.0
2211.5,0.288,0,98,3.6
2212.0,0.288,0,96,9.600000000000001
2212.5,0.288,0,94,12.600000000000001
2213.0,0.29,0,94,15.600000000000001
2213.5,0.29,0,95,17.400000000000002
2214.0,0.29,0,96,18.0
2214.5,0.29,0,97,18.0
2215.0,0.292,0,97,17.400000000000002
2215.5,0.292,0,98,17.400000000000002
2216.0,0.293,0,98,16.8
2216.5,0.293,0,99,16.8
2217.0,0.293,0,99,17.400000000000002
2217.5,0.293,0,99,16.8
2218.0,0.293,0,99,15.600000000000001
2218.5,0.293,0,98,17.400000000000002
2219.0,0.295,0,97,19.8
2219.5,0.295,0,97,21.0
2220.0,0.295,0,98,21.6
2220.5,0.295,0,99,21.6
2221.0,0.293,0,99,21.6
2221.5,0.293,0,99,21.6
2222.0,0.292,0,100,21.6
2222.5,0.295,0,100,22.200000000000003
2223.0,0.295,0,99,17.400000000000002
2223.5,0.295,0,98,16.2
2224.0,0.292,0,97,16.2
2224.5,0.29,0,97,16.8
2225.0,0.29,0,97,17.400000000000002
2225.5,0.293,0,98,17.400000000000002
2226.0,0.293,0,99,17.400000000000002
2226.5,0.293,0,99,17.400000000000002
2227.0,0.292,0,100,17.400000000000002
2227.5,0.292,0,101,17.400000000000002
2228.0,0.292,0,101,18.0
2228.5,0.292,0,100,13.8
2229.0,0.292,0,100,10.200000000000001
2229.5,0.292,0,98,9.600000000000001
2230.0,0.29,0,98,8.4
2230.5,0.29,0,99,6.6000000000000005
2231.0,0.29,0,99,6.6000000000000005
2231.5,0.295,0,99,6.0
2232.0,0.295,0,99,6.0
2232.5,0.295,0,99,6.0
2233.0,0.292,0,99,6.0
2233.5,0.292,0,99,6.0
2234.0,0.288,0,99,5.4
2234.5,0.29,0,97,1.8
2235.0,0.29,0,96,0.6000000000000001
2235.5,0.29,0,95,0.0
2236.0,0.287,0,96,0.0
2236.5,0.287,0,97,0.0
2237.0,0.287,0,98,0.0
2237.5,0.288,0,98,0.0
2238.0,0.288,0,99,0.0
2238.5,0.288,0,99,0.0
2239.0,0.288,0,98,0.0
2239.5,0.285,0,99,0.0
2240.0,0.285,0,99,0.6000000000000001
2240.5,0.285,0,98,1.8
2241.0,0.287,0,98,3.0
2241.5,0.287,0,99,3.6
2242.0,0.287,0,99,3.6
2242.5,0.284,0,100,3.6
2243.0,0.284,0,100,3.6
2243.5,0.284,0,100,3.0
2244.0,0.288,0,101,3.0
2244.5,0.288,0,100,3.6
2245.0,0.288,0,98,9.600000000000001
2245.5,0.282,0,96,12.0
2246.0,0.28,0,97,15.0
2246.5,0.28,0,98,16.8
2247.0,0.28,0,98,16.8
2247.5,0.28,0,99,16.8
2248.0,0.28,0,99,16.8
2248.5,0.277,0,99,16.8
2249.0,0.277,0,100,16.8
2249.5,0.276,0,100,16.8
2250.0,0.277,0,101,16.8
2250.5,0.277,0,101,16.8
2251.0,0.277,0,101,15.600000000000001
2251.5,0.276,0,99,17.400000000000002
2252.0,0.279,0,99,19.200000000000003
2252.5,0.279,0,100,20.400000000000002
2253.0,0.279,0,100,21.0
2253.5,0.279,0,100,21.0
2254.0,0.28,0,101,20.400000000000002
2254.5,0.28,0,101,21.0
2255.0,0.28,0,101,21.0
2255.5,0.28,0,102,21.0
2256.0,0.284,0,101,17.400000000000002
2256.5,0.284,0,99,15.600000000000001
2257.0,0.284,0,98,16.2
2257.5,0.282,0,99,16.8
2258.0,0.284,0,99,16.8
2258.5,0.284,0,100,16.8
2259.0,0.287,0,101,16.8
2259.5,0.287,0,101,16.8
2260.0,0.288,0,102,16.8
2260.5,0.288,0,102,16.8
2261.0,0.288,0,102,16.2
2261.5,0.288,0,101,10.8
2262.0,0.287,0,100,9.600000000000001
2262.5,0.287,0,99,9.0
2263.0,0.29,0,100,6.6000000000000005
2263.5,0.29,0,100,6.6000000000000005
2264.0,0.29,0,100,6.0
2264.5,0.29,0,100,6.0
2265.0,0.29,0,100,6.0
2265.5,0.29,0,100,6.0
2266.0,0.292,0,99,6.0
2266.5,0.292,0,99,5.4
2267.0,0.292,0,98,3.0
2267.5,0.292,0,96,1.2000000000000002
2268.0,0.29,0,96,0.0
2268.5,0.29,0,97,0.0
2269.0,0.293,0,97,0.0
2269.5,0.293,0,98,0.0
2270.0,0.293,0,98,0.0
2270.5,0.293,0,99,0.0
2271.0,0.292,0,99,0.0
2271.5,0.292,0,100,0.0
2272.0,0.295,0,101,0.0
2272.5,0.295,0,100,0.0
2273.0,0.295,0,98,1.8
2273.5,0.295,0,99,2.4000000000000004
2274.0,0.29,0,100,3.0
2274.5,0.29,0,100,3.0
2275.0,0.292,0,100,3.0
2275.5,0.292,0,100,3.0
2276.0,0.292,0,100,3.0
2276.5,0.292,0,100,3.0
2277.0,0.288,0,100,3.0
2277.5,0.29,0,98,7.2
2278.0,0.292,0,96,11.4
2278.5,0.293,0,95,14.4
2279.0,0.293,0,96,16.8
2279.5,0.293,0,97,17.400000000000002
2280.0,0.295,0,97,17.400000000000002
2280.5,0.295,0,98,17.400000000000002
2281.0,0.295,0,98,17.400000000000002
2281.5,0.296,0,99,16.8
2282.0,0.296,0,99,16.8
2282.5,0.298,0,99,16.8
2283.0,0.298,0,100,17.400000000000002
2283.5,0.298,0,100,15.600000000000001
2284.0,0.298,0,99,16.8
2284.5,0.3,0,98,19.200000000000003
2285.0,0.3,0,97,21.0
2285.5,0.3,0,98,21.6
2286.0,0.3,0,99,22.200000000000003
2286.5,0.3,0,99,22.200000000000003
2287.0,0.3,0,99,22.200000000000003
2287.5,0.301,0,100,22.200000000000003
2288.0,0.301,0,100,22.8
2288.5,0.301,0,100,19.200000000000003
2289.0,0.3,0,97,16.2
2289.5,0.3,0,97,16.8
2290.0,0.301,0,96,17.400000000000002
2290.5,0.305,0,97,18.0
2291.0,0.305,0,98,18.0
2291.5,0.305,0,98,18.0
2292.0,0.303,0,99,18.0
2292.5,0.305,0,99,18.0
2293.0,0.305,0,100,18.0
2293.5,0.308,0,100,18.6
2294.0,0.308,0,100,15.600000000000001
2294.5,0.308,0,100,10.8
2295.0,0.308,0,97,9.600000000000001
2295.5,0.308,0,97,9.600000000000001
2296.0,0.308,0,99,7.2
2296.5,0.308,0,98,6.6000000000000005
2297.0,0.308,0,99,6.6000000000000005
2297.5,0.308,0,99,6.6000000000000005
2298.0,0.305,0,99,6.6000000000000005
2298.5,0.305,0,99,6.6000000000000005
2299.0,0.305,0,99,6.6000000000000005
2299.5,0.303,0,99,5.4
2300.0,0.301,0,98,2.4000000000000004
2300.5,0.301,0,97,1.2000000000000002
2301.0,0.3,0,96,0.0
2301.5,0.301,0,96,0.0
2302.0,0.301,0,97,0.0
2302.5,0.301,0,98,0.0
2303.0,0.301,0,98,0.0
2303.5,0.3,0,99,0.0
2304.0,0.303,0,99,0.0
2304.5,0.303,0,101,3.6
2305.0,0.303,0,99,8.4
2305.5,0.303,0,97,12.0
2306.0,0.301,0,97,15.0
2306.5,0.301,0,97,16.8
2307.0,0.301,0,98,17.400000000000002
2307.5,0.303,0,98,17.400000000000002
2308.0,0.303,0,99,17.400000000000002
2308.5,0.303,0,99,16.8
2309.0,0.303,0,100,16.8
2309.5,0.303,0,100,16.8
2310.0,0.303,0,100,17.400000000000002
2310.5,0.306,0,100,17.400000000000002
2311.0,0.306,0,100,16.2
2311.5,0.306,0,99,18.0
2312.0,0.306,0,98,19.8
2312.5,0.306,0,98,21.6
2313.0,0.306,0,99,22.200000000000003
2313.5,0.306,0,99,22.200000000000003
2314.0,0.306,0,99,22.200000000000003
2314.5,0.306,0,100,22.200000000000003
2315.0,0.306,0,100,22.8
2315.5,0.306,0,100,23.400000000000002
2316.0,0.306,0,100,18.0
2316.5,0.308,0,97,16.2
2317.0,0.308,0,96,16.8
2317.5,0.308,0,97,17.400000000000002
2318.0,0.308,0,97,18.0
2318.5,0.308,0,98,18.0
2319.0,0.308,0,98,18.6
2319.5,0.306,0,99,18.0
2320.0,0.309,0,100,18.0
2320.5,0.309,0,100,18.6
2321.0,0.309,0,100,18.6
2321.5,0.308,0,100,15.0
2322.0,0.308,0,98,10.200000000000001
2322.5,0.308,0,97,9.600000000000001
2323.0,0.313,0,97,9.600000000000001
2323.5,0.313,0,98,7.800000000000001
2324.0,0.313,0,98,6.6000000000000005
2324.5,0.308,0,98,6.6000000000000005
2325.0,0.308,0,99,6.6000000000000005
2325.5,0.308,0,99,6.6000000000000005
2326.0,0.308,0,99,6.6000000000000005
2326.5,0.308,0,99,7.2
2327.0,0.308,0,98,5.4
2327.5,0.306,0,97,2.4000000000000004
2328.0,0.306,0,95,0.6000000000000001
2328.5,0.306,0,95,0.0
2329.0,0.309,0,95,0.0
2329.5,0.309,0,96,0.0
2330.0,0.309,0,97,0.0
2330.5,0.306,0,97,0.0
2331.0,0.306,0,98,0.0
2331.5,0.306,0,98,0.0
2332.0,0.308,0,98,0.0
2332.5,0.309,0,100,0.0
2333.0,0.309,0,98,0.0
2333.5,0.309,0,97,1.8
2334.0,0.309,0,98,3.0
2334.5,0.311,0,98,3.6
2335.0,0.313,0,99,3.6
2335.5,0.317,0,99,3.6
2336.0,0.317,0,99,3.6
2336.5,0.317,0,99,3.6
2337.0,0.317,0,99,3.6
2337.5,0.319,0,98,3.6
2338.0,0.319,0,97,7.2
2338.5,0.324,0,94,12.0
2339.0,0.324,0,93,15.600000000000001
2339.5,0.327,0,94,18.0
2340.0,0.327,0,94,19.200000000000003
2340.5,0.327,0,95,19.8
2341.0,0.327,0,96,19.8
2341.5,0.329,0,96,19.200000000000003
2342.0,0.329,0,97,19.200000000000003
2342.5,0.33,0,97,18.6
2343.0,0.33,0,97,19.200000000000003
2343.5,0.33,0,97,19.200000000000003
2344.0,0.33,0,98,17.400000000000002
2344.5,0.33,0,97,18.0
2345.0,0.33,0,95,20.400000000000002
2345.5,0.33,0,95,22.8
2346.0,0.335,0,95,24.6
2346.5,0.335,0,96,25.200000000000003
2347.0,0.335,0,96,25.200000000000003
2347.5,0.335,0,97,25.200000000000003
2348.0,0.337,0,97,25.200000000000003
2348.5,0.338,0,98,25.200000000000003
2349.0,0.342,0,97,25.8
2349.5,0.342,0,96,19.8
2350.0,0.342,0,94,18.0
2350.5,0.34,0,93,18.6
2351.0,0.342,0,93,19.8
2351.5,0.342,0,93,20.400000000000002
2352.0,0.345,0,94,21.0
2352.5,0.346,0,95,20.400000000000002
2353.0,0.346,0,96,20.400000000000002
2353.5,0.346,0,97,20.400000000000002
2354.0,0.345,0,97,21.0
2354.5,0.343,0,97,21.0
2355.0,0.343,0,97,18.6
2355.5,0.343,0,96,12.600000000000001
2356.0,0.343,0,94,9.600000000000001
2356.5,0.343,0,94,9.600000000000001
2357.0,0.34,0,95,9.600000000000001
2357.5,0.342,0,96,9.600000000000001
2358.0,0.342,0,97,9.600000000000001
2358.5,0.345,0,96,9.600000000000001
2359.0,0.345,0,97,9.600000000000001
2359.5,0.345,0,97,9.600000000000001
2360.0,0.34,0,97,9.600000000000001
2360.5,0.342,0,97,9.0
2361.0,0.342,0,97,4.2
2361.5,0.345,0,94,1.8
2362.0,0.345,0,93,0.6000000000000001
2362.5,0.345,0,93,0.0
2363.0,0.345,0,94,0.0
2363.5,0.346,0,95,0.0
2364.0,0.346,0,95,0.0
2364.5,0.35,0,96,0.0
2365.0,0.351,0,96,0.0
2365.5,0.351,0,97,0.0
2366.0,0.351,0,97,0.0
2366.5,0.348,0,97,0.0
2367.0,0.348,0,96,1.2000000000000002
2367.5,0.346,0,95,3.0
2368.0,0.351,0,95,3.6
2368.5,0.351,0,96,4.2
2369.0,0.351,0,97,4.800000000000001
2369.5,0.348,0,97,4.800000000000001
2370.0,0.348,0,97,4.800000000000001
2370.5,0.348,0,97,4.2
2371.0,0.351,0,98,4.2
2371.5,0.351,0,98,4.2
2372.0,0.351,0,96,9.600000000000001
2372.5,0.346,0,93,13.8
2373.0,0.345,0,93,18.0
2373.5,0.348,0,94,19.8
2374.0,0.35,0,95,21.0
2374.5,0.354,0,95,21.6
2375.0,0.354,0,96,21.6
2375.5,0.354,0,96,21.0
2376.0,0.354,0,97,21.0
2376.5,0.354,0,98,21.0
2377.0,0.348,0,98,21.0
2377.5,0.348,0,99,21.6
2378.0,0.348,0,99,18.6
2378.5,0.348,0,97,19.8
2379.0,0.345,0,95,22.200000000000003
2379.5,0.345,0,96,24.700000000000003
2380.0,0.345,0,96,26.5
2380.5,0.342,0,97,26.400000000000002
2381.0,0.342,0,98,26.400000000000002
2381.5,0.342,0,99,26.400000000000002
2382.0,0.338,0,99,26.400000000000002
2382.5,0.338,0,100,27.0
2383.0,0.338,0,100,24.0
2383.5,0.342,0,97,19.200000000000003
2384.0,0.342,0,96,19.200000000000003
2384.5,0.342,0,95,19.8
2385.0,0.338,0,95,21.0
2385.5,0.338,0,97,21.0
2386.0,0.338,0,97,21.0
2386.5,0.342,0,98,21.0
2387.0,0.342,0,99,21.0
2387.5,0.342,0,100,21.6
2388.0,0.342,0,100,21.6
2388.5,0.338,0,100,21.0
2389.0,0.338,0,99,14.4
2389.5,0.34,0,97,10.8
2390.0,0.34,0,97,9.600000000000001
2390.5,0.34,0,98,9.600000000000001
2391.0,0.34,0,98,9.600000000000001
2391.5,0.337,0,98,9.600000000000001
2392.0,0.337,0,99,9.600000000000001
2392.5,0.337,0,99,9.600000000000001
2393.0,0.337,0,99,9.600000000000001
2393.5,0.337,0,99,9.600000000000001
2394.0,0.335,0,99,9.600000000000001
2394.5,0.332,0,98,4.2
2395.0,0.332,0,96,1.8
2395.5,0.332,0,95,0.6000000000000001
2396.0,0.335,0,95,0.0
2396.5,0.335,0,96,0.0
2397.0,0.337,0,97,0.0
2397.5,0.337,0,97,0.0
2398.0,0.337,0,98,0.0
2398.5,0.335,0,99,0.0
2399.0,0.335,0,100,0.0
2399.5,0.335,0,100,0.0
2400.0,0.338,0,100,0.0
2400.5,0.338,0,98,1.8
2401.0,0.338,0,98,3.0
2401.5,0.338,0,98,4.2
2402.0,0.338,0,99,4.800000000000001
2402.5,0.338,0,100,4.800000000000001
2403.0,0.338,0,100,4.800000000000001
2403.5,0.338,0,100,4.800000000000001
2404.0,0.337,0,101,4.2
2404.5,0.337,0,101,4.2
2405.0,0.337,0,100,6.6000000000000005
2405.5,0.337,0,97,12.0
2406.0,0.338,0,96,16.8
2406.5,0.338,0,96,19.200000000000003
2407.0,0.338,0,97,20.400000000000002
2407.5,0.34,0,98,21.0
2408.0,0.34,0,98,21.0
2408.5,0.34,0,99,20.400000000000002
2409.0,0.34,0,99,20.400000000000002
2409.5,0.34,0,100,20.400000000000002
2410.0,0.34,0,100,20.400000000000002
2410.5,0.34,0,100,21.0
2411.0,0.34,0,101,18.6
2411.5,0.34,0,99,19.200000000000003
2412.0,0.34,0,97,21.6
2412.5,0.345,0,98,24.0
2413.0,0.345,0,98,25.200000000000003
2413.5,0.345,0,99,25.8
2414.0,0.342,0,99,25.8
2414.5,0.342,0,100,25.8
2415.0,0.34,0,101,26.400000000000002
2415.5,0.343,0,101,27.0
2416.0,0.343,0,101,24.0
2416.5,0.343,0,99,19.200000000000003
2417.0,0.338,0,97,18.6
2417.5,0.338,0,96,19.8
2418.0,0.337,0,97,21.0
2418.5,0.338,0,97,21.6
2419.0,0.338,0,98,21.6
2419.5,0.338,0,99,21.0
2420.0,0.335,0,100,21.0
2420.5,0.335,0,101,21.6
2421.0,0.334,0,101,21.6
2421.5,0.338,0,101,20.400000000000002
2422.0,0.338,0,100,13.8
2422.5,0.338,0,98,10.8
2423.0,0.335,0,98,9.600000000000001
2423.5,0.334,0,98,9.600000000000001
2424.0,0.334,0,99,9.600000000000001
2424.5,0.334,0,100,9.600000000000001
2425.0,0.334,0,100,9.600000000000001
2425.5,0.332,0,97,2.4000000000000004
2426.0,0.332,0,97,0.6000000000000001
2426.5,0.325,0,97,0.0
2427.0,0.327,0,98,0.0
2427.5,0.327,0,99,0.0
2428.0,0.327,0,99,0.0
2428.5,0.327,0,100,0.0
2429.0,0.327,0,101,0.0
2429.5,0.327,0,101,0.0
2430.0,0.324,0,102,0.0
2430.5,0.324,0,100,0.6000000000000001
2431.0,0.324,0,99,2.4000000000000004
2431.5,0.324,0,99,3.6
2432.0,0.325,0,100,4.800000000000001
2432.5,0.325,0,101,4.800000000000001
2433.0,0.325,0,101,4.800000000000001
2433.5,0.325,0,102,4.800000000000001
2434.0,0.324,0,102,4.2
2434.5,0.322,0,102,4.2
2435.0,0.322,0,102,4.800000000000001
2435.5,0.322,0,100,9.600000000000001
2436.0,0.321,0,98,14.4
2436.5,0.321,0,98,17.400000000000002
2437.0,0.321,0,99,19.200000000000003
2437.5,0.321,0,100,19.8
2438.0,0.322,0,101,19.8
2438.5,0.322,0,101,19.8
2439.0,0.322,0,101,19.8
2439.5,0.322,0,102,19.200000000000003
2440.0,0.321,0,103,19.200000000000003
2440.5,0.321,0,103,19.8
2441.0,0.321,0,104,18.0
2441.5,0.321,0,102,18.0
2442.0,0.321,0,101,20.400000000000002
2442.5,0.321,0,100,22.8
2443.0,0.317,0,101,24.0
2443.5,0.317,0,102,24.6
2444.0,0.316,0,102,24.6
2444.5,0.316,0,102,24.6
2445.0,0.316,0,103,24.6
2445.5,0.316,0,103,25.200000000000003
2446.0,0.314,0,103,21.6
2446.5,0.314,0,100,18.0
2447.0,0.314,0,100,18.6
2447.5,0.314,0,100,19.200000000000003
2448.0,0.314,0,100,19.8
2448.5,0.314,0,101,19.8
2449.0,0.313,0,102,19.8
2449.5,0.313,0,103,19.200000000000003
2450.0,0.314,0,104,19.200000000000003
2450.5,0.314,0,104,19.200000000000003
2451.0,0.314,0,104,19.8
2451.5,0.314,0,104,15.0
2452.0,0.313,0,102,10.8
2452.5,0.313,0,101,9.600000000000001
2453.0,0.314,0,102,9.600000000000001
2453.5,0.314,0,102,9.600000000000001
2454.0,0.314,0,102,9.600000000000001
2454.5,0.313,0,102,9.600000000000001
2455.0,0.314,0,102,9.600000000000001
2455.5,0.314,0,102,9.600000000000001
2456.0,0.316,0,102,9.600000000000001
2456.5,0.316,0,102,8.4
2457.0,0.316,0,100,4.2
2457.5,0.313,0,98,1.8
2458.0,0.313,0,98,0.6000000000000001
2458.5,0.313,0,98,0.0
2459.0,0.314,0,99,0.0
2459.5,0.314,0,99,0.0
2460.0,0.314,0,100,0.0
2460.5,0.313,0,101,0.0
2461.0,0.314,0,101,0.0
2461.5,0.314,0,102,0.0
2462.0,0.317,0,102,0.0
2462.5,0.317,0,101,0.0
2463.0,0.317,0,100,1.8
2463.5,0.316,0,101,3.6
2464.0,0.316,0,101,4.2
2464.5,0.316,0,102,4.2
2465.0,0.317,0,102,4.2
2465.5,0.317,0,103,4.2
2466.0,0.317,0,103,4.2
2466.5,0.314,0,103,4.2
2467.0,0.314,0,103,4.2
2467.5,0.314,0,100,9.600000000000001
2468.0,0.314,0,98,13.200000000000001
2468.5,0.313,0,99,16.2
2469.0,0.313,0,99,18.6
2469.5,0.311,0,100,18.6
2470.0,0.311,0,100,18.6
2470.5,0.313,0,101,18.6
2471.0,0.314,0,101,18.6
2471.5,0.314,0,102,18.6
2472.0,0.314,0,102,18.6
2472.5,0.314,0,102,18.6
2473.0,0.314,0,103,18.0
2473.5,0.314,0,102,16.8
2474.0,0.314,0,101,19.200000000000003
2474.5,0.314,0,100,21.6
2475.0,0.314,0,100,22.8
2475.5,0.314,0,101,24.0
2476.0,0.316,0,102,24.0
2476.5,0.316,0,102,24.0
2477.0,0.316,0,102,24.0
2477.5,0.316,0,103,24.6
2478.0,0.314,0,103,21.6
2478.5,0.313,0,101,17.400000000000002
2479.0,0.313,0,99,17.400000000000002
2479.5,0.311,0,99,18.6
2480.0,0.313,0,99,19.200000000000003
2480.5,0.313,0,100,19.8
2481.0,0.313,0,100,19.8
2481.5,0.311,0,101,19.200000000000003
2482.0,0.311,0,102,19.200000000000003
2482.5,0.311,0,102,19.8
2483.0,0.314,0,102,19.8
2483.5,0.314,0,102,16.8
2484.0,0.316,0,101,11.4
2484.5,0.316,0,99,9.600000000000001
2485.0,0.316,0,100,9.600000000000001
2485.5,0.314,0,101,9.600000000000001
2486.0,0.316,0,101,9.600000000000001
2486.5,0.316,0,101,9.600000000000001
2487.0,0.316,0,101,9.600000000000001
2487.5,0.316,0,101,9.600000000000001
2488.0,0.316,0,101,9.600000000000001
2488.5,0.316,0,101,9.600000000000001
2489.0,0.314,0,101,5.4
2489.5,0.314,0,99,2.4000000000000004
2490.0,0.314,0,97,1.2000000000000002
2490.5,0.314,0,97,0.0
2491.0,0.314,0,97,0.0
2491.5,0.314,0,98,0.0
2492.0,0.314,0,99,0.0
2492.5,0.314,0,99,0.0
2493.0,0.316,0,100,0.0
2493.5,0.316,0,101,0.0
2494.0,0.316,0,101,0.0
2494.5,0.316,0,101,0.0
2495.0,0.314,0,99,1.2000000000000002
2495.5,0.314,0,99,3.0
2496.0,0.317,0,99,3.6
2496.5,0.317,0,100,4.2
2497.0,0.317,0,100,4.2
2497.5,0.317,0,101,4.2
2498.0,0.316,0,100,3.6
2498.5,0.316,0,101,4.2
2499.0,0.316,0,101,4.2
2499.5,0.316,0,101,5.4
2500.0,0.316,0,97,10.200000000000001
2500.5,0.316,0,97,14.4
2501.0,0.317,0,97,17.400000000000002
2501.5,0.317,0,98,19.200000000000003
2502.0,0.317,0,98,19.8
2502.5,0.319,0,99,19.8
2503.0,0.319,0,100,19.200000000000003
2503.5,0.319,0,100,19.200000000000003
2504.0,0.317,0,101,18.6
2504.5,0.317,0,101,18.6
2505.0,0.319,0,101,19.200000000000003
2505.5,0.319,0,102,17.400000000000002
2506.0,0.319,0,101,17.400000000000002
2506.5,0.319,0,99,19.8
2507.0,0.317,0,98,22.200000000000003
2507.5,0.316,0,99,24.1
2508.0,0.317,0,100,24.1
2508.5,0.319,0,100,24.700000000000003
2509.0,0.319,0,100,24.700000000000003
2509.5,0.319,0,101,24.6
2510.0,0.317,0,101,25.200000000000003
2510.5,0.317,0,101,22.8
2511.0,0.319,0,99,18.0
2511.5,0.321,0,98,18.0
2512.0,0.321,0,97,18.6
2512.5,0.321,0,97,19.200000000000003
2513.0,0.322,0,98,19.8
2513.5,0.322,0,99,19.8
2514.0,0.324,0,99,19.8
2514.5,0.327,0,100,19.8
2515.0,0.327,0,101,19.8
2515.5,0.327,0,101,20.400000000000002
2516.0,0.324,0,100,18.6
2516.5,0.324,0,100,13.200000000000001
2517.0,0.324,0,98,9.600000000000001
2517.5,0.329,0,98,9.600000000000001
2518.0,0.329,0,99,9.600000000000001
2518.5,0.329,0,99,9.600000000000001
2519.0,0.325,0,100,9.600000000000001
2519.5,0.325,0,100,9.600000000000001
2520.0,0.325,0,100,9.600000000000001
2520.5,0.327,0,100,9.600000000000001
2521.0,0.327,0,100,9.600000000000001
2521.5,0.327,0,100,7.2
2522.0,0.324,0,98,3.6
2522.5,0.324,0,96,1.2000000000000002
2523.0,0.327,0,96,0.6000000000000001
2523.5,0.329,0,96,0.0
2524.0,0.329,0,96,0.0
2524.5,0.329,0,97,0.0
2525.0,0.327,0,97,0.0
2525.5,0.327,0,98,0.0
2526.0,0.325,0,98,0.0
2526.5,0.329,0,99,0.0
2527.0,0.329,0,100,0.0
2527.5,0.329,0,99,0.0
2528.0,0.329,0,97,1.8
2528.5,0.327,0,98,3.6
2529.0,0.325,0,98,4.2
2529.5,0.329,0,99,4.2
2530.0,0.33,0,99,4.2
2530.5,0.33,0,100,4.2
2531.0,0.33,0,100,4.2
2531.5,0.325,0,100,4.2
2532.0,0.325,0,101,4.2
2532.5,0.325,0,99,8.4
2533.0,0.324,0,96,12.600000000000001
2533.5,0.324,0,96,16.2
2534.0,0.324,0,97,18.6
2534.5,0.322,0,98,19.8
2535.0,0.324,0,99,19.8
2535.5,0.324,0,99,19.8
2536.0,0.324,0,99,19.200000000000003
2536.5,0.322,0,100,19.200000000000003
2537.0,0.324,0,100,19.200000000000003
2537.5,0.324,0,100,19.200000000000003
2538.0,0.324,0,101,19.8
2538.5,0.322,0,101,17.400000000000002
2539.0,0.322,0,99,18.6
2539.5,0.321,0,98,21.0
2540.0,0.321,0,98,23.400000000000002
2540.5,0.321,0,98,24.1
2541.0,0.321,0,99,24.6
2541.5,0.321,0,100,24.6
2542.0,0.321,0,100,24.6
2542.5,0.321,0,101,25.200000000000003
2543.0,0.321,0,101,21.0
2543.5,0.321,0,99,18.0
2544.0,0.319,0,97,18.0
2544.5,0.321,0,97,19.200000000000003
2545.0,0.321,0,97,19.8
2545.5,0.325,0,98,19.8
2546.0,0.325,0,99,19.8
2546.5,0.325,0,100,19.8
2547.0,0.324,0,101,19.8
2547.5,0.324,0,101,19.8
2548.0,0.324,0,101,20.400000000000002
2548.5,0.329,0,101,16.8
2549.0,0.329,0,99,12.0
2549.5,0.329,0,98,9.600000000000001
2550.0,0.327,0,99,9.600000000000001
2550.5,0.327,0,99,9.600000000000001
2551.0,0.327,0,99,9.600000000000001
2551.5,0.33,0,99,9.600000000000001
2552.0,0.33,0,99,9.600000000000001
2552.5,0.33,0,99,9.600000000000001
2553.0,0.329,0,100,9.600000000000001
2553.5,0.33,0,99,9.600000000000001
2554.0,0.33,0,100,5.4
2554.5,0.335,0,97,3.0
2555.0,0.335,0,95,1.2000000000000002
2555.5,0.335,0,95,0.0
2556.0,0.332,0,95,0.0
2556.5,0.332,0,96,0.0
2557.0,0.332,0,97,0.0
2557.5,0.334,0,97,0.0
2558.0,0.334,0,98,0.0
2558.5,0.334,0,98,0.0
2559.0,0.334,0,99,0.0
2559.5,0.332,0,100,0.0
2560.0,0.332,0,98,0.6000000000000001
2560.5,0.332,0,97,2.4000000000000004
2561.0,0.334,0,97,3.6
2561.5,0.334,0,98,4.800000000000001
2562.0,0.334,0,99,4.800000000000001
2562.5,0.334,0,99,4.800000000000001
2563.0,0.334,0,100,4.2
2563.5,0.334,0,100,4.2
2564.0,0.337,0,100,4.2
2564.5,0.337,0,100,4.2
2565.0,0.337,0,98,9.600000000000001
2565.5,0.332,0,96,13.8
2566.0,0.332,0,96,17.400000000000002
2566.5,0.332,0,97,19.200000000000003
2567.0,0.332,0,97,19.8
2567.5,0.332,0,98,20.400000000000002
2568.0,0.332,0,99,19.8
2568.5,0.332,0,100,19.8
2569.0,0.332,0,100,19.200000000000003
2569.5,0.332,0,100,19.200000000000003
2570.0,0.332,0,101,19.8
2570.5,0.332,0,102,19.8
2571.0,0.332,0,101,17.400000000000002
2571.5,0.332,0,98,19.200000000000003
2572.0,0.332,0,98,22.200000000000003
2572.5,0.332,0,98,24.1
2573.0,0.332,0,99,24.700000000000003
2573.5,0.332,0,99,25.3
2574.0,0.332,0,100,25.200000000000003
2574.5,0.332,0,100,25.200000000000003
2575.0,0.332,0,100,25.8
2575.5,0.33,0,101,26.400000000000002
2576.0,0.332,0,101,20.400000000000002
2576.5,0.332,0,97,18.6
2577.0,0.332,0,96,19.200000000000003
2577.5,0.33,0,97,20.400000000000002
2578.0,0.33,0,97,20.400000000000002
2578.5,0.33,0,98,20.400000000000002
2579.0,0.33,0,99,20.400000000000002
2579.5,0.33,0,100,20.400000000000002
2580.0,0.332,0,101,20.400000000000002
2580.5,0.332,0,100,21.0
2581.0,0.332,0,101,21.0
2581.5,0.332,0,101,16.2
2582.0,0.33,0,99,11.4
2582.5,0.33,0,98,9.600000000000001
2583.0,0.329,0,98,9.600000000000001
2583.5,0.327,0,99,9.600000000000001
2584.0,0.327,0,100,9.600000000000001
2584.5,0.327,0,100,9.600000000000001
2585.0,0.327,0,100,9.600000000000001
2585.5,0.327,0,100,9.600000000000001
2586.0,0.325,0,100,9.600000000000001
2586.5,0.325,0,100,9.600000000000001
2587.0,0.325,0,99,5.4
2587.5,0.325,0,97,2.4000000000000004
2588.0,0.324,0,96,1.2000000000000002
2588.5,0.324,0,96,0.6000000000000001
2589.0,0.324,0,97,0.0
2589.5,0.325,0,97,0.0
2590.0,0.325,0,98,0.0
2590.5,0.325,0,98,0.0
2591.0,0.324,0,99,0.0
2591.5,0.324,0,100,0.0
2592.0,0.324,0,100,0.0
2592.5,0.327,0,101,0.0
2593.0,0.327,0,99,1.2000000000000002
2593.5,0.327,0,99,3.0
2594.0,0.325,0,99,3.6
2594.5,0.325,0,100,4.2
2595.0,0.324,0,100,4.800000000000001
2595.5,0.329,0,100,4.2
2596.0,0.329,0,101,4.2
2596.5,0.329,0,101,4.2
2597.0,0.329,0,101,4.2
2597.5,0.329,0,101,6.0
2598.0,0.327,0,98,10.8
2598.5,0.329,0,96,15.600000000000001
2599.0,0.329,0,97,18.6
2599.5,0.329,0,98,19.8
2600.0,0.329,0,99,20.400000000000002
2600.5,0.329,0,99,20.400000000000002
2601.0,0.329,0,100,19.8
2601.5,0.33,0,100,19.8
2602.0,0.33,0,101,19.8
2602.5,0.33,0,101,19.8
2603.0,0.332,0,101,20.400000000000002
2603.5,0.332,0,102,18.0
2604.0,0.332,0,101,18.0
2604.5,0.332,0,98,21.0
2605.0,0.332,0,98,22.8
2605.5,0.332,0,99,24.6
2606.0,0.332,0,100,24.6
2606.5,0.332,0,100,25.200000000000003
2607.0,0.332,0,101,25.200000000000003
2607.5,0.334,0,101,25.200000000000003
2608.0,0.334,0,101,25.8
2608.5,0.334,0,101,22.8
2609.0,0.334,0,99,18.6
2609.5,0.334,0,97,18.6
2610.0,0.334,0,97,19.8
2610.5,0.335,0,97,20.400000000000002
2611.0,0.335,0,98,21.0
2611.5,0.335,0,98,21.0
2612.0,0.334,0,99,21.0
2612.5,0.334,0,100,21.0
2613.0,0.334,0,101,21.0
2613.5,0.335,0,101,21.0
2614.0,0.335,0,100,19.200000000000003
2614.5,0.335,0,99,13.200000000000001
2615.0,0.335,0,97,10.200000000000001
2615.5,0.335,0,97,9.600000000000001
2616.0,0.335,0,98,9.600000000000001
2616.5,0.334,0,99,9.600000000000001
2617.0,0.334,0,99,9.600000000000001
2617.5,0.334,0,99,9.600000000000001
2618.0,0.334,0,99,9.600000000000001
2618.5,0.335,0,99,9.600000000000001
2619.0,0.335,0,99,9.600000000000001
2619.5,0.337,0,99,8.4
2620.0,0.338,0,98,3.6
2620.5,0.338,0,96,1.8
2621.0,0.342,0,95,0.6000000000000001
2621.5,0.342,0,95,0.0
2622.0,0.342,0,96,0.0
2622.5,0.34,0,97,0.0
2623.0,0.342,0,97,0.0
2623.5,0.342,0,98,0.0
2624.0,0.345,0,98,0.0
2624.5,0.345,0,98,0.0
2625.0,0.345,0,99,0.0
2625.5,0.345,0,98,0.0
2626.0,0.345,0,96,1.8
2626.5,0.345,0,96,3.6
2627.0,0.348,0,97,4.800000000000001
2627.5,0.348,0,97,4.800000000000001
2628.0,0.348,0,98,4.800000000000001
2628.5,0.348,0,98,4.800000000000001
2629.0,0.348,0,99,4.800000000000001
2629.5,0.348,0,99,4.800000000000001
2630.0,0.348,0,99,4.800000000000001
2630.5,0.348,0,98,6.6000000000000005
2631.0,0.346,0,95,12.0
2631.5,0.346,0,95,16.8
2632.0,0.346,0,95,19.8
2632.5,0.346,0,96,21.0
2633.0,0.346,0,97,21.6
2633.5,0.346,0,97,21.6
2634.0,0.345,0,98,21.6
2634.5,0.345,0,99,21.0
2635.0,0.345,0,99,20.400000000000002
2635.5,0.346,0,100,20.400000000000002
2636.0,0.346,0,100,21.0
2636.5,0.35,0,101,19.200000000000003
2637.0,0.35,0,99,19.200000000000003
2637.5,0.35,0,97,21.6
2638.0,0.348,0,97,24.0
2638.5,0.348,0,97,25.8
2639.0,0.346,0,98,26.400000000000002
2639.5,0.35,0,98,27.0
2640.0,0.351,0,99,27.0
2640.5,0.351,0,99,27.0
2641.0,0.351,0,100,27.6
2641.5,0.351,0,100,27.0
2642.0,0.348,0,99,21.0
2642.5,0.353,0,96,19.8
2643.0,0.353,0,95,20.400000000000002
2643.5,0.353,0,96,21.6
2644.0,0.351,0,96,21.6
2644.5,0.35,0,97,22.200000000000003
2645.0,0.35,0,98,22.200000000000003
2645.5,0.353,0,99,22.200000000000003
2646.0,0.354,0,99,22.200000000000003
2646.5,0.354,0,100,22.200000000000003
2647.0,0.354,0,100,22.8
2647.5,0.351,0,99,16.2
2648.0,0.351,0,98,12.0
2648.5,0.351,0,96,10.200000000000001
2649.0,0.356,0,97,9.600000000000001
2649.5,0.356,0,98,9.600000000000001
2650.0,0.356,0,98,9.600000000000001
2650.5,0.354,0,98,9.600000000000001
2651.0,0.354,0,98,9.600000000000001
2651.5,0.354,0,98,9.600000000000001
2652.0,0.356,0,98,9.600000000000001
2652.5,0.356,0,98,9.600000000000001
2653.0,0.356,0,98,6.0
2653.5,0.353,0,95,3.0
2654.0,0.353,0,94,1.2000000000000002
2654.5,0.353,0,94,0.6000000000000001
2655.0,0.356,0,95,0.0
2655.5,0.356,0,96,0.0
2656.0,0.358,0,96,0.0
2656.5,0.358,0,97,0.0
2657.0,0.358,0,98,0.0
2657.5,0.359,0,98,0.0
2658.0,0.358,0,97,4.800000000000001
2658.5,0.358,0,97,4.800000000000001
2659.0,0.363,0,98,4.800000000000001
2659.5,0.363,0,98,4.800000000000001
2660.0,0.363,0,99,4.800000000000001
2660.5,0.363,0,99,4.800000000000001
2661.0,0.361,0,99,4.800000000000001
2661.5,0.361,0,99,4.800000000000001
2662.0,0.361,0,97,9.600000000000001
2662.5,0.361,0,94,15.0
2663.0,0.361,0,94,19.200000000000003
2663.5,0.361,0,94,21.6
2664.0,0.358,0,95,22.8
2664.5,0.358,0,97,22.8
2665.0,0.359,0,97,22.200000000000003
2665.5,0.359,0,98,22.200000000000003
2666.0,0.359,0,99,22.200000000000003
2666.5,0.358,0,99,21.6
2667.0,0.356,0,100,22.200000000000003
2667.5,0.358,0,100,22.8
2668.0,0.358,0,101,19.8
2668.5,0.359,0,99,21.0
2669.0,0.359,0,97,24.1
2669.5,0.359,0,98,26.5
2670.0,0.358,0,99,27.0
2670.5,0.358,0,99,27.6
2671.0,0.358,0,100,27.6
2671.5,0.361,0,100,27.6
2672.0,0.361,0,101,27.6
2672.5,0.361,0,101,28.200000000000003
2673.0,0.359,0,100,23.400000000000002
2673.5,0.359,0,97,19.8
2674.0,0.359,0,97,20.400000000000002
2674.5,0.361,0,97,21.6
2675.0,0.361,0,97,22.200000000000003
2675.5,0.361,0,98,22.8
2676.0,0.363,0,99,22.8
2676.5,0.363,0,99,22.200000000000003
2677.0,0.363,0,100,22.200000000000003
2677.5,0.361,0,101,22.8
2678.0,0.361,0,101,22.8
2678.5,0.363,0,101,19.200000000000003
2679.0,0.364,0,99,13.200000000000001
2679.5,0.364,0,98,10.8
2680.0,0.364,0,98,9.600000000000001
2680.5,0.363,0,98,9.600000000000001
2681.0,0.363,0,99,9.600000000000001
2681.5,0.363,0,99,9.600000000000001
2682.0,0.363,0,99,9.600000000000001
2682.5,0.363,0,100,9.600000000000001
2683.0,0.367,0,100,9.600000000000001
2683.5,0.367,0,98,0.6000000000000001
2684.0,0.367,0,97,3.0
2684.5,0.367,0,97,4.2
2685.0,0.367,0,97,4.800000000000001
2685.5,0.367,0,98,5.4
2686.0,0.366,0,99,5.4
2686.5,0.366,0,100,5.4
2687.0,0.366,0,100,5.4
2687.5,0.367,0,100,5.4
2688.0,0.367,0,100,4.800000000000001
2688.5,0.367,0,98,9.600000000000001
2689.0,0.366,0,95,15.0
2689.5,0.364,0,95,19.200000000000003
2690.0,0.364,0,96,21.6
2690.5,0.366,0,96,22.8
2691.0,0.366,0,97,22.8
2691.5,0.367,0,98,22.8
2692.0,0.367,0,99,22.200000000000003
2692.5,0.367,0,99,22.200000000000003
2693.0,0.367,0,100,22.200000000000003
2693.5,0.372,0,100,22.200000000000003
2694.0,0.372,0,100,22.8
2694.5,0.372,0,100,19.8
2695.0,0.372,0,98,21.6
2695.5,0.367,0,97,24.700000000000003
2696.0,0.367,0,97,27.1
2696.5,0.369,0,98,28.3
2697.0,0.369,0,98,28.200000000000003
2697.5,0.369,0,99,28.200000000000003
2698.0,0.369,0,100,28.200000000000003
2698.5,0.369,0,101,28.200000000000003
2699.0,0.369,0,101,28.200000000000003
2699.5,0.367,0,101,24.0
2700.0,0.367,0,98,21.0
2700.5,0.367,0,96,21.0
2701.0,0.367,0,96,22.200000000000003
2701.5,0.366,0,97,22.8
2702.0,0.366,0,98,22.8
2702.5,0.369,0,99,22.8
2703.0,0.372,0,99,23.400000000000002
2703.5,0.372,0,100,23.400000000000002
2704.0,0.372,0,101,23.400000000000002
2704.5,0.372,0,100,23.400000000000002
2705.0,0.372,0,101,19.8
2705.5,0.372,0,99,13.8
2706.0,0.375,0,97,11.4
2706.5,0.375,0,97,10.200000000000001
2707.0,0.375,0,98,9.600000000000001
2707.5,0.374,0,98,9.600000000000001
2708.0,0.374,0,99,9.600000000000001
2708.5,0.374,0,99,9.600000000000001
2709.0,0.375,0,99,9.600000000000001
2709.5,0.375,0,99,9.600000000000001
2710.0,0.375,0,99,9.600000000000001
2710.5,0.374,0,99,9.0
2711.0,0.374,0,97,3.6
2711.5,0.374,0,95,1.8
2712.0,0.375,0,94,1.2000000000000002
2712.5,0.375,0,95,0.6000000000000001
2713.0,0.375,0,96,0.6000000000000001
2713.5,0.374,0,97,0.6000000000000001
2714.0,0.374,0,97,0.6000000000000001
2714.5,0.375,0,98,0.6000000000000001
2715.0,0.375,0,98,0.6000000000000001
2715.5,0.375,0,99,0.0
2716.0,0.375,0,99,0.0
2716.5,0.377,0,98,0.6000000000000001
2717.0,0.377,0,97,3.0
2717.5,0.377,0,97,4.2
2718.0,0.375,0,97,5.4
2718.5,0.375,0,98,5.4
2719.0,0.374,0,99,6.0
2719.5,0.374,0,99,5.4
2720.0,0.374,0,100,5.4
2720.5,0.374,0,100,5.4
2721.0,0.372,0,101,5.4
2721.5,0.372,0,99,9.600000000000001
2722.0,0.371,0,96,15.0
2722.5,0.369,0,96,19.200000000000003
2723.0,0.369,0,97,22.200000000000003
2723.5,0.369,0,98,22.8
2724.0,0.366,0,99,22.8
2724.5,0.366,0,100,22.8
2725.0,0.366,0,100,22.8
2725.5,0.369,0,101,22.200000000000003
2726.0,0.369,0,101,22.200000000000003
2726.5,0.369,0,102,22.200000000000003
2727.0,0.367,0,102,22.8
2727.5,0.367,0,102,19.8
2728.0,0.367,0,101,21.0
2728.5,0.366,0,98,24.1
2729.0,0.366,0,99,26.5
2729.5,0.366,0,100,27.700000000000003
2730.0,0.364,0,100,28.200000000000003
2730.5,0.364,0,101,28.200000000000003
2731.0,0.364,0,102,28.200000000000003
2731.5,0.363,0,102,28.200000000000003
2732.0,0.363,0,102,28.200000000000003
2732.5,0.363,0,101,22.8
2733.0,0.363,0,98,20.400000000000002
2733.5,0.363,0,98,21.0
2734.0,0.363,0,98,22.200000000000003
2734.5,0.358,0,98,22.8
2735.0,0.358,0,100,22.8
2735.5,0.358,0,101,22.8
2736.0,0.358,0,101,22.8
2736.5,0.356,0,103,22.8
2737.0,0.356,0,103,22.8
2737.5,0.358,0,103,23.400000000000002
2738.0,0.358,0,102,16.2
2738.5,0.358,0,101,12.0
2739.0,0.358,0,100,10.200000000000001
2739.5,0.356,0,101,9.600000000000001
2740.0,0.356,0,101,9.600000000000001
2740.5,0.359,0,102,9.600000000000001
2741.0,0.359,0,102,9.600000000000001
2741.5,0.359,0,102,9.600000000000001
2742.0,0.359,0,102,9.600000000000001
2742.5,0.354,0,102,9.600000000000001
2743.0,0.354,0,102,9.600000000000001
2743.5,0.353,0,101,4.800000000000001
2744.0,0.353,0,99,2.4000000000000004
2744.5,0.353,0,97,1.2000000000000002
2745.0,0.353,0,98,0.6000000000000001
2745.5,0.351,0,99,0.6000000000000001
2746.0,0.351,0,99,0.0
2746.5,0.351,0,100,0.0
2747.0,0.351,0,101,0.0
2747.5,0.351,0,101,0.0
2748.0,0.351,0,102,0.0
2748.5,0.351,0,102,0.0
2749.0,0.351,0,101,0.6000000000000001
2749.5,0.351,0,100,2.4000000000000004
2750.0,0.351,0,100,4.2
2750.5,0.351,0,101,4.800000000000001
2751.0,0.351,0,101,5.4
2751.5,0.351,0,102,4.800000000000001
2752.0,0.351,0,103,5.4
2752.5,0.351,0,103,4.800000000000001
2753.0,0.35,0,103,4.800000000000001
2753.5,0.353,0,103,4.800000000000001
2754.0,0.353,0,100,10.200000000000001
2754.5,0.353,0,98,15.0
2755.0,0.353,0,98,18.6
2755.5,0.35,0,99,20.400000000000002
2756.0,0.35,0,100,21.0
2756.5,0.353,0,101,21.0
2757.0,0.353,0,101,21.0
2757.5,0.353,0,102,21.0
2758.0,0.353,0,102,21.0
2758.5,0.353,0,102,21.0
2759.0,0.353,0,103,21.6
2759.5,0.354,0,103,19.200000000000003
2760.0,0.354,0,102,19.200000000000003
2760.5,0.354,0,100,21.6
2761.0,0.354,0,100,24.700000000000003
2761.5,0.354,0,100,25.900000000000002
2762.0,0.354,0,101,26.400000000000002
2762.5,0.359,0,101,27.0
2763.0,0.359,0,101,27.0
2763.5,0.359,0,102,27.0
2764.0,0.359,0,102,27.6
2764.5,0.358,0,102,24.0
2765.0,0.358,0,100,19.8
2765.5,0.363,0,98,19.8
2766.0,0.363,0,97,20.400000000000002
2766.5,0.363,0,98,21.6
2767.0,0.363,0,99,22.200000000000003
2767.5,0.363,0,100,22.200000000000003
2768.0,0.363,0,101,22.200000000000003
2768.5,0.367,0,102,22.200000000000003
2769.0,0.367,0,101,22.200000000000003
2769.5,0.367,0,101,22.200000000000003
2770.0,0.367,0,102,19.200000000000003
2770.5,0.364,0,100,13.200000000000001
2771.0,0.361,0,98,10.8
2771.5,0.366,0,99,9.600000000000001
2772.0,0.366,0,99,9.600000000000001
2772.5,0.366,0,99,9.600000000000001
2773.0,0.366,0,100,9.600000000000001
2773.5,0.361,0,100,9.600000000000001
2774.0,0.361,0,101,9.600000000000001
2774.5,0.364,0,100,9.600000000000001
2775.0,0.364,0,100,9.600000000000001
2775.5,0.364,0,100,7.800000000000001
2776.0,0.364,0,98,3.6
2776.5,0.363,0,96,1.8
2777.0,0.363,0,95,0.6000000000000001
2777.5,0.364,0,96,0.0
2778.0,0.369,0,97,0.0
2778.5,0.369,0,97,0.0
2779.0,0.369,0,98,0.0
2779.5,0.369,0,99,0.0
2780.0,0.367,0,99,0.0
2780.5,0.369,0,100,0.0
2781.0,0.374,0,100,0.0
2781.5,0.374,0,98,1.2000000000000002
2782.0,0.374,0,97,3.0
2782.5,0.371,0,97,4.800000000000001
2783.0,0.374,0,97,5.4
2783.5,0.374,0,98,5.4
2784.0,0.377,0,99,5.4
2784.5,0.377,0,99,5.4
2785.0,0.377,0,99,5.4
2785.5,0.375,0,100,5.4
2786.0,0.382,0,99,4.800000000000001
2786.5,0.382,0,97,9.600000000000001
2787.0,0.382,0,94,15.0
2787.5,0.38,0,94,19.200000000000003
2788.0,0.383,0,94,21.6
2788.5,0.383,0,95,22.8
2789.0,0.383,0,96,23.400000000000002
2789.5,0.383,0,97,23.400000000000002
2790.0,0.387,0,97,23.400000000000002
2790.5,0.387,0,98,22.8
2791.0,0.387,0,99,22.8
2791.5,0.388,0,99,22.8
2792.0,0.388,0,99,23.400000000000002
2792.5,0.388,0,99,20.400000000000002
2793.0,0.383,0,97,21.6
2793.5,0.385,0,97,24.700000000000003
2794.0,0.385,0,96,27.1
2794.5,0.385,0,97,28.3
2795.0,0.382,0,98,28.200000000000003
2795.5,0.382,0,98,28.200000000000003
2796.0,0.383,0,99,28.200000000000003
2796.5,0.387,0,100,28.8
2797.0,0.387,0,100,30.0
2797.5,0.387,0,100,26.400000000000002
2798.0,0.385,0,98,21.6
2798.5,0.385,0,96,21.6
2799.0,0.385,0,95,22.200000000000003
2799.5,0.387,0,96,23.400000000000002
2800.0,0.387,0,97,24.0
2800.5,0.387,0,97,24.1
2801.0,0.387,0,98,24.1
2801.5,0.387,0,99,24.1
2802.0,0.387,0,100,24.0
2802.5,0.387,0,100,24.0
2803.0,0.387,0,100,22.8
2803.5,0.39,0,99,15.600000000000001
2804.0,0.39,0,96,12.0
2804.5,0.39,0,96,10.8
2805.0,0.39,0,97,10.200000000000001
2805.5,0.39,0,97,9.600000000000001
2806.0,0.39,0,98,9.600000000000001
2806.5,0.39,0,98,9.600000000000001
2807.0,0.392,0,98,9.600000000000001
2807.5,0.392,0,99,9.600000000000001
2808.0,0.392,0,99,9.600000000000001
2808.5,0.392,0,99,9.600000000000001
2809.0,0.392,0,99,5.4
2809.5,0.392,0,96,2.4000000000000004
2810.0,0.392,0,94,1.2000000000000002
2810.5,0.388,0,94,0.6000000000000001
2811.0,0.388,0,95,0.6000000000000001
2811.5,0.388,0,96,0.6000000000000001
2812.0,0.39,0,96,0.6000000000000001
2812.5,0.39,0,97,0.6000000000000001
2813.0,0.392,0,97,0.6000000000000001
2813.5,0.392,0,97,0.6000000000000001
2814.0,0.392,0,98,0.6000000000000001
2814.5,0.39,0,98,0.0
2815.0,0.39,0,96,1.8
2815.5,0.388,0,96,4.2
2816.0,0.39,0,96,5.4
2816.5,0.392,0,97,6.0
2817.0,0.392,0,98,6.0
2817.5,0.392,0,98,6.0
2818.0,0.392,0,99,6.0
2818.5,0.392,0,99,6.0
2819.0,0.393,0,100,6.0
2819.5,0.393,0,99,6.0
2820.0,0.393,0,97,11.4
2820.5,0.392,0,95,17.400000000000002
2821.0,0.393,0,95,21.0
2821.5,0.393,0,96,23.400000000000002
2822.0,0.393,0,97,24.0
2822.5,0.393,0,97,24.0
2823.0,0.393,0,98,24.0
2823.5,0.393,0,98,23.400000000000002
2824.0,0.392,0,99,23.400000000000002
2824.5,0.392,0,99,23.400000000000002
2825.0,0.39,0,100,23.400000000000002
2825.5,0.393,0,100,23.400000000000002
2826.0,0.393,0,100,21.0
2826.5,0.393,0,98,22.8
2827.0,0.392,0,96,26.400000000000002
2827.5,0.392,0,96,28.200000000000003
2828.0,0.39,0,98,29.400000000000002
2828.5,0.392,0,98,30.0
2829.0,0.392,0,99,30.6
2829.5,0.392,0,99,30.6
2830.0,0.39,0,100,31.200000000000003
2830.5,0.39,0,101,31.8
2831.0,0.39,0,101,25.200000000000003
2831.5,0.392,0,97,22.200000000000003
2832.0,0.392,0,97,23.400000000000002
2832.5,0.392,0,97,24.0
2833.0,0.39,0,97,24.6
2833.5,0.39,0,98,24.6
2834.0,0.39,0,100,24.6
2834.5,0.393,0,100,24.0
2835.0,0.393,0,101,24.0
2835.5,0.393,0,101,24.6
2836.0,0.393,0,101,24.6
2836.5,0.393,0,101,19.200000000000003
2837.0,0.393,0,99,13.8
2837.5,0.393,0,97,11.4
2838.0,0.393,0,97,10.8
2838.5,0.393,0,99,10.200000000000001
2839.0,0.392,0,98,10.200000000000001
2839.5,0.388,0,98,10.200000000000001
2840.0,0.388,0,100,10.200000000000001
2840.5,0.388,0,100,9.600000000000001
2841.0,0.388,0,100,10.200000000000001
2841.5,0.388,0,100,10.200000000000001
2842.0,0.388,0,99,7.800000000000001
2842.5,0.382,0,97,3.6
2843.0,0.382,0,96,1.8
2843.5,0.382,0,95,1.2000000000000002
2844.0,0.382,0,96,0.6000000000000001
2844.5,0.382,0,97,0.6000000000000001
2845.0,0.382,0,98,0.6000000000000001
2845.5,0.38,0,99,0.6000000000000001
2846.0,0.38,0,100,0.6000000000000001
2846.5,0.379,0,100,0.6000000000000001
2847.0,0.377,0,101,0.6000000000000001
2847.5,0.377,0,102,0.0
2848.0,0.377,0,100,1.8
2848.5,0.375,0,99,3.6
2849.0,0.374,0,99,4.800000000000001
2849.5,0.371,0,100,5.4
2850.0,0.371,0,101,5.4
2850.5,0.371,0,101,5.4
2851.0,0.371,0,101,5.4
2851.5,0.371,0,102,5.4
2852.0,0.372,0,102,5.4
2852.5,0.372,0,101,6.6000000000000005
2853.0,0.372,0,98,12.0
2853.5,0.372,0,97,17.400000000000002
2854.0,0.374,0,97,21.0
2854.5,0.374,0,98,22.8
2855.0,0.374,0,99,24.0
2855.5,0.375,0,100,24.0
2856.0,0.375,0,101,23.400000000000002
2856.5,0.375,0,101,22.8
2857.0,0.375,0,102,22.8
2857.5,0.375,0,102,22.8
2858.0,0.377,0,103,23.400000000000002
2858.5,0.379,0,103,20.400000000000002
2859.0,0.379,0,101,21.0
2859.5,0.379,0,100,24.0
2860.0,0.379,0,100,26.400000000000002
2860.5,0.379,0,100,28.200000000000003
2861.0,0.379,0,102,28.200000000000003
2861.5,0.377,0,102,28.200000000000003
2862.0,0.377,0,103,28.200000000000003
2862.5,0.377,0,103,28.200000000000003
2863.0,0.379,0,103,28.200000000000003
2863.5,0.379,0,103,24.0
2864.0,0.379,0,100,20.400000000000002
2864.5,0.375,0,99,21.0
2865.0,0.375,0,99,22.200000000000003
2865.5,0.375,0,99,22.8
2866.0,0.382,0,100,22.8
2866.5,0.382,0,100,22.8
2867.0,0.382,0,101,22.8
2867.5,0.38,0,102,23.400000000000002
2868.0,0.38,0,102,23.400000000000002
2868.5,0.38,0,102,24.0
2869.0,0.385,0,102,18.0
2869.5,0.385,0,100,13.200000000000001
2870.0,0.385,0,99,10.8
2870.5,0.383,0,98,10.200000000000001
2871.0,0.383,0,99,9.600000000000001
2871.5,0.383,0,100,9.600000000000001
2872.0,0.387,0,100,9.600000000000001
2872.5,0.387,0,101,9.600000000000001
2873.0,0.387,0,101,9.600000000000001
2873.5,0.375,0,98,0.6000000000000001
2874.0,0.374,0,99,0.6000000000000001
2874.5,0.382,0,100,0.6000000000000001
2875.0,0.382,0,100,0.0
2875.5,0.382,0,101,0.6000000000000001
2876.0,0.379,0,100,0.0
2876.5,0.379,0,101,0.0
2877.0,0.379,0,100,1.8
2877.5,0.38,0,99,3.6
2878.0,0.38,0,99,4.800000000000001
2878.5,0.38,0,99,5.4
2879.0,0.377,0,100,5.4
2879.5,0.377,0,100,5.4
2880.0,0.377,0,101,5.4
2880.5,0.377,0,101,5.4
2881.0,0.377,0,102,5.4
2881.5,0.377,0,101,7.800000000000001
2882.0,0.372,0,98,12.600000000000001
2882.5,0.371,0,97,18.0
2883.0,0.371,0,98,21.0
2883.5,0.371,0,99,22.8
2884.0,0.371,0,99,23.400000000000002
2884.5,0.371,0,100,22.8
2885.0,0.369,0,101,22.8
2885.5,0.367,0,102,22.8
2886.0,0.367,0,102,22.200000000000003
2886.5,0.369,0,103,22.8
2887.0,0.371,0,104,22.8
2887.5,0.371,0,103,20.400000000000002
2888.0,0.372,0,101,21.0
2888.5,0.372,0,100,24.1
2889.0,0.372,0,100,26.5
2889.5,0.374,0,101,27.700000000000003
2890.0,0.374,0,102,28.200000000000003
2890.5,0.374,0,103,28.200000000000003
2891.0,0.374,0,103,28.200000000000003
2891.5,0.374,0,104,28.200000000000003
2892.0,0.374,0,104,28.200000000000003
2892.5,0.371,0,102,22.8
2893.0,0.371,0,100,20.400000000000002
2893.5,0.371,0,99,21.0
2894.0,0.371,0,99,21.6
2894.5,0.371,0,99,22.200000000000003
2895.0,0.371,0,100,22.8
2895.5,0.371,0,101,22.8
2896.0,0.371,0,102,22.8
2896.5,0.372,0,103,22.8
2897.0,0.372,0,103,22.8
2897.5,0.372,0,103,23.400000000000002
2898.0,0.372,0,102,16.8
2898.5,0.374,0,101,12.600000000000001
2899.0,0.374,0,99,10.200000000000001
2899.5,0.377,0,100,9.600000000000001
2900.0,0.377,0,100,9.600000000000001
2900.5,0.379,0,101,9.600000000000001
2901.0,0.379,0,101,9.600000000000001
2901.5,0.38,0,101,9.600000000000001
2902.0,0.382,0,101,9.600000000000001
2902.5,0.383,0,100,9.600000000000001
2903.0,0.385,0,100,9.600000000000001
2903.5,0.385,0,99,5.4
2904.0,0.385,0,96,2.4000000000000004
2904.5,0.383,0,95,1.2000000000000002
2905.0,0.382,0,95,0.6000000000000001
2905.5,0.382,0,96,0.6000000000000001
2906.0,0.387,0,97,0.6000000000000001
2906.5,0.387,0,97,0.6000000000000001
2907.0,0.387,0,98,0.6000000000000001
2907.5,0.383,0,99,0.6000000000000001
2908.0,0.385,0,99,0.6000000000000001
2908.5,0.385,0,100,0.0
2909.0,0.39,0,100,0.0
2909.5,0.39,0,97,2.4000000000000004
2910.0,0.39,0,97,4.2
2910.5,0.385,0,98,5.4
2911.0,0.39,0,99,6.0
2911.5,0.39,0,99,6.0
2912.0,0.392,0,99,6.0
2912.5,0.392,0,100,6.0
2913.0,0.392,0,100,5.4
2913.5,0.388,0,100,5.4
2914.0,0.387,0,99,9.0
2914.5,0.387,0,96,13.200000000000001
2915.0,0.387,0,95,18.6
2915.5,0.387,0,96,21.6
2916.0,0.387,0,97,23.400000000000002
2916.5,0.383,0,97,24.0
2917.0,0.383,0,98,24.0
2917.5,0.382,0,99,23.400000000000002
2918.0,0.387,0,100,22.8
2918.5,0.387,0,100,22.8
2919.0,0.387,0,100,23.400000000000002
2919.5,0.385,0,101,23.400000000000002
2920.0,0.383,0,102,21.0
2920.5,0.382,0,101,21.6
2921.0,0.383,0,98,24.0
2921.5,0.383,0,98,26.400000000000002
2922.0,0.383,0,98,28.200000000000003
2922.5,0.38,0,99,28.200000000000003
2923.0,0.379,0,100,28.200000000000003
2923.5,0.379,0,100,28.200000000000003
2924.0,0.379,0,101,28.8
2924.5,0.379,0,101,30.0
2925.0,0.379,0,101,27.0
2925.5,0.379,0,100,21.6
2926.0,0.377,0,97,21.0
2926.5,0.377,0,97,22.200000000000003
2927.0,0.382,0,97,23.400000000000002
2927.5,0.382,0,98,24.0
2928.0,0.383,0,100,24.0
2928.5,0.383,0,100,24.0
2929.0,0.383,0,101,24.0
2929.5,0.383,0,102,24.0
2930.0,0.387,0,102,24.6
2930.5,0.387,0,102,22.200000000000003
2931.0,0.387,0,101,15.0
2931.5,0.387,0,99,12.0
2932.0,0.388,0,98,10.200000000000001
2932.5,0.388,0,100,9.600000000000001
2933.0,0.39,0,99,9.600000000000001
2933.5,0.39,0,100,9.600000000000001
2934.0,0.39,0,100,9.600000000000001
2934.5,0.39,0,100,9.600000000000001
2935.0,0.388,0,101,9.600000000000001
2935.5,0.388,0,101,9.600000000000001
2936.0,0.387,0,100,9.600000000000001
2936.5,0.387,0,99,4.2
2937.0,0.387,0,97,2.4000000000000004
2937.5,0.387,0,96,1.2000000000000002
2938.0,0.387,0,96,0.6000000000000001
2938.5,0.387,0,97,0.6000000000000001
2939.0,0.385,0,98,0.6000000000000001
2939.5,0.387,0,99,0.6000000000000001
2940.0,0.387,0,100,0.6000000000000001
2940.5,0.387,0,100,0.6000000000000001
2941.0,0.387,0,100,0.6000000000000001
2941.5,0.387,0,101,0.0
2942.0,0.383,0,101,1.2000000000000002
2942.5,0.383,0,99,3.6
2943.0,0.383,0,99,4.800000000000001
2943.5,0.382,0,99,5.4
2944.0,0.38,0,100,5.4
2944.5,0.38,0,100,5.4
2945.0,0.382,0,101,6.0
2945.5,0.383,0,101,5.4
2946.0,0.383,0,101,5.4
2946.5,0.383,0,101,5.4
2947.0,0.382,0,98,10.200000000000001
2947.5,0.382,0,97,16.2
2948.0,0.382,0,97,19.8
2948.5,0.383,0,98,22.200000000000003
2949.0,0.383,0,98,23.400000000000002
2949.5,0.387,0,99,23.400000000000002
2950.0,0.387,0,99,23.400000000000002
2950.5,0.387,0,100,23.400000000000002
2951.0,0.387,0,101,22.8
2951.5,0.388,0,101,22.8
2952.0,0.388,0,101,23.400000000000002
2952.5,0.39,0,102,22.8
2953.0,0.39,0,101,20.400000000000002
2953.5,0.39,0,98,22.8
2954.0,0.388,0,98,25.8
2954.5,0.392,0,98,28.200000000000003
2955.0,0.392,0,99,28.200000000000003
2955.5,0.392,0,99,29.400000000000002
2956.0,0.392,0,100,29.400000000000002
2956.5,0.392,0,100,30.0
2957.0,0.388,0,101,30.0
2957.5,0.388,0,101,30.0
2958.0,0.387,0,99,22.8
2958.5,0.39,0,97,21.0
2959.0,0.39,0,96,22.200000000000003
2959.5,0.39,0,96,23.400000000000002
2960.0,0.39,0,97,24.0
2960.5,0.39,0,98,24.0
2961.0,0.39,0,99,24.0
2961.5,0.392,0,99,24.0
2962.0,0.392,0,100,24.0
2962.5,0.392,0,100,24.6
2963.0,0.393,0,100,24.6
2963.5,0.393,0,99,18.6
2964.0,0.393,0,98,13.200000000000001
2964.5,0.392,0,97,11.4
2965.0,0.396,0,97,10.8
2965.5,0.396,0,98,10.200000000000001
2966.0,0.396,0,99,10.200000000000001
2966.5,0.395,0,98,9.600000000000001
2967.0,0.395,0,99,9.600000000000001
2967.5,0.392,0,99,9.600000000000001
2968.0,0.395,0,99,10.200000000000001
2968.5,0.395,0,99,10.200000000000001
2969.0,0.395,0,99,7.2
2969.5,0.39,0,96,3.6
2970.0,0.39,0,94,1.8
2970.5,0.388,0,94,1.2000000000000002
2971.0,0.392,0,95,0.6000000000000001
2971.5,0.392,0,96,0.6000000000000001
2972.0,0.392,0,97,0.6000000000000001
2972.5,0.388,0,98,0.6000000000000001
2973.0,0.388,0,99,0.6000000000000001
2973.5,0.388,0,99,0.6000000000000001
2974.0,0.39,0,100,0.6000000000000001
2974.5,0.39,0,101,0.0
2975.0,0.39,0,98,1.2000000000000002
2975.5,0.387,0,98,3.6
2976.0,0.387,0,99,4.800000000000001
2976.5,0.388,0,99,5.4
2977.0,0.39,0,100,6.0
2977.5,0.39,0,101,6.0
2978.0,0.39,0,101,6.0
2978.5,0.39,0,101,5.4
2979.0,0.39,0,102,5.4
2979.5,0.392,0,101,6.0
2980.0,0.392,0,98,11.4
2980.5,0.392,0,96,16.8
2981.0,0.392,0,96,21.0
2981.5,0.392,0,97,23.400000000000002
2982.0,0.392,0,98,24.0
2982.5,0.392,0,99,24.0
2983.0,0.392,0,99,24.0
2983.5,0.392,0,100,23.400000000000002
2984.0,0.392,0,100,23.400000000000002
2984.5,0.392,0,100,23.400000000000002
2985.0,0.392,0,101,23.400000000000002
2985.5,0.392,0,101,22.200000000000003
2986.0,0.393,0,101,21.0
2986.5,0.393,0,98,24.1
2987.0,0.393,0,97,27.1
2987.5,0.393,0,98,28.3
2988.0,0.393,0,99,29.400000000000002
2988.5,0.393,0,99,30.0
2989.0,0.395,0,100,30.0
2989.5,0.395,0,101,30.0
2990.0,0.395,0,101,30.6
2990.5,0.396,0,101,29.400000000000002
2991.0,0.396,0,99,22.8
2991.5,0.396,0,97,21.6
2992.0,0.398,0,96,22.8
2992.5,0.398,0,96,24.0
2993.0,0.398,0,97,24.6
2993.5,0.398,0,97,24.6
2994.0,0.396,0,99,24.6
2994.5,0.396,0,99,24.6
2995.0,0.396,0,100,24.6
2995.5,0.396,0,100,25.200000000000003
2996.0,0.396,0,100,25.200000000000003
2996.5,0.398,0,99,18.0
2997.0,0.398,0,97,13.200000000000001
2997.5,0.398,0,96,11.4
2998.0,0.398,0,98,10.8
2998.5,0.398,0,98,10.200000000000001
2999.0,0.398,0,98,10.200000000000001
2999.5,0.401,0,98,10.200000000000001
3000.0,0.401,0,99,10.200000000000001
3000.5,0.401,0,99,10.200000000000001
3001.0,0.401,0,99,10.200000000000001
3001.5,0.403,0,99,10.200000000000001
3002.0,0.403,0,98,6.6000000000000005
3002.5,0.403,0,95,3.6
3003.0,0.404,0,94,1.8
3003.5,0.406,0,94,1.2000000000000002
3004.0,0.408,0,95,0.6000000000000001
3004.5,0.408,0,96,0.6000000000000001
3005.0,0.408,0,96,0.6000000000000001
3005.5,0.406,0,97,0.6000000000000001
3006.0,0.406,0,97,0.6000000000000001
3006.5,0.406,0,98,0.6000000000000001
3007.0,0.408,0,98,0.6000000000000001
3007.5,0.408,0,99,0.0
3008.0,0.408,0,96,1.8
3008.5,0.406,0,96,4.2
3009.0,0.408,0,96,5.4
3009.5,0.408,0,96,6.0
3010.0,0.408,0,97,6.6000000000000005
3010.5,0.408,0,98,6.6000000000000005
3011.0,0.408,0,98,6.6000000000000005
3011.5,0.406,0,99,6.6000000000000005
3012.0,0.409,0,99,6.0
3012.5,0.409,0,99,6.0
3013.0,0.409,0,96,10.8
3013.5,0.408,0,94,16.8
3014.0,0.409,0,94,21.0
3014.5,0.412,0,95,24.0
3015.0,0.411,0,99,25.200000000000003
3015.5,0.411,0,100,24.6
3016.0,0.414,0,100,24.700000000000003
3016.5,0.414,0,100,25.3
3017.0,0.414,0,100,21.6
3017.5,0.414,0,97,24.0
3018.0,0.412,0,96,27.0
3018.5,0.408,0,96,29.400000000000002
3019.0,0.409,0,97,31.200000000000003
3019.5,0.412,0,98,31.8
3020.0,0.412,0,98,32.4
3020.5,0.412,0,99,32.4
3021.0,0.411,0,99,32.4
3021.5,0.411,0,100,33.0
3022.0,0.411,0,100,27.6
3022.5,0.414,0,96,23.400000000000002
3023.0,0.414,0,95,23.400000000000002
3023.5,0.414,0,94,24.6
3024.0,0.414,0,95,25.200000000000003
3024.5,0.414,0,96,25.8
3025.0,0.414,0,97,26.400000000000002
3025.5,0.419,0,98,26.400000000000002
3026.0,0.419,0,99,26.400000000000002
3026.5,0.419,0,99,26.400000000000002
3027.0,0.414,0,99,26.400000000000002
3027.5,0.416,0,99,25.8
3028.0,0.416,0,97,18.0
3028.5,0.417,0,95,13.8
3029.0,0.417,0,95,12.0
3029.5,0.417,0,96,11.4
3030.0,0.416,0,96,11.4
3030.5,0.416,0,97,10.8
3031.0,0.416,0,97,10.8
3031.5,0.412,0,98,10.8
3032.0,0.412,0,98,10.8
3032.5,0.411,0,98,10.8
3033.0,0.411,0,98,10.200000000000001
3033.5,0.411,0,98,5.4
3034.0,0.411,0,94,3.6
3034.5,0.409,0,93,1.8
3035.0,0.408,0,93,1.2000000000000002
3035.5,0.408,0,94,1.2000000000000002
3036.0,0.408,0,95,1.2000000000000002
3036.5,0.408,0,96,0.6000000000000001
3037.0,0.408,0,97,1.2000000000000002
3037.5,0.408,0,99,1.2000000000000002
3038.0,0.409,0,99,0.6000000000000001
3038.5,0.409,0,100,0.6000000000000001
3039.0,0.409,0,101,0.6000000000000001
3039.5,0.409,0,99,3.0
3040.0,0.408,0,98,4.800000000000001
3040.5,0.408,0,98,6.0
3041.0,0.406,0,99,6.6000000000000005
3041.5,0.404,0,100,7.2
3042.0,0.404,0,101,7.2
3042.5,0.404,0,101,6.6000000000000005
3043.0,0.404,0,102,6.6000000000000005
3043.5,0.404,0,102,6.6000000000000005
3044.0,0.403,0,101,9.600000000000001
3044.5,0.401,0,97,15.0
3045.0,0.4,0,96,20.400000000000002
3045.5,0.4,0,96,23.400000000000002
3046.0,0.4,0,97,24.6
3046.5,0.4,0,98,25.200000000000003
3047.0,0.398,0,99,25.200000000000003
3047.5,0.398,0,99,25.200000000000003
3048.0,0.398,0,100,25.200000000000003
3048.5,0.4,0,101,24.6
3049.0,0.4,0,101,24.6
3049.5,0.4,0,102,25.200000000000003
3050.0,0.396,0,102,22.200000000000003
3050.5,0.396,0,101,22.8
3051.0,0.396,0,99,26.400000000000002
3051.5,0.4,0,99,28.200000000000003
3052.0,0.4,0,99,30.6
3052.5,0.4,0,100,31.200000000000003
3053.0,0.396,0,100,31.200000000000003
3053.5,0.396,0,101,31.200000000000003
3054.0,0.396,0,102,31.8
3054.5,0.396,0,102,32.4
3055.0,0.396,0,102,27.0
3055.5,0.396,0,99,22.8
3056.0,0.393,0,98,23.400000000000002
3056.5,0.393,0,97,24.6
3057.0,0.392,0,98,25.200000000000003
3057.5,0.396,0,98,25.8
3058.0,0.396,0,100,25.8
3058.5,0.396,0,100,25.8
3059.0,0.393,0,101,25.8
3059.5,0.393,0,102,25.8
3060.0,0.393,0,102,26.400000000000002
3060.5,0.396,0,102,21.6
3061.0,0.396,0,100,15.0
3061.5,0.396,0,99,12.600000000000001
3062.0,0.395,0,98,11.4
3062.5,0.396,0,99,10.8
3063.0,0.398,0,100,10.8
3063.5,0.403,0,100,10.8
3064.0,0.403,0,101,10.8
3064.5,0.403,0,101,10.8
3065.0,0.403,0,101,10.8
3065.5,0.404,0,101,10.8
3066.0,0.404,0,101,9.0
3066.5,0.408,0,98,4.2
3067.0,0.408,0,96,2.4000000000000004
3067.5,0.408,0,95,1.2000000000000002
3068.0,0.406,0,96,1.2000000000000002
3068.5,0.409,0,97,1.2000000000000002
3069.0,0.409,0,98,0.6000000000000001
3069.5,0.412,0,98,0.6000000000000001
3070.0,0.412,0,99,1.2000000000000002
3070.5,0.412,0,99,0.6000000000000001
3071.0,0.409,0,99,0.6000000000000001
3071.5,0.411,0,100,0.0
3072.0,0.411,0,99,1.8
3072.5,0.412,0,97,4.2
3073.0,0.412,0,96,6.0
3073.5,0.412,0,97,6.6000000000000005
3074.0,0.411,0,98,7.2
3074.5,0.412,0,99,7.800000000000001
3075.0,0.412,0,99,7.2
3075.5,0.412,0,100,6.6000000000000005
3076.0,0.412,0,101,6.6000000000000005
3076.5,0.412,0,100,7.2
3077.0,0.412,0,98,12.0
3077.5,0.412,0,95,18.0
3078.0,0.411,0,96,22.200000000000003
3078.5,0.411,0,96,24.6
3079.0,0.411,0,97,25.8
3079.5,0.411,0,99,25.8
3080.0,0.411,0,99,25.8
3080.5,0.409,0,100,25.200000000000003
3081.0,0.412,0,101,25.200000000000003
3081.5,0.412,0,101,24.6
3082.0,0.412,0,101,25.200000000000003
3082.5,0.411,0,102,24.6
3083.0,0.411,0,101,22.200000000000003
3083.5,0.409,0,98,25.200000000000003
3084.0,0.409,0,98,28.200000000000003
3084.5,0.409,0,98,30.6
3085.0,0.411,0,98,31.8
3085.5,0.411,0,99,32.4
3086.0,0.416,0,100,32.4
3086.5,0.416,0,101,32.4
3087.0,0.416,0,101,33.0
3087.5,0.416,0,101,32.4
3088.0,0.416,0,100,24.6
3088.5,0.416,0,97,23.400000000000002
3089.0,0.419,0,96,24.6
3089.5,0.419,0,96,25.8
3090.0,0.424,0,97,25.8
3090.5,0.424,0,98,26.400000000000002
3091.0,0.427,0,99,26.400000000000002
3091.5,0.429,0,100,26.400000000000002
3092.0,0.433,0,100,26.400000000000002
3092.5,0.433,0,101,26.400000000000002
3093.0,0.433,0,100,27.0
3093.5,0.433,0,100,19.200000000000003
3094.0,0.435,0,97,14.4
3094.5,0.435,0,96,12.600000000000001
3095.0,0.443,0,96,11.4
3095.5,0.443,0,97,11.4
3096.0,0.443,0,97,11.4
3096.5,0.441,0,98,11.4
3097.0,0.445,0,98,11.4
3097.5,0.446,0,98,11.4
3098.0,0.453,0,98,11.4
3098.5,0.453,0,98,11.4
3099.0,0.453,0,98,9.0
3099.5,0.453,0,94,4.2
3100.0,0.453,0,92,2.4000000000000004
3100.5,0.454,0,92,1.8
3101.0,0.458,0,92,1.2000000000000002
3101.5,0.461,0,93,1.2000000000000002
3102.0,0.461,0,94,1.2000000000000002
3102.5,0.461,0,94,1.2000000000000002
3103.0,0.462,0,95,1.2000000000000002
3103.5,0.464,0,96,1.2000000000000002
3104.0,0.466,0,96,1.2000000000000002
3104.5,0.469,0,97,1.2000000000000002
3105.0,0.469,0,96,1.2000000000000002
3105.5,0.469,0,93,4.2
3106.0,0.469,0,93,6.0
3106.5,0.469,0,93,9.0
3107.0,0.472,0,94,9.600000000000001
3107.5,0.472,0,95,9.600000000000001
3108.0,0.475,0,95,9.600000000000001
3108.5,0.475,0,95,9.600000000000001
3109.0,0.479,0,96,9.600000000000001
3109.5,0.479,0,96,9.600000000000001
3110.0,0.48,0,96,9.600000000000001
3110.5,0.48,0,92,14.4
3111.0,0.482,0,90,21.0
3111.5,0.483,0,89,25.8
3112.0,0.485,0,90,28.200000000000003
3112.5,0.487,0,91,28.8
3113.0,0.491,0,91,30.0
3113.5,0.491,0,93,30.0
3114.0,0.496,0,93,30.0
3114.5,0.496,0,94,28.8
3115.0,0.496,0,95,28.8
3115.5,0.499,0,95,29.400000000000002
3116.0,0.499,0,95,30.0
3116.5,0.499,0,96,27.0
3117.0,0.501,0,95,26.400000000000002
3117.5,0.501,0,91,30.6
3118.0,0.501,1,91,34.2
3118.5,0.503,1,91,36.6
3119.0,0.503,1,92,38.400000000000006
3119.5,0.503,1,93,38.400000000000006
3120.0,0.504,2,94,39.0
3120.5,0.504,2,95,39.0
3121.0,0.504,2,95,39.0
3121.5,0.504,3,96,39.0
3122.0,0.508,3,95,31.200000000000003
3122.5,0.508,3,93,27.6
3123.0,0.509,3,90,28.200000000000003
3123.5,0.509,4,89,30.0
3124.0,0.511,4,89,31.200000000000003
3124.5,0.511,4,90,31.8
3125.0,0.516,5,91,31.8
3125.5,0.516,5,92,32.4
3126.0,0.517,5,92,32.4
3126.5,0.519,5,94,32.4
3127.0,0.524,6,94,32.4
3127.5,0.524,6,94,33.0
3128.0,0.524,6,94,25.8
3128.5,0.53,6,92,18.6
3129.0,0.53,7,88,16.2
3129.5,0.53,7,89,15.0
3130.0,0.53,7,91,14.4
3130.5,0.532,8,91,14.4
3131.0,0.532,8,92,14.4
3131.5,0.532,8,92,13.8
3132.0,0.535,8,93,14.4
3132.5,0.535,9,94,14.4
3133.0,0.535,9,94,14.4
3133.5,0.535,9,94,14.4
3134.0,0.535,10,94,9.600000000000001
3134.5,0.535,10,91,5.4
3135.0,0.537,10,88,3.6
3135.5,0.537,10,87,3.0
3136.0,0.538,11,87,2.4000000000000004
3136.5,0.538,11,89,2.4000000000000004
3137.0,0.54,11,90,2.4000000000000004
3137.5,0.54,11,90,2.4000000000000004
3138.0,0.54,12,92,2.4000000000000004
3138.5,0.545,12,92,2.4000000000000004
3139.0,0.545,12,93,3.0
3139.5,0.548,13,93,2.4000000000000004
3140.0,0.548,13,94,1.2000000000000002
3140.5,0.548,13,91,4.2
3141.0,0.546,13,89,9.0
3141.5,0.551,14,89,9.600000000000001
3142.0,0.551,14,90,10.200000000000001
3142.5,0.551,14,91,10.200000000000001
3143.0,0.553,14,92,10.8
3143.5,0.554,15,92,10.8
3144.0,0.556,15,93,10.8
3144.5,0.556,15,93,10.8
3145.0,0.559,15,94,10.200000000000001
3145.5,0.561,16,93,12.600000000000001
3146.0,0.561,16,90,21.0
3146.5,0.561,16,87,27.6
3147.0,0.562,17,87,32.4
3147.5,0.562,17,88,34.800000000000004
3148.0,0.566,17,89,35.4
3148.5,0.569,17,90,36.0
3149.0,0.569,18,91,35.4
3149.5,0.572,18,92,34.800000000000004
3150.0,0.572,18,93,34.800000000000004
3150.5,0.574,19,94,34.800000000000004
3151.0,0.575,19,94,34.800000000000004
3151.5,0.58,19,95,35.4
3152.0,0.58,19,95,30.6
3152.5,0.58,20,93,31.200000000000003
3153.0,0.577,20,89,36.6
3153.5,0.578,20,88,40.800000000000004
3154.0,0.578,20,89,43.2
3154.5,0.578,21,90,44.400000000000006
3155.0,0.583,21,91,45.6
3155.5,0.583,21,92,45.6
3156.0,0.585,22,92,45.6
3156.5,0.585,22,94,46.2
3157.0,0.585,22,94,46.800000000000004
3157.5,0.588,22,94,38.400000000000006
3158.0,0.59,23,90,33.0
3158.5,0.59,23,87,33.6
3159.0,0.59,23,86,36.0
3159.5,0.591,23,86,37.800000000000004
3160.0,0.595,24,88,38.400000000000006
3160.5,0.595,24,89,38.400000000000006
3161.0,0.601,24,90,38.400000000000006
3161.5,0.607,24,91,38.400000000000006
3162.0,0.607,25,92,38.400000000000006
3162.5,0.607,25,92,39.0
3163.0,0.609,25,92,39.0
3163.5,0.614,26,92,35.4
3164.0,0.62,26,91,25.200000000000003
3164.5,0.624,26,87,20.400000000000002
3165.0,0.63,26,85,19.200000000000003
3165.5,0.632,27,87,18.6
3166.0,0.636,27,88,18.6
3166.5,0.636,27,88,18.6
3167.0,0.643,28,89,18.6
3167.5,0.644,28,89,18.6
3168.0,0.649,28,90,18.6
3168.5,0.656,28,90,18.6
3169.0,0.656,29,90,18.6
3169.5,0.659,29,90,19.200000000000003
3170.0,0.662,29,88,11.4
3170.5,0.662,29,85,9.600000000000001
3171.0,0.667,30,81,6.0
3171.5,0.669,30,81,5.4
3172.0,0.673,30,81,4.800000000000001
3172.5,0.673,30,82,4.800000000000001
3173.0,0.678,31,83,5.4
3173.5,0.678,31,84,5.4
3174.0,0.683,31,84,5.4
3174.5,0.683,31,85,5.4
3175.0,0.688,32,86,5.4
3175.5,0.693,32,86,5.4
3176.0,0.696,32,86,5.4
3176.5,0.696,32,86,3.6
3177.0,0.699,33,82,9.600000000000001
3177.5,0.699,33,79,11.4
3178.0,0.704,33,79,13.8
3178.5,0.707,33,80,15.0
3179.0,0.712,34,81,16.2
3179.5,0.714,34,82,16.8
3180.0,0.715,34,84,16.8
3180.5,0.72,34,84,16.2
3181.0,0.728,35,85,16.2
3181.5,0.733,35,86,16.2
3182.0,0.735,35,86,16.2
3182.5,0.74,35,84,18.0
3183.0,0.74,36,80,28.200000000000003
3183.5,0.741,36,76,37.800000000000004
3184.0,0.746,36,75,43.800000000000004
3184.5,0.751,36,76,46.800000000000004
3185.0,0.756,37,77,49.2
3185.5,0.759,37,79,49.800000000000004
3186.0,0.762,37,80,50.400000000000006
3186.5,0.769,37,82,49.800000000000004
3187.0,0.77,38,83,49.2
3187.5,0.772,38,84,48.6
3188.0,0.777,38,85,48.0
3188.5,0.78,38,85,48.6
3189.0,0.785,39,85,49.2
3189.5,0.786,39,84,49.2
3190.0,0.791,39,84,42.0
3190.5,0.791,39,81,46.2
3191.0,0.791,39,76,54.6
3191.5,0.798,40,76,60.0
3192.0,0.804,40,77,63.0
3192.5,0.804,40,79,64.2
3193.0,0.81,40,80,65.4
3193.5,0.812,41,81,65.4
3194.0,0.817,41,82,66.0
3194.5,0.818,41,83,66.0
3195.0,0.825,41,83,66.0
3195.5,0.831,42,83,66.60000000000001
3196.0,0.833,42,83,55.800000000000004
3196.5,0.838,42,80,47.400000000000006
3197.0,0.839,42,75,48.6
3197.5,0.839,43,72,52.2
3198.0,0.846,43,71,55.2
3198.5,0.847,43,72,54.6
3199.0,0.854,43,72,49.800000000000004
3199.5,0.857,44,72,46.2
3200.0,0.86,44,70,44.400000000000006
3200.5,0.864,44,68,43.800000000000004
3201.0,0.865,44,66,43.800000000000004
3201.5,0.865,44,64,44.400000000000006
3202.0,0.867,44,62,45.0
3202.5,0.868,45,61,46.2
3203.0,0.872,45,59,47.400000000000006
3203.5,0.873,45,58,48.0
3204.0,0.878,45,56,49.800000000000004
3204.5,0.878,45,54,37.2
3205.0,0.883,45,52,28.200000000000003
3205.5,0.883,45,50,26.400000000000002
3206.0,0.883,46,47,26.400000000000002
3206.5,0.883,46,43,26.400000000000002
3207.0,0.886,46,43,27.6
3207.5,0.889,46,44,26.400000000000002
3208.0,0.893,46,45,22.8
3208.5,0.893,46,46,20.400000000000002
3209.0,0.896,46,46,18.6
3209.5,0.897,47,45,18.0
3210.0,0.899,47,44,18.0
3210.5,0.902,47,42,18.6
3211.0,0.905,47,41,18.6
3211.5,0.905,47,40,19.200000000000003
3212.0,0.907,47,39,19.8
3212.5,0.909,47,39,19.8
3213.0,0.91,47,38,20.400000000000002
3213.5,0.912,48,38,21.0
3214.0,0.915,48,38,21.6
3214.5,0.915,48,38,21.6
3215.0,0.917,48,38,22.200000000000003
3215.5,0.918,48,38,22.8
3216.0,0.922,48,37,22.8
3216.5,0.923,48,37,23.400000000000002
3217.0,0.925,48,37,24.0
3217.5,0.926,48,36,24.0
3218.0,0.93,49,36,13.8
3218.5,0.93,49,35,9.600000000000001
3219.0,0.93,49,35,6.0
3219.5,0.93,49,31,4.800000000000001
3220.0,0.925,49,31,4.800000000000001
3220.5,0.925,49,27,4.800000000000001
3221.0,0.928,49,24,5.4
3221.5,0.93,49,22,5.4
3222.0,0.934,49,22,6.0
3222.5,0.936,49,21,6.6000000000000005
3223.0,0.939,49,22,9.0
3223.5,0.943,49,24,9.600000000000001
3224.0,0.946,49,25,9.600000000000001
3224.5,0.949,49,27,9.600000000000001
3225.0,0.951,50,30,9.600000000000001
3225.5,0.989,50,32,9.600000000000001
3226.0,0.992,51,44,9.600000000000001
3226.5,0.996,51,43,9.600000000000001
3227.0,0.996,52,43,9.600000000000001
3227.5,1.001,52,43,9.600000000000001
3228.0,1.001,52,0,3.0
3228.5,1.001,52,0,0.0
3229.0,1.005,52,0,0.0
3229.5,1.005,52,0,0.0
3230.0,1.005,52,0,0.0
3230.5,1.005,52,0,0.0
3231.0,0.973,52,0,0.0
3231.5,0.934,52,0,0.0
3232.0,0.881,52,0,0.0
3232.5,0.783,52,0,0.0
3233.0,0.714,52,0,0.0
3233.5,0.63,52,0,0.0
3234.0,0.591,52,0,0.0
3234.5,0.554,52,0,0.0
3235.0,0.541,52,0,0.0
3235.5,0.537,52,0,0.0
3236.0,0.537,52,0,0.0
3236.5,0.537,52,0,0.0
3237.0,0.537,52,0,0.0
3237.5,0.532,52,0,0.0
3238.0,0.522,52,0,0.0
3238.5,0.506,52,0,0.0
3239.0,0.49,52,0,0.0
3239.5,0.461,52,0,0.0
3240.0,0.44,52,0,0.0
3240.5,0.411,52,0,0.0
3241.0,0.392,52,0,0.0
3241.5,0.371,52,0,0.0
3242.0,0.356,52,0,0.0
3242.5,0.343,52,0,0.0
3243.0,0.34,52,0,0.0
3243.5,0.33,52,0,0.0
3244.0,0.329,52,0,0.0
3244.5,0.325,52,0,0.0
3245.0,0.325,52,0,0.0
3245.5,0.325,52,0,0.0
3246.0,0.325,52,0,0.0
3246.5,0.324,52,0,0.0
3247.0,0.322,52,0,0.0
3247.5,0.316,52,0,0.0
3248.0,0.314,52,0,0.0
3248.5,0.305,52,0,0.0
3249.0,0.301,52,0,0.0
3249.5,0.29,52,0,0.0
3250.0,0.285,52,0,0.0
3250.5,0.274,52,0,0.0
3251.0,0.269,52,0,0.0
3251.5,0.264,52,0,0.0
3252.0,0.258,52,0,0.0
3252.5,0.251,52,0,0.0
3253.0,0.243,52,0,0.0
3253.5,0.242,52,0,0.0
3254.0,0.234,52,0,0.0
3254.5,0.229,52,0,0.0
3255.0,0.222,52,0,0.0
3255.5,0.219,52,0,0.0
3256.0,0.213,52,0,0.0
3256.5,0.209,52,0,0.0
3257.0,0.201,52,0,0.0
3257.5,0.198,52,0,0.0
3258.0,0.192,52,0,0.0
3258.5,0.189,52,0,0.0
3259.0,0.182,52,0,0.0
3259.5,0.177,52,0,0.0
3260.0,0.161,52,0,0.0
3260.5,0.156,52,0,0.0
3261.0,0.153,52,0,0.0
3261.5,0.15,52,0,0.0
3262.0,0.147,52,0,0.0
3262.5,0.147,52,0,0.0
3263.0,0.143,52,0,0.6000000000000001
3263.5,0.142,52,0,0.6000000000000001
3264.0,0.14,52,0,0.6000000000000001
3264.5,0.142,52,0,0.6000000000000001
3265.0,0.14,52,0,0.6000000000000001
3265.5,0.137,52,0,0.6000000000000001
3266.0,0.139,52,0,0.6000000000000001
3266.5,0.137,52,0,0.6000000000000001
3267.0,0.135,52,0,0.6000000000000001
3267.5,0.135,52,0,0.6000000000000001
3268.0,0.134,52,0,0.6000000000000001
3268.5,0.134,52,0,0.6000000000000001
3269.0,0.134,52,0,0.6000000000000001
3269.5,0.134,52,0,0.6000000000000001
3270.0,0.132,52,0,0.6000000000000001
3270.5,0.134,52,0,1.2000000000000002
3271.0,0.135,52,0,0.6000000000000001
3271.5,0.134,52,0,0.6000000000000001
3272.0,0.134,52,0,0.6000000000000001
3272.5,0.135,52,0,0.6000000000000001
3273.0,0.134,52,0,0.6000000000000001
3273.5,0.135,52,0,0.6000000000000001
3274.0,0.134,52,0,1.2000000000000002
3274.5,0.135,52,0,0.6000000000000001
3275.0,0.135,52,0,0.6000000000000001
3275.5,0.134,52,0,1.2000000000000002
3276.0,0.134,52,0,1.2000000000000002
3276.5,0.132,52,0,0.6000000000000001
3277.0,0.131,52,0,1.2000000000000002
3277.5,0.131,52,0,1.2000000000000002
3278.0,0.129,52,0,1.2000000000000002
3278.5,0.129,52,0,1.2000000000000002
3279.0,0.127,52,0,1.2000000000000002
3279.5,0.124,52,0,1.2000000000000002
3280.0,0.124,52,0,1.2000000000000002
3280.5,0.124,52,0,1.2000000000000002
3281.0,0.122,52,0,1.2000000000000002
3281.5,0.121,52,0,1.2000000000000002
3282.0,0.119,52,0,1.2000000000000002
3282.5,0.118,52,0,1.2000000000000002
3283.0,0.118,52,0,1.2000000000000002
3283.5,0.116,52,0,1.2000000000000002
3284.0,0.114,52,0,1.2000000000000002
3284.5,0.113,52,0,1.2000000000000002
3285.0,0.111,52,0,1.2000000000000002
3285.5,0.111,52,0,1.2000000000000002
3286.0,0.11,52,0,1.2000000000000002
3286.5,0.111,52,0,1.2000000000000002
3287.0,0.11,52,0,1.2000000000000002
3287.5,0.108,52,0,1.2000000000000002
3288.0,0.108,52,0,1.2000000000000002
3288.5,0.106,52,0,1.2000000000000002
3289.0,0.105,52,0,1.2000000000000002
3289.5,0.105,52,0,1.2000000000000002
3290.0,0.105,52,0,1.2000000000000002
3290.5,0.106,52,0,1.2000000000000002
3291.0,0.105,52,0,1.2000000000000002
3291.5,0.105,52,0,1.2000000000000002
3292.0,0.105,52,0,1.2000000000000002
3292.5,0.103,52,0,1.2000000000000002
3293.0,0.102,52,0,1.2000000000000002
3293.5,0.102,52,0,1.2000000000000002
3294.0,0.103,52,0,1.2000000000000002
3294.5,0.102,52,0,1.2000000000000002
3295.0,0.1,52,0,1.2000000000000002
3295.5,0.102,52,0,1.2000000000000002
3296.0,0.1,52,0,1.2000000000000002
3296.5,0.1,52,0,1.2000000000000002
3297.0,0.1,52,0,1.2000000000000002
3297.5,0.1,52,0,1.2000000000000002
3298.0,0.098,52,0,1.2000000000000002
3298.5,0.098,52,0,1.2000000000000002
3299.0,0.098,52,0,1.2000000000000002
3299.5,0.097,52,0,1.2000000000000002
3300.0,0.095,52,0,1.2000000000000002
3300.5,0.097,52,0,1.2000000000000002
3301.0,0.098,52,0,1.2000000000000002
3301.5,0.097,52,0,1.2000000000000002
3302.0,0.097,52,0,1.2000000000000002
3302.5,0.097,52,0,1.2000000000000002
3303.0,0.097,52,0,1.2000000000000002
3303.5,0.095,52,0,1.2000000000000002
3304.0,0.095,52,0,1.2000000000000002
3304.5,0.095,52,0,1.2000000000000002
3305.0,0.095,52,0,1.2000000000000002
3305.5,0.093,52,0,1.2000000000000002
3306.0,0.092,52,0,1.2000000000000002
3306.5,0.093,52,0,1.2000000000000002
3307.0,0.093,52,0,1.2000000000000002
3307.5,0.092,52,0,1.2000000000000002
3308.0,0.092,52,0,1.2000000000000002
3308.5,0.093,52,0,1.2000000000000002
3309.0,0.093,52,0,0.6000000000000001
3309.5,0.093,52,0,0.0
3310.0,0.093,52,0,0.0
3310.5,0.093,52,0,0.0
3311.0,0.092,52,0,0.0
3311.5,0.089,52,0,0.0
3312.0,0.089,52,0,0.0
3312.5,0.089,52,0,0.0
3313.0,0.085,52,0,0.0
3313.5,0.085,52,0,0.0
3314.0,0.084,52,0,0.0
3314.5,0.082,52,0,0.0
3315.0,0.082,52,0,0.0
3315.5,0.081,52,0,0.0
3316.0,0.079,52,0,0.0
3316.5,0.079,52,0,0.0
3317.0,0.077,52,0,0.0
3317.5,0.076,52,0,0.0
3318.0,0.074,52,0,0.0
3318.5,0.073,52,0,0.0
3319.0,0.071,52,0,0.0
3319.5,0.073,52,0,0.0
3320.0,0.071,52,0,0.0
3320.5,0.071,52,0,0.0
3321.0,0.071,52,0,0.0
3321.5,0.069,52,0,0.0
3322.0,0.069,52,0,0.0
3322.5,0.069,52,0,0.0
3323.0,0.069,52,0,0.0
3323.5,0.068,52,0,0.0
3324.0,0.068,52,0,0.0
3324.5,0.066,52,0,0.0
3325.0,0.064,52,0,0.0
3325.5,0.064,52,0,0.0
3326.0,0.063,52,0,0.0
3326.5,0.061,52,0,0.0
3327.0,0.06,52,0,0.0
3327.5,0.06,52,0,0.0
3328.0,0.056,52,0,0.0
3328.5,0.056,52,0,0.0
3329.0,0.055,52,0,0.0
3329.5,0.053,52,0,0.0
3330.0,0.052,52,0,0.0
3330.5,0.052,52,0,0.0
3331.0,0.05,52,0,0.0
3331.5,0.05,52,0,0.0
3332.0,0.047,52,0,0.0
3332.5,0.047,52,0,0.0
3333.0,0.047,52,0,0.0
3333.5,0.045,52,0,0.0
3334.0,0.045,52,0,0.0
3334.5,0.044,52,0,0.0
3335.0,0.044,52,0,0.0
3335.5,0.044,52,0,0.0
3336.0,0.042,52,0,0.0
3336.5,0.042,52,0,0.0
3337.0,0.04,52,0,0.0
3337.5,0.04,52,0,0.0
3338.0,0.042,52,0,0.0
3338.5,0.04,52,0,0.0
3339.0,0.04,52,0,0.0
3339.5,0.04,52,0,0.0
3340.0,0.04,52,0,0.0
3340.5,0.04,52,0,0.0
