Time,Torque,Angle,Rotating speed,Power
0,0.0,0,10,1.2000000000000002
0.5,0.0,0,10,6.0
1.0,0.0,0,10,1.8
1.5,0.0,0,10,0.0
2.0,0.0,0,8,0.0
2.5,0.0,0,8,0.0
3.0,0.0,0,8,0.0
3.5,0.0,0,9,0.0
4.0,0.0,0,12,0.0
4.5,0.0,0,12,0.0
5.0,0.0,0,14,0.0
5.5,0.0,0,20,0.0
6.0,0.0,0,19,0.0
6.5,0.0,0,19,0.0
7.0,0.0,0,22,0.0
7.5,0.0,0,25,0.0
8.0,0.0,0,26,1.2000000000000002
8.5,0.0,0,30,1.2000000000000002
9.0,0.0,0,33,1.8
9.5,0.0,0,36,1.8
10.0,0.0,0,43,1.8
10.5,0.0,0,48,1.8
11.0,0.0,0,50,1.2000000000000002
11.5,0.0,0,54,1.2000000000000002
12.0,0.0,0,56,1.2000000000000002
12.5,0.0,0,58,1.2000000000000002
13.0,0.0,0,59,1.2000000000000002
13.5,0.0,0,60,1.2000000000000002
14.0,0.0,0,61,0.6000000000000001
14.5,0.0,0,61,0.6000000000000001
15.0,0.0,0,62,0.6000000000000001
15.5,0.0,0,62,0.6000000000000001
16.0,0.0,0,62,0.6000000000000001
16.5,0.0,0,62,0.6000000000000001
17.0,0.0,0,62,1.2000000000000002
17.5,0.0,0,62,1.8
18.0,0.0,0,64,2.4000000000000004
18.5,0.0,0,67,4.2
19.0,0.0,0,70,6.6000000000000005
19.5,0.0,0,73,9.600000000000001
20.0,0.0,0,75,9.600000000000001
20.5,0.0,0,77,9.600000000000001
21.0,0.0,0,80,8.4
21.5,0.0,0,81,6.6000000000000005
22.0,0.0,0,82,6.0
22.5,0.0,0,84,5.4
23.0,0.0,0,84,5.4
23.5,0.0,0,85,5.4
24.0,0.0,0,85,5.4
24.5,0.0,0,86,4.800000000000001
25.0,0.0,0,85,4.800000000000001
25.5,0.0,0,85,4.800000000000001
26.0,0.0,0,85,4.800000000000001
26.5,0.0,0,85,4.800000000000001
27.0,0.0,0,85,4.2
27.5,0.0,0,85,4.2
28.0,0.0,0,85,4.800000000000001
28.5,0.0,0,86,9.600000000000001
29.0,0.0,0,88,12.0
29.5,0.0,0,91,15.0
30.0,0.0,0,95,16.8
30.5,0.0,0,98,16.2
31.0,0.0,0,100,12.0
31.5,0.0,0,102,9.600000000000001
32.0,0.0,0,103,9.600000000000001
32.5,0.0,0,105,9.600000000000001
33.0,0.0,0,106,7.2
33.5,0.0,0,107,6.6000000000000005
34.0,0.0,0,108,6.0
34.5,0.0,0,108,6.0
35.0,0.0,0,109,6.6000000000000005
35.5,0.0,0,110,8.4
36.0,0.0,0,111,4.2
36.5,0.0,0,111,2.4000000000000004
37.0,0.0,0,111,1.2000000000000002
37.5,0.0,0,111,1.2000000000000002
38.0,0.0,0,111,1.2000000000000002
38.5,0.0,0,111,1.8
39.0,0.0,0,115,2.4000000000000004
39.5,0.0,0,118,3.0
40.0,0.0,0,122,3.6
40.5,0.0,0,125,2.4000000000000004
41.0,0.0,0,128,1.2000000000000002
41.5,0.0,0,129,0.6000000000000001
42.0,0.0,0,129,0.6000000000000001
42.5,0.0,0,132,0.0
43.0,0.0,0,132,0.0
43.5,0.0,0,133,0.0
44.0,0.0,0,133,0.0
44.5,0.0,0,134,0.6000000000000001
45.0,0.0,0,134,1.2000000000000002
45.5,0.0,0,135,1.8
46.0,0.0,0,135,2.4000000000000004
46.5,0.0,0,135,2.4000000000000004
47.0,0.0,0,135,1.8
47.5,0.0,0,135,2.4000000000000004
48.0,0.0,0,135,2.4000000000000004
48.5,0.0,0,137,4.2
49.0,0.0,0,139,5.4
49.5,0.0,0,142,9.600000000000001
50.0,0.0,0,144,9.600000000000001
50.5,0.0,0,146,10.200000000000001
51.0,0.0,0,148,10.200000000000001
51.5,0.0,0,149,10.8
52.0,0.0,0,151,11.4
52.5,0.0,0,151,9.600000000000001
53.0,0.0,0,151,9.600000000000001
53.5,0.0,0,151,9.600000000000001
54.0,0.0,0,153,9.600000000000001
54.5,0.0,0,152,9.600000000000001
55.0,0.0,0,153,9.600000000000001
55.5,0.0,0,154,9.600000000000001
56.0,0.0,0,154,9.600000000000001
56.5,0.0,0,154,6.0
57.0,0.0,0,154,4.800000000000001
57.5,0.0,0,153,4.2
58.0,0.0,0,153,4.800000000000001
58.5,0.0,0,153,9.600000000000001
59.0,0.0,0,156,14.4
59.5,0.0,0,160,13.200000000000001
60.0,0.0,0,162,9.600000000000001
60.5,0.0,0,166,8.4
61.0,0.0,0,168,6.0
61.5,0.0,0,171,5.4
62.0,0.0,0,174,5.4
62.5,0.0,0,177,4.800000000000001
63.0,0.0,0,177,3.0
63.5,0.0,0,177,1.8
64.0,0.0,0,177,1.2000000000000002
64.5,0.0,0,176,1.2000000000000002
65.0,0.0,0,176,0.6000000000000001
65.5,0.0,0,176,0.6000000000000001
66.0,0.0,0,175,1.8
66.5,0.0,0,175,2.4000000000000004
67.0,0.0,0,176,2.4000000000000004
67.5,0.0,0,175,2.4000000000000004
68.0,0.0,0,175,3.0
68.5,0.0,0,176,6.0
69.0,0.0,0,180,9.600000000000001
69.5,0.0,0,183,11.4
70.0,0.0,0,185,13.8
70.5,0.0,0,188,14.4
71.0,0.0,0,190,15.600000000000001
71.5,0.0,0,193,15.600000000000001
72.0,0.0,0,194,14.4
72.5,0.0,0,194,13.200000000000001
73.0,0.0,0,196,12.600000000000001
73.5,0.0,0,196,12.0
74.0,0.0,0,199,13.200000000000001
74.5,0.0,0,199,12.0
75.0,0.0,0,200,9.600000000000001
75.5,0.0,0,199,6.6000000000000005
76.0,0.0,0,199,5.4
76.5,0.0,0,198,6.0
77.0,0.0,0,197,9.600000000000001
77.5,0.0,0,198,5.4
78.0,0.0,0,197,4.2
78.5,0.0,0,199,5.4
79.0,0.0,0,202,9.0
79.5,0.0,0,208,9.600000000000001
80.0,0.0,0,210,9.600000000000001
80.5,0.0,0,212,6.0
81.0,0.0,0,214,4.800000000000001
81.5,0.0,0,215,3.6
82.0,0.0,0,216,3.6
82.5,0.0,0,216,3.6
83.0,0.0,0,217,4.2
83.5,0.0,0,219,4.800000000000001
84.0,0.0,0,218,4.800000000000001
84.5,0.0,0,217,5.4
85.0,0.0,0,221,6.0
85.5,0.0,0,218,6.6000000000000005
86.0,0.0,0,220,6.0
86.5,0.0,0,218,6.0
87.0,0.0,0,217,9.600000000000001
87.5,0.0,0,217,9.600000000000001
88.0,0.0,0,217,9.600000000000001
88.5,0.0,0,218,12.0
89.0,0.0,0,222,15.600000000000001
89.5,0.0,0,223,19.200000000000003
90.0,0.0,0,226,18.6
90.5,0.0,0,227,15.0
91.0,0.0,0,229,12.600000000000001
91.5,0.0,0,229,12.0
92.0,0.0,0,230,13.8
92.5,0.0,0,232,10.200000000000001
93.0,0.0,0,232,8.4
93.5,0.0,0,232,5.4
94.0,0.0,0,233,5.4
94.5,0.0,0,235,5.4
95.0,0.0,0,233,3.6
95.5,0.0,0,234,3.0
96.0,0.0,0,232,2.4000000000000004
96.5,0.0,0,231,1.8
97.0,0.0,0,231,2.4000000000000004
97.5,0.0,0,231,3.0
98.0,0.0,0,230,3.0
98.5,0.0,0,231,3.0
99.0,0.0,0,228,4.2
99.5,0.0,0,230,5.4
100.0,0.0,0,229,5.4
100.5,0.0,0,228,5.4
101.0,0.0,0,227,5.4
101.5,0.0,0,227,7.800000000000001
102.0,0.0,0,226,9.600000000000001
102.5,0.0,0,227,9.600000000000001
103.0,0.0,0,225,9.600000000000001
103.5,0.0,0,226,9.600000000000001
104.0,0.0,0,227,10.8
104.5,0.0,0,227,9.600000000000001
105.0,0.0,0,227,6.0
105.5,0.0,0,226,5.4
106.0,0.0,0,224,7.2
106.5,0.0,0,226,8.4
107.0,0.0,0,225,4.800000000000001
107.5,0.0,0,225,3.6
108.0,0.0,0,225,3.6
108.5,0.0,0,225,3.6
109.0,0.0,0,225,3.6
109.5,0.0,0,224,2.4000000000000004
110.0,0.0,0,224,1.8
110.5,0.0,0,223,1.8
111.0,0.0,0,222,1.2000000000000002
111.5,0.0,0,221,2.4000000000000004
112.0,0.0,0,221,3.0
112.5,0.0,0,221,3.0
113.0,0.0,0,220,3.6
113.5,0.0,0,219,4.2
114.0,0.0,0,222,5.4
114.5,0.0,0,219,5.4
115.0,0.0,0,220,5.4
115.5,0.0,0,218,6.0
116.0,0.0,0,218,9.600000000000001
116.5,0.0,0,218,9.600000000000001
117.0,0.0,0,217,9.600000000000001
117.5,0.0,0,218,9.600000000000001
118.0,0.0,0,218,9.600000000000001
118.5,0.0,0,218,11.4
119.0,0.0,0,219,9.600000000000001
119.5,0.0,0,218,8.4
120.0,0.0,0,218,6.0
120.5,0.0,0,217,6.0
121.0,0.0,0,217,9.600000000000001
121.5,0.0,0,218,6.0
122.0,0.0,0,217,4.2
122.5,0.0,0,214,3.0
123.0,0.0,0,215,3.0
123.5,0.0,0,214,3.0
124.0,0.0,0,213,4.2
124.5,0.0,0,214,4.800000000000001
125.0,0.0,0,214,5.4
125.5,0.0,0,213,5.4
126.0,0.0,0,213,5.4
126.5,0.0,0,213,7.2
127.0,0.0,0,211,7.2
127.5,0.0,0,211,9.0
128.0,0.0,0,212,9.600000000000001
128.5,0.0,0,212,9.600000000000001
129.0,0.0,0,213,10.200000000000001
129.5,0.0,0,213,10.200000000000001
130.0,0.0,0,213,9.600000000000001
130.5,0.0,0,213,6.0
131.0,0.0,0,212,5.4
131.5,0.0,0,211,8.4
132.0,0.0,0,213,7.2
132.5,0.0,0,212,4.800000000000001
133.0,0.0,0,212,3.6
133.5,0.0,0,213,3.6
134.0,0.0,0,214,3.6
134.5,0.0,0,213,3.6
135.0,0.0,0,213,3.0
135.5,0.0,0,213,1.8
136.0,0.0,0,211,1.8
136.5,0.0,0,211,1.2000000000000002
137.0,0.0,0,210,1.8
137.5,0.0,0,210,3.0
138.0,0.0,0,211,3.0
138.5,0.0,0,210,3.0
139.0,0.0,0,209,3.6
139.5,0.0,0,210,4.800000000000001
140.0,0.0,0,210,5.4
140.5,0.0,0,210,5.4
141.0,0.0,0,209,5.4
141.5,0.0,0,208,6.0
142.0,0.0,0,209,9.600000000000001
142.5,0.0,0,209,9.600000000000001
143.0,0.0,0,207,9.600000000000001
143.5,0.0,0,209,9.600000000000001
144.0,0.0,0,210,9.600000000000001
144.5,0.0,0,208,10.200000000000001
145.0,0.0,0,209,9.600000000000001
145.5,0.0,0,210,7.2
146.0,0.0,0,209,5.4
146.5,0.0,0,208,5.4
147.0,0.0,0,207,7.2
147.5,0.0,0,209,6.6000000000000005
148.0,0.0,0,209,4.800000000000001
148.5,0.0,0,209,3.6
149.0,0.0,0,208,3.0
149.5,0.0,0,210,3.6
150.0,0.0,0,211,3.6
150.5,0.0,0,210,3.0
151.0,0.0,0,209,1.8
151.5,0.0,0,208,1.8
152.0,0.0,0,207,1.2000000000000002
152.5,0.0,0,207,1.8
153.0,0.0,0,207,2.4000000000000004
153.5,0.0,0,206,3.0
154.0,0.0,0,207,3.0
154.5,0.0,0,206,3.0
155.0,0.0,0,205,4.2
155.5,0.0,0,207,4.800000000000001
156.0,0.0,0,206,5.4
156.5,0.0,0,205,5.4
157.0,0.0,0,206,5.4
157.5,0.0,0,205,8.4
158.0,0.0,0,203,9.600000000000001
158.5,0.0,0,205,9.600000000000001
159.0,0.0,0,205,9.600000000000001
159.5,0.0,0,204,9.600000000000001
160.0,0.0,0,205,9.600000000000001
160.5,0.0,0,206,10.8
161.0,0.0,0,207,9.600000000000001
161.5,0.0,0,206,6.6000000000000005
162.0,0.0,0,206,6.0
162.5,0.0,0,205,6.6000000000000005
163.0,0.0,0,204,9.600000000000001
163.5,0.0,0,206,6.0
164.0,0.0,0,206,4.2
164.5,0.0,0,205,3.6
165.0,0.0,0,206,3.6
165.5,0.0,0,206,3.6
166.0,0.0,0,207,3.6
166.5,0.0,0,206,2.4000000000000004
167.0,0.0,0,206,1.8
167.5,0.0,0,205,1.2000000000000002
168.0,0.0,0,204,1.2000000000000002
168.5,0.0,0,203,1.8
169.0,0.0,0,204,3.0
169.5,0.0,0,204,3.0
170.0,0.0,0,204,3.0
170.5,0.0,0,203,3.6
171.0,0.0,0,204,4.800000000000001
171.5,0.0,0,205,5.4
172.0,0.0,0,203,5.4
172.5,0.0,0,204,5.4
173.0,0.0,0,202,6.0
173.5,0.0,0,201,9.600000000000001
174.0,0.0,0,202,9.600000000000001
174.5,0.0,0,202,9.600000000000001
175.0,0.0,0,202,9.600000000000001
175.5,0.0,0,203,9.600000000000001
176.0,0.0,0,203,10.200000000000001
176.5,0.0,0,204,10.8
177.0,0.0,0,204,9.600000000000001
177.5,0.0,0,203,6.6000000000000005
178.0,0.0,0,203,6.0
178.5,0.0,0,202,6.6000000000000005
179.0,0.0,0,202,9.600000000000001
179.5,0.0,0,203,6.0
180.0,0.0,0,203,4.2
180.5,0.0,0,203,3.6
181.0,0.0,0,203,3.6
181.5,0.0,0,204,3.6
182.0,0.0,0,205,3.0
182.5,0.0,0,204,2.4000000000000004
183.0,0.0,0,204,1.8
183.5,0.0,0,203,1.2000000000000002
184.0,0.0,0,202,1.2000000000000002
184.5,0.0,0,202,1.8
185.0,0.0,0,202,3.0
185.5,0.0,0,202,3.0
186.0,0.0,0,203,3.0
186.5,0.0,0,202,3.6
187.0,0.0,0,202,4.2
187.5,0.0,0,203,4.800000000000001
188.0,0.0,0,203,5.4
188.5,0.0,0,202,5.4
189.0,0.0,0,201,6.0
189.5,0.0,0,202,9.0
190.0,0.0,0,201,9.600000000000001
190.5,0.0,0,201,9.600000000000001
191.0,0.0,0,203,9.600000000000001
191.5,0.0,0,201,9.600000000000001
192.0,0.0,0,202,9.600000000000001
192.5,0.0,0,203,10.8
193.0,0.0,0,203,9.600000000000001
193.5,0.0,0,203,6.6000000000000005
194.0,0.0,0,202,5.4
194.5,0.0,0,201,6.0
195.0,0.0,0,201,9.600000000000001
195.5,0.0,0,202,6.0
196.0,0.0,0,202,4.800000000000001
196.5,0.0,0,201,3.6
197.0,0.0,0,203,3.6
197.5,0.0,0,203,3.6
198.0,0.0,0,203,3.6
198.5,0.0,0,203,2.4000000000000004
199.0,0.0,0,203,1.8
199.5,0.0,0,201,1.8
200.0,0.0,0,202,1.2000000000000002
200.5,0.0,0,201,1.8
201.0,0.0,0,201,3.0
201.5,0.0,0,201,3.0
202.0,0.0,0,202,3.0
202.5,0.0,0,200,3.6
203.0,0.0,0,201,4.2
203.5,0.0,0,203,4.800000000000001
204.0,0.0,0,201,5.4
204.5,0.0,0,202,5.4
205.0,0.0,0,201,5.4
205.5,0.0,0,200,6.6000000000000005
206.0,0.0,0,201,9.600000000000001
206.5,0.0,0,201,9.600000000000001
207.0,0.0,0,201,9.600000000000001
207.5,0.0,0,201,9.600000000000001
208.0,0.0,0,201,9.600000000000001
208.5,0.0,0,202,11.4
209.0,0.0,0,202,9.600000000000001
209.5,0.0,0,202,7.2
210.0,0.0,0,202,5.4
210.5,0.0,0,201,6.0
211.0,0.0,0,200,9.0
211.5,0.0,0,202,7.800000000000001
212.0,0.0,0,201,4.800000000000001
212.5,0.0,0,202,3.6
213.0,0.0,0,201,3.6
213.5,0.0,0,203,3.6
214.0,0.0,0,204,3.6
214.5,0.0,0,203,2.4000000000000004
215.0,0.0,0,202,1.8
215.5,0.0,0,202,1.8
216.0,0.0,0,201,1.2000000000000002
216.5,0.0,0,200,1.2000000000000002
217.0,0.0,0,201,2.4000000000000004
217.5,0.0,0,200,3.0
218.0,0.0,0,201,3.0
218.5,0.0,0,201,3.0
219.0,0.0,0,200,3.6
219.5,0.0,0,200,4.800000000000001
220.0,0.0,0,203,5.4
220.5,0.0,0,200,5.4
221.0,0.0,0,200,6.0
221.5,0.0,0,199,6.6000000000000005
222.0,0.0,0,199,9.600000000000001
222.5,0.0,0,198,9.600000000000001
223.0,0.0,0,199,9.600000000000001
223.5,0.0,0,199,9.600000000000001
224.0,0.0,0,199,9.600000000000001
224.5,0.0,0,200,10.8
225.0,0.0,0,200,10.200000000000001
225.5,0.0,0,201,9.600000000000001
226.0,0.0,0,201,6.6000000000000005
226.5,0.0,0,200,6.0
227.0,0.0,0,199,7.2
227.5,0.0,0,200,9.600000000000001
228.0,0.0,0,201,6.0
228.5,0.0,0,200,4.2
229.0,0.0,0,200,3.6
229.5,0.0,0,202,3.6
230.0,0.0,0,202,3.6
230.5,0.0,0,202,3.6
231.0,0.0,0,203,2.4000000000000004
231.5,0.0,0,202,1.8
232.0,0.0,0,201,1.8
232.5,0.0,0,201,1.2000000000000002
233.0,0.0,0,200,1.8
233.5,0.0,0,201,3.0
234.0,0.0,0,200,3.0
234.5,0.0,0,201,3.0
235.0,0.0,0,200,3.6
235.5,0.0,0,201,4.2
236.0,0.0,0,201,4.800000000000001
236.5,0.0,0,201,5.4
237.0,0.0,0,201,5.4
237.5,0.0,0,200,5.4
238.0,0.0,0,200,6.6000000000000005
238.5,0.0,0,200,9.0
239.0,0.0,0,199,9.600000000000001
239.5,0.0,0,200,9.600000000000001
240.0,0.0,0,200,9.600000000000001
240.5,0.0,0,200,9.600000000000001
241.0,0.0,0,201,11.4
241.5,0.0,0,202,9.600000000000001
242.0,0.0,0,202,7.2
242.5,0.0,0,202,5.4
243.0,0.0,0,200,6.0
243.5,0.0,0,200,9.600000000000001
244.0,0.0,0,202,9.0
244.5,0.0,0,202,4.800000000000001
245.0,0.0,0,201,3.6
245.5,0.0,0,201,3.0
246.0,0.0,0,203,3.0
246.5,0.0,0,204,3.6
247.0,0.0,0,203,2.4000000000000004
247.5,0.0,0,202,1.8
248.0,0.0,0,202,1.8
248.5,0.0,0,201,1.2000000000000002
249.0,0.0,0,201,1.2000000000000002
249.5,0.0,0,200,2.4000000000000004
250.0,0.0,0,200,3.0
250.5,0.0,0,200,3.0
251.0,0.0,0,200,3.0
251.5,0.0,0,199,3.6
252.0,0.0,0,201,4.800000000000001
252.5,0.0,0,201,5.4
253.0,0.0,0,200,5.4
253.5,0.0,0,200,5.4
254.0,0.0,0,199,6.0
254.5,0.0,0,199,9.600000000000001
255.0,0.0,0,199,9.600000000000001
255.5,0.0,0,199,9.600000000000001
256.0,0.0,0,199,9.600000000000001
256.5,0.0,0,200,9.600000000000001
257.0,0.0,0,200,9.600000000000001
257.5,0.0,0,201,9.600000000000001
258.0,0.0,0,201,9.600000000000001
258.5,0.0,0,201,6.0
259.0,0.0,0,200,6.0
259.5,0.0,0,199,6.6000000000000005
260.0,0.0,0,201,9.600000000000001
260.5,0.0,0,200,5.4
261.0,0.0,0,200,4.2
261.5,0.0,0,200,3.0
262.0,0.0,0,202,3.0
262.5,0.0,0,202,3.6
263.0,0.0,0,203,3.0
263.5,0.0,0,202,2.4000000000000004
264.0,0.0,0,201,1.8
264.5,0.0,0,200,1.2000000000000002
265.0,0.0,0,200,1.2000000000000002
265.5,0.0,0,199,1.8
266.0,0.0,0,199,3.0
266.5,0.0,0,200,3.0
267.0,0.0,0,200,3.0
267.5,0.0,0,199,3.6
268.0,0.0,0,199,4.2
268.5,0.0,0,201,4.800000000000001
269.0,0.0,0,199,5.4
269.5,0.0,0,200,5.4
270.0,0.0,0,199,5.4
270.5,0.0,0,199,6.6000000000000005
271.0,0.0,0,199,9.600000000000001
271.5,0.0,0,199,9.600000000000001
272.0,0.0,0,198,9.600000000000001
272.5,0.0,0,199,9.600000000000001
273.0,0.0,0,199,9.600000000000001
273.5,0.0,0,200,10.8
274.0,0.0,0,201,9.600000000000001
274.5,0.0,0,200,9.0
275.0,0.0,0,200,6.0
275.5,0.0,0,199,6.0
276.0,0.0,0,199,9.0
276.5,0.0,0,200,9.600000000000001
277.0,0.0,0,200,4.800000000000001
277.5,0.0,0,200,3.6
278.0,0.0,0,199,3.6
278.5,0.0,0,201,3.6
279.0,0.0,0,202,3.6
279.5,0.0,0,201,3.0
280.0,0.0,0,200,1.8
280.5,0.0,0,199,1.8
281.0,0.0,0,199,1.8
281.5,0.0,0,198,1.2000000000000002
282.0,0.0,0,198,2.4000000000000004
282.5,0.0,0,198,3.0
283.0,0.0,0,199,3.6
283.5,0.0,0,199,3.6
284.0,0.0,0,198,3.6
284.5,0.0,0,199,4.800000000000001
285.0,0.0,0,200,4.800000000000001
285.5,0.0,0,199,5.4
286.0,0.0,0,198,5.4
286.5,0.0,0,198,6.0
287.0,0.0,0,198,9.0
287.5,0.0,0,197,9.600000000000001
288.0,0.0,0,198,9.600000000000001
288.5,0.0,0,199,9.600000000000001
289.0,0.0,0,197,9.600000000000001
289.5,0.0,0,200,10.200000000000001
290.0,0.0,0,200,11.4
290.5,0.0,0,201,9.600000000000001
291.0,0.0,0,200,8.4
291.5,0.0,0,200,6.0
292.0,0.0,0,199,6.6000000000000005
292.5,0.0,0,199,9.600000000000001
293.0,0.0,0,200,6.6000000000000005
293.5,0.0,0,200,4.800000000000001
294.0,0.0,0,200,3.6
294.5,0.0,0,201,3.0
295.0,0.0,0,202,3.6
295.5,0.0,0,201,3.6
296.0,0.0,0,201,2.4000000000000004
296.5,0.0,0,201,1.8
297.0,0.0,0,199,1.2000000000000002
297.5,0.0,0,199,1.2000000000000002
298.0,0.0,0,199,1.2000000000000002
298.5,0.0,0,198,2.4000000000000004
299.0,0.0,0,198,3.0
299.5,0.0,0,199,3.0
300.0,0.0,0,198,3.0
300.5,0.0,0,197,4.2
301.0,0.0,0,199,4.800000000000001
301.5,0.0,0,199,5.4
302.0,0.0,0,199,6.0
302.5,0.0,0,198,6.0
303.0,0.0,0,197,7.800000000000001
303.5,0.0,0,198,9.600000000000001
304.0,0.0,0,198,9.600000000000001
304.5,0.0,0,197,9.600000000000001
305.0,0.0,0,199,9.600000000000001
305.5,0.0,0,199,9.600000000000001
306.0,0.0,0,200,10.8
306.5,0.0,0,200,10.8
307.0,0.0,0,200,9.600000000000001
307.5,0.0,0,200,6.6000000000000005
308.0,0.0,0,200,6.0
308.5,0.0,0,199,6.6000000000000005
309.0,0.0,0,200,9.600000000000001
309.5,0.0,0,200,6.0
310.0,0.0,0,200,4.2
310.5,0.0,0,200,3.6
311.0,0.0,0,201,3.0
311.5,0.0,0,202,3.6
312.0,0.0,0,202,3.0
312.5,0.0,0,201,2.4000000000000004
313.0,0.0,0,201,1.8
313.5,0.0,0,200,1.2000000000000002
314.0,0.0,0,199,1.2000000000000002
314.5,0.0,0,199,1.8
315.0,0.0,0,199,3.0
315.5,0.0,0,199,3.0
316.0,0.0,0,199,3.0
316.5,0.0,0,198,3.6
317.0,0.0,0,198,4.2
317.5,0.0,0,200,4.800000000000001
318.0,0.0,0,199,5.4
318.5,0.0,0,199,6.0
319.0,0.0,0,199,6.0
319.5,0.0,0,199,8.4
320.0,0.0,0,197,9.600000000000001
320.5,0.0,0,199,9.600000000000001
321.0,0.0,0,199,9.600000000000001
321.5,0.0,0,197,9.600000000000001
322.0,0.0,0,199,9.600000000000001
322.5,0.0,0,199,11.4
323.0,0.0,0,200,9.600000000000001
323.5,0.0,0,200,9.600000000000001
324.0,0.0,0,200,6.0
324.5,0.0,0,199,6.0
325.0,0.0,0,198,9.600000000000001
325.5,0.0,0,200,9.0
326.0,0.0,0,200,4.800000000000001
326.5,0.0,0,200,3.6
327.0,0.0,0,200,3.6
327.5,0.0,0,201,3.6
328.0,0.0,0,202,3.6
328.5,0.0,0,201,3.0
329.0,0.0,0,201,2.4000000000000004
329.5,0.0,0,200,1.8
330.0,0.0,0,200,1.2000000000000002
330.5,0.0,0,200,1.2000000000000002
331.0,0.0,0,199,1.8
331.5,0.0,0,199,3.0
332.0,0.0,0,200,3.0
332.5,0.0,0,200,3.6
333.0,0.0,0,198,3.6
333.5,0.0,0,200,4.800000000000001
334.0,0.0,0,200,5.4
334.5,0.0,0,200,5.4
335.0,0.0,0,200,5.4
335.5,0.0,0,198,6.0
336.0,0.0,0,199,9.600000000000001
336.5,0.0,0,200,9.600000000000001
337.0,0.0,0,199,9.600000000000001
337.5,0.0,0,199,9.600000000000001
338.0,0.0,0,200,9.600000000000001
338.5,0.0,0,200,9.600000000000001
339.0,0.0,0,201,10.8
339.5,0.0,0,201,9.600000000000001
340.0,0.0,0,201,6.6000000000000005
340.5,0.0,0,201,5.4
341.0,0.0,0,200,6.0
341.5,0.0,0,200,9.600000000000001
342.0,0.0,0,201,6.0
342.5,0.0,0,201,4.2
343.0,0.0,0,201,3.6
343.5,0.0,0,201,3.0
344.0,0.0,0,202,3.0
344.5,0.0,0,203,3.0
345.0,0.0,0,202,2.4000000000000004
345.5,0.0,0,201,1.8
346.0,0.0,0,200,1.2000000000000002
346.5,0.0,0,200,1.2000000000000002
347.0,0.0,0,199,1.2000000000000002
347.5,0.0,0,200,2.4000000000000004
348.0,0.0,0,199,3.0
348.5,0.0,0,200,3.0
349.0,0.0,0,199,3.6
349.5,0.0,0,199,4.2
350.0,0.0,0,200,4.800000000000001
350.5,0.0,0,200,4.800000000000001
351.0,0.0,0,199,4.800000000000001
351.5,0.0,0,199,5.4
352.0,0.0,0,200,6.0
352.5,0.0,0,198,9.0
353.0,0.0,0,198,9.600000000000001
353.5,0.0,0,200,9.600000000000001
354.0,0.0,0,198,9.600000000000001
354.5,0.0,0,200,9.600000000000001
355.0,0.0,0,200,10.200000000000001
355.5,0.0,0,200,9.600000000000001
356.0,0.0,0,201,9.600000000000001
356.5,0.0,0,201,6.0
357.0,0.0,0,200,5.4
357.5,0.0,0,199,6.6000000000000005
358.0,0.0,0,201,9.600000000000001
358.5,0.0,0,200,4.800000000000001
359.0,0.0,0,200,3.6
359.5,0.0,0,201,3.0
360.0,0.0,0,201,3.0
360.5,0.0,0,201,3.6
361.0,0.0,0,203,3.0
361.5,0.0,0,201,2.4000000000000004
362.0,0.0,0,201,1.8
362.5,0.0,0,201,1.2000000000000002
363.0,0.0,0,200,1.2000000000000002
363.5,0.0,0,198,1.8
364.0,0.0,0,200,3.0
364.5,0.0,0,200,3.0
365.0,0.0,0,200,3.0
365.5,0.0,0,199,3.6
366.0,0.0,0,200,4.2
366.5,0.0,0,201,4.800000000000001
367.0,0.0,0,201,5.4
367.5,0.0,0,200,4.800000000000001
368.0,0.0,0,199,5.4
368.5,0.0,0,199,6.6000000000000005
369.0,0.0,0,199,7.800000000000001
369.5,0.0,0,198,9.600000000000001
370.0,0.0,0,199,9.600000000000001
370.5,0.0,0,198,9.600000000000001
371.0,0.0,0,199,9.600000000000001
371.5,0.0,0,200,10.8
372.0,0.0,0,201,9.600000000000001
372.5,0.0,0,200,6.6000000000000005
373.0,0.0,0,200,5.4
373.5,0.0,0,199,6.0
374.0,0.0,0,199,9.0
374.5,0.0,0,200,6.6000000000000005
375.0,0.0,0,200,4.800000000000001
375.5,0.0,0,199,3.6
376.0,0.0,0,200,3.0
376.5,0.0,0,201,3.0
377.0,0.0,0,202,3.6
377.5,0.0,0,201,2.4000000000000004
378.0,0.0,0,200,1.8
378.5,0.0,0,199,1.8
379.0,0.0,0,199,1.2000000000000002
379.5,0.0,0,199,1.2000000000000002
380.0,0.0,0,198,2.4000000000000004
380.5,0.0,0,198,3.0
381.0,0.0,0,199,3.0
381.5,0.0,0,199,3.6
382.0,0.0,0,198,3.6
382.5,0.0,0,199,4.800000000000001
383.0,0.0,0,200,5.4
383.5,0.0,0,199,5.4
384.0,0.0,0,198,5.4
384.5,0.0,0,198,6.0
385.0,0.0,0,198,9.600000000000001
385.5,0.0,0,197,9.600000000000001
386.0,0.0,0,198,9.600000000000001
386.5,0.0,0,199,9.600000000000001
387.0,0.0,0,199,9.600000000000001
387.5,0.0,0,199,10.200000000000001
388.0,0.0,0,200,10.200000000000001
388.5,0.0,0,200,9.600000000000001
389.0,0.0,0,200,6.0
389.5,0.0,0,200,5.4
390.0,0.0,0,199,6.0
390.5,0.0,0,199,9.600000000000001
391.0,0.0,0,201,6.0
391.5,0.0,0,200,3.6
392.0,0.0,0,199,3.6
392.5,0.0,0,201,3.0
393.0,0.0,0,201,3.6
393.5,0.0,0,202,3.0
394.0,0.0,0,202,2.4000000000000004
394.5,0.0,0,200,1.8
395.0,0.0,0,200,1.2000000000000002
395.5,0.0,0,199,1.2000000000000002
396.0,0.0,0,198,1.8
396.5,0.0,0,200,2.4000000000000004
397.0,0.0,0,199,3.0
397.5,0.0,0,199,3.0
398.0,0.0,0,199,3.0
398.5,0.0,0,198,3.6
399.0,0.0,0,200,4.800000000000001
399.5,0.0,0,199,5.4
400.0,0.0,0,199,5.4
400.5,0.0,0,198,5.4
401.0,0.0,0,198,6.0
401.5,0.0,0,198,9.0
402.0,0.0,0,198,9.600000000000001
402.5,0.0,0,197,9.600000000000001
403.0,0.0,0,199,9.600000000000001
403.5,0.0,0,198,9.600000000000001
404.0,0.0,0,199,10.8
404.5,0.0,0,199,10.200000000000001
405.0,0.0,0,200,8.4
405.5,0.0,0,200,6.0
406.0,0.0,0,199,6.0
406.5,0.0,0,198,6.6000000000000005
407.0,0.0,0,200,9.600000000000001
407.5,0.0,0,200,4.800000000000001
408.0,0.0,0,200,4.2
408.5,0.0,0,199,3.0
409.0,0.0,0,200,3.0
409.5,0.0,0,202,3.6
410.0,0.0,0,200,2.4000000000000004
410.5,0.0,0,200,2.4000000000000004
411.0,0.0,0,199,1.8
411.5,0.0,0,199,1.2000000000000002
412.0,0.0,0,198,1.2000000000000002
412.5,0.0,0,198,1.8
413.0,0.0,0,198,3.0
413.5,0.0,0,198,3.0
414.0,0.0,0,199,3.6
414.5,0.0,0,198,3.6
415.0,0.0,0,199,4.2
415.5,0.0,0,200,5.4
416.0,0.0,0,199,5.4
416.5,0.0,0,199,5.4
417.0,0.0,0,199,5.4
417.5,0.0,0,199,7.800000000000001
418.0,0.0,0,198,9.600000000000001
418.5,0.0,0,199,9.600000000000001
419.0,0.0,0,200,9.600000000000001
419.5,0.0,0,198,9.600000000000001
420.0,0.0,0,200,9.600000000000001
420.5,0.0,0,200,10.8
421.0,0.0,0,201,9.600000000000001
421.5,0.0,0,200,6.6000000000000005
422.0,0.0,0,200,5.4
422.5,0.0,0,199,5.4
423.0,0.0,0,199,7.800000000000001
423.5,0.0,0,200,6.0
424.0,0.0,0,200,4.800000000000001
424.5,0.0,0,199,3.6
425.0,0.0,0,200,3.0
425.5,0.0,0,201,3.6
426.0,0.0,0,201,3.6
426.5,0.0,0,201,3.0
427.0,0.0,0,200,1.8
427.5,0.0,0,199,1.2000000000000002
428.0,0.0,0,199,1.2000000000000002
428.5,0.0,0,199,1.2000000000000002
429.0,0.0,0,198,2.4000000000000004
429.5,0.0,0,198,3.0
430.0,0.0,0,199,3.0
430.5,0.0,0,198,3.0
431.0,0.0,0,198,3.6
431.5,0.0,0,199,4.800000000000001
432.0,0.0,0,200,5.4
432.5,0.0,0,199,5.4
433.0,0.0,0,199,5.4
433.5,0.0,0,197,6.0
434.0,0.0,0,198,9.600000000000001
434.5,0.0,0,198,9.600000000000001
435.0,0.0,0,198,9.600000000000001
435.5,0.0,0,198,9.600000000000001
436.0,0.0,0,198,9.600000000000001
436.5,0.0,0,199,10.8
437.0,0.0,0,199,10.8
437.5,0.0,0,200,9.600000000000001
438.0,0.0,0,200,6.6000000000000005
438.5,0.0,0,200,5.4
439.0,0.0,0,198,6.6000000000000005
439.5,0.0,0,199,9.600000000000001
440.0,0.0,0,200,6.0
440.5,0.0,0,199,4.2
441.0,0.0,0,199,3.6
441.5,0.0,0,200,3.0
442.0,0.0,0,201,3.6
442.5,0.0,0,202,3.6
443.0,0.0,0,201,2.4000000000000004
443.5,0.0,0,201,1.8
444.0,0.0,0,200,1.8
444.5,0.0,0,199,1.2000000000000002
445.0,0.0,0,199,1.2000000000000002
445.5,0.0,0,199,2.4000000000000004
446.0,0.0,0,199,3.0
446.5,0.0,0,199,3.0
447.0,0.0,0,199,3.6
447.5,0.0,0,198,3.6
448.0,0.0,0,200,4.800000000000001
448.5,0.0,0,200,5.4
449.0,0.0,0,200,5.4
449.5,0.0,0,199,5.4
450.0,0.0,0,198,6.0
450.5,0.0,0,198,9.600000000000001
451.0,0.0,0,198,9.600000000000001
451.5,0.0,0,199,9.600000000000001
452.0,0.0,0,199,9.600000000000001
452.5,0.0,0,199,9.600000000000001
453.0,0.0,0,199,10.200000000000001
453.5,0.0,0,200,9.600000000000001
454.0,0.0,0,200,9.600000000000001
454.5,0.0,0,200,6.0
455.0,0.0,0,200,6.0
455.5,0.0,0,199,6.6000000000000005
456.0,0.0,0,200,9.600000000000001
456.5,0.0,0,200,4.800000000000001
457.0,0.0,0,199,3.6
457.5,0.0,0,200,3.0
458.0,0.0,0,201,3.0
458.5,0.0,0,201,3.6
459.0,0.0,0,201,2.4000000000000004
459.5,0.0,0,200,1.8
460.0,0.0,0,200,1.8
460.5,0.0,0,199,1.2000000000000002
461.0,0.0,0,199,1.2000000000000002
461.5,0.0,0,198,1.8
462.0,0.0,0,198,2.4000000000000004
462.5,0.0,0,199,3.0
463.0,0.0,0,199,3.0
463.5,0.0,0,198,3.6
464.0,0.0,0,200,4.800000000000001
464.5,0.0,0,199,5.4
465.0,0.0,0,199,5.4
465.5,0.0,0,198,5.4
466.0,0.0,0,198,6.6000000000000005
466.5,0.0,0,198,9.0
467.0,0.0,0,198,9.600000000000001
467.5,0.0,0,198,9.600000000000001
468.0,0.0,0,198,9.600000000000001
468.5,0.0,0,198,9.600000000000001
469.0,0.0,0,199,10.8
469.5,0.0,0,200,9.600000000000001
470.0,0.0,0,199,9.600000000000001
470.5,0.0,0,199,6.0
471.0,0.0,0,198,6.0
471.5,0.0,0,198,9.600000000000001
472.0,0.0,0,200,7.2
472.5,0.0,0,199,4.800000000000001
473.0,0.0,0,199,3.6
473.5,0.0,0,200,3.6
474.0,0.0,0,200,3.0
474.5,0.0,0,202,3.6
475.0,0.0,0,201,2.4000000000000004
475.5,0.0,0,200,1.8
476.0,0.0,0,200,1.2000000000000002
476.5,0.0,0,199,1.2000000000000002
477.0,0.0,0,198,1.2000000000000002
477.5,0.0,0,198,2.4000000000000004
478.0,0.0,0,198,3.0
478.5,0.0,0,199,3.0
479.0,0.0,0,199,3.0
479.5,0.0,0,198,3.6
480.0,0.0,0,199,4.800000000000001
480.5,0.0,0,200,5.4
481.0,0.0,0,200,5.4
481.5,0.0,0,198,5.4
482.0,0.0,0,198,6.0
482.5,0.0,0,198,8.4
483.0,0.0,0,197,9.600000000000001
483.5,0.0,0,197,9.600000000000001
484.0,0.0,0,198,9.600000000000001
484.5,0.0,0,197,9.600000000000001
485.0,0.0,0,199,10.200000000000001
485.5,0.0,0,199,10.8
486.0,0.0,0,200,9.600000000000001
486.5,0.0,0,199,7.800000000000001
487.0,0.0,0,200,6.6000000000000005
487.5,0.0,0,199,6.6000000000000005
488.0,0.0,0,199,9.600000000000001
488.5,0.0,0,200,7.2
489.0,0.0,0,199,4.800000000000001
489.5,0.0,0,199,3.6
490.0,0.0,0,200,3.0
490.5,0.0,0,200,3.6
491.0,0.0,0,201,3.0
491.5,0.0,0,201,2.4000000000000004
492.0,0.0,0,200,1.8
492.5,0.0,0,199,1.2000000000000002
493.0,0.0,0,199,1.2000000000000002
493.5,0.0,0,199,1.2000000000000002
494.0,0.0,0,199,2.4000000000000004
494.5,0.0,0,198,3.0
495.0,0.0,0,199,3.6
495.5,0.0,0,199,3.6
496.0,0.0,0,198,4.2
496.5,0.0,0,200,4.800000000000001
497.0,0.0,0,200,5.4
497.5,0.0,0,199,5.4
498.0,0.0,0,199,5.4
498.5,0.0,0,197,6.0
499.0,0.0,0,198,9.0
499.5,0.0,0,198,9.0
500.0,0.0,0,198,9.600000000000001
500.5,0.0,0,199,9.600000000000001
501.0,0.0,0,199,9.600000000000001
501.5,0.0,0,200,10.200000000000001
502.0,0.0,0,200,10.200000000000001
502.5,0.0,0,200,9.600000000000001
503.0,0.0,0,200,6.0
503.5,0.0,0,200,5.4
504.0,0.0,0,199,7.2
504.5,0.0,0,200,9.0
505.0,0.0,0,200,5.4
505.5,0.0,0,200,3.6
506.0,0.0,0,200,3.0
506.5,0.0,0,200,3.0
507.0,0.0,0,201,3.6
507.5,0.0,0,202,3.0
508.0,0.0,0,201,2.4000000000000004
508.5,0.0,0,200,1.8
509.0,0.0,0,200,1.2000000000000002
509.5,0.0,0,199,1.2000000000000002
510.0,0.0,0,199,1.8
510.5,0.0,0,199,3.0
511.0,0.0,0,199,3.0
511.5,0.0,0,199,3.0
512.0,0.0,0,199,3.6
512.5,0.0,0,199,4.2
513.0,0.0,0,199,4.800000000000001
513.5,0.0,0,200,5.4
514.0,0.0,0,199,5.4
514.5,0.0,0,199,5.4
515.0,0.0,0,199,6.6000000000000005
515.5,0.0,0,197,9.600000000000001
516.0,0.0,0,198,9.600000000000001
516.5,0.0,0,199,9.600000000000001
517.0,0.0,0,197,9.600000000000001
517.5,0.0,0,199,9.600000000000001
518.0,0.0,0,199,10.8
518.5,0.0,0,199,9.600000000000001
519.0,0.0,0,199,9.600000000000001
519.5,0.0,0,200,5.4
520.0,0.0,0,199,5.4
520.5,0.0,0,198,9.600000000000001
521.0,0.0,0,200,6.6000000000000005
521.5,0.0,0,199,4.800000000000001
522.0,0.0,0,199,3.6
522.5,0.0,0,199,3.6
523.0,0.0,0,200,3.6
523.5,0.0,0,201,3.6
524.0,0.0,0,201,3.0
524.5,0.0,0,200,1.8
525.0,0.0,0,199,1.8
525.5,0.0,0,200,1.2000000000000002
526.0,0.0,0,199,1.2000000000000002
526.5,0.0,0,198,2.4000000000000004
527.0,0.0,0,199,3.0
527.5,0.0,0,199,3.0
528.0,0.0,0,199,3.6
528.5,0.0,0,198,4.2
529.0,0.0,0,199,4.800000000000001
529.5,0.0,0,200,5.4
530.0,0.0,0,200,5.4
530.5,0.0,0,200,5.4
531.0,0.0,0,198,6.0
531.5,0.0,0,198,9.600000000000001
532.0,0.0,0,198,9.600000000000001
532.5,0.0,0,198,9.600000000000001
533.0,0.0,0,198,9.600000000000001
533.5,0.0,0,198,9.600000000000001
534.0,0.0,0,198,10.200000000000001
534.5,0.0,0,199,10.8
535.0,0.0,0,200,9.600000000000001
535.5,0.0,0,200,8.4
536.0,0.0,0,200,6.0
536.5,0.0,0,198,6.0
537.0,0.0,0,198,9.600000000000001
537.5,0.0,0,200,6.0
538.0,0.0,0,200,4.800000000000001
538.5,0.0,0,200,3.6
539.0,0.0,0,199,3.6
539.5,0.0,0,201,3.6
540.0,0.0,0,202,3.6
540.5,0.0,0,201,2.4000000000000004
541.0,0.0,0,200,1.8
541.5,0.0,0,199,1.8
542.0,0.0,0,199,1.2000000000000002
542.5,0.0,0,199,1.8
543.0,0.0,0,198,2.4000000000000004
543.5,0.0,0,198,3.0
544.0,0.0,0,199,3.6
544.5,0.0,0,199,3.6
545.0,0.0,0,198,4.2
545.5,0.0,0,199,4.800000000000001
546.0,0.0,0,200,5.4
546.5,0.0,0,200,5.4
547.0,0.0,0,198,5.4
547.5,0.0,0,198,6.6000000000000005
548.0,0.0,0,198,9.600000000000001
548.5,0.0,0,197,9.600000000000001
549.0,0.0,0,198,9.600000000000001
549.5,0.0,0,198,9.600000000000001
550.0,0.0,0,198,9.600000000000001
550.5,0.0,0,199,10.200000000000001
551.0,0.0,0,200,10.8
551.5,0.0,0,200,9.600000000000001
552.0,0.0,0,200,6.0
552.5,0.0,0,199,6.0
553.0,0.0,0,198,7.800000000000001
553.5,0.0,0,199,9.600000000000001
554.0,0.0,0,200,6.0
554.5,0.0,0,199,4.2
555.0,0.0,0,200,3.6
555.5,0.0,0,201,3.0
556.0,0.0,0,201,3.6
556.5,0.0,0,201,3.6
557.0,0.0,0,202,2.4000000000000004
557.5,0.0,0,201,1.8
558.0,0.0,0,199,1.2000000000000002
558.5,0.0,0,199,1.2000000000000002
559.0,0.0,0,198,1.8
559.5,0.0,0,198,2.4000000000000004
560.0,0.0,0,198,3.0
560.5,0.0,0,199,3.0
561.0,0.0,0,198,3.6
561.5,0.0,0,198,4.2
562.0,0.0,0,199,4.800000000000001
562.5,0.0,0,199,5.4
563.0,0.0,0,199,5.4
563.5,0.0,0,198,6.0
564.0,0.0,0,198,8.4
564.5,0.0,0,198,9.600000000000001
565.0,0.0,0,198,9.600000000000001
565.5,0.0,0,198,9.600000000000001
566.0,0.0,0,199,9.600000000000001
566.5,0.0,0,199,9.600000000000001
567.0,0.0,0,200,11.4
567.5,0.0,0,200,9.600000000000001
568.0,0.0,0,200,9.0
568.5,0.0,0,201,6.0
569.0,0.0,0,199,6.0
569.5,0.0,0,199,9.0
570.0,0.0,0,200,8.4
570.5,0.0,0,200,4.800000000000001
571.0,0.0,0,200,3.6
571.5,0.0,0,200,3.0
572.0,0.0,0,200,3.0
572.5,0.0,0,202,3.6
573.0,0.0,0,202,3.0
573.5,0.0,0,201,1.8
574.0,0.0,0,201,1.2000000000000002
574.5,0.0,0,200,1.2000000000000002
575.0,0.0,0,199,1.2000000000000002
575.5,0.0,0,199,1.8
576.0,0.0,0,199,3.0
576.5,0.0,0,199,3.0
577.0,0.0,0,199,3.0
577.5,0.0,0,198,3.6
578.0,0.0,0,199,4.800000000000001
578.5,0.0,0,200,4.800000000000001
579.0,0.0,0,199,5.4
579.5,0.0,0,199,5.4
580.0,0.0,0,198,5.4
580.5,0.0,0,199,9.600000000000001
581.0,0.0,0,197,9.600000000000001
581.5,0.0,0,199,9.600000000000001
582.0,0.0,0,200,10.8
582.5,0.0,0,200,9.600000000000001
583.0,0.0,0,200,6.6000000000000005
583.5,0.0,0,200,6.0
584.0,0.0,0,199,6.0
584.5,0.0,0,199,9.600000000000001
585.0,0.0,0,200,6.0
585.5,0.0,0,200,4.2
586.0,0.0,0,199,3.6
586.5,0.0,0,199,3.0
587.0,0.0,0,200,3.6
587.5,0.0,0,201,3.6
588.0,0.0,0,201,2.4000000000000004
588.5,0.0,0,200,1.8
589.0,0.0,0,199,1.2000000000000002
589.5,0.0,0,199,1.2000000000000002
590.0,0.0,0,199,1.8
590.5,0.0,0,198,2.4000000000000004
591.0,0.0,0,198,3.0
591.5,0.0,0,199,3.6
592.0,0.0,0,199,3.6
592.5,0.0,0,198,4.2
593.0,0.0,0,200,4.800000000000001
593.5,0.0,0,200,5.4
594.0,0.0,0,200,5.4
594.5,0.0,0,199,5.4
595.0,0.0,0,198,6.0
595.5,0.0,0,198,9.600000000000001
596.0,0.0,0,198,9.600000000000001
596.5,0.0,0,198,9.600000000000001
597.0,0.0,0,199,9.600000000000001
597.5,0.0,0,199,9.600000000000001
598.0,0.0,0,200,10.8
598.5,0.0,0,200,10.8
599.0,0.0,0,201,9.600000000000001
599.5,0.0,0,201,6.6000000000000005
600.0,0.0,0,200,6.0
600.5,0.0,0,199,6.6000000000000005
601.0,0.0,0,200,9.600000000000001
601.5,0.0,0,200,5.4
602.0,0.0,0,200,3.6
602.5,0.0,0,200,3.0
603.0,0.0,0,200,3.0
603.5,0.0,0,201,3.6
604.0,0.0,0,201,3.0
604.5,0.0,0,201,2.4000000000000004
605.0,0.0,0,200,1.8
605.5,0.0,0,200,1.2000000000000002
606.0,0.0,0,199,1.2000000000000002
606.5,0.0,0,199,1.8
607.0,0.0,0,199,2.4000000000000004
607.5,0.0,0,198,3.0
608.0,0.0,0,199,3.0
608.5,0.0,0,198,3.6
609.0,0.0,0,198,4.2
609.5,0.0,0,199,4.800000000000001
610.0,0.0,0,199,5.4
610.5,0.0,0,199,5.4
611.0,0.0,0,198,5.4
611.5,0.0,0,198,7.2
612.0,0.0,0,198,9.600000000000001
612.5,0.0,0,197,9.600000000000001
613.0,0.0,0,199,9.600000000000001
613.5,0.0,0,198,9.600000000000001
614.0,0.0,0,199,9.600000000000001
614.5,0.0,0,199,10.8
615.0,0.0,0,199,9.600000000000001
615.5,0.0,0,200,9.0
616.0,0.0,0,200,6.0
616.5,0.0,0,198,6.0
617.0,0.0,0,198,8.4
617.5,0.0,0,199,9.600000000000001
618.0,0.0,0,199,4.800000000000001
618.5,0.0,0,199,3.6
619.0,0.0,0,200,3.6
619.5,0.0,0,200,3.6
620.0,0.0,0,201,3.6
620.5,0.0,0,201,3.0
621.0,0.0,0,201,1.8
621.5,0.0,0,200,1.8
622.0,0.0,0,200,1.2000000000000002
622.5,0.0,0,199,1.2000000000000002
623.0,0.0,0,199,1.8
623.5,0.0,0,199,3.0
624.0,0.0,0,199,3.0
624.5,0.0,0,199,3.0
625.0,0.0,0,198,3.6
625.5,0.0,0,199,4.800000000000001
626.0,0.0,0,200,4.800000000000001
626.5,0.0,0,199,5.4
627.0,0.0,0,200,5.4
627.5,0.0,0,199,6.0
628.0,0.0,0,198,9.600000000000001
628.5,0.0,0,199,9.600000000000001
629.0,0.0,0,198,9.600000000000001
629.5,0.0,0,199,9.600000000000001
630.0,0.0,0,200,9.600000000000001
630.5,0.0,0,200,10.8
631.0,0.0,0,201,9.600000000000001
631.5,0.0,0,200,6.6000000000000005
632.0,0.0,0,200,5.4
632.5,0.0,0,199,6.0
633.0,0.0,0,199,8.4
633.5,0.0,0,200,6.0
634.0,0.0,0,200,4.2
634.5,0.0,0,200,3.6
635.0,0.0,0,200,3.0
635.5,0.0,0,201,3.6
636.0,0.0,0,202,3.6
636.5,0.0,0,202,2.4000000000000004
637.0,0.0,0,201,1.8
637.5,0.0,0,200,1.8
638.0,0.0,0,199,1.2000000000000002
638.5,0.0,0,199,1.2000000000000002
639.0,0.0,0,199,2.4000000000000004
639.5,0.0,0,199,3.0
640.0,0.0,0,200,3.0
640.5,0.0,0,199,3.6
641.0,0.0,0,199,3.6
641.5,0.0,0,199,4.800000000000001
642.0,0.0,0,201,5.4
642.5,0.0,0,199,5.4
643.0,0.0,0,199,5.4
643.5,0.0,0,198,6.0
644.0,0.0,0,199,9.600000000000001
644.5,0.0,0,198,9.600000000000001
645.0,0.0,0,199,9.600000000000001
645.5,0.0,0,199,9.600000000000001
646.0,0.0,0,199,9.600000000000001
646.5,0.0,0,199,10.200000000000001
647.0,0.0,0,200,10.200000000000001
647.5,0.0,0,200,9.600000000000001
648.0,0.0,0,201,6.0
648.5,0.0,0,200,5.4
649.0,0.0,0,199,6.0
649.5,0.0,0,200,9.600000000000001
650.0,0.0,0,200,5.4
650.5,0.0,0,200,3.6
651.0,0.0,0,200,3.0
651.5,0.0,0,202,3.0
652.0,0.0,0,201,3.6
652.5,0.0,0,202,3.0
653.0,0.0,0,202,2.4000000000000004
653.5,0.0,0,202,1.8
654.0,0.0,0,200,1.2000000000000002
654.5,0.0,0,200,1.2000000000000002
655.0,0.0,0,199,1.8
655.5,0.0,0,199,2.4000000000000004
656.0,0.0,0,199,3.0
656.5,0.0,0,199,3.0
657.0,0.0,0,198,3.0
657.5,0.0,0,198,4.2
658.0,0.0,0,200,4.800000000000001
658.5,0.0,0,199,5.4
659.0,0.0,0,199,5.4
659.5,0.0,0,199,6.0
660.0,0.0,0,198,8.4
660.5,0.0,0,199,9.600000000000001
661.0,0.0,0,199,9.600000000000001
661.5,0.0,0,198,9.600000000000001
662.0,0.0,0,199,9.600000000000001
662.5,0.0,0,199,9.600000000000001
663.0,0.0,0,199,10.8
663.5,0.0,0,200,9.600000000000001
664.0,0.0,0,200,6.6000000000000005
664.5,0.0,0,200,5.4
665.0,0.0,0,199,5.4
665.5,0.0,0,198,8.4
666.0,0.0,0,200,7.800000000000001
666.5,0.0,0,200,4.800000000000001
667.0,0.0,0,200,3.6
667.5,0.0,0,200,3.0
668.0,0.0,0,200,3.0
668.5,0.0,0,202,3.6
669.0,0.0,0,201,2.4000000000000004
669.5,0.0,0,201,1.8
670.0,0.0,0,199,1.8
670.5,0.0,0,200,1.2000000000000002
671.0,0.0,0,199,1.2000000000000002
671.5,0.0,0,198,1.8
672.0,0.0,0,198,3.0
672.5,0.0,0,199,3.0
673.0,0.0,0,199,3.0
673.5,0.0,0,198,3.6
674.0,0.0,0,198,4.800000000000001
674.5,0.0,0,200,4.800000000000001
675.0,0.0,0,199,5.4
675.5,0.0,0,199,5.4
676.0,0.0,0,198,5.4
676.5,0.0,0,199,9.0
677.0,0.0,0,198,9.600000000000001
677.5,0.0,0,198,9.600000000000001
678.0,0.0,0,200,9.600000000000001
678.5,0.0,0,198,9.600000000000001
679.0,0.0,0,200,9.600000000000001
679.5,0.0,0,200,10.200000000000001
680.0,0.0,0,201,9.600000000000001
680.5,0.0,0,200,6.0
681.0,0.0,0,200,5.4
681.5,0.0,0,199,5.4
682.0,0.0,0,199,9.600000000000001
682.5,0.0,0,200,6.0
683.0,0.0,0,200,4.2
683.5,0.0,0,199,3.0
684.0,0.0,0,200,3.0
684.5,0.0,0,201,3.0
685.0,0.0,0,201,3.0
685.5,0.0,0,201,2.4000000000000004
686.0,0.0,0,201,1.8
686.5,0.0,0,199,1.2000000000000002
687.0,0.0,0,199,1.2000000000000002
687.5,0.0,0,199,1.2000000000000002
688.0,0.0,0,199,2.4000000000000004
688.5,0.0,0,199,3.0
689.0,0.0,0,200,3.0
689.5,0.0,0,199,3.0
690.0,0.0,0,198,3.6
690.5,0.0,0,201,4.800000000000001
691.0,0.0,0,200,5.4
691.5,0.0,0,201,4.800000000000001
692.0,0.0,0,199,4.800000000000001
692.5,0.0,0,198,5.4
693.0,0.0,0,199,6.6000000000000005
693.5,0.0,0,199,7.800000000000001
694.0,0.0,0,198,9.600000000000001
694.5,0.0,0,199,9.600000000000001
695.0,0.0,0,199,9.600000000000001
695.5,0.0,0,200,9.600000000000001
696.0,0.0,0,201,9.600000000000001
696.5,0.0,0,200,8.4
697.0,0.0,0,201,5.4
697.5,0.0,0,200,5.4
698.0,0.0,0,199,6.0
698.5,0.0,0,200,9.0
699.0,0.0,0,200,4.800000000000001
699.5,0.0,0,200,3.6
700.0,0.0,0,199,1.2000000000000002
700.5,0.0,0,199,1.8
701.0,0.0,0,199,2.4000000000000004
701.5,0.0,0,199,3.0
702.0,0.0,0,199,3.0
702.5,0.0,0,198,3.6
703.0,0.0,0,198,4.2
703.5,0.0,0,199,4.800000000000001
704.0,0.0,0,199,4.800000000000001
704.5,0.0,0,199,5.4
705.0,0.0,0,198,5.4
705.5,0.0,0,198,7.2
706.0,0.0,0,198,9.600000000000001
706.5,0.0,0,198,9.600000000000001
707.0,0.0,0,199,9.600000000000001
707.5,0.0,0,198,9.600000000000001
708.0,0.0,0,198,9.600000000000001
708.5,0.0,0,199,10.8
709.0,0.0,0,200,9.600000000000001
709.5,0.0,0,199,7.800000000000001
710.0,0.0,0,200,5.4
710.5,0.0,0,199,5.4
711.0,0.0,0,198,8.4
711.5,0.0,0,199,7.800000000000001
712.0,0.0,0,199,4.800000000000001
712.5,0.0,0,199,3.6
713.0,0.0,0,199,3.0
713.5,0.0,0,201,3.6
714.0,0.0,0,201,3.6
714.5,0.0,0,202,3.0
715.0,0.0,0,200,1.8
715.5,0.0,0,200,1.8
716.0,0.0,0,200,1.2000000000000002
716.5,0.0,0,199,1.2000000000000002
717.0,0.0,0,199,2.4000000000000004
717.5,0.0,0,199,3.0
718.0,0.0,0,200,3.0
718.5,0.0,0,200,3.0
719.0,0.0,0,199,3.6
719.5,0.0,0,200,4.800000000000001
720.0,0.0,0,200,4.800000000000001
720.5,0.0,0,200,5.4
721.0,0.0,0,200,5.4
721.5,0.0,0,199,5.4
722.0,0.0,0,199,9.0
722.5,0.0,0,199,9.600000000000001
723.0,0.0,0,199,9.600000000000001
723.5,0.0,0,199,9.600000000000001
724.0,0.0,0,199,9.600000000000001
724.5,0.0,0,200,9.600000000000001
725.0,0.0,0,200,9.600000000000001
725.5,0.0,0,201,9.600000000000001
726.0,0.0,0,201,6.0
726.5,0.0,0,200,5.4
727.0,0.0,0,199,5.4
727.5,0.0,0,199,9.600000000000001
728.0,0.0,0,200,6.0
728.5,0.0,0,200,4.2
729.0,0.0,0,200,3.6
729.5,0.0,0,200,3.0
730.0,0.0,0,202,3.6
730.5,0.0,0,202,3.0
731.0,0.0,0,200,2.4000000000000004
731.5,0.0,0,201,1.8
732.0,0.0,0,199,1.2000000000000002
732.5,0.0,0,199,1.2000000000000002
733.0,0.0,0,199,1.8
733.5,0.0,0,199,2.4000000000000004
734.0,0.0,0,199,3.0
734.5,0.0,0,199,3.0
735.0,0.0,0,199,3.0
735.5,0.0,0,198,4.2
736.0,0.0,0,200,4.800000000000001
736.5,0.0,0,200,5.4
737.0,0.0,0,200,5.4
737.5,0.0,0,199,5.4
738.0,0.0,0,198,6.0
738.5,0.0,0,198,8.4
739.0,0.0,0,198,9.0
739.5,0.0,0,199,9.600000000000001
740.0,0.0,0,199,9.600000000000001
740.5,0.0,0,199,9.600000000000001
741.0,0.0,0,199,10.200000000000001
741.5,0.0,0,199,9.600000000000001
742.0,0.0,0,200,9.600000000000001
742.5,0.0,0,201,6.0
743.0,0.0,0,200,5.4
743.5,0.0,0,199,7.2
744.0,0.0,0,200,9.600000000000001
744.5,0.0,0,201,5.4
745.0,0.0,0,200,3.6
745.5,0.0,0,200,3.0
746.0,0.0,0,202,3.0
746.5,0.0,0,202,3.6
747.0,0.0,0,202,3.0
747.5,0.0,0,202,1.8
748.0,0.0,0,202,1.8
748.5,0.0,0,200,1.2000000000000002
749.0,0.0,0,199,1.2000000000000002
749.5,0.0,0,199,1.8
750.0,0.0,0,199,3.0
750.5,0.0,0,200,3.0
751.0,0.0,0,200,3.0
751.5,0.0,0,199,3.6
752.0,0.0,0,199,4.2
752.5,0.0,0,200,4.800000000000001
753.0,0.0,0,199,4.800000000000001
753.5,0.0,0,200,4.800000000000001
754.0,0.0,0,199,5.4
754.5,0.0,0,198,6.0
755.0,0.0,0,199,8.4
755.5,0.0,0,199,9.600000000000001
756.0,0.0,0,198,9.600000000000001
756.5,0.0,0,199,9.600000000000001
757.0,0.0,0,199,9.600000000000001
757.5,0.0,0,199,10.8
758.0,0.0,0,200,9.600000000000001
758.5,0.0,0,200,6.6000000000000005
759.0,0.0,0,200,5.4
759.5,0.0,0,199,6.0
760.0,0.0,0,198,9.600000000000001
760.5,0.0,0,200,6.6000000000000005
761.0,0.0,0,200,4.800000000000001
761.5,0.0,0,200,3.6
762.0,0.0,0,199,3.0
762.5,0.0,0,201,3.0
763.0,0.0,0,201,3.6
763.5,0.0,0,201,2.4000000000000004
764.0,0.0,0,200,1.8
764.5,0.0,0,199,1.8
765.0,0.0,0,199,1.2000000000000002
765.5,0.0,0,198,1.2000000000000002
766.0,0.0,0,198,2.4000000000000004
766.5,0.0,0,198,3.0
767.0,0.0,0,198,3.0
767.5,0.0,0,199,3.0
768.0,0.0,0,197,3.6
768.5,0.0,0,198,4.800000000000001
769.0,0.0,0,200,5.4
769.5,0.0,0,199,5.4
770.0,0.0,0,198,5.4
770.5,0.0,0,197,5.4
771.0,0.0,0,197,9.0
771.5,0.0,0,196,9.600000000000001
772.0,0.0,0,197,9.600000000000001
772.5,0.0,0,198,9.600000000000001
773.0,0.0,0,197,9.600000000000001
773.5,0.0,0,198,10.200000000000001
774.0,0.0,0,199,11.4
774.5,0.0,0,200,9.600000000000001
775.0,0.0,0,200,8.4
775.5,0.0,0,200,6.0
776.0,0.0,0,199,6.6000000000000005
776.5,0.0,0,198,9.600000000000001
777.0,0.0,0,200,6.0
777.5,0.0,0,199,4.2
778.0,0.0,0,199,3.6
778.5,0.0,0,200,3.0
779.0,0.0,0,201,3.6
779.5,0.0,0,201,3.6
780.0,0.0,0,201,2.4000000000000004
780.5,0.0,0,200,1.8
781.0,0.0,0,199,1.2000000000000002
781.5,0.0,0,199,1.2000000000000002
782.0,0.0,0,199,1.2000000000000002
782.5,0.0,0,198,2.4000000000000004
783.0,0.0,0,199,3.0
783.5,0.0,0,199,3.0
784.0,0.0,0,199,3.0
784.5,0.0,0,198,3.6
785.0,0.0,0,200,4.800000000000001
785.5,0.0,0,199,5.4
786.0,0.0,0,200,5.4
786.5,0.0,0,199,5.4
787.0,0.0,0,196,6.0
787.5,0.0,0,198,9.0
788.0,0.0,0,198,9.600000000000001
788.5,0.0,0,197,9.600000000000001
789.0,0.0,0,198,9.600000000000001
789.5,0.0,0,199,9.600000000000001
790.0,0.0,0,199,10.200000000000001
790.5,0.0,0,200,10.200000000000001
791.0,0.0,0,200,9.600000000000001
791.5,0.0,0,200,6.0
792.0,0.0,0,200,5.4
792.5,0.0,0,199,6.0
793.0,0.0,0,200,9.600000000000001
793.5,0.0,0,200,5.4
794.0,0.0,0,200,3.6
794.5,0.0,0,199,3.0
795.0,0.0,0,201,3.0
795.5,0.0,0,202,3.6
796.0,0.0,0,201,3.0
796.5,0.0,0,201,1.8
797.0,0.0,0,201,1.8
797.5,0.0,0,200,1.2000000000000002
798.0,0.0,0,199,1.2000000000000002
798.5,0.0,0,199,1.8
799.0,0.0,0,199,3.0
799.5,0.0,0,199,3.0
800.0,0.0,0,199,3.0
800.5,0.0,0,199,3.6
801.0,0.0,0,198,4.2
801.5,0.0,0,200,4.800000000000001
802.0,0.0,0,200,5.4
802.5,0.0,0,199,5.4
803.0,0.0,0,199,5.4
803.5,0.0,0,199,7.2
804.0,0.0,0,198,9.600000000000001
804.5,0.0,0,198,9.600000000000001
805.0,0.0,0,199,9.600000000000001
805.5,0.0,0,199,9.600000000000001
806.0,0.0,0,199,9.600000000000001
806.5,0.0,0,199,10.8
807.0,0.0,0,200,9.600000000000001
807.5,0.0,0,200,8.4
808.0,0.0,0,200,5.4
808.5,0.0,0,199,5.4
809.0,0.0,0,198,7.2
809.5,0.0,0,200,8.4
810.0,0.0,0,200,4.800000000000001
810.5,0.0,0,199,3.6
811.0,0.0,0,200,3.0
811.5,0.0,0,201,3.0
812.0,0.0,0,201,3.6
812.5,0.0,0,202,2.4000000000000004
813.0,0.0,0,201,1.8
813.5,0.0,0,200,1.8
814.0,0.0,0,200,1.2000000000000002
814.5,0.0,0,199,1.2000000000000002
815.0,0.0,0,198,1.8
815.5,0.0,0,199,3.0
816.0,0.0,0,199,3.0
816.5,0.0,0,200,3.0
817.0,0.0,0,199,3.6
817.5,0.0,0,200,4.2
818.0,0.0,0,200,4.800000000000001
818.5,0.0,0,200,5.4
819.0,0.0,0,199,5.4
819.5,0.0,0,198,5.4
820.0,0.0,0,198,8.4
820.5,0.0,0,199,9.600000000000001
821.0,0.0,0,198,9.600000000000001
821.5,0.0,0,198,9.600000000000001
822.0,0.0,0,199,9.600000000000001
822.5,0.0,0,199,9.600000000000001
823.0,0.0,0,200,10.8
823.5,0.0,0,200,9.600000000000001
824.0,0.0,0,200,6.6000000000000005
824.5,0.0,0,200,5.4
825.0,0.0,0,199,6.0
825.5,0.0,0,199,9.600000000000001
826.0,0.0,0,200,6.0
826.5,0.0,0,200,4.2
827.0,0.0,0,200,3.6
827.5,0.0,0,200,3.0
828.0,0.0,0,201,3.0
828.5,0.0,0,203,3.0
829.0,0.0,0,201,2.4000000000000004
829.5,0.0,0,200,1.8
830.0,0.0,0,199,1.2000000000000002
830.5,0.0,0,199,1.2000000000000002
831.0,0.0,0,199,1.2000000000000002
831.5,0.0,0,198,2.4000000000000004
832.0,0.0,0,198,3.0
832.5,0.0,0,199,3.0
833.0,0.0,0,199,3.0
833.5,0.0,0,198,3.6
834.0,0.0,0,199,4.800000000000001
834.5,0.0,0,200,5.4
835.0,0.0,0,199,5.4
835.5,0.0,0,199,5.4
836.0,0.0,0,198,6.0
836.5,0.0,0,198,9.600000000000001
837.0,0.0,0,198,9.600000000000001
837.5,0.0,0,198,9.600000000000001
838.0,0.0,0,198,9.600000000000001
838.5,0.0,0,199,9.600000000000001
839.0,0.0,0,200,10.200000000000001
839.5,0.0,0,199,10.200000000000001
840.0,0.0,0,201,9.600000000000001
840.5,0.0,0,200,6.0
841.0,0.0,0,200,5.4
841.5,0.0,0,199,6.0
842.0,0.0,0,199,9.600000000000001
842.5,0.0,0,200,5.4
843.0,0.0,0,200,4.2
843.5,0.0,0,200,3.0
844.0,0.0,0,201,3.0
844.5,0.0,0,201,3.6
845.0,0.0,0,202,3.0
845.5,0.0,0,201,2.4000000000000004
846.0,0.0,0,201,1.8
846.5,0.0,0,199,1.2000000000000002
847.0,0.0,0,199,1.2000000000000002
847.5,0.0,0,199,1.8
848.0,0.0,0,199,2.4000000000000004
848.5,0.0,0,198,3.0
849.0,0.0,0,199,3.0
849.5,0.0,0,198,3.0
850.0,0.0,0,198,3.6
850.5,0.0,0,199,4.800000000000001
851.0,0.0,0,198,5.4
851.5,0.0,0,199,5.4
852.0,0.0,0,198,5.4
852.5,0.0,0,197,7.2
853.0,0.0,0,198,9.600000000000001
853.5,0.0,0,198,9.600000000000001
854.0,0.0,0,197,9.600000000000001
854.5,0.0,0,198,9.600000000000001
855.0,0.0,0,198,9.600000000000001
855.5,0.0,0,199,10.8
856.0,0.0,0,199,9.600000000000001
856.5,0.0,0,200,9.600000000000001
857.0,0.0,0,200,6.0
857.5,0.0,0,199,6.0
858.0,0.0,0,198,8.4
858.5,0.0,0,200,9.600000000000001
859.0,0.0,0,200,5.4
859.5,0.0,0,200,3.6
860.0,0.0,0,200,3.0
860.5,0.0,0,200,3.0
861.0,0.0,0,202,3.6
861.5,0.0,0,202,3.0
862.0,0.0,0,201,1.8
862.5,0.0,0,200,1.8
863.0,0.0,0,200,1.2000000000000002
863.5,0.0,0,199,1.2000000000000002
864.0,0.0,0,199,1.8
864.5,0.0,0,199,3.0
865.0,0.0,0,199,3.0
865.5,0.0,0,200,3.0
866.0,0.0,0,198,3.6
866.5,0.0,0,199,4.2
867.0,0.0,0,200,4.800000000000001
867.5,0.0,0,200,5.4
868.0,0.0,0,199,5.4
868.5,0.0,0,198,5.4
869.0,0.0,0,198,6.6000000000000005
869.5,0.0,0,197,7.2
870.0,0.0,0,197,9.600000000000001
870.5,0.0,0,198,9.600000000000001
871.0,0.0,0,197,9.600000000000001
871.5,0.0,0,198,9.600000000000001
872.0,0.0,0,199,10.8
872.5,0.0,0,200,9.600000000000001
873.0,0.0,0,199,7.800000000000001
873.5,0.0,0,199,6.0
874.0,0.0,0,198,6.0
874.5,0.0,0,198,9.600000000000001
875.0,0.0,0,200,7.2
875.5,0.0,0,199,4.800000000000001
876.0,0.0,0,199,3.6
876.5,0.0,0,199,3.0
877.0,0.0,0,201,3.0
877.5,0.0,0,201,3.6
878.0,0.0,0,202,2.4000000000000004
878.5,0.0,0,200,1.8
879.0,0.0,0,200,1.8
879.5,0.0,0,199,1.2000000000000002
880.0,0.0,0,199,1.2000000000000002
880.5,0.0,0,198,2.4000000000000004
881.0,0.0,0,199,3.0
881.5,0.0,0,198,3.0
882.0,0.0,0,197,3.6
882.5,0.0,0,200,4.800000000000001
883.0,0.0,0,199,5.4
883.5,0.0,0,199,5.4
884.0,0.0,0,199,5.4
884.5,0.0,0,197,6.0
885.0,0.0,0,198,9.0
885.5,0.0,0,198,9.0
886.0,0.0,0,197,9.600000000000001
886.5,0.0,0,198,9.600000000000001
887.0,0.0,0,199,9.600000000000001
887.5,0.0,0,199,10.200000000000001
888.0,0.0,0,200,10.8
888.5,0.0,0,200,9.600000000000001
889.0,0.0,0,200,6.6000000000000005
889.5,0.0,0,200,5.4
890.0,0.0,0,199,6.0
890.5,0.0,0,199,9.600000000000001
891.0,0.0,0,200,6.0
891.5,0.0,0,200,4.2
892.0,0.0,0,200,3.0
892.5,0.0,0,200,3.0
893.0,0.0,0,201,3.6
893.5,0.0,0,202,3.0
894.0,0.0,0,201,2.4000000000000004
894.5,0.0,0,200,1.8
895.0,0.0,0,200,1.2000000000000002
895.5,0.0,0,199,1.2000000000000002
896.0,0.0,0,199,1.2000000000000002
896.5,0.0,0,199,2.4000000000000004
897.0,0.0,0,199,3.0
897.5,0.0,0,199,3.0
898.0,0.0,0,199,3.0
898.5,0.0,0,198,4.2
899.0,0.0,0,200,4.800000000000001
899.5,0.0,0,200,5.4
900.0,0.0,0,200,5.4
900.5,0.0,0,199,5.4
901.0,0.0,0,199,6.0
901.5,0.0,0,198,9.600000000000001
902.0,0.0,0,199,9.600000000000001
902.5,0.0,0,199,9.600000000000001
903.0,0.0,0,199,9.600000000000001
903.5,0.0,0,199,9.600000000000001
904.0,0.0,0,199,10.200000000000001
904.5,0.0,0,200,9.600000000000001
905.0,0.0,0,200,8.4
905.5,0.0,0,200,5.4
906.0,0.0,0,199,5.4
906.5,0.0,0,198,6.6000000000000005
907.0,0.0,0,200,9.600000000000001
907.5,0.0,0,200,5.4
908.0,0.0,0,200,3.6
908.5,0.0,0,200,3.0
909.0,0.0,0,201,3.0
909.5,0.0,0,200,3.6
910.0,0.0,0,202,3.0
910.5,0.0,0,200,2.4000000000000004
911.0,0.0,0,200,1.8
911.5,0.0,0,200,1.2000000000000002
912.0,0.0,0,199,1.2000000000000002
912.5,0.0,0,199,1.8
913.0,0.0,0,198,2.4000000000000004
913.5,0.0,0,199,3.0
914.0,0.0,0,199,3.0
914.5,0.0,0,198,3.6
915.0,0.0,0,199,4.2
915.5,0.0,0,200,4.800000000000001
916.0,0.0,0,199,5.4
916.5,0.0,0,199,5.4
917.0,0.0,0,199,6.0
917.5,0.0,0,198,8.4
918.0,0.0,0,199,9.600000000000001
918.5,0.0,0,198,9.600000000000001
919.0,0.0,0,198,9.600000000000001
919.5,0.0,0,198,9.600000000000001
920.0,0.0,0,199,9.600000000000001
920.5,0.0,0,200,11.4
921.0,0.0,0,200,9.600000000000001
921.5,0.0,0,200,7.800000000000001
922.0,0.0,0,200,5.4
922.5,0.0,0,199,6.0
923.0,0.0,0,198,9.0
923.5,0.0,0,200,7.800000000000001
924.0,0.0,0,200,4.800000000000001
924.5,0.0,0,200,3.6
925.0,0.0,0,200,3.0
925.5,0.0,0,201,3.0
926.0,0.0,0,202,3.6
926.5,0.0,0,201,2.4000000000000004
927.0,0.0,0,201,1.8
927.5,0.0,0,200,1.2000000000000002
928.0,0.0,0,200,1.2000000000000002
928.5,0.0,0,199,1.2000000000000002
929.0,0.0,0,199,1.8
929.5,0.0,0,198,2.4000000000000004
930.0,0.0,0,200,3.0
930.5,0.0,0,199,3.0
931.0,0.0,0,198,3.6
931.5,0.0,0,199,4.2
932.0,0.0,0,200,4.800000000000001
932.5,0.0,0,198,5.4
933.0,0.0,0,199,5.4
933.5,0.0,0,197,6.0
934.0,0.0,0,198,9.600000000000001
934.5,0.0,0,197,9.600000000000001
935.0,0.0,0,197,9.600000000000001
935.5,0.0,0,198,9.600000000000001
936.0,0.0,0,199,9.600000000000001
936.5,0.0,0,199,10.200000000000001
937.0,0.0,0,200,10.8
937.5,0.0,0,201,9.600000000000001
938.0,0.0,0,200,6.6000000000000005
938.5,0.0,0,200,5.4
939.0,0.0,0,199,6.0
939.5,0.0,0,199,9.600000000000001
940.0,0.0,0,200,6.0
940.5,0.0,0,200,4.2
941.0,0.0,0,200,3.6
941.5,0.0,0,201,3.0
942.0,0.0,0,201,3.6
942.5,0.0,0,202,3.6
943.0,0.0,0,202,2.4000000000000004
943.5,0.0,0,201,1.8
944.0,0.0,0,200,1.2000000000000002
944.5,0.0,0,200,1.2000000000000002
945.0,0.0,0,199,1.2000000000000002
945.5,0.0,0,199,2.4000000000000004
946.0,0.0,0,199,3.0
946.5,0.0,0,200,3.0
947.0,0.0,0,199,3.0
947.5,0.0,0,199,3.6
948.0,0.0,0,201,4.800000000000001
948.5,0.0,0,199,5.4
949.0,0.0,0,200,5.4
949.5,0.0,0,200,5.4
950.0,0.0,0,198,6.0
950.5,0.0,0,199,9.600000000000001
951.0,0.0,0,199,9.600000000000001
951.5,0.0,0,199,9.600000000000001
952.0,0.0,0,199,9.600000000000001
952.5,0.0,0,200,9.600000000000001
953.0,0.0,0,200,10.200000000000001
953.5,0.0,0,200,9.600000000000001
954.0,0.0,0,200,7.2
954.5,0.0,0,200,5.4
955.0,0.0,0,199,5.4
955.5,0.0,0,199,6.6000000000000005
956.0,0.0,0,200,9.0
956.5,0.0,0,200,4.800000000000001
957.0,0.0,0,200,3.6
957.5,0.0,0,200,3.0
958.0,0.0,0,200,3.0
958.5,0.0,0,202,3.6
959.0,0.0,0,201,3.0
959.5,0.0,0,200,1.8
960.0,0.0,0,200,1.8
960.5,0.0,0,199,1.2000000000000002
961.0,0.0,0,199,1.2000000000000002
961.5,0.0,0,198,1.8
962.0,0.0,0,198,3.0
962.5,0.0,0,199,3.0
963.0,0.0,0,199,3.0
963.5,0.0,0,198,3.0
964.0,0.0,0,199,4.2
964.5,0.0,0,200,4.800000000000001
965.0,0.0,0,199,5.4
965.5,0.0,0,199,5.4
966.0,0.0,0,199,5.4
966.5,0.0,0,199,6.6000000000000005
967.0,0.0,0,197,8.4
967.5,0.0,0,198,9.600000000000001
968.0,0.0,0,199,9.600000000000001
968.5,0.0,0,198,9.600000000000001
969.0,0.0,0,199,9.600000000000001
969.5,0.0,0,200,10.8
970.0,0.0,0,201,9.600000000000001
970.5,0.0,0,200,7.2
971.0,0.0,0,200,5.4
971.5,0.0,0,199,6.0
972.0,0.0,0,199,9.0
972.5,0.0,0,201,6.6000000000000005
973.0,0.0,0,200,4.800000000000001
973.5,0.0,0,200,3.6
974.0,0.0,0,200,3.0
974.5,0.0,0,200,3.0
975.0,0.0,0,201,3.6
975.5,0.0,0,201,2.4000000000000004
976.0,0.0,0,201,1.8
976.5,0.0,0,200,1.2000000000000002
977.0,0.0,0,199,1.2000000000000002
977.5,0.0,0,199,1.2000000000000002
978.0,0.0,0,198,2.4000000000000004
978.5,0.0,0,199,3.0
979.0,0.0,0,200,3.0
979.5,0.0,0,199,3.0
980.0,0.0,0,198,3.6
980.5,0.0,0,200,4.800000000000001
981.0,0.0,0,200,4.800000000000001
981.5,0.0,0,200,4.800000000000001
982.0,0.0,0,199,4.800000000000001
982.5,0.0,0,198,5.4
983.0,0.0,0,199,7.800000000000001
983.5,0.0,0,199,7.800000000000001
984.0,0.0,0,198,9.600000000000001
984.5,0.0,0,199,9.600000000000001
985.0,0.0,0,199,9.600000000000001
985.5,0.0,0,200,9.600000000000001
986.0,0.0,0,200,10.200000000000001
986.5,0.0,0,201,9.600000000000001
987.0,0.0,0,200,6.0
987.5,0.0,0,200,5.4
988.0,0.0,0,199,6.0
988.5,0.0,0,200,9.600000000000001
989.0,0.0,0,200,5.4
989.5,0.0,0,200,4.2
990.0,0.0,0,200,3.0
990.5,0.0,0,200,3.0
991.0,0.0,0,202,3.0
991.5,0.0,0,202,3.0
992.0,0.0,0,202,2.4000000000000004
992.5,0.0,0,201,1.8
993.0,0.0,0,200,1.2000000000000002
993.5,0.0,0,200,1.2000000000000002
994.0,0.0,0,199,1.2000000000000002
994.5,0.0,0,199,2.4000000000000004
995.0,0.0,0,199,3.0
995.5,0.0,0,199,3.0
996.0,0.0,0,199,3.0
996.5,0.0,0,198,3.6
997.0,0.0,0,199,4.800000000000001
997.5,0.0,0,200,4.800000000000001
998.0,0.0,0,199,4.800000000000001
998.5,0.0,0,199,5.4
999.0,0.0,0,199,6.0
999.5,0.0,0,198,9.600000000000001
1000.0,0.0,0,199,9.600000000000001
1000.5,0.0,0,199,9.600000000000001
1001.0,0.0,0,198,9.600000000000001
1001.5,0.0,0,199,9.600000000000001
1002.0,0.0,0,200,10.8
1002.5,0.0,0,200,9.600000000000001
1003.0,0.0,0,199,7.800000000000001
1003.5,0.0,0,200,5.4
1004.0,0.0,0,199,5.4
1004.5,0.0,0,198,6.6000000000000005
1005.0,0.0,0,199,9.600000000000001
1005.5,0.0,0,199,5.4
1006.0,0.0,0,199,4.2
1006.5,0.0,0,199,3.6
1007.0,0.0,0,200,3.6
1007.5,0.0,0,200,4.2
1008.0,0.0,0,201,3.0
1008.5,0.0,0,200,2.4000000000000004
1009.0,0.0,0,200,1.8
1009.5,0.0,0,199,1.2000000000000002
1010.0,0.0,0,199,1.2000000000000002
1010.5,0.0,0,198,1.8
1011.0,0.0,0,199,3.0
1011.5,0.0,0,198,3.0
1012.0,0.0,0,199,3.0
1012.5,0.0,0,198,3.6
1013.0,0.0,0,198,4.800000000000001
1013.5,0.0,0,200,5.4
1014.0,0.0,0,198,5.4
1014.5,0.0,0,199,5.4
1015.0,0.0,0,198,6.0
1015.5,0.0,0,198,9.0
1016.0,0.0,0,199,9.600000000000001
1016.5,0.0,0,198,9.600000000000001
1017.0,0.0,0,198,8.4
1017.5,0.0,0,196,5.4
1018.0,0.0,0,195,4.2
1018.5,0.0,0,194,3.6
1019.0,0.0,0,194,3.0
1019.5,0.0,0,192,2.4000000000000004
1020.0,0.0,0,192,3.0
1020.5,0.0,0,190,3.0
1021.0,0.0,0,189,3.6
1021.5,0.0,0,188,2.4000000000000004
1022.0,0.0,0,187,1.2000000000000002
1022.5,0.0,0,184,1.2000000000000002
1023.0,0.0,0,185,1.2000000000000002
1023.5,0.0,0,184,1.2000000000000002
1024.0,0.0,0,183,1.2000000000000002
1024.5,0.0,0,181,0.6000000000000001
1025.0,0.0,0,180,0.6000000000000001
1025.5,0.0,0,179,0.6000000000000001
1026.0,0.0,0,178,0.6000000000000001
1026.5,0.0,0,177,0.0
1027.0,0.0,0,175,0.6000000000000001
1027.5,0.0,0,175,1.2000000000000002
1028.0,0.0,0,173,1.2000000000000002
1028.5,0.0,0,173,1.2000000000000002
1029.0,0.0,0,172,1.2000000000000002
1029.5,0.0,0,170,1.2000000000000002
1030.0,0.0,0,169,1.2000000000000002
1030.5,0.0,0,167,1.2000000000000002
1031.0,0.0,0,166,1.2000000000000002
1031.5,0.0,0,165,1.2000000000000002
1032.0,0.0,0,163,1.2000000000000002
1032.5,0.0,0,162,1.8
1033.0,0.0,0,160,1.8
1033.5,0.0,0,160,2.4000000000000004
1034.0,0.0,0,158,2.4000000000000004
1034.5,0.0,0,158,2.4000000000000004
1035.0,0.0,0,156,2.4000000000000004
1035.5,0.0,0,156,2.4000000000000004
1036.0,0.0,0,155,2.4000000000000004
1036.5,0.0,0,154,2.4000000000000004
1037.0,0.0,0,152,1.8
1037.5,0.0,0,152,1.8
1038.0,0.0,0,150,1.8
1038.5,0.0,0,150,1.8
1039.0,0.0,0,149,1.8
1039.5,0.0,0,147,1.8
1040.0,0.0,0,145,1.8
1040.5,0.0,0,145,1.8
1041.0,0.0,0,144,1.2000000000000002
1041.5,0.0,0,143,0.6000000000000001
1042.0,0.0,0,141,0.6000000000000001
1042.5,0.0,0,140,0.0
1043.0,0.0,0,139,0.6000000000000001
1043.5,0.0,0,139,0.6000000000000001
1044.0,0.0,0,137,0.6000000000000001
1044.5,0.0,0,136,0.6000000000000001
1045.0,0.0,0,135,0.6000000000000001
1045.5,0.0,0,133,0.6000000000000001
1046.0,0.0,0,132,0.0
1046.5,0.0,0,131,0.0
1047.0,0.0,0,130,0.0
1047.5,0.0,0,128,0.0
1048.0,0.0,0,127,0.0
1048.5,0.0,0,126,0.6000000000000001
1049.0,0.0,0,124,0.6000000000000001
1049.5,0.0,0,124,0.6000000000000001
1050.0,0.0,0,122,0.6000000000000001
1050.5,0.0,0,122,0.6000000000000001
1051.0,0.0,0,121,0.6000000000000001
1051.5,0.0,0,120,0.6000000000000001
1052.0,0.0,0,118,0.6000000000000001
1052.5,0.0,0,117,0.6000000000000001
1053.0,0.0,0,116,0.6000000000000001
1053.5,0.0,0,114,0.6000000000000001
1054.0,0.0,0,114,0.6000000000000001
1054.5,0.0,0,112,0.6000000000000001
1055.0,0.0,0,112,0.6000000000000001
1055.5,0.0,0,111,0.6000000000000001
1056.0,0.0,0,109,0.6000000000000001
1056.5,0.0,0,108,0.6000000000000001
1057.0,0.0,0,107,0.6000000000000001
1057.5,0.0,0,105,0.6000000000000001
1058.0,0.0,0,104,0.6000000000000001
1058.5,0.0,0,102,0.6000000000000001
1059.0,0.0,0,101,0.6000000000000001
1059.5,0.0,0,101,0.6000000000000001
1060.0,0.0,0,99,0.6000000000000001
1060.5,0.0,0,99,0.6000000000000001
1061.0,0.0,0,97,0.6000000000000001
1061.5,0.0,0,96,0.6000000000000001
1062.0,0.0,0,95,0.6000000000000001
1062.5,0.0,0,94,0.6000000000000001
1063.0,0.0,0,93,0.6000000000000001
1063.5,0.0,0,92,0.6000000000000001
1064.0,0.0,0,91,0.6000000000000001
1064.5,0.0,0,90,0.6000000000000001
1065.0,0.0,0,90,0.6000000000000001
1065.5,0.0,0,89,0.6000000000000001
1066.0,0.0,0,88,0.6000000000000001
1066.5,0.0,0,87,0.6000000000000001
1067.0,0.0,0,86,0.6000000000000001
1067.5,0.0,0,85,0.6000000000000001
1068.0,0.0,0,83,0.6000000000000001
1068.5,0.0,0,82,0.6000000000000001
1069.0,0.0,0,81,0.6000000000000001
1069.5,0.0,0,80,0.6000000000000001
1070.0,0.0,0,79,0.0
1070.5,0.0,0,78,0.0
1071.0,0.0,0,77,0.0
1071.5,0.0,0,76,0.0
1072.0,0.0,0,76,0.0
1072.5,0.0,0,75,0.0
1073.0,0.0,0,74,0.0
1073.5,0.0,0,73,0.0
1074.0,0.0,0,72,0.0
1074.5,0.0,0,71,0.0
1075.0,0.0,0,71,0.0
1075.5,0.0,0,69,0.0
1076.0,0.0,0,68,0.0
1076.5,0.0,0,67,0.0
1077.0,0.0,0,67,0.0
1077.5,0.0,0,66,0.0
1078.0,0.0,0,65,0.0
1078.5,0.0,0,63,0.0
1079.0,0.0,0,63,0.0
1079.5,0.0,0,62,0.0
1080.0,0.0,0,61,0.0
1080.5,0.0,0,60,0.0
1081.0,0.0,0,59,0.0
1081.5,0.0,0,58,0.0
1082.0,0.0,0,58,0.0
1082.5,0.0,0,57,0.0
1083.0,0.0,0,56,0.0
1083.5,0.0,0,56,0.0
1084.0,0.0,0,55,0.0
1084.5,0.0,0,54,0.0
1085.0,0.0,0,53,0.0
1085.5,0.0,0,52,0.0
1086.0,0.0,0,51,0.6000000000000001
1086.5,0.0,0,50,0.6000000000000001
1087.0,0.0,0,50,0.6000000000000001
1087.5,0.0,0,49,0.6000000000000001
1088.0,0.0,0,48,0.6000000000000001
1088.5,0.0,0,48,0.6000000000000001
1089.0,0.0,0,47,0.6000000000000001
1089.5,0.0,0,47,0.6000000000000001
1090.0,0.0,0,46,0.6000000000000001
1090.5,0.0,0,45,0.6000000000000001
1091.0,0.0,0,44,0.6000000000000001
1091.5,0.0,0,44,0.6000000000000001
1092.0,0.0,0,44,0.6000000000000001
1092.5,0.0,0,43,0.6000000000000001
1093.0,0.0,0,42,0.6000000000000001
1093.5,0.0,0,42,0.6000000000000001
1094.0,0.0,0,41,0.6000000000000001
1094.5,0.0,0,41,0.6000000000000001
1095.0,0.0,0,40,0.6000000000000001
1095.5,0.0,0,40,0.6000000000000001
1096.0,0.0,0,39,0.6000000000000001
1096.5,0.0,0,39,0.6000000000000001
1097.0,0.0,0,38,0.6000000000000001
1097.5,0.0,0,37,0.6000000000000001
1098.0,0.0,0,37,0.0
1098.5,0.0,0,36,0.6000000000000001
1099.0,0.0,0,36,0.0
1099.5,0.0,0,35,0.6000000000000001
1100.0,0.0,0,35,0.0
1100.5,0.0,0,34,0.6000000000000001
1101.0,0.0,0,34,0.6000000000000001
1101.5,0.0,0,33,0.6000000000000001
1102.0,0.0,0,32,0.6000000000000001
1102.5,0.0,0,32,0.6000000000000001
1103.0,0.0,0,31,0.6000000000000001
1103.5,0.0,0,31,0.6000000000000001
1104.0,0.0,0,31,0.6000000000000001
1104.5,0.0,0,30,0.6000000000000001
1105.0,0.0,0,29,0.6000000000000001
1105.5,0.0,0,29,0.6000000000000001
1106.0,0.0,0,28,0.6000000000000001
1106.5,0.0,0,28,0.6000000000000001
1107.0,0.0,0,27,0.6000000000000001
1107.5,0.0,0,27,0.6000000000000001
1108.0,0.0,0,27,0.6000000000000001
1108.5,0.0,0,26,0.6000000000000001
1109.0,0.0,0,25,0.6000000000000001
1109.5,0.0,0,25,0.6000000000000001
1110.0,0.0,0,25,0.6000000000000001
1110.5,0.0,0,24,0.6000000000000001
1111.0,0.0,0,24,0.6000000000000001
1111.5,0.0,0,23,0.6000000000000001
1112.0,0.0,0,23,0.6000000000000001
1112.5,0.0,0,23,0.6000000000000001
1113.0,0.0,0,22,0.6000000000000001
1113.5,0.0,0,22,0.6000000000000001
1114.0,0.0,0,21,0.6000000000000001
1114.5,0.002,0,21,0.6000000000000001
1115.0,0.0,0,21,0.0
1115.5,0.002,0,20,0.0
1116.0,0.0,0,20,0.0
1116.5,0.002,0,20,0.0
1117.0,0.0,0,20,0.0
1117.5,0.0,0,19,0.0
1118.0,0.0,0,19,0.0
1118.5,0.002,0,18,0.0
1119.0,0.002,0,18,0.0
1119.5,0.0,0,18,0.0
1120.0,0.0,0,16,0.0
1120.5,0.0,0,16,0.0
1121.0,0.0,0,16,0.0
1121.5,0.0,0,15,0.0
1122.0,0.002,0,15,0.0
1122.5,0.002,0,15,0.0
1123.0,0.002,0,13,0.0
1123.5,0.002,0,13,0.0
1124.0,0.002,0,13,0.0
1124.5,0.002,0,13,0.0
1125.0,0.0,0,13,0.0
1125.5,0.002,0,13,0.0
1126.0,0.002,0,11,0.0
1126.5,0.002,0,11,0.0
1127.0,0.002,0,11,0.0
1127.5,0.002,0,11,0.0
1128.0,0.0,0,11,0.0
1128.5,0.0,0,11,0.0
1129.0,0.0,0,11,0.0
1129.5,0.0,0,11,0.0
1130.0,0.0,0,11,0.0
1130.5,0.0,0,11,0.0
1131.0,0.002,0,11,0.0
1131.5,0.002,0,11,0.0
1132.0,0.002,0,11,0.0
1132.5,0.002,0,11,0.0
1133.0,0.003,0,11,0.0
1133.5,0.003,0,11,0.0
1134.0,0.003,0,11,0.0
1134.5,0.003,0,11,0.0
1135.0,0.003,0,11,0.0
1135.5,0.003,0,11,0.0
1136.0,0.003,0,14,0.0
1136.5,0.003,0,14,0.0
1137.0,0.003,0,14,0.0
1137.5,0.003,0,14,0.0
1138.0,0.002,0,14,0.0
1138.5,0.002,0,14,0.0
1139.0,0.002,0,12,0.0
1139.5,0.002,0,12,0.0
1140.0,0.003,0,12,0.0
1140.5,0.002,0,12,0.0
1141.0,0.003,0,12,0.0
1141.5,0.003,0,12,0.0
1142.0,0.003,0,15,0.0
1142.5,0.002,0,15,0.0
1143.0,0.003,0,15,0.0
1143.5,0.003,0,15,0.0
1144.0,0.002,0,13,0.0
1144.5,0.003,0,13,0.0
1145.0,0.002,0,13,0.0
1145.5,0.003,0,13,0.0
1146.0,0.003,0,13,0.0
1146.5,0.003,0,8,0.0
1147.0,0.003,0,8,0.0
1147.5,0.003,0,8,0.0
1148.0,0.003,0,8,0.0
1148.5,0.003,0,8,0.0
1149.0,0.003,0,8,0.0
1149.5,0.003,0,8,0.0
1150.0,0.003,0,8,0.0
1150.5,0.003,0,8,0.0
1151.0,0.003,0,8,0.0
1151.5,0.003,0,6,0.0
1152.0,0.003,0,6,0.0
1152.5,0.003,0,6,0.0
1153.0,0.003,0,6,0.0
1153.5,0.003,0,6,0.0
1154.0,0.003,0,6,0.0
1154.5,0.003,0,6,0.0
1155.0,0.003,0,6,0.0
1155.5,0.003,0,6,0.0
1156.0,0.003,0,6,0.0
1156.5,0.003,0,6,0.0
1157.0,0.002,0,6,0.0
1157.5,0.003,0,6,0.0
1158.0,0.003,0,6,0.0
1158.5,0.002,0,6,0.0
1159.0,0.002,0,6,0.0
1159.5,0.002,0,6,0.0
1160.0,0.003,0,6,0.0
1160.5,0.002,0,6,0.0
1161.0,0.003,0,8,0.0
1161.5,0.002,0,8,0.0
1162.0,0.003,0,8,0.0
1162.5,0.003,0,8,0.0
1163.0,0.003,0,8,0.0
1163.5,0.003,0,8,0.0
1164.0,0.003,0,8,0.0
1164.5,0.003,0,8,0.0
1165.0,0.003,0,8,0.0
1165.5,0.003,0,8,0.0
1166.0,0.003,0,10,0.0
1166.5,0.003,0,10,0.0
1167.0,0.003,0,10,0.0
1167.5,0.003,0,10,0.0
1168.0,0.002,0,10,0.0
1168.5,0.003,0,10,0.0
1169.0,0.003,0,10,0.0
1169.5,0.003,0,10,0.0
1170.0,0.002,0,10,0.0
1170.5,0.003,0,10,0.0
1171.0,0.002,0,10,0.0
1171.5,0.002,0,10,0.0
1172.0,0.002,0,10,0.0
1172.5,0.003,0,10,0.0
1173.0,0.003,0,10,0.0
1173.5,0.002,0,10,0.0
1174.0,0.002,0,10,0.0
1174.5,0.002,0,10,0.0
1175.0,0.002,0,10,0.0
1175.5,0.002,0,10,0.0
1176.0,0.002,0,10,0.0
1176.5,0.002,0,10,0.0
1177.0,0.002,0,10,0.0
1177.5,0.002,0,10,0.0
1178.0,0.002,0,10,0.0
1178.5,0.003,0,10,0.0
1179.0,0.002,0,10,0.0
1179.5,0.003,0,10,0.0
1180.0,0.003,0,10,0.0
1180.5,0.003,0,10,0.0
1181.0,0.002,0,10,0.0
1181.5,0.003,0,10,0.0
1182.0,0.002,0,10,0.0
1182.5,0.003,0,10,0.0
1183.0,0.003,0,10,0.0
1183.5,0.003,0,10,0.0
1184.0,0.003,0,10,0.0
1184.5,0.002,0,10,0.0
1185.0,0.003,0,10,0.0
1185.5,0.003,0,10,0.0
1186.0,0.003,0,10,0.0
1186.5,0.002,0,10,0.0
1187.0,0.002,0,10,0.0
1187.5,0.002,0,10,0.0
1188.0,0.002,0,10,0.0
1188.5,0.002,0,10,0.0
1189.0,0.003,0,10,0.0
1189.5,0.002,0,10,0.0
1190.0,0.002,0,10,0.0
1190.5,0.002,0,10,0.0
1191.0,0.002,0,10,0.0
1191.5,0.003,0,10,0.0
1192.0,0.002,0,10,0.0
1192.5,0.003,0,10,0.0
1193.0,0.002,0,10,0.0
1193.5,0.002,0,10,0.0
1194.0,0.003,0,10,0.0
1194.5,0.003,0,10,0.0
1195.0,0.003,0,10,0.0
1195.5,0.003,0,10,0.0
1196.0,0.002,0,10,0.0
1196.5,0.003,0,15,0.0
1197.0,0.005,0,15,0.0
1197.5,0.003,0,15,0.0
1198.0,0.002,0,15,0.0
1198.5,0.005,0,15,0.0
1199.0,0.003,0,15,0.0
1199.5,0.003,0,15,0.0
1200.0,0.003,0,15,0.0
1200.5,0.003,0,15,0.0
1201.0,0.003,0,15,0.0
1201.5,0.003,0,15,0.0
1202.0,0.003,0,15,0.0
1202.5,0.003,0,15,0.0
1203.0,0.003,0,15,0.0
1203.5,0.003,0,15,0.0
1204.0,0.002,0,15,0.0
1204.5,0.002,0,15,0.0
1205.0,0.002,0,15,0.0
1205.5,0.002,0,15,0.0
1206.0,0.002,0,15,0.0
1206.5,0.003,0,15,0.0
1207.0,0.002,0,15,0.0
1207.5,0.002,0,15,0.0
1208.0,0.002,0,15,0.0
1208.5,0.003,0,15,0.0
1209.0,0.002,0,15,0.0
1209.5,0.002,0,15,0.0
1210.0,0.002,0,15,0.0
1210.5,0.003,0,15,0.0
1211.0,0.003,0,15,0.0
1211.5,0.003,0,15,0.0
1212.0,0.003,0,15,0.0
1212.5,0.003,0,15,0.0
1213.0,0.002,0,15,0.0
1213.5,0.003,0,15,0.0
1214.0,0.002,0,15,0.0
1214.5,0.002,0,15,0.0
1215.0,0.003,0,15,0.0
1215.5,0.003,0,15,0.0
1216.0,0.003,0,15,0.0
1216.5,0.003,0,15,0.0
1217.0,0.003,0,15,0.0
1217.5,0.003,0,15,0.0
1218.0,0.003,0,15,0.0
1218.5,0.003,0,15,0.0
1219.0,0.003,0,15,0.0
1219.5,0.003,0,15,0.0
1220.0,0.002,0,15,0.0
1220.5,0.002,0,15,0.0
1221.0,0.003,0,15,0.0
1221.5,0.002,0,15,0.0
1222.0,0.003,0,15,0.0
1222.5,0.002,0,15,0.0
1223.0,0.002,0,15,0.0
1223.5,0.002,0,15,0.0
1224.0,0.002,0,15,0.0
1224.5,0.002,0,15,0.0
1225.0,0.002,0,15,0.0
1225.5,0.003,0,15,0.0
1226.0,0.002,0,15,0.0
1226.5,0.002,0,15,0.0
1227.0,0.003,0,15,0.0
1227.5,0.002,0,15,0.0
1228.0,0.003,0,15,0.0
1228.5,0.002,0,15,0.0
1229.0,0.002,0,15,0.0
1229.5,0.003,0,15,0.0
1230.0,0.002,0,15,0.0
1230.5,0.002,0,15,0.0
1231.0,0.003,0,15,0.0
1231.5,0.003,0,15,0.0
1232.0,0.003,0,15,0.0
1232.5,0.002,0,15,0.0
1233.0,0.002,0,15,0.0
1233.5,0.003,0,15,0.0
1234.0,0.003,0,15,0.0
1234.5,0.003,0,15,0.0
1235.0,0.003,0,15,0.0
1235.5,0.003,0,15,0.0
1236.0,0.003,0,15,0.0
1236.5,0.003,0,15,0.0
1237.0,0.003,0,15,0.0
1237.5,0.002,0,15,0.0
1238.0,0.003,0,15,0.0
1238.5,0.002,0,15,0.0
1239.0,0.002,0,15,0.0
1239.5,0.002,0,15,0.0
1240.0,0.002,0,15,0.0
1240.5,0.002,0,15,0.0
1241.0,0.003,0,15,0.0
1241.5,0.003,0,15,0.0
1242.0,0.002,0,15,0.0
1242.5,0.002,0,15,0.0
1243.0,0.003,0,15,0.0
1243.5,0.003,0,15,0.0
1244.0,0.002,0,15,0.0
1244.5,0.003,0,15,0.0
1245.0,0.003,0,15,0.0
1245.5,0.003,0,15,0.0
1246.0,0.003,0,15,0.0
1246.5,0.003,0,15,0.0
1247.0,0.003,0,15,0.0
1247.5,0.003,0,15,0.0
1248.0,0.003,0,15,0.0
1248.5,0.002,0,15,0.0
1249.0,0.002,0,15,0.0
1249.5,0.003,0,15,0.0
1250.0,0.003,0,15,0.0
1250.5,0.003,0,0,0.0
1251.0,0.002,0,0,0.0
1251.5,0.003,0,0,0.0
1252.0,0.002,0,0,0.0
1252.5,0.003,0,0,0.0
1253.0,0.003,0,0,0.0
1253.5,0.003,0,0,0.0
1254.0,0.003,0,0,0.0
1254.5,0.003,0,0,0.0
1255.0,0.003,0,0,0.0
1255.5,0.002,0,0,0.0
1256.0,0.002,0,0,0.0
1256.5,0.002,0,0,0.0
1257.0,0.002,0,0,0.0
1257.5,0.003,0,0,0.0
1258.0,0.002,0,0,0.0
1258.5,0.003,0,0,0.0
1259.0,0.002,0,0,0.0
1259.5,0.002,0,0,0.0
1260.0,0.003,0,0,0.0
1260.5,0.003,0,0,0.0
1261.0,0.002,0,0,0.0
1261.5,0.003,0,0,0.0
1262.0,0.003,0,0,0.0
1262.5,0.003,0,0,0.0
1263.0,0.003,0,0,0.0
1263.5,0.002,0,0,0.0
1264.0,0.003,0,0,0.0
1264.5,0.003,0,0,0.0
1265.0,0.002,0,0,0.0
1265.5,0.005,0,0,0.0
1266.0,0.003,0,0,0.0
1266.5,0.003,0,0,0.0
1267.0,0.003,0,0,0.0
1267.5,0.003,0,0,0.0
1268.0,0.003,0,0,0.0
1268.5,0.003,0,0,0.0
1269.0,0.003,0,0,0.0
1269.5,0.003,0,0,0.0
1270.0,0.003,0,0,0.0
1270.5,0.003,0,0,0.0
1271.0,0.002,0,0,0.0
1271.5,0.003,0,0,0.0
1272.0,0.003,0,0,0.0
1272.5,0.003,0,0,0.0
1273.0,0.003,0,0,0.0
1273.5,0.002,0,0,0.0
1274.0,0.0,0,0,0.0
1274.5,0.003,0,0,0.0
1275.0,0.003,0,0,0.0
1275.5,0.002,0,0,0.0
1276.0,0.003,0,0,0.0
1276.5,0.003,0,0,0.0
1277.0,0.003,0,0,0.0
1277.5,0.002,0,0,0.0
1278.0,0.002,0,0,0.0
1278.5,0.003,0,0,0.0
1279.0,0.003,0,0,0.0
1279.5,0.003,0,0,0.0
1280.0,0.003,0,0,0.0
1280.5,0.002,0,0,0.0
1281.0,0.002,0,0,0.0
1281.5,0.003,0,0,0.0
1282.0,0.003,0,0,0.0
1282.5,0.003,0,0,0.0
1283.0,0.003,0,0,0.0
1283.5,0.003,0,0,0.0
1284.0,0.003,0,0,0.0
1284.5,0.003,0,0,0.0
1285.0,0.003,0,0,0.0
1285.5,0.002,0,0,0.0
1286.0,0.003,0,0,0.0
1286.5,0.002,0,0,0.0
1287.0,0.003,0,0,0.0
1287.5,0.003,0,0,0.0
1288.0,0.002,0,0,0.0
1288.5,0.002,0,0,0.0
1289.0,0.003,0,0,0.0
1289.5,0.002,0,0,0.0
1290.0,0.002,0,0,0.0
1290.5,0.002,0,0,0.0
1291.0,0.003,0,0,0.0
1291.5,0.003,0,0,0.0
1292.0,0.002,0,0,0.0
1292.5,0.002,0,0,0.0
1293.0,0.003,0,0,0.0
1293.5,0.002,0,0,0.0
1294.0,0.002,0,0,0.0
1294.5,0.003,0,0,0.0
1295.0,0.002,0,0,0.0
1295.5,0.002,0,0,0.0
1296.0,0.002,0,0,0.0
1296.5,0.002,0,0,0.0
1297.0,0.002,0,0,0.0
1297.5,0.003,0,0,0.0
1298.0,0.003,0,0,0.0
1298.5,0.003,0,0,0.0
1299.0,0.003,0,0,0.0
1299.5,0.003,0,0,0.0
1300.0,0.003,0,0,0.0
1300.5,0.003,0,0,0.0
1301.0,0.003,0,0,0.0
1301.5,0.003,0,0,0.0
1302.0,0.003,0,0,0.0
1302.5,0.003,0,0,0.0
1303.0,0.003,0,0,0.0
1303.5,0.002,0,0,0.0
1304.0,0.003,0,0,0.0
1304.5,0.002,0,0,0.0
1305.0,0.002,0,0,0.0
1305.5,0.003,0,0,0.0
1306.0,0.003,0,0,0.0
1306.5,0.002,0,0,0.0
1307.0,0.003,0,0,0.0
1307.5,0.003,0,0,0.0
1308.0,0.002,0,0,0.0
1308.5,0.002,0,0,0.0
1309.0,0.003,0,0,0.0
1309.5,0.002,0,0,0.0
1310.0,0.003,0,0,0.0
1310.5,0.002,0,0,0.0
1311.0,0.003,0,0,0.0
1311.5,0.005,0,0,0.0
1312.0,0.003,0,0,0.0
1312.5,0.003,0,0,0.0
1313.0,0.003,0,0,0.0
1313.5,0.003,0,0,0.0
1314.0,0.003,0,0,0.0
1314.5,0.003,0,0,0.0
1315.0,0.003,0,0,0.0
1315.5,0.003,0,15,0.0
1316.0,0.003,0,15,0.0
1316.5,0.002,0,15,0.0
1317.0,0.003,0,15,0.0
1317.5,0.003,0,16,0.0
1318.0,0.003,0,16,0.0
1318.5,0.003,0,16,0.0
1319.0,0.003,0,16,0.0
1319.5,0.003,0,23,0.0
1320.0,0.003,0,23,0.0
1320.5,0.003,0,23,0.0
1321.0,0.003,0,18,0.0
1321.5,0.002,0,18,0.0
1322.0,0.003,1,18,0.0
1322.5,0.002,1,22,0.0
1323.0,0.002,1,24,0.0
1323.5,0.002,1,25,0.0
1324.0,0.002,1,27,0.0
1324.5,0.002,1,28,0.0
1325.0,0.002,1,29,0.0
1325.5,0.0,1,30,0.0
1326.0,0.002,1,31,0.0
1326.5,0.003,1,33,0.0
1327.0,0.002,2,39,0.0
1327.5,0.002,2,41,0.0
1328.0,0.002,2,46,0.0
1328.5,0.003,2,49,0.0
1329.0,0.005,2,50,0.0
1329.5,0.003,2,52,0.0
1330.0,0.003,3,54,0.0
1330.5,0.005,3,54,0.6000000000000001
1331.0,0.005,3,55,2.4000000000000004
1331.5,0.005,3,55,3.0
1332.0,0.005,3,55,3.6
1332.5,0.006,3,55,3.6
1333.0,0.006,4,56,3.6
1333.5,0.006,4,56,3.6
1334.0,0.006,4,57,3.0
1334.5,0.006,4,57,3.6
1335.0,0.006,4,57,5.4
1335.5,0.006,5,58,8.4
1336.0,0.006,5,61,9.600000000000001
1336.5,0.006,5,64,9.600000000000001
1337.0,0.008,5,67,9.600000000000001
1337.5,0.006,5,69,9.600000000000001
1338.0,0.006,5,72,9.600000000000001
1338.5,0.006,6,74,9.0
1339.0,0.006,6,75,6.6000000000000005
1339.5,0.008,6,77,6.6000000000000005
1340.0,0.008,6,78,5.4
1340.5,0.008,7,79,5.4
1341.0,0.011,7,79,6.0
1341.5,0.008,7,79,6.0
1342.0,0.01,7,80,5.4
1342.5,0.008,8,80,5.4
1343.0,0.008,8,80,4.800000000000001
1343.5,0.008,8,80,4.2
1344.0,0.01,8,80,3.6
1344.5,0.01,9,80,3.6
1345.0,0.008,9,80,3.6
1345.5,0.008,9,79,4.800000000000001
1346.0,0.01,9,80,9.600000000000001
1346.5,0.008,10,81,9.600000000000001
1347.0,0.008,10,83,9.600000000000001
1347.5,0.01,10,85,10.200000000000001
1348.0,0.011,10,88,10.200000000000001
1348.5,0.011,11,91,10.200000000000001
1349.0,0.01,11,93,9.600000000000001
1349.5,0.01,11,95,9.600000000000001
1350.0,0.01,12,97,9.600000000000001
1350.5,0.011,12,99,9.0
1351.0,0.01,12,100,7.2
1351.5,0.013,12,101,6.6000000000000005
1352.0,0.01,13,101,6.0
1352.5,0.008,13,102,4.2
1353.0,0.008,13,102,3.0
1353.5,0.011,14,102,2.4000000000000004
1354.0,0.01,14,103,1.8
1354.5,0.01,14,102,1.8
1355.0,0.008,15,102,1.8
1355.5,0.01,15,101,1.8
1356.0,0.008,15,102,3.0
1356.5,0.011,16,104,3.6
1357.0,0.006,16,106,4.2
1357.5,0.01,16,109,3.0
1358.0,0.01,17,110,1.2000000000000002
1358.5,0.008,17,112,0.6000000000000001
1359.0,0.008,17,114,0.0
1359.5,0.01,18,117,0.0
1360.0,0.008,18,118,0.0
1360.5,0.008,18,119,0.0
1361.0,0.011,19,120,0.0
1361.5,0.008,19,121,0.0
1362.0,0.01,19,123,0.0
1362.5,0.01,20,122,0.0
1363.0,0.01,20,124,0.6000000000000001
1363.5,0.01,20,125,0.6000000000000001
1364.0,0.006,21,125,0.6000000000000001
1364.5,0.008,21,125,0.6000000000000001
1365.0,0.01,22,125,0.6000000000000001
1365.5,0.008,22,125,0.6000000000000001
1366.0,0.01,22,124,0.6000000000000001
1366.5,0.011,23,123,3.0
1367.0,0.008,23,124,4.2
1367.5,0.011,24,125,4.800000000000001
1368.0,0.01,24,124,4.800000000000001
1368.5,0.01,24,124,4.800000000000001
1369.0,0.008,25,123,4.2
1369.5,0.006,25,123,4.2
1370.0,0.015,25,123,4.2
1370.5,0.008,26,123,4.2
1371.0,0.008,26,123,4.800000000000001
1371.5,0.01,26,123,4.800000000000001
1372.0,0.008,27,123,4.800000000000001
1372.5,0.01,27,122,4.800000000000001
1373.0,0.008,28,123,4.2
1373.5,0.006,28,122,4.2
1374.0,0.01,28,122,3.6
1374.5,0.006,29,122,3.6
1375.0,0.011,29,121,4.2
1375.5,0.006,29,121,3.6
1376.0,0.008,30,121,4.2
1376.5,0.008,30,121,4.2
1377.0,0.008,30,121,3.6
1377.5,0.011,31,120,3.6
1378.0,0.008,31,120,3.0
1378.5,0.008,32,121,3.0
1379.0,0.01,32,120,3.0
1379.5,0.008,32,119,3.6
1380.0,0.013,33,119,3.0
1380.5,0.011,33,119,2.4000000000000004
1381.0,0.01,33,119,1.8
1381.5,0.01,34,118,1.8
1382.0,0.01,34,118,1.8
1382.5,0.011,34,117,1.2000000000000002
1383.0,0.01,35,116,1.2000000000000002
1383.5,0.008,35,115,1.8
1384.0,0.008,35,114,1.8
1384.5,0.01,36,114,1.2000000000000002
1385.0,0.01,36,113,0.6000000000000001
1385.5,0.008,37,113,0.0
1386.0,0.01,37,113,0.0
1386.5,0.01,37,113,0.0
1387.0,0.01,38,113,0.0
1387.5,0.008,38,112,0.0
1388.0,0.01,38,112,0.0
1388.5,0.011,39,112,0.0
1389.0,0.008,39,112,0.0
1389.5,0.01,39,113,0.0
1390.0,0.006,40,113,0.0
1390.5,0.011,40,113,0.6000000000000001
1391.0,0.01,40,113,0.6000000000000001
1391.5,0.008,41,113,0.6000000000000001
1392.0,0.011,41,113,0.0
1392.5,0.01,41,112,0.0
1393.0,0.008,42,112,0.0
1393.5,0.01,42,111,0.6000000000000001
1394.0,0.01,42,111,1.8
1394.5,0.01,43,111,3.6
1395.0,0.008,43,111,4.2
1395.5,0.006,43,112,4.2
1396.0,0.011,44,111,3.6
1396.5,0.01,44,111,3.6
1397.0,0.011,44,110,3.0
1397.5,0.01,45,110,3.0
1398.0,0.008,45,109,3.6
1398.5,0.011,45,109,3.6
1399.0,0.01,46,109,3.6
1399.5,0.011,46,110,4.2
1400.0,0.011,46,110,4.800000000000001
1400.5,0.01,47,110,4.800000000000001
1401.0,0.01,47,110,4.2
1401.5,0.013,47,109,4.2
1402.0,0.01,48,110,3.6
1402.5,0.011,48,109,3.6
1403.0,0.008,48,108,3.6
1403.5,0.01,49,109,4.2
1404.0,0.01,49,109,4.2
1404.5,0.01,49,108,4.2
1405.0,0.008,50,108,4.2
1405.5,0.01,50,108,3.6
1406.0,0.01,50,109,3.6
1406.5,0.008,51,109,3.0
1407.0,0.011,51,108,3.0
1407.5,0.008,51,109,3.0
1408.0,0.011,52,108,3.0
1408.5,0.008,52,108,3.6
1409.0,0.008,52,108,3.0
1409.5,0.01,53,108,2.4000000000000004
1410.0,0.011,53,108,1.8
1410.5,0.008,53,108,1.8
1411.0,0.011,54,108,1.2000000000000002
1411.5,0.01,54,107,1.2000000000000002
1412.0,0.01,54,106,1.2000000000000002
1412.5,0.011,54,106,1.2000000000000002
1413.0,0.008,55,105,1.2000000000000002
1413.5,0.013,55,104,1.2000000000000002
1414.0,0.01,55,104,1.2000000000000002
1414.5,0.01,56,104,0.6000000000000001
1415.0,0.01,58,104,0.0
1415.5,0.011,59,104,0.0
1416.0,0.01,59,105,0.0
1416.5,0.008,59,105,0.0
1417.0,0.008,60,105,0.0
1417.5,0.01,60,105,0.0
1418.0,0.01,60,105,0.0
1418.5,0.01,61,104,0.0
1419.0,0.01,61,104,0.0
1419.5,0.01,61,104,0.0
1420.0,0.01,62,104,0.6000000000000001
1420.5,0.008,62,103,2.4000000000000004
1421.0,0.008,62,103,3.6
1421.5,0.01,63,104,4.2
1422.0,0.008,63,104,4.2
1422.5,0.008,63,103,4.2
1423.0,0.008,63,103,3.6
1423.5,0.008,64,102,3.6
1424.0,0.013,64,102,3.6
1424.5,0.011,64,102,3.6
1425.0,0.01,65,102,3.6
1425.5,0.01,65,102,4.2
1426.0,0.01,65,102,4.2
1426.5,0.008,66,102,4.800000000000001
1427.0,0.013,66,103,4.800000000000001
1427.5,0.01,66,103,4.800000000000001
1428.0,0.008,67,103,4.800000000000001
1428.5,0.01,67,103,4.2
1429.0,0.013,67,103,4.2
1429.5,0.01,68,103,4.2
1430.0,0.013,68,102,4.2
1430.5,0.008,68,102,4.800000000000001
1431.0,0.01,68,102,4.2
1431.5,0.01,69,102,4.2
1432.0,0.01,69,102,4.2
1432.5,0.01,69,103,4.2
1433.0,0.013,70,103,3.6
1433.5,0.01,70,103,3.6
1434.0,0.01,70,103,3.0
1434.5,0.008,71,103,3.0
1435.0,0.01,71,103,3.6
1435.5,0.01,71,103,3.6
1436.0,0.011,72,102,3.6
1436.5,0.008,72,102,2.4000000000000004
1437.0,0.008,72,103,1.8
1437.5,0.008,73,103,1.8
1438.0,0.01,73,103,1.8
1438.5,0.008,73,103,1.2000000000000002
1439.0,0.01,73,102,1.2000000000000002
1439.5,0.008,74,101,1.2000000000000002
1440.0,0.008,74,101,1.2000000000000002
1440.5,0.011,75,100,1.2000000000000002
1441.0,0.01,75,99,0.6000000000000001
1441.5,0.008,76,100,0.0
1442.0,0.01,76,99,0.0
1442.5,0.01,76,100,0.0
1443.0,0.01,76,100,0.0
1443.5,0.01,77,100,0.0
1444.0,0.01,77,99,0.0
1444.5,0.008,77,100,0.0
1445.0,0.011,78,99,0.0
1445.5,0.01,78,100,0.0
1446.0,0.011,78,101,0.0
1446.5,0.008,78,100,0.0
1447.0,0.01,79,101,0.0
1447.5,0.008,79,102,0.6000000000000001
1448.0,0.01,79,102,0.6000000000000001
1448.5,0.01,80,102,0.6000000000000001
1449.0,0.01,80,102,0.0
1449.5,0.008,80,101,0.0
1450.0,0.008,81,101,0.0
1450.5,0.008,81,101,0.0
1451.0,0.01,81,100,1.2000000000000002
1451.5,0.01,82,100,3.0
1452.0,0.01,82,100,4.2
1452.5,0.006,82,101,4.800000000000001
1453.0,0.01,83,101,4.2
1453.5,0.01,83,101,4.2
1454.0,0.011,83,100,3.6
1454.5,0.008,83,100,3.6
1455.0,0.01,84,100,3.6
1455.5,0.008,84,100,3.6
1456.0,0.01,84,99,3.6
1456.5,0.006,85,100,4.2
1457.0,0.011,85,100,4.2
1457.5,0.008,85,100,4.800000000000001
1458.0,0.01,86,100,4.800000000000001
1458.5,0.006,86,101,5.4
1459.0,0.011,86,101,4.800000000000001
1459.5,0.008,86,101,4.800000000000001
1460.0,0.011,87,101,4.2
1460.5,0.01,87,100,4.2
1461.0,0.01,87,101,4.2
1461.5,0.01,88,101,4.800000000000001
1462.0,0.01,88,101,4.800000000000001
1462.5,0.008,88,101,4.2
1463.0,0.011,89,101,4.2
1463.5,0.01,89,101,4.2
1464.0,0.008,89,101,4.2
1464.5,0.008,89,101,3.6
1465.0,0.008,90,101,3.6
1465.5,0.008,90,101,3.0
1466.0,0.011,90,102,3.6
1466.5,0.008,91,102,3.6
1467.0,0.008,91,102,3.6
1467.5,0.008,91,101,3.0
1468.0,0.008,92,101,2.4000000000000004
1468.5,0.006,92,102,1.8
1469.0,0.011,92,102,1.8
1469.5,0.008,92,102,1.8
1470.0,0.008,93,101,1.8
1470.5,0.006,93,100,1.2000000000000002
1471.0,0.01,93,100,1.8
1471.5,0.008,94,99,1.8
1472.0,0.01,94,99,1.2000000000000002
1472.5,0.008,94,98,1.8
1473.0,0.006,95,99,1.2000000000000002
1473.5,0.008,95,98,0.0
1474.0,0.01,95,98,0.0
1474.5,0.008,96,98,0.0
1475.0,0.008,96,99,0.0
1475.5,0.008,96,99,0.0
1476.0,0.006,96,98,0.0
1476.5,0.008,97,99,0.0
1477.0,0.01,97,99,0.0
1477.5,0.008,97,99,0.0
1478.0,0.008,98,99,0.0
1478.5,0.006,98,99,0.0
1479.0,0.008,98,100,0.0
1479.5,0.01,98,100,0.0
1480.0,0.011,99,101,0.6000000000000001
1480.5,0.008,99,101,0.6000000000000001
1481.0,0.008,99,101,0.0
1481.5,0.008,100,101,0.0
1482.0,0.006,100,101,0.0
1482.5,0.008,100,100,0.0
1483.0,0.008,101,100,0.0
1483.5,0.006,101,100,1.2000000000000002
1484.0,0.006,101,99,3.0
1484.5,0.008,102,100,4.2
1485.0,0.006,102,101,4.800000000000001
1485.5,0.006,102,101,4.2
1486.0,0.006,102,100,4.2
1486.5,0.005,103,100,3.6
1487.0,0.006,103,100,3.6
1487.5,0.008,103,100,3.6
1488.0,0.006,104,99,3.6
1488.5,0.008,104,99,4.2
1489.0,0.008,104,100,4.2
1489.5,0.008,105,100,4.2
1490.0,0.006,105,100,4.2
1490.5,0.008,105,100,4.800000000000001
1491.0,0.006,105,101,4.800000000000001
1491.5,0.006,106,101,4.2
1492.0,0.006,106,101,4.2
1492.5,0.008,106,101,3.6
1493.0,0.008,107,100,3.6
1493.5,0.006,107,101,4.2
1494.0,0.006,107,101,4.2
1494.5,0.01,108,100,4.2
1495.0,0.008,108,100,4.2
1495.5,0.008,108,101,4.2
1496.0,0.006,108,101,4.2
1496.5,0.008,109,101,4.2
1497.0,0.006,109,101,3.6
1497.5,0.008,109,101,3.6
1498.0,0.006,110,101,3.0
1498.5,0.006,110,102,3.6
1499.0,0.008,110,101,3.6
1499.5,0.006,111,101,4.2
1500.0,0.006,111,101,3.0
1500.5,0.008,111,101,2.4000000000000004
1501.0,0.008,112,101,1.8
1501.5,0.006,112,102,1.8
1502.0,0.006,112,101,1.8
1502.5,0.006,112,101,1.2000000000000002
1503.0,0.005,113,100,1.2000000000000002
1503.5,0.006,113,100,1.2000000000000002
1504.0,0.006,113,99,1.2000000000000002
1504.5,0.005,114,99,1.2000000000000002
1505.0,0.006,114,98,1.2000000000000002
1505.5,0.008,114,99,0.6000000000000001
1506.0,0.005,115,98,0.0
1506.5,0.008,115,98,0.0
1507.0,0.008,115,98,0.0
1507.5,0.006,115,98,0.0
1508.0,0.006,116,99,0.0
1508.5,0.006,116,98,0.0
1509.0,0.006,116,98,0.0
1509.5,0.006,117,98,0.0
1510.0,0.008,117,98,0.0
1510.5,0.008,117,99,0.0
1511.0,0.008,117,99,0.0
1511.5,0.006,118,99,0.0
1512.0,0.006,118,101,0.6000000000000001
1512.5,0.008,118,101,0.6000000000000001
1513.0,0.008,119,101,0.6000000000000001
1513.5,0.008,119,101,0.0
1514.0,0.008,119,101,0.0
1514.5,0.008,120,100,1.8
1515.0,0.008,121,99,3.0
1515.5,0.008,121,100,4.2
1516.0,0.006,122,101,4.2
1516.5,0.006,122,101,4.2
1517.0,0.01,122,101,3.6
1517.5,0.008,122,100,3.6
1518.0,0.006,123,100,3.0
1518.5,0.006,123,100,3.6
1519.0,0.006,123,99,3.6
1519.5,0.006,124,99,3.6
1520.0,0.008,124,100,4.2
1520.5,0.008,124,100,4.2
1521.0,0.006,124,100,4.800000000000001
1521.5,0.008,125,100,4.800000000000001
1522.0,0.006,125,101,4.800000000000001
1522.5,0.006,125,101,4.800000000000001
1523.0,0.008,126,101,4.2
1523.5,0.008,126,101,4.2
1524.0,0.008,126,100,3.6
1524.5,0.006,127,101,4.2
1525.0,0.006,127,101,4.2
1525.5,0.008,127,101,4.2
1526.0,0.008,127,101,4.2
1526.5,0.008,128,101,4.2
1527.0,0.008,128,101,3.6
1527.5,0.006,128,101,3.6
1528.0,0.006,129,101,3.6
1528.5,0.008,129,101,3.0
1529.0,0.01,129,101,3.0
1529.5,0.01,130,102,3.0
1530.0,0.008,130,101,3.6
1530.5,0.006,130,101,3.6
1531.0,0.006,131,101,3.0
1531.5,0.006,131,101,2.4000000000000004
1532.0,0.008,131,101,1.8
1532.5,0.008,131,102,1.8
1533.0,0.008,132,101,1.2000000000000002
1533.5,0.006,132,101,1.2000000000000002
1534.0,0.006,132,100,1.2000000000000002
1534.5,0.006,133,100,1.2000000000000002
1535.0,0.008,133,99,1.2000000000000002
1535.5,0.006,133,99,1.2000000000000002
1536.0,0.006,134,98,1.2000000000000002
1536.5,0.006,134,99,1.2000000000000002
1537.0,0.006,134,98,0.0
1537.5,0.006,134,99,0.0
1538.0,0.01,135,99,0.0
1538.5,0.008,135,99,0.0
1539.0,0.01,135,99,0.0
1539.5,0.006,136,99,0.0
1540.0,0.008,136,99,0.0
1540.5,0.006,136,99,0.0
1541.0,0.011,137,99,0.0
1541.5,0.008,137,100,0.0
1542.0,0.008,137,99,0.0
1542.5,0.01,137,100,0.0
1543.0,0.01,138,101,0.6000000000000001
1543.5,0.008,138,101,0.6000000000000001
1544.0,0.01,138,101,0.6000000000000001
1544.5,0.008,139,102,0.6000000000000001
1545.0,0.01,139,101,0.6000000000000001
1545.5,0.01,139,101,0.6000000000000001
1546.0,0.008,140,101,0.0
1546.5,0.006,140,100,0.0
1547.0,0.008,140,100,1.8
1547.5,0.006,141,100,3.0
1548.0,0.011,141,100,3.6
1548.5,0.008,141,101,4.2
1549.0,0.006,141,101,3.6
1549.5,0.006,142,101,3.6
1550.0,0.006,142,100,3.0
1550.5,0.006,142,100,3.0
1551.0,0.01,143,100,3.0
1551.5,0.008,143,99,3.0
1552.0,0.006,143,99,3.6
1552.5,0.008,144,100,4.2
1553.0,0.008,144,100,3.6
1553.5,0.006,144,100,4.2
1554.0,0.01,144,100,4.800000000000001
1554.5,0.008,145,100,4.800000000000001
1555.0,0.006,145,101,4.2
1555.5,0.008,145,100,3.6
1556.0,0.006,146,100,3.6
1556.5,0.006,146,100,3.6
1557.0,0.01,146,100,3.6
1557.5,0.008,146,100,4.2
1558.0,0.006,147,100,3.6
1558.5,0.008,147,100,3.6
1559.0,0.006,147,100,3.6
1559.5,0.01,148,100,3.6
1560.0,0.01,148,100,3.6
1560.5,0.008,148,100,3.0
1561.0,0.006,149,101,3.0
1561.5,0.008,149,100,3.0
1562.0,0.008,150,100,3.0
1562.5,0.006,151,101,1.8
1563.0,0.01,151,101,1.8
1563.5,0.006,151,101,1.2000000000000002
1564.0,0.006,151,101,1.2000000000000002
1564.5,0.005,152,101,1.2000000000000002
1565.0,0.006,152,100,1.2000000000000002
1565.5,0.006,152,99,1.2000000000000002
1566.0,0.006,153,99,1.2000000000000002
1566.5,0.006,153,98,1.2000000000000002
1567.0,0.006,153,98,1.2000000000000002
1567.5,0.005,153,98,0.6000000000000001
1568.0,0.008,154,98,0.0
1568.5,0.008,154,98,0.0
1569.0,0.006,154,98,0.0
1569.5,0.006,155,99,0.0
1570.0,0.008,155,99,0.0
1570.5,0.006,155,98,0.0
1571.0,0.01,156,99,0.0
1571.5,0.006,156,98,0.0
1572.0,0.008,156,99,0.0
1572.5,0.006,156,99,0.0
1573.0,0.008,157,99,0.0
1573.5,0.006,157,99,0.0
1574.0,0.01,157,101,0.6000000000000001
1574.5,0.006,158,101,0.6000000000000001
1575.0,0.006,158,101,0.6000000000000001
1575.5,0.008,158,101,0.6000000000000001
1576.0,0.01,159,101,0.0
1576.5,0.006,159,100,0.0
1577.0,0.008,159,100,0.0
1577.5,0.006,159,100,0.0
1578.0,0.006,160,99,1.8
1578.5,0.006,160,99,3.0
1579.0,0.008,160,100,4.2
1579.5,0.008,161,100,4.2
1580.0,0.008,161,100,3.6
1580.5,0.006,161,100,3.6
1581.0,0.006,162,100,3.6
1581.5,0.006,162,99,3.0
1582.0,0.008,162,99,3.0
1582.5,0.006,162,99,3.6
1583.0,0.008,163,99,3.6
1583.5,0.006,163,99,4.2
1584.0,0.008,163,100,4.2
1584.5,0.008,164,100,4.800000000000001
1585.0,0.008,164,100,4.800000000000001
1585.5,0.008,164,100,4.800000000000001
1586.0,0.008,165,101,4.2
1586.5,0.006,165,100,3.6
1587.0,0.008,165,100,3.6
1587.5,0.006,165,100,3.6
1588.0,0.008,166,100,3.6
1588.5,0.006,166,100,4.2
1589.0,0.01,166,100,4.2
1589.5,0.006,167,100,3.6
1590.0,0.008,167,100,4.2
1590.5,0.006,167,100,4.2
1591.0,0.008,168,101,3.6
1591.5,0.006,168,101,3.6
1592.0,0.008,168,100,3.0
1592.5,0.01,169,101,3.0
1593.0,0.008,169,101,3.0
1593.5,0.008,169,101,3.6
1594.0,0.008,169,101,3.6
1594.5,0.008,170,100,3.0
1595.0,0.008,170,100,2.4000000000000004
1595.5,0.008,170,101,1.8
1596.0,0.008,171,101,1.8
1596.5,0.006,171,101,1.8
1597.0,0.008,171,100,1.2000000000000002
1597.5,0.008,172,100,1.2000000000000002
1598.0,0.006,172,99,1.2000000000000002
1598.5,0.008,172,99,1.2000000000000002
1599.0,0.008,172,98,1.2000000000000002
1599.5,0.008,173,98,1.2000000000000002
1600.0,0.006,173,98,1.2000000000000002
1600.5,0.008,173,98,0.0
1601.0,0.008,174,98,0.0
1601.5,0.008,174,98,0.0
1602.0,0.006,174,98,0.0
1602.5,0.008,175,98,0.0
1603.0,0.006,175,98,0.0
1603.5,0.006,175,98,0.0
1604.0,0.006,175,98,0.0
1604.5,0.008,176,98,0.0
1605.0,0.006,176,98,0.0
1605.5,0.008,176,98,0.0
1606.0,0.008,177,99,0.0
1606.5,0.008,177,99,0.6000000000000001
1607.0,0.008,177,100,0.0
1607.5,0.01,177,100,0.0
1608.0,0.008,178,100,0.0
1608.5,0.008,178,100,0.0
1609.0,0.008,178,99,0.0
1609.5,0.008,179,99,0.0
1610.0,0.008,179,99,0.0
1610.5,0.01,179,99,1.2000000000000002
1611.0,0.008,180,98,3.0
1611.5,0.01,180,99,3.6
1612.0,0.008,180,99,4.2
1612.5,0.008,180,99,4.2
1613.0,0.006,181,99,4.2
1613.5,0.008,181,99,3.6
1614.0,0.006,181,99,3.6
1614.5,0.008,182,99,3.6
1615.0,0.008,182,98,3.6
1615.5,0.008,182,98,3.6
1616.0,0.006,183,98,4.2
1616.5,0.008,183,99,4.2
1617.0,0.006,183,99,4.800000000000001
1617.5,0.008,183,99,4.800000000000001
1618.0,0.006,184,100,4.800000000000001
1618.5,0.008,184,100,4.800000000000001
1619.0,0.006,184,100,4.2
1619.5,0.008,185,100,4.2
1620.0,0.006,185,99,3.6
1620.5,0.01,185,99,3.6
1621.0,0.006,185,100,4.2
1621.5,0.008,186,99,4.2
1622.0,0.006,186,99,4.2
1622.5,0.006,186,99,4.2
1623.0,0.008,187,100,4.2
1623.5,0.01,187,100,3.6
1624.0,0.008,187,100,3.6
1624.5,0.008,188,100,3.6
1625.0,0.008,188,100,3.0
1625.5,0.008,188,100,3.0
1626.0,0.008,189,100,3.6
1626.5,0.01,189,100,3.6
1627.0,0.01,189,100,3.6
1627.5,0.006,190,100,2.4000000000000004
1628.0,0.01,190,100,2.4000000000000004
1628.5,0.008,190,100,1.8
1629.0,0.008,190,100,1.8
1629.5,0.008,191,100,1.2000000000000002
1630.0,0.006,191,99,1.2000000000000002
1630.5,0.006,191,99,1.2000000000000002
1631.0,0.008,192,98,1.8
1631.5,0.006,192,98,1.2000000000000002
1632.0,0.01,192,97,1.2000000000000002
1632.5,0.006,192,97,1.2000000000000002
1633.0,0.006,193,97,0.6000000000000001
1633.5,0.005,193,97,0.0
1634.0,0.008,193,97,0.0
1634.5,0.006,194,97,0.0
1635.0,0.006,194,98,0.0
1635.5,0.006,194,98,0.0
1636.0,0.008,195,97,0.0
1636.5,0.008,195,98,0.0
1637.0,0.008,195,97,0.0
1637.5,0.008,195,98,0.0
1638.0,0.01,196,99,0.0
1638.5,0.006,196,98,0.0
1639.0,0.01,196,99,0.0
1639.5,0.006,197,100,0.0
1640.0,0.01,197,100,0.6000000000000001
1640.5,0.008,197,100,0.0
1641.0,0.01,197,100,0.6000000000000001
1641.5,0.008,198,100,0.0
1642.0,0.01,198,100,0.0
1642.5,0.008,198,100,0.0
1643.0,0.01,199,100,0.0
1643.5,0.008,199,99,1.8
1644.0,0.008,199,99,3.6
1644.5,0.008,200,99,4.2
1645.0,0.01,200,100,4.2
1645.5,0.01,200,100,4.2
1646.0,0.01,200,100,3.6
1646.5,0.008,201,99,3.6
1647.0,0.008,201,99,3.6
1647.5,0.008,201,99,3.6
1648.0,0.008,202,99,3.6
1648.5,0.008,202,99,3.6
1649.0,0.011,202,99,4.2
1649.5,0.01,203,99,4.2
1650.0,0.006,203,99,4.800000000000001
1650.5,0.008,203,100,4.800000000000001
1651.0,0.008,203,100,4.800000000000001
1651.5,0.006,204,100,4.800000000000001
1652.0,0.011,204,100,4.2
1652.5,0.008,204,100,4.2
1653.0,0.008,205,100,4.2
1653.5,0.008,205,100,4.2
1654.0,0.008,205,100,4.2
1654.5,0.006,206,100,4.2
1655.0,0.011,206,99,4.2
1655.5,0.008,206,99,4.2
1656.0,0.006,206,100,4.2
1656.5,0.01,207,100,3.6
1657.0,0.008,207,100,3.6
1657.5,0.006,207,100,3.6
1658.0,0.01,208,100,3.0
1658.5,0.008,208,100,3.6
1659.0,0.008,208,100,3.6
1659.5,0.01,209,100,4.2
1660.0,0.01,209,100,3.0
1660.5,0.01,209,100,2.4000000000000004
1661.0,0.01,209,100,1.8
1661.5,0.008,210,101,1.8
1662.0,0.006,210,100,1.2000000000000002
1662.5,0.01,210,100,1.2000000000000002
1663.0,0.008,211,99,1.2000000000000002
1663.5,0.006,211,99,1.2000000000000002
1664.0,0.008,211,99,1.2000000000000002
1664.5,0.01,212,98,1.2000000000000002
1665.0,0.006,212,98,1.2000000000000002
1665.5,0.006,212,98,1.2000000000000002
1666.0,0.008,212,97,0.0
1666.5,0.008,213,98,0.0
1667.0,0.008,213,98,0.0
1667.5,0.008,213,98,0.0
1668.0,0.005,214,98,0.0
1668.5,0.008,214,98,0.0
1669.0,0.006,214,98,0.0
1669.5,0.008,215,98,0.0
1670.0,0.006,215,98,0.0
1670.5,0.011,215,99,0.0
1671.0,0.008,215,100,0.0
1671.5,0.01,216,99,0.0
1672.0,0.008,216,100,0.0
1672.5,0.008,216,101,0.6000000000000001
1673.0,0.008,217,101,0.6000000000000001
1673.5,0.01,217,101,0.6000000000000001
1674.0,0.006,217,101,0.0
1674.5,0.008,218,100,0.0
1675.0,0.008,218,100,0.0
1675.5,0.01,218,100,0.0
1676.0,0.008,219,100,1.2000000000000002
1676.5,0.01,219,99,3.0
1677.0,0.008,219,100,3.6
1677.5,0.008,219,100,4.2
1678.0,0.008,220,100,4.2
1678.5,0.006,220,100,3.6
1679.0,0.006,220,100,3.6
1679.5,0.008,221,100,3.0
1680.0,0.008,221,100,3.0
1680.5,0.011,221,99,3.6
1681.0,0.006,221,99,3.6
1681.5,0.008,222,99,4.2
1682.0,0.008,222,100,4.2
1682.5,0.01,222,100,4.2
1683.0,0.006,223,100,4.800000000000001
1683.5,0.01,223,100,4.800000000000001
1684.0,0.008,223,100,4.800000000000001
1684.5,0.008,224,101,4.2
1685.0,0.006,224,100,4.2
1685.5,0.01,224,100,3.6
1686.0,0.008,224,100,4.2
1686.5,0.008,225,100,4.2
1687.0,0.006,225,100,4.2
1687.5,0.006,225,100,4.2
1688.0,0.008,226,100,4.2
1688.5,0.011,226,100,3.6
1689.0,0.008,226,100,3.6
1689.5,0.008,227,101,3.6
1690.0,0.008,227,100,3.0
1690.5,0.008,227,101,3.0
1691.0,0.008,228,101,3.0
1691.5,0.011,228,101,3.0
1692.0,0.008,228,101,3.6
1692.5,0.008,228,101,3.0
1693.0,0.008,229,100,2.4000000000000004
1693.5,0.006,229,101,1.8
1694.0,0.008,229,101,1.8
1694.5,0.01,230,101,1.8
1695.0,0.008,230,101,1.2000000000000002
1695.5,0.008,230,100,1.2000000000000002
1696.0,0.008,231,99,1.2000000000000002
1696.5,0.006,231,99,1.2000000000000002
1697.0,0.006,231,99,1.8
1697.5,0.01,231,98,1.2000000000000002
1698.0,0.008,232,98,1.2000000000000002
1698.5,0.006,232,98,0.0
1699.0,0.006,232,98,0.0
1699.5,0.005,233,98,0.0
1700.0,0.008,233,98,0.0
1700.5,0.006,233,99,0.0
1701.0,0.006,234,99,0.0
1701.5,0.006,234,98,0.0
1702.0,0.008,234,98,0.0
1702.5,0.006,234,98,0.0
1703.0,0.006,235,99,0.0
1703.5,0.006,235,99,0.0
1704.0,0.008,235,99,0.0
1704.5,0.008,236,100,0.6000000000000001
1705.0,0.008,236,100,0.6000000000000001
1705.5,0.006,236,101,0.6000000000000001
1706.0,0.006,237,101,0.6000000000000001
1706.5,0.006,237,101,0.0
1707.0,0.008,237,100,0.0
1707.5,0.008,237,100,0.0
1708.0,0.008,238,100,0.0
1708.5,0.008,238,100,0.6000000000000001
1709.0,0.006,238,99,2.4000000000000004
1709.5,0.008,239,99,3.6
1710.0,0.008,239,100,4.2
1710.5,0.008,239,100,4.2
1711.0,0.01,240,100,4.2
1711.5,0.008,240,100,3.6
1712.0,0.006,240,99,3.6
1712.5,0.008,240,99,3.6
1713.0,0.006,241,99,3.6
1713.5,0.005,241,99,3.6
1714.0,0.01,241,99,4.2
1714.5,0.008,242,99,4.2
1715.0,0.006,242,100,4.800000000000001
1715.5,0.005,242,100,4.800000000000001
1716.0,0.006,243,100,4.800000000000001
1716.5,0.006,243,100,4.800000000000001
1717.0,0.01,243,100,4.2
1717.5,0.005,243,100,4.2
1718.0,0.006,244,100,3.6
1718.5,0.006,244,100,3.6
1719.0,0.006,244,100,4.2
1719.5,0.006,245,100,4.800000000000001
1720.0,0.01,245,100,3.6
1720.5,0.008,245,100,3.6
1721.0,0.006,246,100,4.2
1721.5,0.005,246,100,3.6
1722.0,0.006,246,100,3.6
1722.5,0.006,246,100,3.0
1723.0,0.01,247,100,3.0
1723.5,0.008,247,100,3.0
1724.0,0.006,247,100,3.6
1724.5,0.006,248,100,3.6
1725.0,0.008,248,100,3.6
1725.5,0.006,248,100,2.4000000000000004
1726.0,0.01,249,100,1.8
1726.5,0.008,249,100,1.8
1727.0,0.006,249,101,1.8
1727.5,0.006,249,100,1.8
1728.0,0.006,250,100,1.2000000000000002
1728.5,0.006,250,99,1.2000000000000002
1729.0,0.008,250,99,1.2000000000000002
1729.5,0.005,251,98,1.8
1730.0,0.006,251,97,1.2000000000000002
1730.5,0.005,251,97,1.2000000000000002
1731.0,0.006,252,97,0.6000000000000001
1731.5,0.006,252,97,0.0
1732.0,0.008,252,98,0.0
1732.5,0.005,252,98,0.0
1733.0,0.006,253,98,0.0
1733.5,0.008,253,98,0.0
1734.0,0.006,253,98,0.0
1734.5,0.008,254,98,0.0
1735.0,0.008,254,98,0.0
1735.5,0.005,254,99,0.0
1736.0,0.005,254,99,0.0
1736.5,0.008,255,98,0.0
1737.0,0.006,255,100,0.0
1737.5,0.008,255,100,0.6000000000000001
1738.0,0.006,256,100,0.6000000000000001
1738.5,0.008,256,101,0.6000000000000001
1739.0,0.006,256,100,0.0
1739.5,0.01,257,100,0.0
1740.0,0.005,257,100,0.0
1740.5,0.008,257,100,0.0
1741.0,0.008,258,100,0.0
1741.5,0.006,258,99,1.8
1742.0,0.006,258,99,3.6
1742.5,0.008,258,99,4.2
1743.0,0.005,259,100,4.2
1743.5,0.008,259,100,4.2
1744.0,0.006,259,100,3.6
1744.5,0.008,260,99,3.6
1745.0,0.005,261,98,3.6
1745.5,0.008,261,99,3.6
1746.0,0.005,261,99,4.2
1746.5,0.006,261,99,4.2
1747.0,0.005,262,99,4.800000000000001
1747.5,0.008,262,100,4.800000000000001
1748.0,0.005,262,100,4.800000000000001
1748.5,0.006,263,100,4.800000000000001
1749.0,0.005,263,100,4.2
1749.5,0.006,263,100,4.2
1750.0,0.006,263,100,4.2
1750.5,0.008,264,100,4.2
1751.0,0.006,264,100,4.800000000000001
1751.5,0.006,264,99,4.2
1752.0,0.006,265,99,4.2
1752.5,0.006,265,100,4.2
1753.0,0.006,265,100,4.2
1753.5,0.01,266,100,4.2
1754.0,0.005,266,100,3.6
1754.5,0.006,266,100,3.6
1755.0,0.006,267,100,3.6
1755.5,0.008,267,101,3.6
1756.0,0.006,267,101,3.6
1756.5,0.01,267,100,4.2
1757.0,0.006,268,100,3.0
1757.5,0.006,268,100,2.4000000000000004
1758.0,0.005,268,100,1.8
1758.5,0.01,269,101,1.8
1759.0,0.006,269,101,1.8
1759.5,0.008,269,100,1.8
1760.0,0.006,270,99,1.2000000000000002
1760.5,0.005,270,99,1.2000000000000002
1761.0,0.005,270,99,1.2000000000000002
1761.5,0.008,270,98,1.2000000000000002
1762.0,0.006,271,98,1.2000000000000002
1762.5,0.006,271,98,0.6000000000000001
1763.0,0.003,271,98,0.0
1763.5,0.005,272,98,0.0
1764.0,0.005,272,98,0.0
1764.5,0.006,272,98,0.0
1765.0,0.006,272,99,0.0
1765.5,0.005,273,98,0.0
1766.0,0.005,273,98,0.0
1766.5,0.005,273,98,0.0
1767.0,0.005,274,98,0.0
1767.5,0.005,274,99,0.0
1768.0,0.005,274,99,0.0
1768.5,0.006,275,99,0.0
1769.0,0.005,275,101,0.6000000000000001
1769.5,0.005,275,101,0.6000000000000001
1770.0,0.008,276,101,0.6000000000000001
1770.5,0.006,276,100,0.6000000000000001
1771.0,0.005,277,100,0.0
1771.5,0.005,277,100,0.0
1772.0,0.006,277,100,1.2000000000000002
1772.5,0.005,278,99,3.0
1773.0,0.006,278,100,4.2
1773.5,0.008,278,100,4.2
1774.0,0.006,278,100,4.2
1774.5,0.006,279,100,3.6
1775.0,0.006,279,100,3.6
1775.5,0.005,279,99,3.6
1776.0,0.005,280,99,3.6
1776.5,0.005,280,99,3.6
1777.0,0.005,280,99,3.6
1777.5,0.005,281,99,4.2
1778.0,0.008,281,99,4.2
1778.5,0.005,281,99,4.800000000000001
1779.0,0.006,282,100,4.800000000000001
1779.5,0.005,282,100,4.800000000000001
1780.0,0.005,282,100,4.800000000000001
1780.5,0.003,282,100,4.2
1781.0,0.006,283,100,4.2
1781.5,0.003,283,100,4.2
1782.0,0.006,283,99,4.2
1782.5,0.005,284,99,4.800000000000001
1783.0,0.005,284,100,4.800000000000001
1783.5,0.005,284,99,4.2
1784.0,0.008,285,99,4.2
1784.5,0.003,285,99,4.2
1785.0,0.005,285,99,4.2
1785.5,0.005,285,100,3.6
1786.0,0.006,286,100,3.6
1786.5,0.006,286,100,3.0
1787.0,0.01,286,100,3.0
1787.5,0.003,287,100,3.6
1788.0,0.005,287,100,4.2
1788.5,0.005,287,100,3.6
1789.0,0.005,287,99,2.4000000000000004
1789.5,0.005,288,100,1.8
1790.0,0.01,288,100,1.8
1790.5,0.005,288,100,1.8
1791.0,0.006,289,100,1.2000000000000002
1791.5,0.005,289,99,1.2000000000000002
1792.0,0.006,289,99,1.2000000000000002
1792.5,0.005,290,98,1.2000000000000002
1793.0,0.008,290,98,1.8
1793.5,0.005,290,97,1.8
1794.0,0.005,291,97,1.2000000000000002
1794.5,0.003,291,97,0.6000000000000001
1795.0,0.006,291,97,0.0
1795.5,0.006,291,97,0.0
1796.0,0.005,292,97,0.0
1796.5,0.006,292,98,0.0
1797.0,0.003,292,98,0.0
1797.5,0.005,293,97,0.0
1798.0,0.005,293,98,0.0
1798.5,0.005,293,98,0.0
1799.0,0.005,293,98,0.0
1799.5,0.006,294,99,0.0
1800.0,0.003,294,98,0.0
1800.5,0.006,294,99,0.0
1801.0,0.005,295,100,0.6000000000000001
1801.5,0.006,295,100,0.6000000000000001
1802.0,0.003,295,100,0.6000000000000001
1802.5,0.006,296,100,0.6000000000000001
1803.0,0.005,296,100,0.6000000000000001
1803.5,0.006,296,100,0.6000000000000001
1804.0,0.005,296,100,0.0
1804.5,0.005,297,99,0.6000000000000001
1805.0,0.005,297,99,2.4000000000000004
1805.5,0.006,297,99,4.2
1806.0,0.005,298,99,4.800000000000001
1806.5,0.006,298,100,4.800000000000001
1807.0,0.005,298,100,4.2
1807.5,0.005,299,100,4.2
1808.0,0.005,299,99,3.6
1808.5,0.008,299,99,3.6
1809.0,0.005,299,99,3.6
1809.5,0.006,300,99,3.6
1810.0,0.006,300,99,4.2
1810.5,0.006,300,99,4.800000000000001
1811.0,0.006,301,100,4.2
1811.5,0.008,301,100,4.800000000000001
1812.0,0.005,301,100,4.800000000000001
1812.5,0.008,302,100,4.800000000000001
1813.0,0.005,302,100,4.800000000000001
1813.5,0.005,302,100,4.2
1814.0,0.005,302,100,4.2
1814.5,0.006,303,100,4.2
1815.0,0.005,303,100,4.2
1815.5,0.006,303,100,4.800000000000001
1816.0,0.006,304,100,4.2
1816.5,0.005,304,100,4.2
1817.0,0.003,304,100,4.2
1817.5,0.01,305,100,4.2
1818.0,0.003,305,100,3.6
1818.5,0.006,305,100,3.6
1819.0,0.005,305,100,3.6
1819.5,0.005,306,100,3.0
1820.0,0.005,306,100,3.6
1820.5,0.01,306,100,3.6
1821.0,0.006,307,100,4.2
1821.5,0.006,307,100,3.0
1822.0,0.006,307,100,2.4000000000000004
1822.5,0.006,308,100,1.8
1823.0,0.006,308,101,1.8
1823.5,0.01,308,101,1.2000000000000002
1824.0,0.006,308,100,1.2000000000000002
1824.5,0.006,309,99,1.2000000000000002
1825.0,0.005,309,99,1.2000000000000002
1825.5,0.003,309,98,1.2000000000000002
1826.0,0.005,310,98,1.8
1826.5,0.006,310,97,1.8
1827.0,0.005,310,97,0.6000000000000001
1827.5,0.005,311,97,0.0
1828.0,0.005,311,97,0.0
1828.5,0.005,311,97,0.0
1829.0,0.003,311,98,0.0
1829.5,0.005,312,98,0.0
1830.0,0.005,312,98,0.0
1830.5,0.005,312,98,0.0
1831.0,0.006,313,98,0.0
1831.5,0.005,313,98,0.0
1832.0,0.006,313,98,0.0
1832.5,0.005,313,98,0.0
1833.0,0.006,314,99,0.0
1833.5,0.003,314,100,0.0
1834.0,0.006,314,100,0.6000000000000001
1834.5,0.006,315,100,0.6000000000000001
1835.0,0.006,315,100,0.0
1835.5,0.005,315,100,0.0
1836.0,0.006,316,100,0.0
1836.5,0.005,316,99,0.0
1837.0,0.008,316,99,0.0
1837.5,0.005,316,99,1.2000000000000002
1838.0,0.006,317,98,3.0
1838.5,0.006,317,98,4.2
1839.0,0.008,317,99,4.800000000000001
1839.5,0.006,318,99,4.800000000000001
1840.0,0.008,318,99,4.2
1840.5,0.005,318,99,3.6
1841.0,0.008,319,98,3.6
1841.5,0.006,319,98,3.6
1842.0,0.008,319,98,3.6
1842.5,0.006,319,98,4.2
1843.0,0.01,320,98,4.800000000000001
1843.5,0.006,320,99,4.2
1844.0,0.006,321,100,5.4
1844.5,0.01,322,100,4.800000000000001
1845.0,0.006,322,99,4.2
1845.5,0.006,322,99,4.800000000000001
1846.0,0.005,322,99,4.800000000000001
1846.5,0.006,323,100,4.800000000000001
1847.0,0.005,323,100,4.800000000000001
1847.5,0.011,323,99,4.2
1848.0,0.006,324,99,4.2
1848.5,0.006,324,100,4.2
1849.0,0.006,324,100,4.2
1849.5,0.006,325,100,4.2
1850.0,0.006,325,101,3.6
1850.5,0.011,325,100,3.6
1851.0,0.006,326,100,3.6
1851.5,0.006,326,100,3.6
1852.0,0.01,326,100,4.2
1852.5,0.006,326,100,4.2
1853.0,0.008,327,100,3.0
1853.5,0.011,327,100,2.4000000000000004
1854.0,0.008,327,100,1.8
1854.5,0.006,328,101,1.8
1855.0,0.008,328,100,1.2000000000000002
1855.5,0.006,328,100,1.2000000000000002
1856.0,0.008,328,99,1.2000000000000002
1856.5,0.01,329,98,1.2000000000000002
1857.0,0.008,329,98,1.2000000000000002
1857.5,0.005,329,97,1.8
1858.0,0.008,330,97,1.2000000000000002
1858.5,0.008,330,97,0.6000000000000001
1859.0,0.008,330,97,0.0
1859.5,0.008,331,97,0.0
1860.0,0.01,331,98,0.0
1860.5,0.006,331,98,0.0
1861.0,0.008,331,98,0.0
1861.5,0.006,332,98,0.0
1862.0,0.008,332,98,0.0
1862.5,0.006,332,98,0.0
1863.0,0.01,333,99,0.0
1863.5,0.006,333,99,0.0
1864.0,0.008,333,99,0.0
1864.5,0.006,334,100,0.0
1865.0,0.008,334,101,0.0
1865.5,0.006,334,101,0.0
1866.0,0.01,334,101,0.6000000000000001
1866.5,0.006,335,101,0.0
1867.0,0.008,335,101,0.0
1867.5,0.006,335,100,0.0
1868.0,0.01,336,100,0.0
1868.5,0.006,336,100,0.6000000000000001
1869.0,0.008,336,99,2.4000000000000004
1869.5,0.008,337,100,3.6
1870.0,0.01,337,100,4.2
1870.5,0.008,337,101,4.2
1871.0,0.01,337,100,4.2
1871.5,0.008,338,100,3.6
1872.0,0.01,338,100,3.6
1872.5,0.006,338,99,3.6
1873.0,0.011,339,99,3.6
1873.5,0.008,339,99,3.6
1874.0,0.01,339,99,4.2
1874.5,0.008,340,100,4.2
1875.0,0.008,340,100,4.800000000000001
1875.5,0.006,340,100,4.800000000000001
1876.0,0.01,341,101,5.4
1876.5,0.006,341,101,4.800000000000001
1877.0,0.008,341,101,4.800000000000001
1877.5,0.006,341,101,4.2
1878.0,0.006,342,100,4.2
1878.5,0.006,342,100,4.2
1879.0,0.008,342,100,4.2
1879.5,0.006,343,100,4.800000000000001
1880.0,0.006,343,100,4.2
1880.5,0.006,343,100,4.2
1881.0,0.006,344,100,4.2
1881.5,0.008,344,101,4.2
1882.0,0.008,344,101,3.6
1882.5,0.006,344,101,3.6
1883.0,0.008,345,101,3.0
1883.5,0.006,345,101,3.0
1884.0,0.008,345,101,3.6
1884.5,0.008,346,101,3.6
1885.0,0.008,346,101,3.6
1885.5,0.008,346,100,3.0
1886.0,0.006,347,101,1.8
1886.5,0.006,347,101,1.8
1887.0,0.01,347,101,1.8
1887.5,0.008,347,101,1.2000000000000002
1888.0,0.008,348,100,1.2000000000000002
1888.5,0.008,348,100,1.2000000000000002
1889.0,0.006,348,99,1.2000000000000002
1889.5,0.006,349,99,1.2000000000000002
1890.0,0.01,349,98,1.2000000000000002
1890.5,0.008,349,98,1.2000000000000002
1891.0,0.008,350,98,0.6000000000000001
1891.5,0.006,350,98,0.0
1892.0,0.006,350,98,0.0
1892.5,0.008,350,98,0.0
1893.0,0.01,351,99,0.0
1893.5,0.008,351,99,0.0
1894.0,0.006,351,98,0.0
1894.5,0.006,352,99,0.0
1895.0,0.006,352,99,0.0
1895.5,0.008,352,99,0.0
1896.0,0.008,353,100,0.0
1896.5,0.006,353,100,0.0
1897.0,0.006,353,100,0.0
1897.5,0.008,353,101,0.6000000000000001
1898.0,0.006,354,101,0.6000000000000001
1898.5,0.008,354,101,0.6000000000000001
1899.0,0.008,354,101,0.6000000000000001
1899.5,0.008,355,101,0.6000000000000001
1900.0,0.008,355,100,0.0
1900.5,0.008,355,100,0.0
1901.0,0.006,355,100,0.6000000000000001
1901.5,0.01,356,99,2.4000000000000004
1902.0,0.008,356,100,3.6
1902.5,0.008,356,100,4.2
1903.0,0.011,357,101,4.2
1903.5,0.006,357,100,4.2
1904.0,0.006,357,100,3.6
1904.5,0.008,358,100,3.6
1905.0,0.008,358,99,3.6
1905.5,0.01,358,99,3.6
1906.0,0.01,359,99,3.6
1906.5,0.01,359,99,4.2
1907.0,0.008,359,100,4.2
1907.5,0.01,360,100,4.2
1908.0,0.008,360,100,4.800000000000001
1908.5,0.01,360,101,4.800000000000001
1909.0,0.008,360,101,4.800000000000001
1909.5,0.008,361,101,4.2
1910.0,0.008,361,101,4.2
1910.5,0.01,361,101,3.6
1911.0,0.006,362,100,4.2
1911.5,0.008,362,100,4.2
1912.0,0.008,362,100,4.800000000000001
1912.5,0.008,362,100,4.2
1913.0,0.008,363,100,4.2
1913.5,0.01,363,100,4.800000000000001
1914.0,0.008,363,100,4.2
1914.5,0.006,364,101,3.6
1915.0,0.008,364,101,3.6
1915.5,0.008,364,101,3.0
1916.0,0.01,365,101,3.0
1916.5,0.011,365,101,3.6
1917.0,0.008,365,101,3.6
1917.5,0.006,365,101,3.6
1918.0,0.01,366,100,2.4000000000000004
1918.5,0.01,366,101,1.8
1919.0,0.008,366,101,1.8
1919.5,0.011,367,101,1.8
1920.0,0.008,367,101,1.8
1920.5,0.008,367,100,1.8
1921.0,0.01,368,100,1.2000000000000002
1921.5,0.01,368,99,1.2000000000000002
1922.0,0.008,368,99,1.2000000000000002
1922.5,0.011,369,98,1.8
1923.0,0.01,369,98,1.8
1923.5,0.008,369,98,0.6000000000000001
1924.0,0.01,369,98,0.0
1924.5,0.01,370,98,0.0
1925.0,0.006,370,98,0.0
1925.5,0.011,370,98,0.0
1926.0,0.01,371,98,0.0
1926.5,0.008,371,98,0.0
1927.0,0.01,371,98,0.0
1927.5,0.011,371,98,0.0
1928.0,0.008,372,99,0.0
1928.5,0.011,372,99,0.0
1929.0,0.011,372,99,0.0
1929.5,0.008,373,100,0.0
1930.0,0.008,373,100,0.6000000000000001
1930.5,0.01,373,101,0.6000000000000001
1931.0,0.008,374,101,0.6000000000000001
1931.5,0.01,374,101,0.0
1932.0,0.008,374,100,0.0
1932.5,0.01,375,101,0.0
1933.0,0.008,375,100,0.0
1933.5,0.01,375,100,0.6000000000000001
1934.0,0.008,375,100,1.8
1934.5,0.011,376,99,3.6
1935.0,0.01,376,100,4.2
1935.5,0.01,376,101,4.2
1936.0,0.008,377,100,4.2
1936.5,0.01,377,100,4.2
1937.0,0.008,377,100,3.6
1937.5,0.011,378,99,3.6
1938.0,0.011,378,99,3.6
1938.5,0.01,378,99,3.6
1939.0,0.008,378,99,3.6
1939.5,0.008,379,100,4.2
1940.0,0.008,379,100,4.2
1940.5,0.01,379,100,4.800000000000001
1941.0,0.008,380,100,4.800000000000001
1941.5,0.006,380,100,4.800000000000001
1942.0,0.01,380,101,4.2
1942.5,0.008,381,100,4.2
1943.0,0.006,381,100,4.2
1943.5,0.01,381,100,4.2
1944.0,0.008,381,100,4.2
1944.5,0.006,382,100,4.800000000000001
1945.0,0.01,382,100,4.2
1945.5,0.008,382,100,4.2
1946.0,0.006,383,100,4.2
1946.5,0.01,383,100,3.6
1947.0,0.008,383,100,3.6
1947.5,0.008,384,101,3.0
1948.0,0.008,384,100,3.0
1948.5,0.006,384,101,3.0
1949.0,0.008,384,101,3.0
1949.5,0.01,385,101,3.6
1950.0,0.01,385,100,3.6
1950.5,0.006,385,101,3.0
1951.0,0.01,386,101,1.8
1951.5,0.008,386,101,1.8
1952.0,0.008,386,101,1.8
1952.5,0.01,387,101,1.2000000000000002
1953.0,0.008,387,100,1.2000000000000002
1953.5,0.006,387,99,1.2000000000000002
1954.0,0.008,388,99,1.2000000000000002
1954.5,0.008,388,98,1.2000000000000002
1955.0,0.01,388,98,1.2000000000000002
1955.5,0.008,388,98,1.2000000000000002
1956.0,0.01,389,98,0.6000000000000001
1956.5,0.006,389,97,0.0
1957.0,0.01,389,97,0.0
1957.5,0.008,390,98,0.0
1958.0,0.008,390,98,0.0
1958.5,0.008,390,98,0.0
1959.0,0.01,390,98,0.0
1959.5,0.006,391,98,0.0
1960.0,0.01,391,98,0.0
1960.5,0.008,391,98,0.0
1961.0,0.008,392,99,0.0
1961.5,0.006,392,99,0.0
1962.0,0.01,392,99,0.6000000000000001
1962.5,0.008,393,100,0.6000000000000001
1963.0,0.01,393,101,0.6000000000000001
1963.5,0.01,393,101,0.0
1964.0,0.008,393,101,0.0
1964.5,0.006,394,100,0.0
1965.0,0.008,394,100,0.0
1965.5,0.006,394,100,0.0
1966.0,0.008,395,100,0.0
1966.5,0.008,395,99,1.8
1967.0,0.008,395,99,3.0
1967.5,0.01,396,100,4.2
1968.0,0.01,396,100,4.2
1968.5,0.008,396,100,4.2
1969.0,0.01,396,100,3.6
1969.5,0.008,397,100,3.6
1970.0,0.008,397,99,3.6
1970.5,0.008,397,99,3.6
1971.0,0.01,398,99,3.6
1971.5,0.008,398,99,3.6
1972.0,0.01,398,99,4.2
1972.5,0.011,399,100,4.2
1973.0,0.008,399,100,4.800000000000001
1973.5,0.008,399,100,4.800000000000001
1974.0,0.008,399,100,4.800000000000001
1974.5,0.008,400,101,4.800000000000001
1975.0,0.011,400,100,4.2
1975.5,0.011,400,100,3.6
1976.0,0.008,401,100,3.6
1976.5,0.008,401,100,4.2
1977.0,0.01,401,100,4.800000000000001
1977.5,0.008,402,100,4.2
1978.0,0.008,402,100,4.2
1978.5,0.008,402,100,4.2
1979.0,0.008,403,100,4.2
1979.5,0.008,403,100,3.6
1980.0,0.008,403,101,3.6
1980.5,0.008,403,100,3.0
1981.0,0.01,404,100,3.0
1981.5,0.01,404,101,3.0
1982.0,0.006,404,101,3.6
1982.5,0.01,405,100,3.6
1983.0,0.01,405,100,3.0
1983.5,0.008,405,100,2.4000000000000004
1984.0,0.008,405,100,1.8
1984.5,0.008,406,101,1.8
1985.0,0.006,406,100,1.2000000000000002
1985.5,0.01,406,100,1.2000000000000002
1986.0,0.008,407,99,1.2000000000000002
1986.5,0.01,407,99,1.2000000000000002
1987.0,0.008,407,98,1.2000000000000002
1987.5,0.01,408,98,1.8
1988.0,0.008,408,97,1.8
1988.5,0.01,408,98,1.2000000000000002
1989.0,0.008,409,97,0.0
1989.5,0.01,409,97,0.0
1990.0,0.01,409,97,0.0
1990.5,0.013,409,98,0.0
1991.0,0.01,410,98,0.0
1991.5,0.008,410,98,0.0
1992.0,0.01,410,98,0.0
1992.5,0.011,411,98,0.0
1993.0,0.01,411,98,0.0
1993.5,0.011,411,98,0.0
1994.0,0.011,411,99,0.0
1994.5,0.01,412,99,0.0
1995.0,0.008,412,100,0.6000000000000001
1995.5,0.01,412,100,0.6000000000000001
1996.0,0.008,413,100,0.6000000000000001
1996.5,0.01,413,100,0.6000000000000001
1997.0,0.01,413,100,0.0
1997.5,0.01,414,100,0.0
1998.0,0.01,414,100,0.0
1998.5,0.01,414,99,0.0
1999.0,0.01,414,99,1.2000000000000002
1999.5,0.01,415,99,3.0
2000.0,0.01,415,99,4.2
2000.5,0.01,415,100,4.2
2001.0,0.01,416,100,4.2
2001.5,0.01,416,100,4.2
2002.0,0.01,416,100,3.6
2002.5,0.011,417,99,3.6
2003.0,0.011,417,99,3.6
2003.5,0.011,417,99,3.6
2004.0,0.01,417,99,3.6
2004.5,0.011,418,99,4.2
2005.0,0.01,418,100,4.2
2005.5,0.01,418,100,4.2
2006.0,0.011,419,100,4.800000000000001
2006.5,0.013,419,100,4.800000000000001
2007.0,0.011,419,101,4.800000000000001
2007.5,0.011,420,101,4.2
2008.0,0.01,420,100,4.2
2008.5,0.01,420,100,3.6
2009.0,0.011,420,100,4.2
2009.5,0.013,421,100,4.2
2010.0,0.011,421,100,4.2
2010.5,0.01,421,100,4.2
2011.0,0.01,422,100,4.2
2011.5,0.01,422,101,4.2
2012.0,0.01,422,101,3.6
2012.5,0.01,423,101,3.6
2013.0,0.01,423,101,3.0
2013.5,0.008,423,101,3.0
2014.0,0.01,423,101,3.0
2014.5,0.011,424,101,3.0
2015.0,0.01,424,101,3.6
2015.5,0.011,424,101,3.0
2016.0,0.01,425,100,2.4000000000000004
2016.5,0.01,425,101,1.8
2017.0,0.01,425,101,1.8
2017.5,0.01,426,101,1.8
2018.0,0.01,426,100,1.2000000000000002
2018.5,0.011,426,100,1.2000000000000002
2019.0,0.01,427,99,1.2000000000000002
2019.5,0.008,427,99,1.2000000000000002
2020.0,0.01,427,98,1.2000000000000002
2020.5,0.01,427,97,1.2000000000000002
2021.0,0.01,428,98,1.2000000000000002
2021.5,0.008,428,97,0.6000000000000001
2022.0,0.011,428,97,0.0
2022.5,0.01,429,97,0.0
2023.0,0.01,429,98,0.0
2023.5,0.011,429,98,0.0
2024.0,0.01,429,98,0.0
2024.5,0.008,430,98,0.0
2025.0,0.01,430,98,0.0
2025.5,0.01,430,98,0.0
2026.0,0.008,431,98,0.0
2026.5,0.01,431,99,0.0
2027.0,0.01,431,98,0.0
2027.5,0.008,432,99,0.0
2028.0,0.01,432,100,0.6000000000000001
2028.5,0.008,432,100,0.6000000000000001
2029.0,0.008,433,101,0.6000000000000001
2029.5,0.006,433,100,0.6000000000000001
2030.0,0.01,433,100,0.0
2030.5,0.008,433,100,0.0
2031.0,0.01,434,100,0.0
2031.5,0.008,434,100,0.6000000000000001
2032.0,0.008,434,99,2.4000000000000004
2032.5,0.008,435,99,3.6
2033.0,0.011,435,100,4.2
2033.5,0.008,435,100,4.2
2034.0,0.01,435,100,4.2
2034.5,0.008,436,100,3.6
2035.0,0.01,436,99,3.6
2035.5,0.008,436,99,3.6
2036.0,0.008,437,99,3.6
2036.5,0.006,437,98,3.6
2037.0,0.011,437,98,4.2
2037.5,0.01,438,99,4.2
2038.0,0.01,438,99,4.2
2038.5,0.01,438,99,4.800000000000001
2039.0,0.008,438,99,4.800000000000001
2039.5,0.008,439,100,4.800000000000001
2040.0,0.01,439,100,4.800000000000001
2040.5,0.008,439,99,4.2
2041.0,0.008,440,99,4.2
2041.5,0.008,440,99,4.2
2042.0,0.008,440,99,4.800000000000001
2042.5,0.008,441,100,4.800000000000001
2043.0,0.011,441,99,4.2
2043.5,0.008,441,100,4.2
2044.0,0.006,441,100,4.2
2044.5,0.008,442,100,4.2
2045.0,0.006,442,100,4.2
2045.5,0.006,442,100,3.6
2046.0,0.01,443,100,3.6
2046.5,0.008,443,100,3.6
2047.0,0.006,443,100,3.6
2047.5,0.006,444,100,3.6
2048.0,0.008,444,100,4.2
2048.5,0.008,444,100,3.0
2049.0,0.01,444,100,2.4000000000000004
2049.5,0.01,445,101,1.8
2050.0,0.006,445,101,1.8
2050.5,0.008,445,100,1.8
2051.0,0.008,446,100,1.8
2051.5,0.008,446,99,1.2000000000000002
2052.0,0.008,446,99,1.2000000000000002
2052.5,0.008,447,98,1.8
2053.0,0.006,447,98,1.8
2053.5,0.008,447,98,1.8
2054.0,0.008,448,98,0.6000000000000001
2054.5,0.008,448,98,0.0
2055.0,0.008,448,98,0.0
2055.5,0.008,448,98,0.0
2056.0,0.008,449,98,0.0
2056.5,0.011,449,98,0.0
2057.0,0.008,449,98,0.0
2057.5,0.008,450,98,0.0
2058.0,0.008,450,98,0.0
2058.5,0.008,450,98,0.0
2059.0,0.008,450,99,0.0
2059.5,0.01,451,99,0.0
2060.0,0.008,451,99,0.0
2060.5,0.01,451,100,0.6000000000000001
2061.0,0.01,452,100,0.6000000000000001
2061.5,0.006,452,101,0.0
2062.0,0.006,452,101,0.0
2062.5,0.01,452,100,0.0
2063.0,0.008,453,100,0.0
2063.5,0.006,453,100,0.0
2064.0,0.006,453,100,0.0
2064.5,0.006,454,99,1.8
2065.0,0.006,454,99,3.0
2065.5,0.008,454,99,4.2
2066.0,0.01,455,100,4.2
2066.5,0.006,455,100,4.2
2067.0,0.006,455,100,3.6
2067.5,0.008,456,100,3.6
2068.0,0.008,456,99,3.6
2068.5,0.008,456,99,3.6
2069.0,0.008,456,99,3.6
2069.5,0.008,457,99,3.6
2070.0,0.006,457,99,4.2
2070.5,0.008,457,100,4.2
2071.0,0.006,458,100,4.800000000000001
2071.5,0.01,458,100,4.800000000000001
2072.0,0.011,458,100,4.800000000000001
2072.5,0.008,459,100,4.800000000000001
2073.0,0.008,459,100,4.2
2073.5,0.008,459,100,4.2
2074.0,0.006,459,100,4.2
2074.5,0.01,460,100,4.2
2075.0,0.008,460,100,4.800000000000001
2075.5,0.008,460,100,4.2
2076.0,0.006,461,100,4.2
2076.5,0.008,461,100,4.2
2077.0,0.006,461,101,4.2
2077.5,0.01,462,101,3.6
2078.0,0.006,462,101,3.6
2078.5,0.006,462,101,3.0
2079.0,0.005,462,101,3.0
2079.5,0.006,463,101,3.0
2080.0,0.005,463,101,3.6
2080.5,0.01,463,101,3.6
2081.0,0.006,464,100,3.0
2081.5,0.006,464,100,1.8
2082.0,0.006,464,101,1.8
2082.5,0.008,465,100,1.8
2083.0,0.006,466,99,1.2000000000000002
2083.5,0.006,466,99,1.2000000000000002
2084.0,0.006,466,98,1.2000000000000002
2084.5,0.006,467,98,1.2000000000000002
2085.0,0.01,467,98,0.6000000000000001
2085.5,0.008,467,98,0.0
2086.0,0.003,468,98,0.0
2086.5,0.008,468,98,0.0
2087.0,0.006,468,98,0.0
2087.5,0.006,468,98,0.0
2088.0,0.008,469,98,0.0
2088.5,0.008,469,99,0.0
2089.0,0.005,469,98,0.0
2089.5,0.006,470,98,0.0
2090.0,0.006,470,99,0.0
2090.5,0.006,470,100,0.0
2091.0,0.006,471,99,0.0
2091.5,0.01,471,100,0.0
2092.0,0.006,471,101,0.6000000000000001
2092.5,0.008,472,101,0.6000000000000001
2093.0,0.008,472,101,0.6000000000000001
2093.5,0.006,472,101,0.0
2094.0,0.006,472,100,0.0
2094.5,0.006,473,100,0.0
2095.0,0.005,473,100,0.0
2095.5,0.006,473,100,1.2000000000000002
2096.0,0.006,474,99,3.0
2096.5,0.006,474,99,4.2
2097.0,0.006,474,100,4.2
2097.5,0.006,474,100,4.2
2098.0,0.005,475,100,4.2
2098.5,0.005,475,100,3.6
2099.0,0.006,475,99,3.6
2099.5,0.005,476,99,3.6
2100.0,0.006,476,99,3.6
2100.5,0.008,476,99,3.6
2101.0,0.006,477,99,4.2
2101.5,0.008,477,100,4.2
2102.0,0.006,477,100,4.800000000000001
2102.5,0.005,477,100,4.800000000000001
2103.0,0.006,478,100,4.800000000000001
2103.5,0.008,478,101,4.800000000000001
2104.0,0.006,478,101,4.2
2104.5,0.008,479,100,3.6
2105.0,0.006,479,100,3.6
2105.5,0.008,479,101,4.2
2106.0,0.006,480,100,4.2
2106.5,0.006,480,100,4.2
2107.0,0.005,480,100,3.6
2107.5,0.01,481,100,4.2
2108.0,0.006,481,100,4.2
2108.5,0.006,481,100,3.6
2109.0,0.005,481,101,3.6
2109.5,0.008,482,100,3.6
2110.0,0.006,482,101,3.0
2110.5,0.01,482,101,3.0
2111.0,0.006,483,100,3.6
2111.5,0.006,483,101,3.6
2112.0,0.005,483,101,3.0
2112.5,0.008,484,100,2.4000000000000004
2113.0,0.006,484,101,1.8
2113.5,0.01,484,101,1.8
2114.0,0.006,484,101,1.8
2114.5,0.006,485,100,1.8
2115.0,0.005,485,100,1.2000000000000002
2115.5,0.008,485,99,1.2000000000000002
2116.0,0.006,486,99,1.2000000000000002
2116.5,0.01,486,98,1.2000000000000002
2117.0,0.008,486,98,1.8
2117.5,0.006,486,98,1.2000000000000002
2118.0,0.005,487,98,0.0
2118.5,0.008,487,98,0.0
2119.0,0.008,487,98,0.0
2119.5,0.01,488,98,0.0
2120.0,0.008,488,98,0.0
2120.5,0.005,488,98,0.0
2121.0,0.006,489,98,0.0
2121.5,0.008,489,98,0.0
2122.0,0.006,489,99,0.0
2122.5,0.006,490,98,0.0
2123.0,0.008,490,99,0.0
2123.5,0.006,490,99,0.0
2124.0,0.006,490,100,0.6000000000000001
2124.5,0.006,491,101,0.6000000000000001
2125.0,0.006,491,101,0.6000000000000001
2125.5,0.006,491,101,0.0
2126.0,0.006,492,100,0.6000000000000001
2126.5,0.006,492,100,0.0
2127.0,0.006,492,100,0.0
2127.5,0.005,493,100,0.0
2128.0,0.006,493,99,1.2000000000000002
2128.5,0.005,493,99,3.0
2129.0,0.006,493,99,4.2
2129.5,0.006,494,100,4.800000000000001
2130.0,0.006,494,100,4.2
2130.5,0.006,494,100,3.6
2131.0,0.008,495,100,3.6
2131.5,0.008,495,99,3.6
2132.0,0.008,495,99,3.6
2132.5,0.006,496,99,3.6
2133.0,0.008,496,99,3.6
2133.5,0.006,496,99,4.2
2134.0,0.008,496,100,4.2
2134.5,0.008,497,100,4.800000000000001
2135.0,0.008,497,100,4.800000000000001
2135.5,0.01,497,101,4.800000000000001
2136.0,0.008,498,100,4.800000000000001
2136.5,0.008,498,101,4.2
2137.0,0.008,498,100,4.2
2137.5,0.008,499,100,3.6
2138.0,0.008,499,100,3.6
2138.5,0.008,499,100,4.2
2139.0,0.008,499,100,4.2
2139.5,0.008,500,100,4.2
2140.0,0.01,500,100,4.2
2140.5,0.006,500,100,4.2
2141.0,0.01,501,100,3.6
2141.5,0.006,501,101,3.6
2142.0,0.008,501,100,3.0
2142.5,0.006,502,101,3.0
2143.0,0.008,502,101,3.0
2143.5,0.008,502,101,3.6
2144.0,0.01,502,100,3.6
2144.5,0.008,503,101,3.0
2145.0,0.008,503,100,2.4000000000000004
2145.5,0.008,503,101,1.8
2146.0,0.008,504,101,1.8
2146.5,0.006,504,101,1.8
2147.0,0.01,504,101,1.2000000000000002
2147.5,0.008,505,100,1.2000000000000002
2148.0,0.008,505,99,1.2000000000000002
2148.5,0.01,505,99,1.2000000000000002
2149.0,0.008,506,99,1.2000000000000002
2149.5,0.006,506,98,1.2000000000000002
2150.0,0.01,506,98,1.2000000000000002
2150.5,0.008,506,98,0.6000000000000001
2151.0,0.011,507,98,0.0
2151.5,0.008,507,98,0.0
2152.0,0.008,507,98,0.0
2152.5,0.008,508,98,0.0
2153.0,0.01,508,98,0.0
2153.5,0.008,508,98,0.0
2154.0,0.008,508,98,0.0
2154.5,0.01,509,98,0.0
2155.0,0.008,509,99,0.0
2155.5,0.008,509,99,0.0
2156.0,0.01,510,99,0.0
2156.5,0.01,510,100,0.0
2157.0,0.008,510,100,0.6000000000000001
2157.5,0.008,511,101,0.6000000000000001
2158.0,0.01,511,101,0.6000000000000001
2158.5,0.008,511,100,0.6000000000000001
2159.0,0.008,511,100,0.6000000000000001
2159.5,0.008,512,100,0.0
2160.0,0.008,512,100,0.0
2160.5,0.006,512,99,0.6000000000000001
2161.0,0.008,513,99,2.4000000000000004
2161.5,0.008,513,99,3.6
2162.0,0.008,513,99,4.2
2162.5,0.008,514,100,4.2
2163.0,0.01,514,100,4.2
2163.5,0.01,514,99,3.6
2164.0,0.006,514,99,3.6
2164.5,0.008,515,98,3.6
2165.0,0.008,515,98,3.6
2165.5,0.01,515,98,3.6
2166.0,0.01,516,98,4.2
2166.5,0.01,516,99,4.2
2167.0,0.006,516,99,4.800000000000001
2167.5,0.008,517,99,4.800000000000001
2168.0,0.008,517,100,4.800000000000001
2168.5,0.008,517,100,4.800000000000001
2169.0,0.01,517,100,4.800000000000001
2169.5,0.01,518,100,4.2
2170.0,0.008,518,100,4.2
2170.5,0.008,518,100,4.2
2171.0,0.006,519,100,4.2
2171.5,0.008,519,100,4.800000000000001
2172.0,0.008,519,100,4.2
2172.5,0.01,520,100,4.2
2173.0,0.006,520,100,4.2
2173.5,0.01,520,100,4.2
2174.0,0.006,521,100,3.6
2174.5,0.008,521,100,3.6
2175.0,0.008,521,100,3.0
2175.5,0.008,521,100,3.0
2176.0,0.008,522,100,3.6
2176.5,0.006,522,100,3.6
2177.0,0.005,522,100,3.6
2177.5,0.008,523,100,2.4000000000000004
2178.0,0.008,523,100,1.8
2178.5,0.008,523,100,1.8
2179.0,0.006,523,101,1.2000000000000002
2179.5,0.01,524,100,1.2000000000000002
2180.0,0.006,524,100,1.2000000000000002
2180.5,0.008,524,99,1.2000000000000002
2181.0,0.008,525,99,1.2000000000000002
2181.5,0.008,525,98,1.2000000000000002
2182.0,0.006,525,98,1.2000000000000002
2182.5,0.008,526,97,1.8
2183.0,0.006,526,97,0.6000000000000001
2183.5,0.008,526,97,0.0
2184.0,0.008,526,98,0.0
2184.5,0.011,527,98,0.0
2185.0,0.008,527,98,0.0
2185.5,0.008,527,98,0.0
2186.0,0.008,528,98,0.0
2186.5,0.008,528,98,0.0
2187.0,0.008,528,98,0.0
2187.5,0.01,529,98,0.0
2188.0,0.01,529,99,0.0
2188.5,0.006,529,99,0.0
2189.0,0.006,529,98,0.0
2189.5,0.008,530,100,0.0
2190.0,0.008,530,100,0.6000000000000001
2190.5,0.01,530,100,0.6000000000000001
2191.0,0.008,531,101,0.0
2191.5,0.006,531,100,0.0
2192.0,0.008,531,100,0.0
2192.5,0.01,531,100,0.0
2193.0,0.008,532,99,0.0
2193.5,0.008,532,99,1.8
2194.0,0.008,532,99,3.6
2194.5,0.006,533,99,4.2
2195.0,0.01,533,100,4.2
2195.5,0.006,533,100,4.2
2196.0,0.008,534,100,3.6
2196.5,0.008,534,100,3.6
2197.0,0.006,534,99,3.6
2197.5,0.008,535,99,3.6
2198.0,0.008,535,99,3.6
2198.5,0.008,535,99,3.6
2199.0,0.008,535,99,4.2
2199.5,0.008,536,100,4.800000000000001
2200.0,0.008,536,100,4.800000000000001
2200.5,0.01,537,100,4.800000000000001
2201.0,0.006,537,101,4.800000000000001
2201.5,0.008,537,100,4.2
2202.0,0.008,538,100,3.6
2202.5,0.008,538,100,3.6
2203.0,0.006,538,100,4.2
2203.5,0.01,538,100,4.800000000000001
2204.0,0.006,539,100,4.2
2204.5,0.01,539,100,4.2
2205.0,0.006,539,100,4.2
2205.5,0.008,540,100,4.2
2206.0,0.008,540,100,3.6
2206.5,0.01,540,101,3.6
2207.0,0.006,541,101,3.0
2207.5,0.008,541,101,3.0
2208.0,0.008,541,101,3.0
2208.5,0.006,541,101,3.6
2209.0,0.008,542,101,3.6
2209.5,0.01,542,101,3.0
2210.0,0.008,542,101,2.4000000000000004
2210.5,0.008,543,101,1.8
2211.0,0.008,543,101,1.8
2211.5,0.008,543,101,1.2000000000000002
2212.0,0.008,544,101,1.2000000000000002
2212.5,0.008,544,100,1.2000000000000002
2213.0,0.006,544,99,1.2000000000000002
2213.5,0.008,545,99,1.2000000000000002
2214.0,0.006,545,98,1.2000000000000002
2214.5,0.008,545,98,1.2000000000000002
2215.0,0.008,545,98,0.6000000000000001
2215.5,0.008,546,98,0.0
2216.0,0.008,546,98,0.0
2216.5,0.006,546,98,0.0
2217.0,0.008,547,98,0.0
2217.5,0.01,547,98,0.0
2218.0,0.008,547,98,0.0
2218.5,0.01,547,98,0.0
2219.0,0.008,548,98,0.0
2219.5,0.008,548,98,0.0
2220.0,0.008,548,98,0.0
2220.5,0.01,549,99,0.0
2221.0,0.008,549,99,0.0
2221.5,0.01,550,100,0.0
2222.0,0.008,550,101,0.0
2222.5,0.008,550,100,0.0
2223.0,0.01,550,100,0.0
2223.5,0.008,551,100,0.0
2224.0,0.011,551,100,0.0
2224.5,0.008,551,100,0.0
2225.0,0.008,552,99,1.2000000000000002
2225.5,0.008,552,99,3.0
2226.0,0.01,552,99,4.2
2226.5,0.008,553,100,4.2
2227.0,0.01,553,100,4.2
2227.5,0.006,553,100,3.6
2228.0,0.008,553,100,3.6
2228.5,0.008,554,99,3.6
2229.0,0.008,554,99,3.6
2229.5,0.006,554,99,3.6
2230.0,0.011,555,99,3.6
2230.5,0.01,555,99,4.2
2231.0,0.01,555,100,4.2
2231.5,0.008,556,100,4.800000000000001
2232.0,0.006,556,100,4.800000000000001
2232.5,0.01,556,100,4.800000000000001
2233.0,0.01,556,100,4.2
2233.5,0.01,557,101,4.2
2234.0,0.011,557,100,3.6
2234.5,0.008,557,100,3.6
2235.0,0.008,558,100,4.2
2235.5,0.01,558,100,4.2
2236.0,0.011,558,100,4.2
2236.5,0.01,559,100,4.2
2237.0,0.008,559,100,4.2
2237.5,0.011,559,100,4.2
2238.0,0.008,559,100,3.6
2238.5,0.01,560,101,3.6
2239.0,0.01,560,101,3.0
2239.5,0.01,560,100,3.0
2240.0,0.008,561,101,3.0
2240.5,0.01,561,101,3.0
2241.0,0.008,561,101,3.6
2241.5,0.006,562,100,3.0
2242.0,0.01,562,100,2.4000000000000004
2242.5,0.008,562,101,1.8
2243.0,0.008,562,101,1.8
2243.5,0.01,563,101,1.2000000000000002
2244.0,0.008,563,101,1.2000000000000002
2244.5,0.006,563,100,1.2000000000000002
2245.0,0.01,564,99,1.2000000000000002
2245.5,0.008,564,99,1.2000000000000002
2246.0,0.006,564,98,1.2000000000000002
2246.5,0.006,565,98,1.2000000000000002
2247.0,0.006,565,98,1.2000000000000002
2247.5,0.008,565,98,0.0
2248.0,0.01,565,98,0.0
2248.5,0.01,566,98,0.0
2249.0,0.008,566,98,0.0
2249.5,0.01,566,98,0.0
2250.0,0.008,567,98,0.0
2250.5,0.008,567,98,0.0
2251.0,0.008,567,98,0.0
2251.5,0.01,568,98,0.0
2252.0,0.008,568,99,0.0
2252.5,0.011,568,99,0.0
2253.0,0.008,568,99,0.0
2253.5,0.008,569,100,0.0
2254.0,0.008,569,101,0.6000000000000001
2254.5,0.01,569,101,0.6000000000000001
2255.0,0.008,570,101,0.6000000000000001
2255.5,0.01,570,101,0.0
2256.0,0.01,570,100,0.0
2256.5,0.008,571,100,0.0
2257.0,0.008,571,100,0.0
2257.5,0.01,571,100,0.6000000000000001
2258.0,0.008,571,99,2.4000000000000004
2258.5,0.01,572,99,3.6
2259.0,0.006,572,100,4.2
2259.5,0.008,572,100,4.2
2260.0,0.006,573,100,3.6
2260.5,0.01,573,99,3.6
2261.0,0.008,573,99,3.6
2261.5,0.01,574,99,3.6
2262.0,0.008,574,98,3.6
2262.5,0.006,574,98,3.6
2263.0,0.006,574,99,4.2
2263.5,0.008,575,99,4.2
2264.0,0.008,575,99,4.800000000000001
2264.5,0.011,575,99,4.800000000000001
2265.0,0.008,576,100,5.4
2265.5,0.008,576,100,4.800000000000001
2266.0,0.008,576,100,4.800000000000001
2266.5,0.006,577,100,4.2
2267.0,0.006,577,100,4.2
2267.5,0.008,577,99,4.2
2268.0,0.008,577,99,4.800000000000001
2268.5,0.006,578,99,4.800000000000001
2269.0,0.01,578,99,4.2
2269.5,0.006,578,99,4.2
2270.0,0.008,579,100,4.2
2270.5,0.01,579,99,4.2
2271.0,0.008,579,100,4.2
2271.5,0.006,580,100,3.6
2272.0,0.008,580,100,3.6
2272.5,0.006,580,100,3.6
2273.0,0.008,580,100,3.6
2273.5,0.006,581,100,3.6
2274.0,0.008,581,100,3.6
2274.5,0.006,581,100,3.0
2275.0,0.008,582,100,2.4000000000000004
2275.5,0.006,582,100,1.8
2276.0,0.008,582,100,1.8
2276.5,0.006,583,100,1.8
2277.0,0.005,583,99,1.8
2277.5,0.006,583,99,1.8
2278.0,0.006,584,98,1.8
2278.5,0.005,584,98,1.2000000000000002
2279.0,0.008,584,97,1.8
2279.5,0.006,584,97,1.8
2280.0,0.008,585,97,0.6000000000000001
2280.5,0.006,585,97,0.0
2281.0,0.006,585,97,0.0
2281.5,0.006,586,97,0.0
2282.0,0.008,586,97,0.0
2282.5,0.006,586,98,0.0
2283.0,0.011,586,97,0.0
2283.5,0.008,587,97,0.0
2284.0,0.01,587,97,0.0
2284.5,0.006,587,98,0.0
2285.0,0.008,588,98,0.0
2285.5,0.006,588,98,0.0
2286.0,0.01,588,98,0.0
2286.5,0.01,589,100,0.0
2287.0,0.008,589,100,0.6000000000000001
2287.5,0.008,589,100,0.6000000000000001
2288.0,0.01,589,100,0.6000000000000001
2288.5,0.006,590,100,0.6000000000000001
2289.0,0.01,590,100,0.6000000000000001
2289.5,0.008,590,100,0.6000000000000001
2290.0,0.008,591,100,0.0
2290.5,0.006,591,99,1.8
2291.0,0.01,591,99,3.0
2291.5,0.006,591,99,4.2
2292.0,0.01,592,100,4.800000000000001
2292.5,0.008,592,100,4.800000000000001
2293.0,0.008,592,100,4.2
2293.5,0.006,593,100,3.6
2294.0,0.008,593,99,3.6
2294.5,0.006,593,99,3.6
2295.0,0.01,594,99,3.6
2295.5,0.008,594,99,3.6
2296.0,0.01,594,99,4.2
2296.5,0.01,594,100,4.2
2297.0,0.006,595,100,4.800000000000001
2297.5,0.008,595,100,4.800000000000001
2298.0,0.008,595,101,4.800000000000001
2298.5,0.008,596,101,4.800000000000001
2299.0,0.01,596,101,4.2
2299.5,0.01,596,101,3.6
2300.0,0.008,597,101,3.6
2300.5,0.008,597,100,4.2
2301.0,0.006,597,101,4.800000000000001
2301.5,0.008,598,101,4.2
2302.0,0.008,598,100,4.2
2302.5,0.01,598,100,4.2
2303.0,0.008,598,101,4.2
2303.5,0.01,599,101,3.6
2304.0,0.01,599,101,3.6
2304.5,0.008,599,101,3.0
2305.0,0.01,600,101,3.0
2305.5,0.006,600,101,3.0
2306.0,0.008,600,101,3.6
2306.5,0.008,601,101,3.6
2307.0,0.008,601,101,3.0
2307.5,0.008,601,101,2.4000000000000004
2308.0,0.008,601,101,1.8
2308.5,0.006,602,101,1.8
2309.0,0.008,602,101,1.8
2309.5,0.008,602,101,1.8
2310.0,0.008,603,100,1.2000000000000002
2310.5,0.01,603,99,1.2000000000000002
2311.0,0.008,603,99,1.2000000000000002
2311.5,0.008,604,98,1.2000000000000002
2312.0,0.008,604,98,1.2000000000000002
2312.5,0.01,604,98,0.6000000000000001
2313.0,0.008,604,98,0.0
2313.5,0.008,605,98,0.0
2314.0,0.008,605,98,0.0
2314.5,0.008,605,98,0.0
2315.0,0.006,606,98,0.0
2315.5,0.008,606,98,0.0
2316.0,0.006,606,98,0.0
2316.5,0.008,607,98,0.0
2317.0,0.01,607,98,0.0
2317.5,0.008,607,98,0.0
2318.0,0.006,607,99,0.0
2318.5,0.008,608,98,0.0
2319.0,0.008,608,99,0.0
2319.5,0.008,608,100,0.6000000000000001
2320.0,0.008,609,101,0.0
2320.5,0.008,609,100,0.6000000000000001
2321.0,0.008,609,100,0.0
2321.5,0.008,610,100,0.0
2322.0,0.006,610,99,0.0
2322.5,0.006,610,99,0.0
2323.0,0.008,610,99,1.2000000000000002
2323.5,0.008,611,98,3.0
2324.0,0.006,611,99,4.2
2324.5,0.01,611,99,4.800000000000001
2325.0,0.006,612,99,4.800000000000001
2325.5,0.008,612,99,4.2
2326.0,0.006,612,99,4.2
2326.5,0.008,613,98,3.6
2327.0,0.006,613,98,3.6
2327.5,0.008,613,98,3.6
2328.0,0.006,613,98,4.2
2328.5,0.008,614,98,4.2
2329.0,0.006,614,99,4.2
2329.5,0.01,614,99,4.800000000000001
2330.0,0.006,615,99,5.4
2330.5,0.011,615,99,5.4
2331.0,0.006,615,99,4.800000000000001
2331.5,0.008,615,100,4.800000000000001
2332.0,0.006,616,100,4.2
2332.5,0.008,616,99,4.2
2333.0,0.006,616,100,4.2
2333.5,0.01,617,100,4.800000000000001
2334.0,0.008,617,100,4.800000000000001
2334.5,0.006,617,100,4.2
2335.0,0.008,618,100,4.2
2335.5,0.01,618,100,4.2
2336.0,0.008,618,100,4.2
2336.5,0.008,618,101,3.6
2337.0,0.008,619,100,3.6
2337.5,0.006,619,101,3.6
2338.0,0.01,619,101,3.6
2338.5,0.008,620,101,3.6
2339.0,0.008,620,100,3.6
2339.5,0.006,620,100,3.6
2340.0,0.01,621,100,2.4000000000000004
2340.5,0.008,621,100,1.8
2341.0,0.008,621,101,1.8
2341.5,0.008,622,101,1.8
2342.0,0.006,622,100,1.2000000000000002
2342.5,0.005,622,100,1.2000000000000002
2343.0,0.008,622,99,1.2000000000000002
2343.5,0.005,623,99,1.2000000000000002
2344.0,0.006,623,98,1.2000000000000002
2344.5,0.008,623,98,1.8
2345.0,0.005,624,98,1.2000000000000002
2345.5,0.005,624,97,0.6000000000000001
2346.0,0.006,624,97,0.0
2346.5,0.005,624,97,0.0
2347.0,0.006,625,98,0.0
2347.5,0.006,625,98,0.0
2348.0,0.006,625,98,0.0
2348.5,0.008,626,98,0.0
2349.0,0.008,626,98,0.0
2349.5,0.005,626,98,0.0
2350.0,0.006,627,98,0.0
2350.5,0.006,627,98,0.0
2351.0,0.006,627,99,0.0
2351.5,0.006,628,100,0.0
2352.0,0.01,628,100,0.6000000000000001
2352.5,0.006,628,101,0.6000000000000001
2353.0,0.006,628,101,0.6000000000000001
2353.5,0.006,629,100,0.6000000000000001
2354.0,0.006,629,100,0.0
2354.5,0.003,629,100,0.0
2355.0,0.01,630,100,0.0
2355.5,0.003,630,100,0.6000000000000001
2356.0,0.006,630,99,2.4000000000000004
2356.5,0.006,630,99,3.6
2357.0,0.006,631,99,4.2
2357.5,0.005,631,100,4.2
2358.0,0.008,631,100,4.2
2358.5,0.003,632,100,4.2
2359.0,0.006,632,99,3.6
2359.5,0.005,632,99,3.6
2360.0,0.006,633,99,3.6
2360.5,0.005,633,99,4.2
2361.0,0.01,633,99,4.2
2361.5,0.005,633,99,4.2
2362.0,0.006,634,99,4.2
2362.5,0.005,634,99,4.800000000000001
2363.0,0.006,634,100,5.4
2363.5,0.005,635,100,4.800000000000001
2364.0,0.01,635,100,4.800000000000001
2364.5,0.006,635,100,4.2
2365.0,0.005,636,100,4.2
2365.5,0.005,636,99,4.2
2366.0,0.005,636,100,4.2
2366.5,0.005,637,100,4.800000000000001
2367.0,0.006,637,100,4.2
2367.5,0.005,637,99,4.2
2368.0,0.005,637,99,4.2
2368.5,0.005,638,100,4.2
2369.0,0.005,638,100,4.2
2369.5,0.006,638,100,3.6
2370.0,0.006,639,100,3.6
2370.5,0.005,639,100,3.6
2371.0,0.003,639,100,3.6
2371.5,0.006,639,100,3.6
2372.0,0.003,640,100,4.2
2372.5,0.005,640,100,3.0
2373.0,0.005,640,100,2.4000000000000004
2373.5,0.005,641,100,1.8
2374.0,0.003,641,100,1.8
2374.5,0.005,641,100,1.8
2375.0,0.003,642,100,1.8
2375.5,0.003,642,99,1.2000000000000002
2376.0,0.003,642,99,1.2000000000000002
2376.5,0.003,642,98,1.8
2377.0,0.002,643,98,1.2000000000000002
2377.5,0.006,643,97,1.2000000000000002
2378.0,0.006,643,97,0.6000000000000001
2378.5,0.005,644,97,0.0
2379.0,0.003,644,97,0.0
2379.5,0.005,644,97,0.0
2380.0,0.003,645,98,0.0
2380.5,0.006,645,98,0.0
2381.0,0.005,645,98,0.0
2381.5,0.006,645,98,0.0
2382.0,0.005,646,98,0.0
2382.5,0.006,646,98,0.0
2383.0,0.005,646,98,0.0
2383.5,0.005,647,99,0.0
2384.0,0.006,647,98,0.0
2384.5,0.005,647,100,0.6000000000000001
2385.0,0.005,647,100,0.6000000000000001
2385.5,0.006,648,100,0.0
2386.0,0.006,648,101,0.6000000000000001
2386.5,0.005,648,100,0.0
2387.0,0.005,649,100,0.0
2387.5,0.006,649,100,0.0
2388.0,0.005,649,100,0.0
2388.5,0.006,650,99,1.2000000000000002
2389.0,0.005,650,99,3.0
2389.5,0.006,650,99,4.2
2390.0,0.005,651,100,4.800000000000001
2390.5,0.005,651,100,4.800000000000001
2391.0,0.005,651,100,4.2
2391.5,0.006,651,100,4.2
2392.0,0.005,652,99,3.6
2392.5,0.006,652,99,3.6
2393.0,0.005,652,99,3.6
2393.5,0.005,653,99,4.2
2394.0,0.003,653,99,4.2
2394.5,0.006,653,100,4.2
2395.0,0.003,653,100,4.800000000000001
2395.5,0.008,654,100,5.4
2396.0,0.008,654,100,5.4
2396.5,0.006,654,101,4.800000000000001
2397.0,0.005,655,101,4.800000000000001
2397.5,0.006,655,100,4.2
2398.0,0.005,655,100,4.2
2398.5,0.008,656,100,4.2
2399.0,0.006,656,100,4.800000000000001
2399.5,0.005,656,100,4.2
2400.0,0.005,657,100,4.2
2400.5,0.005,657,100,4.2
2401.0,0.006,657,100,4.2
2401.5,0.01,657,100,4.2
2402.0,0.006,658,101,3.6
2402.5,0.005,658,101,3.6
2403.0,0.005,658,101,3.6
2403.5,0.005,659,101,3.6
2404.0,0.006,659,101,3.6
2404.5,0.011,659,101,3.6
2405.0,0.005,660,100,3.6
2405.5,0.003,660,101,2.4000000000000004
2406.0,0.006,660,101,2.4000000000000004
2406.5,0.006,661,101,1.8
2407.0,0.005,661,101,1.8
2407.5,0.008,661,101,1.2000000000000002
2408.0,0.002,661,100,1.2000000000000002
2408.5,0.005,662,99,1.2000000000000002
2409.0,0.006,662,99,1.2000000000000002
2409.5,0.005,662,98,1.2000000000000002
2410.0,0.005,663,98,1.2000000000000002
2410.5,0.006,663,98,1.2000000000000002
2411.0,0.006,663,97,0.0
2411.5,0.005,663,98,0.0
2412.0,0.005,664,97,0.0
2412.5,0.005,664,98,0.0
2413.0,0.006,664,98,0.0
2413.5,0.006,665,98,0.0
2414.0,0.008,665,98,0.0
2414.5,0.003,665,98,0.0
2415.0,0.006,666,98,0.0
2415.5,0.005,666,98,0.0
2416.0,0.006,666,99,0.0
2416.5,0.005,666,99,0.0
2417.0,0.006,667,99,0.0
2417.5,0.003,667,100,0.6000000000000001
2418.0,0.006,667,100,0.6000000000000001
2418.5,0.006,668,101,0.6000000000000001
2419.0,0.006,668,100,0.6000000000000001
2419.5,0.006,668,100,0.0
2420.0,0.006,669,100,0.0
2420.5,0.003,669,100,0.0
2421.0,0.006,669,99,0.6000000000000001
2421.5,0.003,669,99,2.4000000000000004
2422.0,0.008,670,99,3.6
2422.5,0.006,670,100,4.2
2423.0,0.006,670,100,4.2
2423.5,0.005,671,100,4.2
2424.0,0.006,671,100,4.2
2424.5,0.006,671,99,3.6
2425.0,0.005,671,99,3.6
2425.5,0.005,672,99,3.6
2426.0,0.006,672,99,3.6
2426.5,0.005,672,99,4.2
2427.0,0.006,673,99,4.2
2427.5,0.005,673,100,4.800000000000001
2428.0,0.005,673,100,4.800000000000001
2428.5,0.003,674,100,4.800000000000001
2429.0,0.006,674,100,4.800000000000001
2429.5,0.005,674,100,4.2
2430.0,0.006,675,100,4.2
2430.5,0.006,675,100,4.2
2431.0,0.005,675,100,4.2
2431.5,0.005,675,100,4.2
2432.0,0.006,676,100,4.800000000000001
2432.5,0.005,676,100,4.2
2433.0,0.006,676,100,4.2
2433.5,0.005,677,100,4.2
2434.0,0.005,677,100,4.2
2434.5,0.005,677,100,3.6
2435.0,0.006,678,100,3.6
2435.5,0.006,678,100,3.6
2436.0,0.005,678,100,3.6
2436.5,0.005,678,100,3.6
2437.0,0.006,679,100,3.6
2437.5,0.005,679,100,4.2
2438.0,0.006,679,100,3.0
2438.5,0.006,680,100,2.4000000000000004
2439.0,0.003,680,100,1.8
2439.5,0.005,680,100,1.8
2440.0,0.005,681,100,1.2000000000000002
2440.5,0.006,681,100,1.2000000000000002
2441.0,0.006,681,99,1.2000000000000002
2441.5,0.006,681,99,1.2000000000000002
2442.0,0.005,682,98,1.2000000000000002
2442.5,0.005,682,97,1.2000000000000002
2443.0,0.005,682,97,1.8
2443.5,0.006,683,97,0.6000000000000001
2444.0,0.005,683,97,0.0
2444.5,0.006,683,97,0.0
2445.0,0.006,684,98,0.0
2445.5,0.006,684,98,0.0
2446.0,0.003,684,98,0.0
2446.5,0.006,684,98,0.0
2447.0,0.006,685,98,0.0
2447.5,0.008,685,98,0.0
2448.0,0.006,685,98,0.0
2448.5,0.008,686,99,0.0
2449.0,0.005,686,99,0.0
2449.5,0.008,686,99,0.0
2450.0,0.006,686,100,0.0
2450.5,0.006,687,101,0.0
2451.0,0.006,687,101,0.0
2451.5,0.008,687,101,0.0
2452.0,0.005,688,100,0.0
2452.5,0.008,688,100,0.0
2453.0,0.006,688,100,0.6000000000000001
2453.5,0.006,689,100,0.0
2454.0,0.008,689,99,1.8
2454.5,0.006,689,99,3.6
2455.0,0.006,690,100,4.2
2455.5,0.008,690,100,4.2
2456.0,0.008,690,100,4.2
2456.5,0.008,690,100,3.6
2457.0,0.008,691,100,3.6
2457.5,0.006,691,99,3.6
2458.0,0.008,691,99,3.6
2458.5,0.01,692,99,3.6
2459.0,0.008,692,99,4.2
2459.5,0.006,692,99,4.2
2460.0,0.006,693,100,4.2
2460.5,0.008,693,100,4.800000000000001
2461.0,0.008,693,100,5.4
2461.5,0.01,693,100,4.800000000000001
2462.0,0.006,694,100,4.800000000000001
2462.5,0.006,694,100,4.2
2463.0,0.006,694,100,4.2
2463.5,0.008,695,100,4.2
2464.0,0.008,695,100,4.2
2464.5,0.01,695,100,4.800000000000001
2465.0,0.008,696,100,4.2
2465.5,0.008,696,100,4.2
2466.0,0.008,696,100,4.2
2466.5,0.01,696,100,4.2
2467.0,0.01,697,100,3.6
2467.5,0.006,697,101,3.6
2468.0,0.01,697,101,3.6
2468.5,0.006,698,101,3.0
2469.0,0.008,698,101,3.6
2469.5,0.01,698,101,3.6
2470.0,0.01,699,101,4.2
2470.5,0.008,699,101,3.0
2471.0,0.011,699,100,2.4000000000000004
2471.5,0.008,700,101,1.8
2472.0,0.008,700,101,1.8
2472.5,0.011,700,101,1.8
2473.0,0.008,700,101,1.8
2473.5,0.006,701,100,1.2000000000000002
2474.0,0.01,701,99,1.2000000000000002
2474.5,0.006,701,99,1.2000000000000002
2475.0,0.006,702,98,1.8
2475.5,0.008,702,98,1.8
2476.0,0.006,702,98,0.6000000000000001
2476.5,0.006,702,98,0.0
2477.0,0.008,703,98,0.0
2477.5,0.006,703,98,0.0
2478.0,0.006,703,99,0.0
2478.5,0.008,704,99,0.0
2479.0,0.008,704,98,0.0
2479.5,0.006,704,99,0.0
2480.0,0.01,705,99,0.0
2480.5,0.008,705,99,0.0
2481.0,0.008,705,99,0.0
2481.5,0.008,705,100,0.0
2482.0,0.008,706,100,0.0
2482.5,0.008,706,101,0.6000000000000001
2483.0,0.008,706,101,0.6000000000000001
2483.5,0.008,707,101,0.6000000000000001
2484.0,0.008,707,101,0.6000000000000001
2484.5,0.008,707,101,0.0
2485.0,0.006,708,101,0.6000000000000001
2485.5,0.006,708,101,0.0
2486.0,0.008,708,100,0.0
2486.5,0.006,708,100,1.8
2487.0,0.008,709,100,3.6
2487.5,0.01,709,100,4.2
2488.0,0.008,709,101,4.2
2488.5,0.006,710,101,4.2
2489.0,0.01,710,100,4.2
2489.5,0.006,710,100,3.6
2490.0,0.008,711,99,3.6
2490.5,0.008,711,99,3.6
2491.0,0.008,711,99,3.6
2491.5,0.008,711,99,3.6
2492.0,0.008,712,100,4.2
2492.5,0.008,712,100,4.2
2493.0,0.008,712,100,4.800000000000001
2493.5,0.008,713,101,5.4
2494.0,0.006,713,101,4.800000000000001
2494.5,0.006,713,101,4.800000000000001
2495.0,0.01,714,101,4.2
2495.5,0.006,714,101,4.2
2496.0,0.008,714,100,4.2
2496.5,0.008,715,100,4.2
2497.0,0.008,715,101,4.800000000000001
2497.5,0.008,715,100,4.2
2498.0,0.01,715,100,4.2
2498.5,0.006,716,100,4.2
2499.0,0.01,716,101,3.6
2499.5,0.008,716,100,3.6
2500.0,0.01,717,101,3.6
2500.5,0.006,717,101,3.0
2501.0,0.011,717,101,3.0
2501.5,0.006,718,101,3.0
2502.0,0.01,718,101,3.6
2502.5,0.008,718,100,3.6
2503.0,0.008,718,100,3.0
2503.5,0.008,719,100,2.4000000000000004
2504.0,0.013,719,101,1.8
2504.5,0.008,719,101,1.8
2505.0,0.01,720,101,1.8
2505.5,0.008,720,100,1.8
2506.0,0.008,720,99,1.8
2506.5,0.006,721,99,1.8
2507.0,0.011,721,98,1.8
2507.5,0.006,721,98,1.8
2508.0,0.008,721,97,1.8
2508.5,0.008,722,98,1.2000000000000002
2509.0,0.008,722,97,0.0
2509.5,0.008,722,97,0.0
2510.0,0.011,723,97,0.0
2510.5,0.006,723,98,0.0
2511.0,0.008,723,98,0.0
2511.5,0.01,724,98,0.0
2512.0,0.01,724,98,0.0
2512.5,0.006,724,98,0.0
2513.0,0.01,724,98,0.0
2513.5,0.01,725,99,0.0
2514.0,0.008,725,99,0.0
2514.5,0.01,725,99,0.0
2515.0,0.008,726,100,0.6000000000000001
2515.5,0.008,726,101,0.6000000000000001
2516.0,0.01,726,101,0.6000000000000001
2516.5,0.01,727,101,0.0
2517.0,0.008,727,100,0.0
2517.5,0.01,727,100,0.0
2518.0,0.01,727,100,0.0
2518.5,0.008,728,100,0.0
2519.0,0.01,728,100,1.2000000000000002
2519.5,0.01,728,99,3.0
2520.0,0.01,729,99,4.2
2520.5,0.011,729,100,4.2
2521.0,0.01,729,100,4.2
2521.5,0.008,730,100,4.2
2522.0,0.01,730,100,4.2
2522.5,0.01,730,99,3.6
2523.0,0.008,730,99,3.6
2523.5,0.01,731,99,3.6
2524.0,0.01,731,99,3.6
2524.5,0.008,731,99,4.2
2525.0,0.006,732,99,4.2
2525.5,0.008,732,99,4.800000000000001
2526.0,0.01,732,100,4.800000000000001
2526.5,0.01,733,100,4.800000000000001
2527.0,0.008,733,100,4.800000000000001
2527.5,0.01,733,100,4.2
2528.0,0.006,733,100,4.2
2528.5,0.01,734,100,4.2
2529.0,0.008,734,100,4.2
2529.5,0.011,734,100,4.800000000000001
2530.0,0.008,735,100,4.800000000000001
2530.5,0.01,735,99,4.2
2531.0,0.008,735,99,4.2
2531.5,0.008,735,100,4.2
2532.0,0.008,736,100,4.2
2532.5,0.011,736,100,3.6
2533.0,0.006,736,100,3.6
2533.5,0.008,737,100,3.6
2534.0,0.008,737,101,3.6
2534.5,0.01,737,100,3.6
2535.0,0.008,738,100,4.2
2535.5,0.011,738,100,3.6
2536.0,0.008,738,100,3.0
2536.5,0.008,739,100,1.8
2537.0,0.008,739,101,1.8
2537.5,0.008,739,101,1.8
2538.0,0.008,739,101,1.2000000000000002
2538.5,0.011,740,100,1.2000000000000002
2539.0,0.008,740,99,1.2000000000000002
2539.5,0.008,740,99,1.2000000000000002
2540.0,0.008,741,98,1.8
2540.5,0.01,741,98,1.2000000000000002
2541.0,0.01,741,98,1.2000000000000002
2541.5,0.01,742,98,0.6000000000000001
2542.0,0.008,742,98,0.0
2542.5,0.01,742,98,0.0
2543.0,0.006,742,98,0.0
2543.5,0.01,743,99,0.0
2544.0,0.01,743,98,0.0
2544.5,0.011,743,98,0.0
2545.0,0.008,744,99,0.0
2545.5,0.008,744,98,0.0
2546.0,0.008,744,99,0.0
2546.5,0.01,744,99,0.0
2547.0,0.008,745,99,0.0
2547.5,0.01,745,100,0.0
2548.0,0.008,746,101,0.6000000000000001
2548.5,0.006,746,101,0.6000000000000001
2549.0,0.011,746,101,0.6000000000000001
2549.5,0.008,747,101,0.0
2550.0,0.01,747,100,0.0
2550.5,0.01,747,100,0.0
2551.0,0.008,748,100,1.2000000000000002
2551.5,0.008,748,99,3.0
2552.0,0.008,748,100,3.6
2552.5,0.008,748,100,4.2
2553.0,0.01,749,101,4.2
2553.5,0.01,749,100,3.6
2554.0,0.008,749,100,3.6
2554.5,0.008,750,99,3.6
2555.0,0.008,750,99,3.6
2555.5,0.01,750,99,3.6
2556.0,0.01,751,99,3.6
2556.5,0.01,751,99,4.2
2557.0,0.008,751,100,4.2
2557.5,0.008,751,100,4.800000000000001
2558.0,0.008,752,100,4.800000000000001
2558.5,0.008,752,100,4.800000000000001
2559.0,0.008,752,100,4.800000000000001
2559.5,0.01,753,100,4.2
2560.0,0.008,753,100,4.2
2560.5,0.008,753,100,3.6
2561.0,0.008,754,100,3.6
2561.5,0.008,754,100,4.2
2562.0,0.008,754,100,4.800000000000001
2562.5,0.008,754,100,4.2
2563.0,0.006,755,99,4.2
2563.5,0.01,755,100,4.2
2564.0,0.008,755,100,4.2
2564.5,0.008,756,101,3.6
2565.0,0.008,756,101,3.6
2565.5,0.01,756,101,3.0
2566.0,0.006,757,101,3.0
2566.5,0.011,757,101,3.0
2567.0,0.008,757,101,3.6
2567.5,0.01,758,101,3.6
2568.0,0.01,758,100,2.4000000000000004
2568.5,0.008,758,101,1.8
2569.0,0.008,758,101,1.8
2569.5,0.01,759,101,1.8
2570.0,0.008,759,101,1.2000000000000002
2570.5,0.01,759,101,1.2000000000000002
2571.0,0.008,760,100,1.2000000000000002
2571.5,0.011,760,99,1.2000000000000002
2572.0,0.008,760,99,1.2000000000000002
2572.5,0.01,760,98,1.2000000000000002
2573.0,0.008,761,98,1.2000000000000002
2573.5,0.006,761,98,0.0
2574.0,0.01,762,98,0.0
2574.5,0.008,762,98,0.0
2575.0,0.01,762,99,0.0
2575.5,0.008,763,99,0.0
2576.0,0.008,763,98,0.0
2576.5,0.006,763,98,0.0
2577.0,0.008,764,98,0.0
2577.5,0.01,764,99,0.0
2578.0,0.01,764,99,0.0
2578.5,0.008,764,99,0.0
2579.0,0.01,765,100,0.6000000000000001
2579.5,0.01,765,101,0.6000000000000001
2580.0,0.01,765,101,0.6000000000000001
2580.5,0.006,766,101,0.6000000000000001
2581.0,0.01,766,101,0.6000000000000001
2581.5,0.008,766,100,0.6000000000000001
2582.0,0.011,767,100,0.6000000000000001
2582.5,0.008,767,100,0.0
2583.0,0.01,767,100,0.6000000000000001
2583.5,0.008,767,99,2.4000000000000004
2584.0,0.01,768,99,3.6
2584.5,0.008,768,100,4.2
2585.0,0.01,768,100,4.2
2585.5,0.008,769,100,4.2
2586.0,0.01,769,100,3.6
2586.5,0.01,769,99,3.6
2587.0,0.011,769,99,3.6
2587.5,0.01,770,99,3.6
2588.0,0.01,770,99,3.6
2588.5,0.008,770,99,4.2
2589.0,0.008,771,99,4.2
2589.5,0.01,771,99,4.2
2590.0,0.008,771,100,4.800000000000001
2590.5,0.011,772,100,4.800000000000001
2591.0,0.008,772,100,4.800000000000001
2591.5,0.008,772,100,4.800000000000001
2592.0,0.008,773,100,4.2
2592.5,0.008,773,100,4.2
2593.0,0.01,773,100,4.2
2593.5,0.01,773,100,4.2
2594.0,0.008,774,100,4.800000000000001
2594.5,0.008,774,100,4.2
2595.0,0.008,774,100,4.2
2595.5,0.01,775,100,4.2
2596.0,0.01,775,100,4.2
2596.5,0.01,775,100,3.6
2597.0,0.008,776,101,3.6
2597.5,0.01,776,101,3.6
2598.0,0.01,776,101,3.6
2598.5,0.01,776,101,3.6
2599.0,0.01,777,101,3.6
2599.5,0.01,777,101,4.2
2600.0,0.01,777,101,3.0
2600.5,0.01,778,101,2.4000000000000004
2601.0,0.01,778,101,1.8
2601.5,0.01,778,101,1.8
2602.0,0.01,779,101,1.8
2602.5,0.01,779,100,1.2000000000000002
2603.0,0.008,779,100,1.2000000000000002
2603.5,0.011,779,99,1.2000000000000002
2604.0,0.01,780,99,1.2000000000000002
2604.5,0.008,780,98,1.2000000000000002
2605.0,0.01,780,98,1.8
2605.5,0.01,781,98,0.6000000000000001
2606.0,0.008,781,98,0.0
2606.5,0.01,781,98,0.0
2607.0,0.008,782,98,0.0
2607.5,0.008,782,99,0.0
2608.0,0.01,782,99,0.0
2608.5,0.01,782,98,0.0
2609.0,0.008,783,99,0.0
2609.5,0.01,783,98,0.0
2610.0,0.008,783,98,0.0
2610.5,0.008,784,99,0.0
2611.0,0.01,784,99,0.0
2611.5,0.01,784,100,0.0
2612.0,0.008,784,101,0.6000000000000001
2612.5,0.01,785,101,0.6000000000000001
2613.0,0.008,785,101,0.6000000000000001
2613.5,0.008,785,101,0.6000000000000001
2614.0,0.008,786,101,0.0
2614.5,0.01,786,100,0.0
2615.0,0.01,786,100,0.0
2615.5,0.01,787,100,0.6000000000000001
2616.0,0.011,787,99,1.8
2616.5,0.01,787,99,3.0
2617.0,0.008,788,99,4.2
2617.5,0.01,788,100,4.2
2618.0,0.01,788,100,4.2
2618.5,0.011,788,100,3.6
2619.0,0.01,789,99,3.6
2619.5,0.011,789,99,3.6
2620.0,0.01,789,99,3.6
2620.5,0.01,790,99,3.6
2621.0,0.01,790,99,3.6
2621.5,0.015,790,99,4.2
2622.0,0.011,791,99,4.2
2622.5,0.01,791,99,4.800000000000001
2623.0,0.008,791,100,4.800000000000001
2623.5,0.008,791,100,4.800000000000001
2624.0,0.008,792,100,4.800000000000001
2624.5,0.013,792,100,4.2
2625.0,0.008,792,100,4.2
2625.5,0.008,793,100,4.2
2626.0,0.01,793,100,4.2
2626.5,0.008,793,100,4.800000000000001
2627.0,0.008,794,100,4.2
2627.5,0.013,794,100,4.2
2628.0,0.008,794,100,4.2
2628.5,0.006,794,100,4.2
2629.0,0.008,795,100,3.6
2629.5,0.008,795,100,3.6
2630.0,0.008,795,100,3.6
2630.5,0.013,796,100,3.0
2631.0,0.01,796,101,3.6
2631.5,0.008,796,101,3.6
2632.0,0.01,797,100,4.2
2632.5,0.01,797,100,3.0
2633.0,0.008,797,100,2.4000000000000004
2633.5,0.013,798,101,1.8
2634.0,0.01,798,101,1.8
2634.5,0.006,798,101,1.8
2635.0,0.01,798,100,1.2000000000000002
2635.5,0.01,799,99,1.2000000000000002
2636.0,0.008,799,99,1.2000000000000002
2636.5,0.011,799,99,1.2000000000000002
2637.0,0.011,800,98,1.2000000000000002
2637.5,0.01,800,98,1.8
2638.0,0.01,800,98,0.6000000000000001
2638.5,0.008,800,98,0.0
2639.0,0.008,801,98,0.0
2639.5,0.008,801,98,0.0
2640.0,0.011,801,98,0.0
2640.5,0.008,802,98,0.0
2641.0,0.008,802,98,0.0
2641.5,0.008,802,98,0.0
2642.0,0.008,803,98,0.0
2642.5,0.006,803,98,0.0
2643.0,0.011,803,98,0.0
2643.5,0.008,803,99,0.0
2644.0,0.008,804,99,0.0
2644.5,0.01,804,100,0.6000000000000001
2645.0,0.008,804,101,0.6000000000000001
2645.5,0.008,805,101,0.6000000000000001
2646.0,0.01,805,101,0.6000000000000001
2646.5,0.008,805,101,0.6000000000000001
2647.0,0.01,806,100,0.0
2647.5,0.01,806,100,0.0
2648.0,0.008,806,100,0.0
2648.5,0.008,806,100,1.2000000000000002
2649.0,0.011,807,99,3.6
2649.5,0.008,807,100,4.2
2650.0,0.008,807,100,4.2
2650.5,0.01,808,100,4.2
2651.0,0.008,808,100,3.6
2651.5,0.01,808,100,3.6
2652.0,0.011,809,99,3.6
2652.5,0.01,809,99,3.6
2653.0,0.01,809,99,3.6
2653.5,0.01,809,99,3.6
2654.0,0.01,810,99,4.2
2654.5,0.008,810,100,4.2
2655.0,0.011,810,100,4.800000000000001
2655.5,0.008,811,100,4.800000000000001
2656.0,0.01,811,101,4.800000000000001
2656.5,0.01,811,101,4.800000000000001
2657.0,0.008,812,100,4.2
2657.5,0.005,812,100,3.6
2658.0,0.01,812,100,3.6
2658.5,0.006,812,100,4.2
2659.0,0.01,813,100,4.2
2659.5,0.006,813,100,4.2
2660.0,0.006,813,100,3.6
2660.5,0.006,814,100,4.2
2661.0,0.01,814,100,3.6
2661.5,0.008,814,100,3.6
2662.0,0.01,815,101,3.0
2662.5,0.008,815,101,3.0
2663.0,0.008,815,101,3.0
2663.5,0.008,816,101,3.0
2664.0,0.01,816,101,3.0
2664.5,0.008,816,101,3.6
2665.0,0.006,817,101,1.2000000000000002
2665.5,0.01,818,101,1.2000000000000002
2666.0,0.008,818,101,1.2000000000000002
2666.5,0.011,818,100,1.2000000000000002
2667.0,0.01,818,99,1.2000000000000002
2667.5,0.006,819,99,1.2000000000000002
2668.0,0.006,819,98,1.2000000000000002
2668.5,0.01,819,98,1.2000000000000002
2669.0,0.008,820,98,1.2000000000000002
2669.5,0.008,820,98,0.0
2670.0,0.008,820,98,0.0
2670.5,0.008,821,98,0.0
2671.0,0.006,821,98,0.0
2671.5,0.01,821,98,0.0
2672.0,0.008,822,98,0.0
2672.5,0.006,822,98,0.0
2673.0,0.008,822,98,0.0
2673.5,0.006,822,98,0.0
2674.0,0.006,823,98,0.0
2674.5,0.006,823,99,0.0
2675.0,0.008,823,99,0.0
2675.5,0.008,824,100,0.0
2676.0,0.008,824,100,0.6000000000000001
2676.5,0.006,824,101,0.6000000000000001
2677.0,0.006,824,101,0.0
2677.5,0.006,825,100,0.0
2678.0,0.006,825,100,0.0
2678.5,0.006,825,100,0.0
2679.0,0.006,826,100,0.0
2679.5,0.006,826,99,1.2000000000000002
2680.0,0.005,826,99,3.0
2680.5,0.006,827,99,3.6
2681.0,0.006,827,100,4.2
2681.5,0.006,827,100,4.2
2682.0,0.008,827,99,3.6
2682.5,0.006,828,99,3.6
2683.0,0.006,828,99,3.6
2683.5,0.006,828,99,3.6
2684.0,0.008,829,99,3.6
2684.5,0.006,829,99,3.6
2685.0,0.008,829,99,4.2
2685.5,0.006,830,99,4.2
2686.0,0.005,830,100,4.800000000000001
2686.5,0.005,830,100,4.800000000000001
2687.0,0.006,831,100,4.800000000000001
2687.5,0.006,831,100,4.800000000000001
2688.0,0.006,831,101,4.2
2688.5,0.008,831,100,3.6
2689.0,0.006,832,100,3.6
2689.5,0.006,832,100,3.6
2690.0,0.008,832,100,4.2
2690.5,0.008,833,100,3.6
2691.0,0.006,833,101,3.6
2691.5,0.006,833,100,3.6
2692.0,0.008,834,101,3.6
2692.5,0.008,834,101,3.6
2693.0,0.005,834,101,3.0
2693.5,0.006,835,101,3.0
2694.0,0.006,835,101,3.0
2694.5,0.006,835,101,3.0
2695.0,0.008,836,101,3.6
2695.5,0.008,836,101,3.0
2696.0,0.005,836,100,2.4000000000000004
2696.5,0.008,837,101,1.8
2697.0,0.008,837,101,1.8
2697.5,0.006,837,101,1.8
2698.0,0.006,837,101,1.8
2698.5,0.006,838,100,1.8
2699.0,0.006,838,99,1.2000000000000002
2699.5,0.008,838,99,1.2000000000000002
2700.0,0.006,839,98,1.2000000000000002
2700.5,0.008,839,98,1.2000000000000002
2701.0,0.006,839,98,1.2000000000000002
2701.5,0.008,840,98,0.6000000000000001
2702.0,0.006,840,98,0.0
2702.5,0.008,840,98,0.0
2703.0,0.006,840,98,0.0
2703.5,0.006,841,98,0.0
2704.0,0.006,841,98,0.0
2704.5,0.006,841,98,0.0
2705.0,0.006,842,98,0.0
2705.5,0.008,842,98,0.0
2706.0,0.008,842,98,0.0
2706.5,0.006,842,99,0.0
2707.0,0.008,843,99,0.0
2707.5,0.006,843,100,0.0
2708.0,0.008,843,101,0.6000000000000001
2708.5,0.008,844,101,0.6000000000000001
2709.0,0.008,844,101,0.6000000000000001
2709.5,0.006,844,101,0.0
2710.0,0.006,845,100,0.0
2710.5,0.006,845,100,0.0
2711.0,0.006,845,100,0.0
2711.5,0.008,846,100,0.6000000000000001
2712.0,0.006,846,99,3.0
2712.5,0.006,846,99,3.6
2713.0,0.008,846,100,4.2
2713.5,0.006,847,101,4.2
2714.0,0.006,847,100,4.2
2714.5,0.006,847,100,3.6
2715.0,0.005,848,100,3.6
2715.5,0.006,848,99,3.0
2716.0,0.008,848,99,3.0
2716.5,0.006,849,99,3.6
2717.0,0.008,849,99,3.6
2717.5,0.006,849,100,3.6
2718.0,0.008,849,100,4.2
2718.5,0.008,850,100,4.800000000000001
2719.0,0.01,850,100,4.800000000000001
2719.5,0.006,850,100,4.800000000000001
2720.0,0.006,851,100,4.2
2720.5,0.005,851,100,4.2
2721.0,0.006,851,100,3.6
2721.5,0.006,851,100,4.2
2722.0,0.01,852,100,4.2
2722.5,0.006,852,100,4.2
2723.0,0.006,852,99,4.2
2723.5,0.006,853,99,4.2
2724.0,0.006,853,100,4.2
2724.5,0.005,853,101,3.6
2725.0,0.006,854,100,3.6
2725.5,0.006,854,100,3.6
2726.0,0.006,854,100,3.0
2726.5,0.005,855,100,3.0
2727.0,0.008,855,100,3.0
2727.5,0.006,855,100,3.6
2728.0,0.008,855,100,3.0
2728.5,0.006,856,100,2.4000000000000004
2729.0,0.008,856,100,1.8
2729.5,0.006,856,101,1.8
2730.0,0.006,857,101,1.8
2730.5,0.008,857,100,1.2000000000000002
2731.0,0.008,857,100,1.2000000000000002
2731.5,0.008,858,99,1.2000000000000002
2732.0,0.006,858,99,1.2000000000000002
2732.5,0.008,858,98,1.2000000000000002
2733.0,0.008,858,98,1.8
2733.5,0.008,859,98,1.2000000000000002
2734.0,0.01,859,98,0.6000000000000001
2734.5,0.006,859,98,0.0
2735.0,0.008,860,98,0.0
2735.5,0.008,860,98,0.0
2736.0,0.008,860,98,0.0
2736.5,0.008,861,98,0.0
2737.0,0.008,861,98,0.0
2737.5,0.006,861,98,0.0
2738.0,0.006,861,98,0.0
2738.5,0.006,862,98,0.0
2739.0,0.008,862,99,0.0
2739.5,0.008,862,99,0.0
2740.0,0.008,863,99,0.0
2740.5,0.008,863,101,0.0
2741.0,0.006,863,101,0.6000000000000001
2741.5,0.008,864,101,0.6000000000000001
2742.0,0.008,864,101,0.6000000000000001
2742.5,0.006,864,101,0.6000000000000001
2743.0,0.008,864,100,0.0
2743.5,0.006,865,100,0.0
2744.0,0.008,865,100,0.0
2744.5,0.008,865,100,2.4000000000000004
2745.0,0.01,866,99,3.6
2745.5,0.008,866,100,4.2
2746.0,0.008,866,101,4.2
2746.5,0.008,867,100,3.6
2747.0,0.006,867,100,3.6
2747.5,0.008,867,100,3.0
2748.0,0.008,867,99,3.0
2748.5,0.008,868,99,3.0
2749.0,0.006,868,99,3.6
2749.5,0.008,868,99,3.6
2750.0,0.008,869,100,4.2
2750.5,0.008,869,100,4.2
2751.0,0.008,869,100,4.800000000000001
2751.5,0.008,870,101,4.800000000000001
2752.0,0.006,870,100,4.800000000000001
2752.5,0.008,870,101,4.2
2753.0,0.006,871,101,3.6
2753.5,0.008,871,100,3.6
2754.0,0.008,871,100,3.6
2754.5,0.006,871,101,3.6
2755.0,0.008,872,100,4.2
2755.5,0.006,872,100,3.6
2756.0,0.005,872,100,3.6
2756.5,0.008,873,100,3.6
2757.0,0.008,873,100,4.2
2757.5,0.008,873,101,3.6
2758.0,0.006,873,101,3.0
2758.5,0.006,874,101,3.0
2759.0,0.006,874,101,3.0
2759.5,0.01,874,101,3.0
2760.0,0.005,875,101,3.0
2760.5,0.006,875,100,3.6
2761.0,0.006,875,100,2.4000000000000004
2761.5,0.006,876,100,1.8
2762.0,0.006,876,101,1.2000000000000002
2762.5,0.01,876,101,1.2000000000000002
2763.0,0.006,876,100,1.2000000000000002
2763.5,0.008,877,100,1.2000000000000002
2764.0,0.006,877,99,1.2000000000000002
2764.5,0.008,877,99,1.2000000000000002
2765.0,0.008,878,98,1.2000000000000002
2765.5,0.008,878,98,1.2000000000000002
2766.0,0.006,878,98,1.8
2766.5,0.008,879,97,0.6000000000000001
2767.0,0.008,879,97,0.0
2767.5,0.008,879,98,0.0
2768.0,0.008,880,98,0.0
2768.5,0.008,880,98,0.0
2769.0,0.008,880,98,0.0
2769.5,0.01,880,98,0.0
2770.0,0.006,881,98,0.0
2770.5,0.008,881,98,0.0
2771.0,0.006,881,98,0.0
2771.5,0.01,882,98,0.0
2772.0,0.01,882,99,0.0
2772.5,0.01,882,99,0.0
2773.0,0.008,882,100,0.0
2773.5,0.008,883,100,0.6000000000000001
2774.0,0.006,883,101,0.6000000000000001
2774.5,0.01,883,101,0.0
2775.0,0.008,884,100,0.0
2775.5,0.008,884,100,0.0
2776.0,0.006,884,100,0.0
2776.5,0.006,885,100,0.0
2777.0,0.008,885,99,1.2000000000000002
2777.5,0.008,885,99,3.0
2778.0,0.008,885,100,3.6
2778.5,0.01,886,100,4.2
2779.0,0.008,886,100,3.6
2779.5,0.008,886,100,3.6
2780.0,0.006,887,100,3.6
2780.5,0.01,887,99,3.0
2781.0,0.01,887,99,3.0
2781.5,0.01,888,99,3.6
2782.0,0.006,888,99,3.6
2782.5,0.01,888,99,3.6
2783.0,0.011,889,100,4.800000000000001
2783.5,0.01,890,100,4.2
2784.0,0.008,890,100,3.6
2784.5,0.006,890,100,3.6
2785.0,0.008,891,100,3.6
2785.5,0.008,891,100,3.6
2786.0,0.01,891,100,4.2
2786.5,0.008,891,100,3.6
2787.0,0.006,892,100,3.6
2787.5,0.006,892,100,3.6
2788.0,0.01,892,100,3.6
2788.5,0.01,893,101,3.6
2789.0,0.006,893,101,3.6
2789.5,0.008,893,100,3.0
2790.0,0.006,894,101,3.0
2790.5,0.006,894,101,3.0
2791.0,0.011,894,101,3.0
2791.5,0.008,895,101,3.6
2792.0,0.006,895,100,3.0
2792.5,0.006,895,100,1.8
2793.0,0.006,895,101,1.8
2793.5,0.006,896,101,1.8
2794.0,0.01,896,101,1.8
2794.5,0.01,896,100,1.2000000000000002
2795.0,0.006,897,99,1.2000000000000002
2795.5,0.008,897,99,1.2000000000000002
2796.0,0.006,897,99,1.2000000000000002
2796.5,0.006,898,98,1.2000000000000002
2797.0,0.008,898,98,1.2000000000000002
2797.5,0.01,898,98,0.6000000000000001
2798.0,0.006,898,98,0.0
2798.5,0.01,899,98,0.0
2799.0,0.01,899,98,0.0
2799.5,0.008,899,98,0.0
2800.0,0.008,900,99,0.0
2800.5,0.008,900,98,0.0
2801.0,0.008,900,98,0.0
2801.5,0.01,900,98,0.0
2802.0,0.008,901,98,0.0
2802.5,0.006,901,99,0.0
2803.0,0.008,901,99,0.0
2803.5,0.008,902,99,0.0
2804.0,0.01,902,101,0.0
2804.5,0.008,902,100,0.0
2805.0,0.006,903,101,0.6000000000000001
2805.5,0.008,903,101,0.6000000000000001
2806.0,0.006,903,100,0.0
2806.5,0.01,904,100,0.0
2807.0,0.006,904,100,0.0
2807.5,0.008,904,100,0.0
2808.0,0.008,904,100,1.2000000000000002
2808.5,0.01,905,100,4.2
2809.0,0.006,906,100,3.6
2809.5,0.011,906,100,3.6
2810.0,0.006,906,100,3.6
2810.5,0.011,907,99,3.0
2811.0,0.008,907,99,3.0
2811.5,0.01,907,99,3.0
2812.0,0.008,907,99,3.6
2812.5,0.011,908,99,3.6
2813.0,0.008,908,99,3.6
2813.5,0.008,908,99,4.2
2814.0,0.008,909,99,4.800000000000001
2814.5,0.008,909,100,4.800000000000001
2815.0,0.01,909,100,4.800000000000001
2815.5,0.013,910,100,4.2
2816.0,0.008,910,100,4.2
2816.5,0.008,910,99,4.2
2817.0,0.008,910,99,4.2
2817.5,0.008,911,99,4.2
2818.0,0.006,911,100,4.2
2818.5,0.011,911,99,4.2
2819.0,0.008,912,99,4.2
2819.5,0.006,912,99,4.2
2820.0,0.006,912,99,3.6
2820.5,0.006,913,100,3.6
2821.0,0.008,913,100,3.0
2821.5,0.01,913,100,3.0
2822.0,0.008,913,100,3.0
2822.5,0.006,914,100,3.6
2823.0,0.008,914,100,3.6
2823.5,0.006,914,100,3.6
2824.0,0.008,915,100,2.4000000000000004
2824.5,0.008,915,100,1.8
2825.0,0.01,915,100,1.8
2825.5,0.006,915,100,1.2000000000000002
2826.0,0.008,916,100,1.2000000000000002
2826.5,0.008,916,99,1.2000000000000002
2827.0,0.008,916,98,1.2000000000000002
2827.5,0.006,917,98,1.2000000000000002
2828.0,0.008,917,98,1.2000000000000002
2828.5,0.006,917,97,1.8
2829.0,0.008,918,97,1.2000000000000002
2829.5,0.006,918,97,0.6000000000000001
2830.0,0.008,918,97,0.0
2830.5,0.008,919,97,0.0
2831.0,0.011,919,98,0.0
2831.5,0.008,919,98,0.0
2832.0,0.008,919,98,0.0
2832.5,0.01,920,98,0.0
2833.0,0.008,920,98,0.0
2833.5,0.008,920,98,0.0
2834.0,0.008,921,99,0.6000000000000001
2834.5,0.006,922,100,0.0
2835.0,0.008,922,100,0.0
2835.5,0.01,922,100,0.0
2836.0,0.008,923,100,0.6000000000000001
2836.5,0.008,923,100,0.0
2837.0,0.008,923,100,0.0
2837.5,0.008,924,100,0.0
2838.0,0.008,924,99,0.6000000000000001
2838.5,0.006,924,99,2.4000000000000004
2839.0,0.006,924,99,3.6
2839.5,0.008,925,99,4.2
2840.0,0.008,925,100,4.800000000000001
2840.5,0.01,925,100,4.2
2841.0,0.008,926,100,3.6
2841.5,0.008,926,99,3.6
2842.0,0.008,926,99,3.6
2842.5,0.011,927,99,3.6
2843.0,0.006,927,98,3.6
2843.5,0.008,927,99,4.2
2844.0,0.006,927,99,4.2
2844.5,0.008,928,99,4.2
2845.0,0.008,928,99,4.800000000000001
2845.5,0.011,928,100,4.800000000000001
2846.0,0.008,929,100,4.800000000000001
2846.5,0.008,929,100,4.2
2847.0,0.008,929,100,4.2
2847.5,0.008,930,100,4.2
2848.0,0.008,930,99,3.6
2848.5,0.01,930,99,4.2
2849.0,0.008,930,99,4.800000000000001
2849.5,0.006,931,99,4.2
2850.0,0.008,931,99,4.2
2850.5,0.008,931,99,4.2
2851.0,0.008,932,100,4.2
2851.5,0.008,932,100,3.6
2852.0,0.008,932,100,3.6
2852.5,0.006,933,100,3.6
2853.0,0.008,933,100,3.6
2853.5,0.01,933,100,3.6
2854.0,0.006,933,100,3.6
2854.5,0.006,934,100,3.6
2855.0,0.008,934,100,3.0
2855.5,0.006,934,100,2.4000000000000004
2856.0,0.008,935,100,1.8
2856.5,0.006,935,101,1.8
2857.0,0.008,935,100,1.8
2857.5,0.006,936,100,1.2000000000000002
2858.0,0.008,936,99,1.2000000000000002
2858.5,0.008,936,99,1.2000000000000002
2859.0,0.008,936,98,1.2000000000000002
2859.5,0.008,937,98,1.8
2860.0,0.008,937,98,1.8
2860.5,0.008,937,98,1.2000000000000002
2861.0,0.006,938,98,0.0
2861.5,0.008,938,98,0.0
2862.0,0.008,938,98,0.0
2862.5,0.006,939,98,0.0
2863.0,0.01,939,98,0.0
2863.5,0.008,939,98,0.0
2864.0,0.01,939,98,0.0
2864.5,0.006,940,98,0.0
2865.0,0.008,940,98,0.0
2865.5,0.006,940,98,0.0
2866.0,0.01,941,99,0.0
2866.5,0.008,941,99,0.0
2867.0,0.01,941,100,0.0
2867.5,0.006,942,101,0.0
2868.0,0.008,942,101,0.6000000000000001
2868.5,0.005,942,100,0.6000000000000001
2869.0,0.01,942,100,0.0
2869.5,0.006,943,100,0.0
2870.0,0.008,943,100,0.0
2870.5,0.006,943,100,0.0
2871.0,0.008,944,99,1.2000000000000002
2871.5,0.006,944,99,3.6
2872.0,0.008,944,99,3.6
2872.5,0.006,944,100,4.2
2873.0,0.008,945,100,4.2
2873.5,0.006,945,100,3.6
2874.0,0.008,945,99,3.6
2874.5,0.008,946,99,3.6
2875.0,0.008,946,99,3.6
2875.5,0.008,946,99,3.6
2876.0,0.008,947,98,3.6
2876.5,0.008,947,99,4.2
2877.0,0.008,947,99,4.2
2877.5,0.008,948,99,4.800000000000001
2878.0,0.006,948,99,4.800000000000001
2878.5,0.008,948,100,4.800000000000001
2879.0,0.01,948,100,4.800000000000001
2879.5,0.008,949,100,4.2
2880.0,0.008,949,100,4.2
2880.5,0.008,949,100,4.2
2881.0,0.006,950,100,4.2
2881.5,0.006,951,100,4.2
2882.0,0.008,952,100,3.6
2882.5,0.008,952,100,3.0
2883.0,0.008,952,100,3.0
2883.5,0.006,953,100,3.0
2884.0,0.01,953,100,3.6
2884.5,0.006,953,100,3.6
2885.0,0.008,954,100,3.0
2885.5,0.006,954,100,2.4000000000000004
2886.0,0.006,954,100,1.8
2886.5,0.006,954,100,1.8
2887.0,0.008,955,100,1.2000000000000002
2887.5,0.005,955,100,1.2000000000000002
2888.0,0.006,955,100,1.2000000000000002
2888.5,0.006,956,99,1.2000000000000002
2889.0,0.006,956,98,1.2000000000000002
2889.5,0.006,956,98,1.2000000000000002
2890.0,0.008,957,97,1.2000000000000002
2890.5,0.006,957,97,1.2000000000000002
2891.0,0.006,957,97,0.0
2891.5,0.008,957,97,0.0
2892.0,0.008,958,97,0.0
2892.5,0.005,958,98,0.0
2893.0,0.01,958,98,0.0
2893.5,0.008,959,98,0.0
2894.0,0.006,959,98,0.0
2894.5,0.008,959,98,0.0
2895.0,0.008,959,98,0.0
2895.5,0.008,960,98,0.0
2896.0,0.01,960,99,0.0
2896.5,0.008,960,99,0.0
2897.0,0.006,961,99,0.0
2897.5,0.006,961,100,0.6000000000000001
2898.0,0.008,961,100,0.6000000000000001
2898.5,0.008,962,101,0.6000000000000001
2899.0,0.01,962,100,0.6000000000000001
2899.5,0.006,962,100,0.6000000000000001
2900.0,0.008,963,100,0.6000000000000001
2900.5,0.006,963,100,0.0
2901.0,0.008,963,99,0.6000000000000001
2901.5,0.005,963,99,3.0
2902.0,0.008,964,99,4.2
2902.5,0.006,964,99,4.2
2903.0,0.01,964,100,4.800000000000001
2903.5,0.008,965,100,4.2
2904.0,0.008,965,100,3.6
2904.5,0.006,965,99,3.6
2905.0,0.008,965,99,3.6
2905.5,0.006,966,99,3.6
2906.0,0.006,966,98,3.6
2906.5,0.006,966,99,4.2
2907.0,0.008,967,99,4.2
2907.5,0.008,967,99,4.2
2908.0,0.011,967,99,4.800000000000001
2908.5,0.008,968,100,4.800000000000001
2909.0,0.008,968,100,4.800000000000001
2909.5,0.008,968,100,4.800000000000001
2910.0,0.008,968,100,4.800000000000001
2910.5,0.006,969,100,4.2
2911.0,0.01,969,100,4.2
2911.5,0.008,969,99,4.800000000000001
2912.0,0.006,970,99,4.800000000000001
2912.5,0.008,970,99,4.2
2913.0,0.006,970,99,4.2
2913.5,0.006,971,100,4.2
2914.0,0.008,971,100,4.2
2914.5,0.01,971,100,3.6
2915.0,0.006,971,100,3.6
2915.5,0.008,972,100,3.6
2916.0,0.006,972,100,3.6
2916.5,0.005,972,100,3.6
2917.0,0.006,973,100,3.6
2917.5,0.011,973,100,4.2
2918.0,0.006,973,100,3.0
2918.5,0.008,974,100,2.4000000000000004
2919.0,0.006,974,100,1.8
2919.5,0.006,974,101,1.8
2920.0,0.006,974,100,1.8
2920.5,0.01,975,100,1.2000000000000002
2921.0,0.006,975,99,1.2000000000000002
2921.5,0.008,975,99,1.2000000000000002
2922.0,0.006,976,98,1.2000000000000002
2922.5,0.006,976,98,1.2000000000000002
2923.0,0.005,976,97,1.8
2923.5,0.01,977,98,0.6000000000000001
2924.0,0.006,977,97,0.0
2924.5,0.008,977,97,0.0
2925.0,0.006,977,97,0.0
2925.5,0.006,978,98,0.0
2926.0,0.006,978,98,0.0
2926.5,0.011,978,98,0.0
2927.0,0.006,979,98,0.0
2927.5,0.01,979,98,0.0
2928.0,0.008,979,98,0.0
2928.5,0.008,979,99,0.0
2929.0,0.006,980,99,0.0
2929.5,0.011,980,99,0.0
2930.0,0.008,980,101,0.0
2930.5,0.008,981,101,0.6000000000000001
2931.0,0.008,981,101,0.6000000000000001
2931.5,0.008,981,101,0.6000000000000001
2932.0,0.006,982,101,0.6000000000000001
2932.5,0.01,982,100,0.6000000000000001
2933.0,0.006,982,100,0.0
2933.5,0.008,983,100,0.0
2934.0,0.006,983,100,1.8
2934.5,0.006,983,99,3.0
2935.0,0.006,983,100,4.2
2935.5,0.008,984,100,4.2
2936.0,0.006,984,100,4.2
2936.5,0.008,984,100,4.2
2937.0,0.01,985,100,3.6
2937.5,0.006,985,99,3.6
2938.0,0.005,985,99,3.6
2938.5,0.006,986,99,3.6
2939.0,0.008,986,99,3.6
2939.5,0.006,986,99,4.2
2940.0,0.008,986,100,4.2
2940.5,0.005,987,100,4.800000000000001
2941.0,0.006,987,100,4.800000000000001
2941.5,0.006,987,101,4.800000000000001
2942.0,0.008,988,101,4.800000000000001
2942.5,0.008,988,100,4.2
2943.0,0.006,988,100,4.2
2943.5,0.005,989,100,4.2
2944.0,0.006,989,100,4.2
2944.5,0.006,989,100,4.800000000000001
2945.0,0.006,989,101,4.2
2945.5,0.008,990,100,4.2
2946.0,0.006,990,100,4.2
2946.5,0.006,990,100,4.2
2947.0,0.006,991,101,4.2
2947.5,0.005,991,100,3.6
2948.0,0.005,991,101,3.0
2948.5,0.005,992,100,3.0
2949.0,0.005,992,101,3.0
2949.5,0.005,992,101,3.6
2950.0,0.008,992,101,3.6
2950.5,0.005,993,101,3.0
2951.0,0.006,993,101,2.4000000000000004
2951.5,0.006,993,101,1.8
2952.0,0.006,994,101,1.8
2952.5,0.005,994,101,1.2000000000000002
2953.0,0.008,994,101,1.8
2953.5,0.005,995,100,1.8
2954.0,0.006,995,100,1.2000000000000002
2954.5,0.005,995,99,1.2000000000000002
2955.0,0.006,996,98,1.8
2955.5,0.006,996,98,1.8
2956.0,0.006,996,98,1.2000000000000002
2956.5,0.006,996,98,0.0
2957.0,0.008,997,98,0.0
2957.5,0.006,997,99,0.0
2958.0,0.008,997,99,0.0
2958.5,0.006,998,99,0.0
2959.0,0.006,998,99,0.0
2959.5,0.006,998,99,0.0
2960.0,0.006,998,99,0.0
2960.5,0.008,999,99,0.0
2961.0,0.01,999,100,0.0
2961.5,0.006,999,100,0.0
2962.0,0.006,1000,100,0.0
2962.5,0.005,1000,101,0.6000000000000001
2963.0,0.008,1000,102,0.6000000000000001
2963.5,0.006,1001,102,0.6000000000000001
2964.0,0.008,1001,101,0.6000000000000001
2964.5,0.006,1001,101,0.6000000000000001
2965.0,0.005,1002,101,0.0
2965.5,0.005,1002,101,0.0
2966.0,0.008,1002,101,0.6000000000000001
2966.5,0.006,1002,100,1.8
2967.0,0.006,1003,100,3.0
2967.5,0.005,1003,100,4.2
2968.0,0.006,1003,101,4.2
2968.5,0.005,1004,100,3.6
2969.0,0.006,1004,100,4.2
2969.5,0.005,1004,100,3.6
2970.0,0.008,1005,99,3.0
2970.5,0.005,1005,99,3.0
2971.0,0.006,1005,99,3.6
2971.5,0.005,1005,99,3.6
2972.0,0.006,1006,99,4.2
2972.5,0.005,1006,100,4.2
2973.0,0.006,1006,100,4.800000000000001
2973.5,0.006,1007,100,4.800000000000001
2974.0,0.006,1007,100,4.800000000000001
2974.5,0.005,1007,100,4.800000000000001
2975.0,0.006,1008,100,4.2
2975.5,0.006,1008,100,4.2
2976.0,0.006,1008,100,3.6
2976.5,0.008,1008,100,4.2
2977.0,0.006,1009,100,4.2
2977.5,0.005,1009,100,4.2
2978.0,0.006,1009,99,3.6
2978.5,0.006,1010,100,4.2
2979.0,0.008,1010,100,3.6
2979.5,0.006,1010,100,3.6
2980.0,0.006,1011,100,3.6
2980.5,0.005,1011,100,3.0
2981.0,0.006,1011,101,3.0
2981.5,0.005,1012,101,3.0
2982.0,0.008,1012,100,3.6
2982.5,0.006,1012,100,3.6
2983.0,0.006,1012,100,2.4000000000000004
2983.5,0.005,1013,100,2.4000000000000004
2984.0,0.006,1013,101,1.8
2984.5,0.005,1013,101,1.8
2985.0,0.005,1014,101,1.2000000000000002
2985.5,0.008,1014,100,1.2000000000000002
2986.0,0.006,1014,99,1.2000000000000002
2986.5,0.005,1015,99,1.2000000000000002
2987.0,0.005,1015,99,1.2000000000000002
2987.5,0.005,1015,98,1.2000000000000002
2988.0,0.008,1015,98,1.2000000000000002
2988.5,0.006,1016,98,0.6000000000000001
2989.0,0.005,1016,98,0.0
2989.5,0.008,1016,98,0.0
2990.0,0.005,1017,98,0.0
2990.5,0.006,1017,98,0.0
2991.0,0.008,1017,98,0.0
2991.5,0.006,1017,98,0.0
2992.0,0.005,1018,98,0.0
2992.5,0.008,1018,98,0.0
2993.0,0.006,1018,99,0.0
2993.5,0.006,1019,98,0.0
2994.0,0.006,1019,99,0.0
2994.5,0.008,1019,100,0.0
2995.0,0.006,1020,100,0.0
2995.5,0.006,1020,101,0.0
2996.0,0.005,1020,101,0.6000000000000001
2996.5,0.008,1020,101,0.0
2997.0,0.006,1021,100,0.0
2997.5,0.005,1021,100,0.0
2998.0,0.006,1021,100,0.0
2998.5,0.005,1022,100,0.0
2999.0,0.005,1022,100,1.2000000000000002
2999.5,0.006,1022,99,3.0
3000.0,0.005,1023,100,3.6
3000.5,0.006,1023,100,4.2
3001.0,0.005,1023,100,4.2
3001.5,0.003,1023,100,3.6
3002.0,0.005,1024,100,3.6
3002.5,0.008,1024,100,3.0
3003.0,0.006,1024,99,3.0
3003.5,0.006,1025,99,3.0
3004.0,0.006,1025,99,3.6
3004.5,0.006,1025,99,3.6
3005.0,0.005,1026,100,3.6
3005.5,0.008,1026,100,4.800000000000001
3006.0,0.005,1026,100,4.800000000000001
3006.5,0.006,1026,100,4.800000000000001
3007.0,0.005,1027,100,4.2
3007.5,0.008,1027,101,4.2
3008.0,0.006,1027,100,3.6
3008.5,0.008,1028,100,3.6
3009.0,0.006,1028,100,4.2
3009.5,0.008,1028,100,4.2
3010.0,0.005,1029,100,4.2
3010.5,0.006,1029,100,3.6
3011.0,0.005,1029,99,3.6
3011.5,0.01,1029,100,3.6
3012.0,0.005,1030,100,3.6
3012.5,0.006,1030,100,3.6
3013.0,0.005,1030,100,3.0
3013.5,0.006,1031,100,3.0
3014.0,0.003,1031,100,3.0
3014.5,0.006,1031,100,3.6
3015.0,0.005,1032,100,3.6
3015.5,0.006,1032,100,3.0
3016.0,0.005,1032,100,2.4000000000000004
3016.5,0.008,1032,100,1.8
3017.0,0.006,1033,101,1.8
3017.5,0.006,1033,100,1.2000000000000002
3018.0,0.005,1033,100,1.2000000000000002
3018.5,0.005,1034,99,1.2000000000000002
3019.0,0.005,1034,99,1.2000000000000002
3019.5,0.008,1034,98,1.2000000000000002
3020.0,0.006,1035,98,1.2000000000000002
3020.5,0.006,1035,97,1.2000000000000002
3021.0,0.005,1035,97,1.2000000000000002
3021.5,0.005,1036,97,0.6000000000000001
3022.0,0.006,1036,98,0.0
3022.5,0.008,1036,97,0.0
3023.0,0.005,1036,98,0.0
3023.5,0.005,1037,98,0.0
3024.0,0.005,1037,98,0.0
3024.5,0.005,1037,98,0.0
3025.0,0.006,1038,98,0.0
3025.5,0.008,1038,98,0.0
3026.0,0.006,1038,99,0.0
3026.5,0.006,1038,99,0.0
3027.0,0.006,1039,99,0.0
3027.5,0.005,1039,100,0.0
3028.0,0.008,1039,101,0.6000000000000001
3028.5,0.008,1040,100,0.0
3029.0,0.006,1040,101,0.0
3029.5,0.006,1040,101,0.0
3030.0,0.008,1041,100,0.0
3030.5,0.006,1041,100,0.0
3031.0,0.006,1041,100,0.0
3031.5,0.006,1041,99,0.6000000000000001
3032.0,0.005,1042,99,2.4000000000000004
3032.5,0.006,1042,99,3.6
3033.0,0.01,1042,99,4.2
3033.5,0.005,1043,100,4.2
3034.0,0.005,1043,100,3.6
3034.5,0.006,1043,100,3.6
3035.0,0.006,1044,99,3.6
3035.5,0.006,1044,99,3.6
3036.0,0.008,1044,99,3.6
3036.5,0.006,1044,99,3.6
3037.0,0.006,1045,99,4.2
3037.5,0.006,1045,99,3.6
3038.0,0.008,1045,99,4.2
3038.5,0.006,1046,99,4.800000000000001
3039.0,0.01,1046,100,4.800000000000001
3039.5,0.006,1046,100,4.800000000000001
3040.0,0.008,1047,100,4.800000000000001
3040.5,0.006,1047,100,4.2
3041.0,0.008,1047,100,4.2
3041.5,0.008,1047,100,3.6
3042.0,0.01,1048,100,4.2
3042.5,0.006,1048,100,4.800000000000001
3043.0,0.008,1048,100,4.2
3043.5,0.008,1049,100,4.2
3044.0,0.008,1049,100,4.2
3044.5,0.008,1049,100,4.2
3045.0,0.01,1050,100,3.6
3045.5,0.008,1050,100,3.6
3046.0,0.01,1050,100,3.6
3046.5,0.008,1051,100,3.6
3047.0,0.006,1051,100,3.6
3047.5,0.006,1051,100,3.6
3048.0,0.011,1051,100,3.6
3048.5,0.008,1052,100,3.0
3049.0,0.008,1052,100,2.4000000000000004
3049.5,0.006,1052,100,1.8
3050.0,0.008,1053,100,1.8
3050.5,0.006,1053,100,1.2000000000000002
3051.0,0.01,1053,100,1.2000000000000002
3051.5,0.006,1054,99,1.2000000000000002
3052.0,0.008,1054,99,1.2000000000000002
3052.5,0.006,1054,98,1.2000000000000002
3053.0,0.01,1054,97,1.8
3053.5,0.008,1055,97,1.2000000000000002
3054.0,0.01,1055,97,0.6000000000000001
3054.5,0.008,1055,97,0.0
3055.0,0.006,1056,97,0.0
3055.5,0.008,1056,97,0.0
3056.0,0.01,1056,98,0.0
3056.5,0.008,1056,98,0.0
3057.0,0.01,1057,98,0.0
3057.5,0.01,1057,98,0.0
3058.0,0.006,1057,98,0.0
3058.5,0.01,1058,98,0.0
3059.0,0.01,1058,98,0.0
3059.5,0.008,1058,99,0.0
3060.0,0.008,1058,99,0.0
3060.5,0.011,1059,100,0.0
3061.0,0.008,1059,101,0.6000000000000001
3061.5,0.01,1059,101,0.6000000000000001
3062.0,0.008,1060,101,0.6000000000000001
3062.5,0.006,1060,100,0.0
3063.0,0.006,1060,100,0.0
3063.5,0.008,1061,100,0.0
3064.0,0.006,1061,100,0.0
3064.5,0.01,1061,99,1.8
3065.0,0.008,1061,99,3.6
3065.5,0.006,1062,100,4.2
3066.0,0.008,1062,100,4.2
3066.5,0.008,1062,100,4.2
3067.0,0.006,1063,100,3.6
3067.5,0.01,1063,100,3.6
3068.0,0.008,1063,99,3.6
3068.5,0.006,1064,99,3.6
3069.0,0.006,1064,99,3.6
3069.5,0.01,1064,99,3.6
3070.0,0.008,1065,99,4.2
3070.5,0.01,1065,100,4.2
3071.0,0.008,1065,100,4.800000000000001
3071.5,0.008,1065,100,4.800000000000001
3072.0,0.008,1066,100,4.800000000000001
3072.5,0.008,1066,100,4.800000000000001
3073.0,0.008,1066,100,4.2
3073.5,0.01,1067,100,4.2
3074.0,0.01,1067,100,4.2
3074.5,0.008,1067,100,4.2
3075.0,0.008,1068,100,4.800000000000001
3075.5,0.01,1068,100,4.2
3076.0,0.008,1068,100,4.2
3076.5,0.008,1068,100,4.2
3077.0,0.01,1069,100,4.2
3077.5,0.008,1069,100,3.6
3078.0,0.008,1069,101,3.6
3078.5,0.008,1070,100,3.0
3079.0,0.006,1070,101,3.0
3079.5,0.01,1070,101,3.0
3080.0,0.006,1071,101,3.6
3080.5,0.006,1071,100,3.6
3081.0,0.006,1071,100,3.0
3081.5,0.008,1071,100,2.4000000000000004
3082.0,0.01,1072,101,1.8
3082.5,0.01,1072,101,1.8
3083.0,0.006,1072,101,1.2000000000000002
3083.5,0.008,1073,100,1.2000000000000002
3084.0,0.005,1073,99,1.2000000000000002
3084.5,0.008,1073,99,1.8
3085.0,0.008,1074,99,1.8
3085.5,0.01,1074,98,1.2000000000000002
3086.0,0.006,1074,97,1.8
3086.5,0.008,1074,97,0.6000000000000001
3087.0,0.006,1075,97,0.0
3087.5,0.01,1075,97,0.0
3088.0,0.01,1075,97,0.0
3088.5,0.01,1076,97,0.0
3089.0,0.008,1076,98,0.0
3089.5,0.01,1076,97,0.0
3090.0,0.01,1076,98,0.0
3090.5,0.011,1077,98,0.0
3091.0,0.01,1077,98,0.0
3091.5,0.011,1077,98,0.0
3092.0,0.008,1078,98,0.0
3092.5,0.01,1078,99,0.0
3093.0,0.008,1078,99,0.6000000000000001
3093.5,0.011,1079,100,0.6000000000000001
3094.0,0.01,1079,100,0.6000000000000001
3094.5,0.011,1079,100,0.6000000000000001
3095.0,0.008,1080,100,0.6000000000000001
3095.5,0.01,1080,99,0.0
3096.0,0.01,1080,99,0.0
3096.5,0.008,1080,99,0.0
3097.0,0.008,1081,99,1.2000000000000002
3097.5,0.011,1081,98,3.0
3098.0,0.01,1081,98,4.2
3098.5,0.006,1082,99,4.800000000000001
3099.0,0.008,1082,100,4.800000000000001
3099.5,0.008,1082,99,4.2
3100.0,0.01,1082,99,3.6
3100.5,0.01,1083,99,3.6
3101.0,0.01,1083,98,3.6
3101.5,0.008,1083,98,3.6
3102.0,0.01,1084,98,3.6
3102.5,0.01,1084,98,4.2
3103.0,0.01,1084,99,4.2
3103.5,0.008,1085,99,4.800000000000001
3104.0,0.01,1085,99,5.4
3104.5,0.008,1085,99,5.4
3105.0,0.008,1085,100,4.800000000000001
3105.5,0.008,1086,100,4.800000000000001
3106.0,0.008,1086,99,4.2
3106.5,0.008,1086,99,4.2
3107.0,0.011,1087,99,4.2
3107.5,0.008,1087,99,4.800000000000001
3108.0,0.01,1087,99,4.800000000000001
3108.5,0.008,1088,99,4.2
3109.0,0.01,1088,99,4.2
3109.5,0.01,1088,99,4.2
3110.0,0.011,1088,99,4.2
3110.5,0.008,1090,100,3.6
3111.0,0.01,1090,100,3.6
3111.5,0.011,1090,100,4.2
3112.0,0.008,1091,100,3.6
3112.5,0.01,1091,100,3.0
3113.0,0.008,1091,100,2.4000000000000004
3113.5,0.008,1091,100,1.8
3114.0,0.008,1092,101,1.8
3114.5,0.011,1092,100,1.8
3115.0,0.01,1092,100,1.8
3115.5,0.008,1093,99,1.2000000000000002
3116.0,0.008,1093,99,1.2000000000000002
3116.5,0.008,1093,98,1.2000000000000002
3117.0,0.008,1094,98,1.2000000000000002
3117.5,0.011,1094,97,1.8
3118.0,0.006,1094,97,0.6000000000000001
3118.5,0.008,1094,97,0.0
3119.0,0.008,1095,97,0.0
3119.5,0.008,1095,98,0.0
3120.0,0.008,1095,98,0.0
3120.5,0.01,1096,98,0.0
3121.0,0.01,1096,98,0.0
3121.5,0.008,1096,98,0.0
3122.0,0.008,1096,98,0.0
3122.5,0.008,1097,98,0.0
3123.0,0.008,1097,99,0.0
3123.5,0.008,1097,99,0.0
3124.0,0.01,1098,99,0.0
3124.5,0.01,1098,100,0.6000000000000001
3125.0,0.01,1098,101,0.6000000000000001
3125.5,0.01,1099,101,0.6000000000000001
3126.0,0.008,1099,101,0.0
3126.5,0.008,1099,100,0.0
3127.0,0.008,1099,100,0.0
3127.5,0.008,1100,100,0.0
3128.0,0.01,1100,100,0.0
3128.5,0.008,1100,100,1.8
3129.0,0.01,1101,99,3.6
3129.5,0.008,1101,100,4.2
3130.0,0.01,1101,100,4.2
3130.5,0.008,1102,100,4.2
3131.0,0.008,1102,100,3.6
3131.5,0.006,1102,100,3.6
3132.0,0.01,1103,99,3.6
3132.5,0.008,1103,99,3.6
3133.0,0.01,1103,99,3.6
3133.5,0.01,1103,99,4.2
3134.0,0.01,1104,100,4.2
3134.5,0.008,1104,100,4.2
3135.0,0.01,1104,100,4.800000000000001
3135.5,0.008,1105,101,4.800000000000001
3136.0,0.008,1105,101,4.800000000000001
3136.5,0.01,1105,101,4.800000000000001
3137.0,0.01,1106,101,4.2
3137.5,0.006,1106,101,3.6
3138.0,0.01,1106,101,3.6
3138.5,0.01,1106,101,4.2
3139.0,0.008,1107,101,4.800000000000001
3139.5,0.008,1107,101,4.2
3140.0,0.01,1107,101,4.2
3140.5,0.008,1108,101,4.2
3141.0,0.015,1108,101,3.6
3141.5,0.01,1108,101,3.6
3142.0,0.008,1109,102,3.6
3142.5,0.008,1109,102,3.0
3143.0,0.011,1109,101,3.0
3143.5,0.008,1109,102,3.0
3144.0,0.01,1110,101,3.6
3144.5,0.008,1110,101,3.6
3145.0,0.01,1110,101,2.4000000000000004
3145.5,0.008,1111,102,1.8
3146.0,0.008,1111,102,1.8
3146.5,0.008,1111,102,1.8
3147.0,0.01,1112,102,1.2000000000000002
3147.5,0.008,1112,101,1.2000000000000002
3148.0,0.008,1112,100,1.2000000000000002
3148.5,0.008,1113,100,1.2000000000000002
3149.0,0.008,1113,100,1.2000000000000002
3149.5,0.008,1113,99,1.2000000000000002
3150.0,0.01,1113,99,1.2000000000000002
3150.5,0.008,1114,99,0.6000000000000001
3151.0,0.008,1114,99,0.0
3151.5,0.008,1114,99,0.0
3152.0,0.01,1115,99,0.0
3152.5,0.008,1115,99,0.0
3153.0,0.01,1115,99,0.0
3153.5,0.008,1116,99,0.0
3154.0,0.011,1116,99,0.0
3154.5,0.01,1116,99,0.0
3155.0,0.01,1116,99,0.0
3155.5,0.008,1117,100,0.0
3156.0,0.01,1117,100,0.0
3156.5,0.01,1117,100,0.0
3157.0,0.01,1118,101,0.0
3157.5,0.008,1118,101,0.0
3158.0,0.01,1118,102,0.0
3158.5,0.008,1119,102,0.0
3159.0,0.01,1119,101,0.0
3159.5,0.01,1119,101,0.0
3160.0,0.01,1119,101,0.0
3160.5,0.008,1120,101,0.6000000000000001
3161.0,0.01,1120,100,2.4000000000000004
3161.5,0.01,1120,100,3.6
3162.0,0.01,1121,101,4.2
3162.5,0.01,1121,101,4.2
3163.0,0.008,1121,101,3.6
3163.5,0.01,1122,100,3.6
3164.0,0.008,1122,100,3.6
3164.5,0.008,1122,100,3.0
3165.0,0.011,1123,100,3.6
3165.5,0.008,1123,99,3.6
3166.0,0.008,1123,99,3.6
3166.5,0.008,1123,100,3.6
3167.0,0.01,1124,100,4.2
3167.5,0.008,1124,100,4.800000000000001
3168.0,0.011,1124,100,4.800000000000001
3168.5,0.01,1125,100,4.800000000000001
3169.0,0.008,1125,101,4.2
3169.5,0.008,1125,100,3.6
3170.0,0.01,1126,100,3.6
3170.5,0.008,1126,100,3.6
3171.0,0.013,1126,100,4.2
3171.5,0.008,1126,100,4.2
3172.0,0.01,1127,100,3.6
3172.5,0.01,1127,100,4.2
3173.0,0.008,1127,100,4.2
3173.5,0.008,1128,100,3.6
3174.0,0.013,1128,101,3.6
3174.5,0.01,1128,101,3.0
3175.0,0.01,1129,101,3.0
3175.5,0.01,1129,101,3.0
3176.0,0.01,1129,101,3.0
3176.5,0.01,1129,101,3.6
3177.0,0.015,1130,100,3.6
3177.5,0.01,1130,100,2.4000000000000004
3178.0,0.011,1130,101,1.8
3178.5,0.008,1131,101,1.8
3179.0,0.01,1131,101,1.8
3179.5,0.008,1131,101,1.2000000000000002
3180.0,0.015,1132,100,1.2000000000000002
3180.5,0.008,1132,100,1.2000000000000002
3181.0,0.008,1132,99,1.2000000000000002
3181.5,0.01,1133,99,1.2000000000000002
3182.0,0.01,1133,98,1.2000000000000002
3182.5,0.008,1133,98,1.2000000000000002
3183.0,0.011,1133,98,0.6000000000000001
3183.5,0.01,1134,98,0.0
3184.0,0.008,1134,98,0.0
3184.5,0.01,1134,98,0.0
3185.0,0.01,1135,98,0.0
3185.5,0.01,1135,99,0.0
3186.0,0.008,1135,98,0.0
3186.5,0.01,1135,99,0.0
3187.0,0.008,1136,98,0.0
3187.5,0.01,1136,98,0.0
3188.0,0.011,1136,99,0.0
3188.5,0.01,1137,100,0.0
3189.0,0.008,1137,99,0.0
3189.5,0.011,1137,101,0.6000000000000001
3190.0,0.008,1138,101,0.6000000000000001
3190.5,0.008,1138,101,0.6000000000000001
3191.0,0.008,1138,101,0.6000000000000001
3191.5,0.011,1138,101,0.0
3192.0,0.008,1139,100,0.0
3192.5,0.01,1139,100,0.0
3193.0,0.01,1139,100,0.6000000000000001
3193.5,0.011,1140,99,2.4000000000000004
3194.0,0.01,1140,99,3.6
3194.5,0.01,1140,100,4.2
3195.0,0.01,1141,100,4.2
3195.5,0.011,1141,100,3.6
3196.0,0.008,1141,100,3.6
3196.5,0.01,1141,100,3.6
3197.0,0.01,1142,99,3.0
3197.5,0.008,1142,99,3.6
3198.0,0.008,1142,99,3.6
3198.5,0.01,1143,99,3.6
3199.0,0.008,1143,99,4.2
3199.5,0.011,1143,100,4.2
3200.0,0.01,1144,100,4.800000000000001
3200.5,0.01,1144,100,4.800000000000001
3201.0,0.01,1144,100,4.800000000000001
3201.5,0.01,1144,100,4.2
3202.0,0.008,1145,100,4.2
3202.5,0.011,1145,100,3.6
3203.0,0.01,1145,100,3.6
3203.5,0.01,1146,100,4.2
3204.0,0.01,1146,100,4.800000000000001
3204.5,0.011,1146,100,3.6
3205.0,0.01,1147,100,3.6
3205.5,0.013,1147,100,4.2
3206.0,0.013,1147,100,4.2
3206.5,0.01,1148,100,3.6
3207.0,0.008,1148,100,3.0
3207.5,0.011,1148,100,3.0
3208.0,0.01,1148,100,3.0
3208.5,0.015,1149,101,3.0
3209.0,0.011,1149,100,3.6
3209.5,0.01,1149,101,3.6
3210.0,0.01,1150,100,2.4000000000000004
3210.5,0.011,1150,100,1.8
3211.0,0.01,1150,100,1.8
3211.5,0.013,1151,101,1.8
3212.0,0.011,1151,100,1.2000000000000002
3212.5,0.008,1151,100,1.2000000000000002
3213.0,0.01,1151,99,1.2000000000000002
3213.5,0.011,1152,99,1.2000000000000002
3214.0,0.011,1152,99,1.2000000000000002
3214.5,0.01,1152,98,1.2000000000000002
3215.0,0.011,1153,98,1.2000000000000002
3215.5,0.008,1153,98,0.6000000000000001
3216.0,0.008,1153,98,0.0
3216.5,0.011,1153,98,0.0
3217.0,0.01,1154,98,0.0
3217.5,0.008,1154,98,0.0
3218.0,0.01,1154,98,0.0
3218.5,0.01,1155,98,0.0
3219.0,0.008,1155,98,0.0
3219.5,0.01,1155,98,0.0
3220.0,0.008,1156,98,0.0
3220.5,0.008,1156,99,0.0
3221.0,0.011,1156,98,0.0
3221.5,0.01,1157,99,0.0
3222.0,0.008,1157,100,0.6000000000000001
3222.5,0.01,1157,100,0.6000000000000001
3223.0,0.01,1157,101,0.6000000000000001
3223.5,0.01,1158,100,0.6000000000000001
3224.0,0.011,1158,100,0.0
3224.5,0.011,1158,100,0.0
3225.0,0.008,1159,100,0.0
3225.5,0.01,1159,100,0.0
3226.0,0.008,1159,99,1.8
3226.5,0.008,1159,99,3.0
3227.0,0.013,1160,99,4.2
3227.5,0.01,1160,100,4.2
3228.0,0.01,1160,100,4.2
3228.5,0.01,1161,100,3.6
3229.0,0.01,1161,99,3.6
3229.5,0.008,1161,99,3.0
3230.0,0.01,1162,99,3.0
3230.5,0.008,1162,99,3.6
3231.0,0.008,1162,98,3.6
3231.5,0.008,1163,99,4.2
3232.0,0.013,1163,99,4.2
3232.5,0.008,1163,99,4.800000000000001
3233.0,0.01,1163,100,4.800000000000001
3233.5,0.01,1164,100,4.800000000000001
3234.0,0.01,1164,100,4.2
3234.5,0.008,1164,100,4.2
3235.0,0.01,1165,100,3.6
3235.5,0.008,1165,100,3.6
3236.0,0.011,1165,100,4.2
3236.5,0.01,1165,100,4.2
3237.0,0.01,1166,100,4.2
3237.5,0.008,1166,100,3.6
3238.0,0.01,1166,100,3.6
3238.5,0.008,1167,100,3.6
3239.0,0.011,1167,100,3.6
3239.5,0.01,1167,100,3.6
3240.0,0.008,1168,100,3.0
3240.5,0.01,1168,100,3.0
3241.0,0.011,1168,101,3.0
3241.5,0.008,1168,100,3.6
3242.0,0.011,1169,100,3.6
3242.5,0.01,1169,100,3.0
3243.0,0.01,1169,100,2.4000000000000004
3243.5,0.01,1170,100,1.8
3244.0,0.01,1170,101,1.8
3244.5,0.008,1170,101,1.8
3245.0,0.011,1171,100,1.2000000000000002
3245.5,0.008,1171,100,1.2000000000000002
3246.0,0.008,1171,99,1.2000000000000002
3246.5,0.008,1172,99,1.2000000000000002
3247.0,0.008,1172,98,1.2000000000000002
3247.5,0.008,1172,98,1.2000000000000002
3248.0,0.011,1172,98,0.6000000000000001
3248.5,0.01,1173,97,0.0
3249.0,0.006,1173,97,0.0
3249.5,0.008,1173,97,0.0
3250.0,0.008,1174,98,0.0
3250.5,0.006,1174,98,0.0
3251.0,0.01,1174,98,0.0
3251.5,0.01,1174,98,0.0
3252.0,0.006,1175,98,0.0
3252.5,0.006,1175,97,0.0
3253.0,0.01,1175,98,0.0
3253.5,0.008,1176,99,0.0
3254.0,0.01,1176,99,0.0
3254.5,0.01,1176,100,0.0
3255.0,0.008,1177,100,0.6000000000000001
3255.5,0.01,1177,100,0.6000000000000001
3256.0,0.008,1177,100,0.6000000000000001
3256.5,0.01,1177,100,0.0
3257.0,0.01,1178,100,0.6000000000000001
3257.5,0.01,1178,100,0.0
3258.0,0.01,1178,100,0.0
3258.5,0.01,1179,99,0.6000000000000001
3259.0,0.01,1179,99,2.4000000000000004
3259.5,0.008,1179,99,3.6
3260.0,0.008,1180,99,4.2
3260.5,0.011,1180,100,4.2
3261.0,0.008,1180,100,4.2
3261.5,0.01,1180,99,3.6
3262.0,0.01,1181,99,3.6
3262.5,0.008,1181,98,3.6
3263.0,0.008,1181,98,3.6
3263.5,0.01,1182,98,3.6
3264.0,0.008,1182,99,4.2
3264.5,0.008,1182,99,4.2
3265.0,0.008,1182,99,4.800000000000001
3265.5,0.008,1183,99,4.800000000000001
3266.0,0.008,1183,100,4.800000000000001
3266.5,0.01,1183,100,4.800000000000001
3267.0,0.006,1184,100,4.2
3267.5,0.008,1184,100,4.2
3268.0,0.008,1184,100,3.6
3268.5,0.008,1185,100,4.2
3269.0,0.008,1185,100,4.2
3269.5,0.008,1185,100,4.800000000000001
3270.0,0.01,1186,100,3.6
3270.5,0.008,1186,99,4.2
3271.0,0.006,1186,100,3.6
3271.5,0.006,1187,100,3.6
3272.0,0.008,1187,100,3.0
3272.5,0.008,1187,100,3.0
3273.0,0.011,1188,100,3.0
3273.5,0.008,1188,100,3.0
3274.0,0.008,1188,100,3.6
3274.5,0.008,1189,100,3.6
3275.0,0.008,1189,100,2.4000000000000004
3275.5,0.008,1189,100,2.4000000000000004
3276.0,0.01,1189,101,1.8
3276.5,0.008,1190,101,1.8
3277.0,0.008,1190,101,1.8
3277.5,0.005,1190,100,1.2000000000000002
3278.0,0.01,1191,100,1.8
3278.5,0.008,1191,99,1.8
3279.0,0.01,1191,99,1.8
3279.5,0.008,1192,98,1.8
3280.0,0.005,1192,98,1.8
3280.5,0.006,1192,98,0.6000000000000001
3281.0,0.006,1192,98,0.0
3281.5,0.008,1193,98,0.0
3282.0,0.008,1193,98,0.0
3282.5,0.006,1193,99,0.0
3283.0,0.005,1194,99,0.0
3283.5,0.006,1194,98,0.0
3284.0,0.008,1194,99,0.0
3284.5,0.006,1195,98,0.0
3285.0,0.006,1195,99,0.0
3285.5,0.008,1195,99,0.0
3286.0,0.006,1195,99,0.0
3286.5,0.008,1196,99,0.0
3287.0,0.008,1196,101,0.6000000000000001
3287.5,0.008,1196,101,0.6000000000000001
3288.0,0.006,1197,101,0.6000000000000001
3288.5,0.008,1197,101,0.6000000000000001
3289.0,0.006,1197,101,0.0
3289.5,0.006,1198,100,0.0
3290.0,0.006,1198,100,0.0
3290.5,0.006,1198,100,0.6000000000000001
3291.0,0.006,1198,100,1.8
3291.5,0.006,1199,100,3.0
3292.0,0.006,1199,100,4.2
3292.5,0.01,1199,101,4.2
3293.0,0.008,1200,101,3.6
3293.5,0.008,1200,100,3.6
3294.0,0.006,1200,100,3.0
3294.5,0.008,1201,100,3.0
3295.0,0.006,1201,100,3.0
3295.5,0.008,1201,99,3.6
3296.0,0.008,1202,99,3.6
3296.5,0.008,1202,100,4.2
3297.0,0.006,1202,100,4.2
3297.5,0.006,1202,100,4.800000000000001
3298.0,0.006,1203,101,4.800000000000001
3298.5,0.01,1203,101,4.800000000000001
3299.0,0.006,1203,101,4.2
3299.5,0.005,1204,101,4.2
3300.0,0.006,1204,101,3.6
3300.5,0.008,1204,101,3.6
3301.0,0.006,1205,101,4.2
3301.5,0.008,1205,100,4.2
3302.0,0.006,1205,100,3.6
3302.5,0.005,1205,100,3.6
3303.0,0.006,1206,101,3.6
3303.5,0.006,1206,101,3.6
3304.0,0.006,1206,101,3.6
3304.5,0.01,1207,101,3.0
3305.0,0.008,1207,101,3.0
3305.5,0.006,1207,101,3.0
3306.0,0.008,1208,101,3.0
3306.5,0.008,1208,101,3.6
3307.0,0.006,1208,101,3.6
3307.5,0.008,1208,101,2.4000000000000004
3308.0,0.008,1209,101,1.8
3308.5,0.006,1209,101,1.8
3309.0,0.008,1209,102,1.8
3309.5,0.008,1210,101,1.2000000000000002
3310.0,0.006,1210,101,1.2000000000000002
3310.5,0.008,1210,100,1.2000000000000002
3311.0,0.008,1211,100,1.2000000000000002
3311.5,0.008,1211,99,1.2000000000000002
3312.0,0.008,1211,98,1.2000000000000002
3312.5,0.006,1211,98,1.2000000000000002
3313.0,0.006,1212,98,0.6000000000000001
3313.5,0.008,1212,98,0.0
3314.0,0.008,1212,98,0.0
3314.5,0.006,1213,98,0.0
3315.0,0.006,1213,98,0.0
3315.5,0.006,1214,98,0.0
3316.0,0.01,1214,98,0.0
3316.5,0.008,1214,98,0.0
3317.0,0.006,1214,98,0.0
3317.5,0.006,1215,98,0.0
3318.0,0.008,1215,99,0.0
3318.5,0.006,1215,99,0.0
3319.0,0.01,1216,100,0.0
3319.5,0.01,1216,100,0.0
3320.0,0.008,1216,101,0.6000000000000001
3320.5,0.008,1216,100,0.6000000000000001
3321.0,0.006,1217,100,0.6000000000000001
3321.5,0.008,1217,100,0.6000000000000001
3322.0,0.008,1217,100,0.0
3322.5,0.008,1218,99,0.6000000000000001
3323.0,0.008,1218,99,1.8
3323.5,0.008,1218,99,3.6
3324.0,0.01,1219,99,4.2
3324.5,0.008,1219,100,4.2
3325.0,0.008,1219,100,4.2
3325.5,0.008,1220,100,3.6
3326.0,0.011,1220,99,3.6
3326.5,0.008,1220,99,3.0
3327.0,0.008,1220,99,3.0
3327.5,0.006,1221,99,3.6
3328.0,0.006,1221,99,3.6
3328.5,0.006,1221,99,4.2
3329.0,0.008,1222,99,4.2
3329.5,0.008,1222,100,4.800000000000001
3330.0,0.005,1222,100,4.800000000000001
3330.5,0.008,1223,100,4.800000000000001
3331.0,0.01,1223,100,4.2
3331.5,0.008,1223,100,3.6
3332.0,0.006,1223,100,3.6
3332.5,0.008,1224,100,3.6
3333.0,0.006,1224,100,3.6
3333.5,0.008,1224,100,4.2
3334.0,0.008,1225,100,3.6
3334.5,0.01,1225,100,3.6
3335.0,0.006,1225,100,3.6
3335.5,0.008,1226,100,3.6
3336.0,0.006,1226,100,3.6
3336.5,0.008,1226,101,3.0
3337.0,0.008,1226,100,3.0
3337.5,0.01,1227,101,3.0
3338.0,0.005,1227,101,3.0
3338.5,0.008,1227,101,3.0
3339.0,0.008,1228,101,3.6
3339.5,0.01,1228,101,3.0
3340.0,0.008,1230,101,1.2000000000000002
3340.5,0.006,1230,100,1.2000000000000002
3341.0,0.01,1230,100,1.2000000000000002
3341.5,0.01,1230,99,1.2000000000000002
3342.0,0.006,1231,99,1.2000000000000002
3342.5,0.008,1231,98,1.2000000000000002
3343.0,0.008,1231,98,0.6000000000000001
3343.5,0.006,1232,98,0.0
3344.0,0.006,1232,98,0.0
3344.5,0.008,1232,98,0.0
3345.0,0.006,1232,99,0.0
3345.5,0.008,1233,99,0.0
3346.0,0.01,1233,98,0.0
3346.5,0.008,1233,99,0.0
3347.0,0.006,1234,98,0.0
3347.5,0.008,1234,99,0.0
3348.0,0.006,1234,99,0.0
3348.5,0.01,1235,99,0.0
3349.0,0.008,1235,100,0.0
3349.5,0.006,1235,101,0.0
3350.0,0.008,1236,101,0.0
3350.5,0.008,1236,101,0.0
3351.0,0.006,1236,101,0.0
3351.5,0.01,1236,100,0.0
3352.0,0.008,1237,100,0.0
3352.5,0.008,1237,100,0.0
3353.0,0.008,1237,100,0.0
3353.5,0.008,1238,99,1.8
3354.0,0.008,1238,99,3.0
3354.5,0.01,1238,100,3.6
3355.0,0.01,1239,100,4.2
3355.5,0.01,1239,100,3.6
3356.0,0.006,1239,100,3.6
3356.5,0.01,1239,100,3.0
3357.0,0.008,1240,99,3.0
3357.5,0.01,1240,99,3.0
3358.0,0.008,1240,99,3.0
3358.5,0.01,1241,99,3.6
3359.0,0.008,1241,99,3.6
3359.5,0.008,1241,100,3.6
3360.0,0.006,1241,99,4.2
3360.5,0.013,1242,100,4.800000000000001
3361.0,0.008,1242,100,4.2
3361.5,0.006,1242,100,4.2
3362.0,0.005,1243,100,3.6
3362.5,0.006,1243,100,3.6
3363.0,0.008,1243,100,3.6
3363.5,0.01,1244,100,3.6
3364.0,0.008,1244,100,4.2
3364.5,0.006,1244,100,3.6
3365.0,0.006,1245,99,3.6
3365.5,0.008,1245,100,3.6
3366.0,0.006,1245,101,3.6
3366.5,0.011,1245,101,3.6
3367.0,0.008,1246,100,3.0
3367.5,0.006,1246,100,3.0
3368.0,0.005,1246,100,3.0
3368.5,0.008,1247,101,3.0
3369.0,0.008,1247,101,3.0
3369.5,0.008,1247,100,3.6
3370.0,0.01,1248,100,3.0
3370.5,0.006,1248,100,2.4000000000000004
3371.0,0.006,1248,101,1.8
3371.5,0.008,1248,101,1.8
3372.0,0.008,1249,101,1.8
3372.5,0.008,1249,100,1.2000000000000002
3373.0,0.008,1249,100,1.2000000000000002
3373.5,0.008,1250,99,1.2000000000000002
3374.0,0.006,1250,99,1.2000000000000002
3374.5,0.006,1250,98,1.2000000000000002
3375.0,0.008,1250,98,1.2000000000000002
3375.5,0.006,1251,98,1.2000000000000002
3376.0,0.008,1251,98,0.0
3376.5,0.006,1251,98,0.0
3377.0,0.006,1252,98,0.0
3377.5,0.006,1252,98,0.0
3378.0,0.008,1252,98,0.0
3378.5,0.006,1253,98,0.0
3379.0,0.008,1253,98,0.0
3379.5,0.006,1253,98,0.0
3380.0,0.006,1254,98,0.0
3380.5,0.006,1254,99,0.0
3381.0,0.008,1254,99,0.0
3381.5,0.006,1254,99,0.0
3382.0,0.008,1255,100,0.0
3382.5,0.006,1255,100,0.0
3383.0,0.006,1255,101,0.0
3383.5,0.006,1256,101,0.0
3384.0,0.008,1256,100,0.0
3384.5,0.008,1256,100,0.0
3385.0,0.01,1256,100,0.0
3385.5,0.008,1257,100,0.0
3386.0,0.008,1257,99,1.2000000000000002
3386.5,0.008,1257,99,3.0
3387.0,0.008,1258,99,3.6
3387.5,0.006,1258,100,4.2
3388.0,0.008,1258,100,3.6
3388.5,0.008,1259,100,3.6
3389.0,0.01,1259,99,3.0
3389.5,0.01,1259,99,3.0
3390.0,0.01,1260,99,3.0
3390.5,0.008,1260,99,3.0
3391.0,0.008,1260,99,3.6
3391.5,0.008,1260,99,3.6
3392.0,0.008,1261,99,3.6
3392.5,0.006,1261,100,4.2
3393.0,0.008,1261,100,4.800000000000001
3393.5,0.008,1262,100,4.800000000000001
3394.0,0.01,1262,100,4.2
3394.5,0.01,1262,101,4.2
3395.0,0.008,1262,100,3.6
3395.5,0.008,1263,100,3.6
3396.0,0.008,1263,100,3.6
3396.5,0.006,1263,100,4.2
3397.0,0.006,1264,100,4.2
3397.5,0.008,1264,100,3.6
3398.0,0.01,1264,100,3.6
3398.5,0.006,1265,100,3.6
3399.0,0.008,1265,101,3.6
3399.5,0.008,1265,101,3.0
3400.0,0.008,1265,100,3.0
3400.5,0.01,1266,100,3.0
3401.0,0.01,1266,100,3.0
3401.5,0.008,1266,101,3.0
3402.0,0.008,1267,100,3.6
3402.5,0.008,1267,100,3.0
3403.0,0.01,1267,100,2.4000000000000004
3403.5,0.01,1268,100,1.8
3404.0,0.01,1268,101,1.8
3404.5,0.01,1268,101,1.2000000000000002
3405.0,0.008,1269,100,1.2000000000000002
3405.5,0.008,1269,100,1.2000000000000002
3406.0,0.01,1269,99,1.2000000000000002
3406.5,0.01,1269,99,1.2000000000000002
3407.0,0.011,1270,98,1.2000000000000002
3407.5,0.008,1270,98,1.2000000000000002
3408.0,0.008,1270,98,1.2000000000000002
3408.5,0.008,1271,98,0.6000000000000001
3409.0,0.01,1271,98,0.0
3409.5,0.008,1271,98,0.0
3410.0,0.006,1272,98,0.0
3410.5,0.01,1272,99,0.0
3411.0,0.01,1272,98,0.0
3411.5,0.008,1272,98,0.0
3412.0,0.008,1273,98,0.0
3412.5,0.008,1273,99,0.0
3413.0,0.006,1273,98,0.0
3413.5,0.008,1274,99,0.0
3414.0,0.006,1274,99,0.0
3414.5,0.008,1274,100,0.0
3415.0,0.008,1275,100,0.6000000000000001
3415.5,0.008,1275,101,0.0
3416.0,0.006,1275,101,0.6000000000000001
3416.5,0.008,1275,100,0.6000000000000001
3417.0,0.008,1276,100,0.0
3417.5,0.008,1276,100,0.0
3418.0,0.008,1276,100,0.0
3418.5,0.008,1277,99,0.6000000000000001
3419.0,0.008,1277,99,2.4000000000000004
3419.5,0.008,1277,99,3.6
3420.0,0.008,1278,100,4.2
3420.5,0.01,1278,100,4.2
3421.0,0.008,1278,100,4.2
3421.5,0.008,1278,100,3.6
3422.0,0.008,1279,99,3.0
3422.5,0.008,1279,99,3.0
3423.0,0.008,1279,99,3.0
3423.5,0.01,1280,99,3.6
3424.0,0.008,1280,99,3.6
3424.5,0.01,1280,99,3.6
3425.0,0.008,1280,100,4.2
3425.5,0.01,1281,100,4.800000000000001
3426.0,0.01,1281,100,4.800000000000001
3426.5,0.008,1281,100,4.800000000000001
3427.0,0.006,1282,100,4.2
3427.5,0.01,1282,100,3.6
3428.0,0.008,1282,100,3.6
3428.5,0.008,1283,100,3.6
3429.0,0.008,1283,100,4.2
3429.5,0.008,1283,100,4.2
3430.0,0.006,1284,100,3.6
3430.5,0.006,1284,100,3.6
3431.0,0.006,1284,100,3.6
3431.5,0.01,1284,100,3.6
3432.0,0.008,1285,101,3.0
3432.5,0.008,1285,101,3.0
3433.0,0.008,1286,101,3.0
3433.5,0.008,1286,101,3.0
3434.0,0.01,1286,100,3.6
3434.5,0.006,1287,100,3.6
3435.0,0.008,1287,100,2.4000000000000004
3435.5,0.008,1287,100,1.8
3436.0,0.008,1288,101,1.8
3436.5,0.008,1288,101,1.2000000000000002
3437.0,0.01,1288,100,1.2000000000000002
3437.5,0.006,1288,100,1.2000000000000002
3438.0,0.008,1289,99,1.2000000000000002
3438.5,0.006,1289,99,1.8
3439.0,0.006,1289,98,1.8
3439.5,0.006,1290,98,1.8
3440.0,0.011,1290,97,1.2000000000000002
3440.5,0.01,1290,97,0.6000000000000001
3441.0,0.006,1290,97,0.0
3441.5,0.006,1291,97,0.0
3442.0,0.006,1291,97,0.0
3442.5,0.006,1291,98,0.0
3443.0,0.008,1292,98,0.0
3443.5,0.006,1292,97,0.0
3444.0,0.006,1292,98,0.0
3444.5,0.008,1293,97,0.0
3445.0,0.006,1293,98,0.0
3445.5,0.006,1293,98,0.0
3446.0,0.008,1293,98,0.0
3446.5,0.006,1294,99,0.0
3447.0,0.006,1294,100,0.6000000000000001
3447.5,0.008,1294,100,0.0
3448.0,0.006,1295,100,0.6000000000000001
3448.5,0.006,1295,100,0.0
3449.0,0.006,1295,100,0.0
3449.5,0.008,1295,100,0.0
3450.0,0.006,1296,100,0.0
3450.5,0.006,1296,99,0.0
3451.0,0.006,1296,99,1.8
3451.5,0.006,1297,99,3.0
3452.0,0.006,1297,99,4.2
3452.5,0.008,1297,100,4.2
3453.0,0.006,1298,100,4.2
3453.5,0.01,1298,100,3.6
3454.0,0.006,1298,99,3.6
3454.5,0.008,1299,99,3.0
3455.0,0.008,1299,99,3.0
3455.5,0.006,1299,98,3.6
3456.0,0.008,1299,98,3.6
3456.5,0.011,1300,99,4.2
3457.0,0.008,1300,99,4.2
3457.5,0.006,1300,99,4.800000000000001
3458.0,0.008,1301,100,4.800000000000001
3458.5,0.008,1303,99,4.2
3459.0,0.006,1304,100,4.2
3459.5,0.006,1304,100,3.6
3460.0,0.005,1304,100,3.6
3460.5,0.006,1304,100,3.0
3461.0,0.005,1305,100,3.0
3461.5,0.008,1305,100,3.0
3462.0,0.006,1305,100,3.0
3462.5,0.008,1306,101,3.0
3463.0,0.006,1306,100,3.6
3463.5,0.008,1306,100,3.0
3464.0,0.006,1307,100,2.4000000000000004
3464.5,0.011,1307,100,1.8
3465.0,0.008,1307,101,1.8
3465.5,0.006,1308,101,1.2000000000000002
3466.0,0.008,1308,100,1.2000000000000002
3466.5,0.006,1308,99,1.2000000000000002
3467.0,0.006,1308,99,1.2000000000000002
3467.5,0.011,1309,98,1.2000000000000002
3468.0,0.006,1309,98,1.2000000000000002
3468.5,0.006,1309,97,1.2000000000000002
3469.0,0.008,1310,97,1.2000000000000002
3469.5,0.008,1310,97,0.0
3470.0,0.006,1310,97,0.0
3470.5,0.01,1310,97,0.0
3471.0,0.008,1311,98,0.0
3471.5,0.005,1311,98,0.0
3472.0,0.006,1311,98,0.0
3472.5,0.005,1312,97,0.0
3473.0,0.006,1312,98,0.0
3473.5,0.006,1312,98,0.0
3474.0,0.008,1313,98,0.0
3474.5,0.006,1313,98,0.0
3475.0,0.008,1313,98,0.0
3475.5,0.006,1313,100,0.0
3476.0,0.008,1314,100,0.6000000000000001
3476.5,0.006,1314,100,0.6000000000000001
3477.0,0.008,1314,100,0.6000000000000001
3477.5,0.006,1315,100,0.0
3478.0,0.006,1315,99,0.0
3478.5,0.006,1315,99,0.0
3479.0,0.006,1316,99,0.0
3479.5,0.006,1316,99,0.6000000000000001
3480.0,0.008,1316,98,3.0
3480.5,0.006,1316,99,4.2
3481.0,0.006,1317,99,4.2
3481.5,0.006,1317,100,4.2
3482.0,0.006,1317,100,3.6
3482.5,0.006,1318,99,3.6
3483.0,0.008,1318,99,3.6
3483.5,0.006,1318,99,3.6
3484.0,0.01,1318,99,3.6
3484.5,0.006,1319,99,3.6
3485.0,0.008,1319,99,4.2
3485.5,0.006,1319,99,4.2
3486.0,0.008,1320,100,4.2
3486.5,0.008,1320,100,4.800000000000001
3487.0,0.01,1320,100,4.800000000000001
3487.5,0.006,1321,100,4.800000000000001
3488.0,0.006,1321,100,4.2
3488.5,0.006,1321,100,4.2
3489.0,0.006,1322,100,3.6
3489.5,0.005,1322,100,4.2
3490.0,0.01,1322,100,4.2
3490.5,0.006,1322,100,4.2
3491.0,0.005,1323,100,3.6
3491.5,0.005,1323,100,4.2
3492.0,0.006,1323,100,4.2
3492.5,0.006,1324,101,3.6
3493.0,0.008,1324,101,3.6
3493.5,0.008,1324,101,3.0
3494.0,0.006,1325,101,3.0
3494.5,0.005,1325,101,3.0
3495.0,0.006,1325,101,3.0
3495.5,0.008,1325,101,3.6
3496.0,0.008,1326,101,3.6
3496.5,0.01,1326,100,2.4000000000000004
3497.0,0.006,1326,101,1.8
3497.5,0.006,1327,101,1.8
3498.0,0.008,1327,101,1.8
3498.5,0.006,1327,101,1.2000000000000002
3499.0,0.008,1328,100,1.2000000000000002
3499.5,0.008,1328,100,1.2000000000000002
3500.0,0.005,1328,99,1.2000000000000002
3500.5,0.005,1328,99,1.2000000000000002
3501.0,0.006,1329,98,1.2000000000000002
3501.5,0.008,1329,98,1.2000000000000002
3502.0,0.008,1329,98,0.6000000000000001
3502.5,0.008,1330,98,0.0
3503.0,0.005,1330,98,0.0
3503.5,0.005,1330,98,0.0
3504.0,0.006,1331,99,0.0
3504.5,0.006,1331,99,0.0
3505.0,0.008,1331,98,0.0
3505.5,0.006,1331,98,0.0
3506.0,0.006,1332,98,0.0
3506.5,0.006,1332,99,0.0
3507.0,0.005,1332,99,0.0
3507.5,0.006,1333,100,0.0
3508.0,0.006,1333,100,0.0
3508.5,0.006,1333,100,0.6000000000000001
3509.0,0.005,1334,101,0.6000000000000001
3509.5,0.006,1334,101,0.6000000000000001
3510.0,0.005,1334,101,0.6000000000000001
3510.5,0.006,1334,100,0.0
3511.0,0.006,1335,100,0.0
3511.5,0.006,1335,100,0.0
3512.0,0.005,1335,100,0.6000000000000001
3512.5,0.006,1336,99,2.4000000000000004
3513.0,0.006,1336,99,3.6
3513.5,0.006,1336,99,4.2
3514.0,0.005,1337,100,4.2
3514.5,0.01,1337,100,4.2
3515.0,0.006,1337,100,3.6
3515.5,0.006,1338,99,3.6
3516.0,0.006,1338,99,3.6
3516.5,0.008,1338,99,3.6
3517.0,0.005,1338,98,3.6
3517.5,0.008,1339,98,4.2
3518.0,0.006,1339,99,4.2
3518.5,0.006,1339,99,4.2
3519.0,0.006,1340,99,4.800000000000001
3519.5,0.008,1340,100,5.4
3520.0,0.005,1340,100,4.800000000000001
3520.5,0.008,1340,100,4.800000000000001
3521.0,0.008,1341,100,4.2
3521.5,0.005,1341,99,4.2
3522.0,0.005,1341,99,4.2
3522.5,0.008,1342,99,4.2
3523.0,0.005,1342,99,4.800000000000001
3523.5,0.008,1342,99,4.2
3524.0,0.006,1343,99,4.2
3524.5,0.006,1343,99,4.2
3525.0,0.005,1343,99,4.2
3525.5,0.003,1343,99,3.6
3526.0,0.005,1344,100,3.6
3526.5,0.008,1344,100,3.6
3527.0,0.005,1344,100,3.6
3527.5,0.005,1345,100,3.6
3528.0,0.006,1345,100,3.6
3528.5,0.005,1345,100,4.2
3529.0,0.006,1346,100,3.0
3529.5,0.008,1346,100,2.4000000000000004
3530.0,0.006,1346,100,1.8
3530.5,0.005,1347,101,1.8
3531.0,0.006,1347,100,1.8
3531.5,0.005,1347,100,1.8
3532.0,0.006,1347,99,1.8
3532.5,0.008,1348,99,1.2000000000000002
3533.0,0.006,1348,98,1.2000000000000002
3533.5,0.005,1348,98,1.8
3534.0,0.006,1349,97,1.8
3534.5,0.003,1349,97,1.2000000000000002
3535.0,0.006,1349,97,0.0
3535.5,0.008,1349,97,0.0
3536.0,0.005,1350,97,0.0
3536.5,0.005,1350,98,0.0
3537.0,0.008,1350,98,0.0
3537.5,0.006,1351,98,0.0
3538.0,0.005,1351,98,0.0
3538.5,0.006,1351,98,0.0
3539.0,0.006,1352,98,0.0
3539.5,0.005,1352,98,0.0
3540.0,0.005,1352,99,0.0
3540.5,0.005,1352,99,0.0
3541.0,0.005,1353,100,0.0
3541.5,0.005,1353,100,0.6000000000000001
3542.0,0.006,1353,101,0.6000000000000001
3542.5,0.005,1354,100,0.6000000000000001
3543.0,0.005,1354,100,0.6000000000000001
3543.5,0.005,1354,100,0.6000000000000001
3544.0,0.006,1355,100,0.0
3544.5,0.005,1355,100,0.0
3545.0,0.006,1355,99,1.2000000000000002
3545.5,0.006,1355,99,3.0
3546.0,0.006,1356,99,4.2
3546.5,0.005,1356,100,4.2
3547.0,0.008,1356,100,4.2
3547.5,0.005,1357,100,3.6
3548.0,0.006,1357,100,3.6
3548.5,0.006,1357,99,3.6
3549.0,0.008,1357,99,3.6
3549.5,0.005,1358,99,3.6
3550.0,0.01,1358,99,3.6
3550.5,0.005,1358,99,4.2
3551.0,0.008,1359,100,4.2
3551.5,0.006,1359,100,4.800000000000001
3552.0,0.008,1359,100,4.800000000000001
3552.5,0.005,1360,101,4.800000000000001
3553.0,0.006,1360,101,4.800000000000001
3553.5,0.006,1360,101,4.2
3554.0,0.006,1361,100,3.6
3554.5,0.005,1361,100,3.6
3555.0,0.008,1361,100,4.2
3555.5,0.006,1361,100,4.2
3556.0,0.006,1362,100,4.2
3556.5,0.006,1362,100,4.2
3557.0,0.006,1362,100,4.2
3557.5,0.005,1363,100,3.6
3558.0,0.008,1363,100,3.6
3558.5,0.003,1363,101,3.0
3559.0,0.005,1364,101,3.0
3559.5,0.005,1364,100,3.0
3560.0,0.006,1364,101,3.0
3560.5,0.005,1364,101,3.0
3561.0,0.006,1365,101,3.6
3561.5,0.005,1365,101,3.0
3562.0,0.005,1365,101,2.4000000000000004
3562.5,0.005,1366,101,1.8
3563.0,0.006,1366,101,1.8
3563.5,0.005,1366,101,1.2000000000000002
3564.0,0.01,1367,101,1.2000000000000002
3564.5,0.005,1367,100,1.2000000000000002
3565.0,0.005,1367,99,1.2000000000000002
3565.5,0.005,1367,99,1.2000000000000002
3566.0,0.006,1368,99,1.2000000000000002
3566.5,0.006,1368,98,1.2000000000000002
3567.0,0.008,1368,98,0.6000000000000001
3567.5,0.005,1369,98,0.0
3568.0,0.006,1369,98,0.0
3568.5,0.006,1369,98,0.0
3569.0,0.006,1370,98,0.0
3569.5,0.006,1370,99,0.0
3570.0,0.006,1370,99,0.0
3570.5,0.005,1370,98,0.0
3571.0,0.006,1371,98,0.0
3571.5,0.006,1371,99,0.0
3572.0,0.005,1373,101,0.0
3572.5,0.005,1373,101,0.0
3573.0,0.008,1374,100,0.0
3573.5,0.005,1374,100,0.0
3574.0,0.005,1374,100,0.0
3574.5,0.005,1375,100,1.2000000000000002
3575.0,0.005,1375,99,2.4000000000000004
3575.5,0.005,1375,100,3.6
3576.0,0.008,1376,100,4.2
3576.5,0.005,1376,100,4.2
3577.0,0.006,1376,100,3.6
3577.5,0.006,1377,100,3.6
3578.0,0.006,1377,99,3.6
3578.5,0.006,1377,99,3.0
3579.0,0.006,1377,99,3.6
3579.5,0.006,1378,99,3.6
3580.0,0.005,1378,99,4.2
3580.5,0.008,1378,99,4.2
3581.0,0.006,1379,100,4.800000000000001
3581.5,0.008,1379,100,4.800000000000001
3582.0,0.006,1379,100,4.800000000000001
3582.5,0.006,1379,100,4.800000000000001
3583.0,0.005,1380,101,4.2
3583.5,0.008,1380,100,4.2
3584.0,0.005,1380,100,3.6
3584.5,0.006,1381,100,4.2
3585.0,0.005,1381,100,4.2
3585.5,0.005,1381,100,4.2
3586.0,0.005,1382,100,3.6
3586.5,0.008,1382,99,3.6
3587.0,0.005,1382,100,4.2
3587.5,0.005,1382,101,3.6
3588.0,0.005,1383,100,3.6
3588.5,0.005,1383,100,3.0
3589.0,0.006,1383,100,3.0
3589.5,0.008,1384,100,3.0
3590.0,0.003,1384,100,3.0
3590.5,0.008,1384,100,3.6
3591.0,0.006,1385,100,3.0
3591.5,0.005,1385,100,2.4000000000000004
3592.0,0.006,1385,100,1.8
3592.5,0.01,1386,101,1.8
3593.0,0.005,1386,101,1.2000000000000002
3593.5,0.006,1386,100,1.2000000000000002
3594.0,0.006,1386,100,1.2000000000000002
3594.5,0.008,1387,99,1.2000000000000002
3595.0,0.006,1387,99,1.2000000000000002
3595.5,0.008,1387,98,1.2000000000000002
3596.0,0.005,1388,98,1.8
3596.5,0.008,1388,98,1.2000000000000002
3597.0,0.006,1388,97,0.0
3597.5,0.006,1388,98,0.0
3598.0,0.006,1389,97,0.0
3598.5,0.008,1389,98,0.0
3599.0,0.006,1389,98,0.0
3599.5,0.008,1390,98,0.0
3600.0,0.006,1390,98,0.0
3600.5,0.008,1390,98,0.0
3601.0,0.005,1391,98,0.0
3601.5,0.008,1391,98,0.0
3602.0,0.006,1391,99,0.0
3602.5,0.006,1391,99,0.0
3603.0,0.006,1392,99,0.0
3603.5,0.008,1392,100,0.6000000000000001
3604.0,0.005,1392,101,0.6000000000000001
3604.5,0.008,1393,101,0.6000000000000001
3605.0,0.006,1393,101,0.6000000000000001
3605.5,0.006,1393,100,0.0
3606.0,0.006,1394,100,0.0
3606.5,0.006,1394,100,0.0
3607.0,0.006,1394,100,0.6000000000000001
3607.5,0.008,1395,99,2.4000000000000004
3608.0,0.008,1395,99,3.6
3608.5,0.006,1395,100,4.2
3609.0,0.008,1395,100,4.2
3609.5,0.005,1396,100,4.2
3610.0,0.006,1396,100,3.6
3610.5,0.006,1396,99,3.6
3611.0,0.008,1397,99,3.0
3611.5,0.006,1397,99,3.0
3612.0,0.008,1397,99,3.6
3612.5,0.008,1397,99,3.6
3613.0,0.005,1398,99,4.2
3613.5,0.006,1398,100,4.2
3614.0,0.008,1398,100,4.800000000000001
3614.5,0.006,1399,100,4.800000000000001
3615.0,0.008,1399,100,4.800000000000001
3615.5,0.006,1399,101,4.2
3616.0,0.006,1400,100,4.2
3616.5,0.006,1400,100,4.2
3617.0,0.01,1400,100,3.6
3617.5,0.006,1401,100,4.2
3618.0,0.008,1401,100,4.800000000000001
3618.5,0.006,1401,99,3.6
3619.0,0.008,1401,99,3.6
3619.5,0.006,1402,100,4.2
3620.0,0.008,1402,100,4.2
3620.5,0.008,1402,100,3.6
3621.0,0.01,1403,100,3.0
3621.5,0.006,1403,100,3.0
3622.0,0.006,1403,100,3.0
3622.5,0.005,1404,100,3.0
3623.0,0.008,1404,100,3.6
3623.5,0.005,1404,100,3.6
3624.0,0.01,1404,100,2.4000000000000004
3624.5,0.005,1405,100,1.8
3625.0,0.006,1405,100,1.8
3625.5,0.006,1405,100,1.8
3626.0,0.008,1406,100,1.8
3626.5,0.008,1406,100,1.8
3627.0,0.01,1406,99,1.2000000000000002
3627.5,0.006,1406,98,1.2000000000000002
3628.0,0.008,1407,98,1.2000000000000002
3628.5,0.006,1407,97,1.8
3629.0,0.01,1407,97,1.8
3629.5,0.008,1408,97,0.6000000000000001
3630.0,0.01,1408,97,0.0
3630.5,0.008,1408,97,0.0
3631.0,0.006,1409,97,0.0
3631.5,0.008,1409,97,0.0
3632.0,0.01,1409,98,0.0
3632.5,0.008,1409,97,0.0
3633.0,0.006,1410,97,0.0
3633.5,0.01,1410,97,0.0
3634.0,0.008,1410,98,0.0
3634.5,0.006,1411,98,0.0
3635.0,0.008,1411,99,0.0
3635.5,0.008,1411,99,0.0
3636.0,0.01,1411,99,0.6000000000000001
3636.5,0.008,1412,100,0.6000000000000001
3637.0,0.006,1412,100,0.6000000000000001
3637.5,0.008,1412,100,0.6000000000000001
3638.0,0.008,1413,100,0.6000000000000001
3638.5,0.01,1413,100,0.0
3639.0,0.006,1413,100,0.0
3639.5,0.01,1414,100,0.0
3640.0,0.008,1414,99,1.2000000000000002
3640.5,0.008,1414,99,3.0
3641.0,0.006,1415,99,4.2
3641.5,0.008,1415,100,4.2
3642.0,0.01,1415,100,4.800000000000001
3642.5,0.01,1415,100,4.2
3643.0,0.008,1416,100,3.6
3643.5,0.008,1416,99,3.6
3644.0,0.008,1416,99,3.6
3644.5,0.008,1417,99,3.6
3645.0,0.008,1417,99,3.6
3645.5,0.01,1417,99,4.2
3646.0,0.008,1417,100,4.2
3646.5,0.008,1418,99,4.800000000000001
3647.0,0.01,1418,100,4.800000000000001
3647.5,0.01,1418,100,4.800000000000001
3648.0,0.008,1419,100,4.800000000000001
3648.5,0.01,1419,100,4.2
3649.0,0.01,1419,100,4.2
3649.5,0.01,1420,100,4.2
3650.0,0.01,1420,100,4.2
3650.5,0.008,1420,100,4.800000000000001
3651.0,0.008,1421,100,4.800000000000001
3651.5,0.011,1421,99,4.2
3652.0,0.008,1421,100,4.2
3652.5,0.008,1421,100,4.2
3653.0,0.008,1422,100,4.2
3653.5,0.008,1422,100,3.6
3654.0,0.006,1422,100,3.6
3654.5,0.011,1423,100,3.6
3655.0,0.008,1423,100,3.6
3655.5,0.006,1423,100,3.6
3656.0,0.006,1424,100,3.6
3656.5,0.008,1424,100,3.6
3657.0,0.006,1424,99,2.4000000000000004
3657.5,0.011,1424,100,2.4000000000000004
3658.0,0.008,1425,100,1.8
3658.5,0.008,1425,100,1.8
3659.0,0.006,1425,100,1.8
3659.5,0.008,1426,99,1.2000000000000002
3660.0,0.01,1426,98,1.8
3660.5,0.011,1426,98,1.2000000000000002
3661.0,0.008,1426,98,1.8
3661.5,0.011,1427,97,1.8
3662.0,0.008,1427,97,1.2000000000000002
3662.5,0.008,1427,97,0.6000000000000001
3663.0,0.008,1428,97,0.0
3663.5,0.011,1428,97,0.0
3664.0,0.01,1428,97,0.0
3664.5,0.008,1429,97,0.0
3665.0,0.01,1429,97,0.0
3665.5,0.008,1429,97,0.0
3666.0,0.008,1429,98,0.0
3666.5,0.011,1430,97,0.0
3667.0,0.008,1430,98,0.0
3667.5,0.008,1430,98,0.0
3668.0,0.008,1431,98,0.0
3668.5,0.008,1431,99,0.0
3669.0,0.008,1431,100,0.6000000000000001
3669.5,0.008,1432,100,0.6000000000000001
3670.0,0.01,1432,101,0.6000000000000001
3670.5,0.008,1432,101,0.6000000000000001
3671.0,0.008,1432,100,0.6000000000000001
3671.5,0.008,1433,100,0.0
3672.0,0.008,1433,100,0.0
3672.5,0.006,1433,100,0.6000000000000001
3673.0,0.01,1434,99,2.4000000000000004
3673.5,0.006,1434,99,3.6
3674.0,0.008,1434,100,4.2
3674.5,0.01,1435,100,4.2
3675.0,0.008,1435,100,4.2
3675.5,0.008,1435,100,3.6
3676.0,0.01,1435,100,3.6
3676.5,0.006,1436,99,3.6
3677.0,0.01,1436,99,3.6
3677.5,0.008,1436,99,3.6
3678.0,0.011,1437,99,3.6
3678.5,0.01,1437,99,4.2
3679.0,0.01,1437,100,4.2
3679.5,0.008,1438,100,4.800000000000001
3680.0,0.008,1438,100,4.800000000000001
3680.5,0.008,1438,100,4.800000000000001
3681.0,0.01,1438,101,4.2
3681.5,0.01,1439,100,4.2
3682.0,0.01,1439,100,4.2
3682.5,0.01,1439,100,4.2
3683.0,0.01,1440,100,4.2
3683.5,0.01,1440,100,4.800000000000001
3684.0,0.008,1440,100,4.2
3684.5,0.008,1441,100,4.2
3685.0,0.008,1441,100,4.2
3685.5,0.01,1441,100,4.2
3686.0,0.011,1441,100,3.6
3686.5,0.008,1442,101,3.6
3687.0,0.01,1442,100,3.6
3687.5,0.008,1442,100,3.0
3688.0,0.008,1443,101,3.6
3688.5,0.008,1443,101,3.6
3689.0,0.011,1443,100,3.6
3689.5,0.008,1444,100,2.4000000000000004
3690.0,0.008,1444,100,1.8
3690.5,0.01,1445,101,1.8
3691.0,0.01,1445,100,1.2000000000000002
3691.5,0.008,1445,99,1.2000000000000002
3692.0,0.008,1446,99,1.2000000000000002
3692.5,0.01,1446,98,1.2000000000000002
3693.0,0.01,1446,98,1.2000000000000002
3693.5,0.01,1447,98,1.2000000000000002
3694.0,0.011,1447,98,0.6000000000000001
3694.5,0.008,1447,98,0.0
3695.0,0.01,1447,98,0.0
3695.5,0.01,1448,98,0.0
3696.0,0.01,1448,98,0.0
3696.5,0.01,1448,99,0.0
3697.0,0.011,1449,98,0.0
3697.5,0.01,1449,98,0.0
3698.0,0.01,1449,98,0.0
3698.5,0.011,1450,98,0.0
3699.0,0.01,1450,99,0.0
3699.5,0.013,1450,99,0.0
3700.0,0.011,1450,99,0.0
3700.5,0.01,1451,100,0.6000000000000001
3701.0,0.008,1451,101,0.6000000000000001
3701.5,0.01,1451,101,0.6000000000000001
3702.0,0.01,1452,101,0.6000000000000001
3702.5,0.01,1452,101,0.6000000000000001
3703.0,0.011,1452,100,0.0
3703.5,0.008,1453,100,0.0
3704.0,0.006,1453,100,0.6000000000000001
3704.5,0.01,1453,99,1.8
3705.0,0.01,1454,99,3.6
3705.5,0.01,1454,100,4.2
3706.0,0.011,1454,100,4.2
3706.5,0.01,1454,100,4.2
3707.0,0.008,1455,100,3.6
3707.5,0.011,1455,100,3.6
3708.0,0.01,1455,99,3.6
3708.5,0.011,1456,99,3.6
3709.0,0.01,1456,99,3.6
3709.5,0.011,1456,99,3.6
3710.0,0.008,1456,100,4.2
3710.5,0.011,1457,100,4.2
3711.0,0.008,1457,100,4.800000000000001
3711.5,0.01,1457,101,4.800000000000001
3712.0,0.01,1458,101,4.800000000000001
3712.5,0.01,1458,101,4.800000000000001
3713.0,0.01,1458,101,4.2
3713.5,0.011,1459,100,3.6
3714.0,0.008,1459,100,3.6
3714.5,0.01,1459,100,3.6
3715.0,0.008,1459,100,4.800000000000001
3715.5,0.01,1460,100,4.2
3716.0,0.01,1460,100,4.2
3716.5,0.011,1460,100,4.2
3717.0,0.008,1461,101,4.2
3717.5,0.01,1461,101,3.6
3718.0,0.008,1461,101,3.0
3718.5,0.008,1462,101,3.0
3719.0,0.01,1462,101,3.0
3719.5,0.01,1462,101,3.0
3720.0,0.01,1463,101,3.6
3720.5,0.01,1463,101,3.6
3721.0,0.008,1463,101,3.0
3721.5,0.008,1464,101,2.4000000000000004
3722.0,0.008,1464,101,1.8
3722.5,0.01,1464,102,1.8
3723.0,0.008,1464,101,1.2000000000000002
3723.5,0.01,1465,101,1.2000000000000002
3724.0,0.008,1465,100,1.2000000000000002
3724.5,0.008,1465,100,1.2000000000000002
3725.0,0.008,1466,99,1.2000000000000002
3725.5,0.011,1466,98,1.2000000000000002
3726.0,0.01,1466,98,1.8
3726.5,0.01,1466,98,0.6000000000000001
3727.0,0.01,1467,98,0.0
3727.5,0.008,1467,98,0.0
3728.0,0.01,1467,98,0.0
3728.5,0.011,1468,98,0.0
3729.0,0.011,1468,99,0.0
3729.5,0.011,1468,98,0.0
3730.0,0.011,1469,99,0.0
3730.5,0.01,1469,98,0.0
3731.0,0.008,1469,99,0.0
3731.5,0.011,1469,99,0.0
3732.0,0.008,1470,99,0.0
3732.5,0.011,1470,99,0.0
3733.0,0.011,1470,101,0.0
3733.5,0.011,1471,101,0.0
3734.0,0.008,1471,101,0.0
3734.5,0.011,1471,101,0.0
3735.0,0.01,1472,101,0.0
3735.5,0.011,1472,101,0.0
3736.0,0.008,1472,101,0.0
3736.5,0.01,1473,100,0.0
3737.0,0.008,1473,100,1.8
3737.5,0.01,1473,100,3.0
3738.0,0.008,1473,100,4.2
3738.5,0.011,1474,101,4.2
3739.0,0.01,1474,101,3.6
3739.5,0.008,1474,101,3.6
3740.0,0.01,1475,100,3.0
3740.5,0.011,1475,100,3.0
3741.0,0.01,1475,100,3.0
3741.5,0.01,1476,99,3.0
3742.0,0.013,1476,99,3.6
3742.5,0.01,1476,100,3.6
3743.0,0.008,1476,100,4.2
3743.5,0.011,1477,100,4.2
3744.0,0.01,1477,100,4.800000000000001
3744.5,0.011,1477,100,4.2
3745.0,0.011,1478,101,4.2
3745.5,0.01,1478,100,3.6
3746.0,0.01,1478,100,3.6
3746.5,0.013,1479,100,3.6
3747.0,0.01,1479,100,3.6
3747.5,0.011,1479,100,4.800000000000001
3748.0,0.011,1479,100,4.2
3748.5,0.01,1480,100,3.6
3749.0,0.01,1480,100,4.2
3749.5,0.013,1480,101,3.6
3750.0,0.01,1481,101,3.6
3750.5,0.01,1481,101,3.0
3751.0,0.011,1481,100,3.0
3751.5,0.01,1482,101,3.0
3752.0,0.008,1482,101,3.0
3752.5,0.011,1482,101,3.6
3753.0,0.01,1483,101,3.6
3753.5,0.008,1483,101,2.4000000000000004
3754.0,0.01,1483,101,1.8
3754.5,0.008,1483,101,1.8
3755.0,0.008,1484,101,1.8
3755.5,0.01,1484,101,1.8
3756.0,0.01,1484,100,1.2000000000000002
3756.5,0.008,1485,100,1.2000000000000002
3757.0,0.01,1485,99,1.2000000000000002
3757.5,0.008,1485,99,1.2000000000000002
3758.0,0.008,1485,98,1.8
3758.5,0.01,1486,98,1.2000000000000002
3759.0,0.01,1486,98,0.6000000000000001
3759.5,0.008,1486,97,0.0
3760.0,0.01,1487,98,0.0
3760.5,0.01,1487,98,0.0
3761.0,0.008,1487,98,0.0
3761.5,0.01,1488,98,0.0
3762.0,0.011,1488,98,0.0
3762.5,0.01,1488,98,0.0
3763.0,0.011,1488,98,0.0
3763.5,0.01,1489,98,0.0
3764.0,0.01,1489,98,0.0
3764.5,0.01,1489,99,0.0
3765.0,0.011,1490,99,0.0
3765.5,0.01,1490,100,0.6000000000000001
3766.0,0.011,1490,100,0.6000000000000001
3766.5,0.01,1491,101,0.6000000000000001
3767.0,0.01,1491,101,0.6000000000000001
3767.5,0.01,1491,100,0.0
3768.0,0.011,1491,100,0.0
3768.5,0.008,1492,100,0.0
3769.0,0.011,1492,100,0.0
3769.5,0.01,1492,99,1.8
3770.0,0.01,1493,99,3.0
3770.5,0.01,1493,100,3.6
3771.0,0.011,1493,100,4.2
3771.5,0.008,1494,100,4.2
3772.0,0.011,1494,100,3.6
3772.5,0.01,1494,100,3.6
3773.0,0.01,1494,99,3.0
3773.5,0.008,1495,99,3.0
3774.0,0.011,1495,99,3.6
3774.5,0.01,1495,99,3.6
3775.0,0.011,1496,99,4.2
3775.5,0.01,1496,100,3.6
3776.0,0.01,1496,100,4.2
3776.5,0.011,1497,100,4.800000000000001
3777.0,0.01,1497,100,4.800000000000001
3777.5,0.01,1497,101,4.2
3778.0,0.013,1498,100,3.6
3778.5,0.011,1498,100,3.6
3779.0,0.008,1498,100,3.6
3779.5,0.01,1498,100,4.2
3780.0,0.01,1499,100,4.2
3780.5,0.01,1499,100,4.2
3781.0,0.015,1499,99,3.6
3781.5,0.01,1500,100,4.2
3782.0,0.008,1500,100,3.6
3782.5,0.01,1500,100,3.6
3783.0,0.01,1500,100,3.0
3783.5,0.01,1501,101,3.0
3784.0,0.013,1501,101,3.0
3784.5,0.01,1501,101,3.0
3785.0,0.01,1502,101,3.6
3785.5,0.008,1502,100,3.6
3786.0,0.01,1502,100,3.0
3786.5,0.01,1503,100,2.4000000000000004
3787.0,0.013,1503,101,1.8
3787.5,0.01,1503,101,1.8
3788.0,0.008,1503,101,1.2000000000000002
3788.5,0.008,1504,101,1.2000000000000002
3789.0,0.008,1504,100,1.2000000000000002
3789.5,0.008,1504,99,1.2000000000000002
3790.0,0.011,1505,99,1.2000000000000002
3790.5,0.01,1505,98,1.2000000000000002
3791.0,0.008,1505,98,1.2000000000000002
3791.5,0.008,1506,98,0.6000000000000001
3792.0,0.01,1506,97,0.0
3792.5,0.008,1506,98,0.0
3793.0,0.01,1507,98,0.0
3793.5,0.008,1507,98,0.0
3794.0,0.011,1507,98,0.0
3794.5,0.01,1507,98,0.0
3795.0,0.01,1508,98,0.0
3795.5,0.011,1508,98,0.0
3796.0,0.01,1508,98,0.0
3796.5,0.01,1509,98,0.0
3797.0,0.01,1509,99,0.0
3797.5,0.01,1509,99,0.0
3798.0,0.008,1509,100,0.6000000000000001
3798.5,0.011,1510,100,0.6000000000000001
3799.0,0.01,1510,101,0.6000000000000001
3799.5,0.011,1510,101,0.0
3800.0,0.008,1511,101,0.0
3800.5,0.01,1511,100,0.0
3801.0,0.011,1511,100,0.0
3801.5,0.008,1512,100,0.0
3802.0,0.01,1512,99,1.2000000000000002
3802.5,0.01,1512,99,3.0
3803.0,0.01,1513,99,4.2
3803.5,0.01,1513,100,4.2
3804.0,0.01,1513,100,4.2
3804.5,0.01,1513,100,3.6
3805.0,0.008,1514,100,3.6
3805.5,0.01,1514,99,3.0
3806.0,0.008,1514,99,3.0
3806.5,0.01,1515,99,3.0
3807.0,0.011,1515,99,3.6
3807.5,0.01,1515,99,3.6
3808.0,0.008,1515,99,3.6
3808.5,0.01,1516,100,4.2
3809.0,0.01,1516,100,4.800000000000001
3809.5,0.011,1516,100,4.800000000000001
3810.0,0.01,1517,100,4.800000000000001
3810.5,0.011,1517,100,4.2
3811.0,0.01,1517,100,3.6
3811.5,0.011,1518,100,3.6
3812.0,0.01,1518,100,3.6
3812.5,0.01,1518,100,4.2
3813.0,0.008,1518,100,4.2
3813.5,0.01,1519,100,3.6
3814.0,0.008,1519,100,3.6
3814.5,0.01,1519,101,3.6
3815.0,0.011,1520,101,3.6
3815.5,0.013,1520,101,3.0
3816.0,0.011,1520,101,3.0
3816.5,0.01,1521,101,3.0
3817.0,0.008,1521,101,3.0
3817.5,0.01,1521,101,3.0
3818.0,0.008,1522,101,3.6
3818.5,0.01,1522,101,3.0
3819.0,0.01,1522,101,2.4000000000000004
3819.5,0.01,1522,101,1.8
3820.0,0.01,1523,101,1.8
3820.5,0.008,1523,101,1.2000000000000002
3821.0,0.01,1523,101,1.2000000000000002
3821.5,0.01,1524,100,1.2000000000000002
3822.0,0.008,1524,100,1.2000000000000002
3822.5,0.008,1524,99,1.2000000000000002
3823.0,0.008,1525,99,1.2000000000000002
3823.5,0.01,1525,98,1.2000000000000002
3824.0,0.01,1525,98,1.2000000000000002
3824.5,0.01,1525,98,0.0
3825.0,0.01,1526,98,0.0
3825.5,0.01,1526,98,0.0
3826.0,0.008,1526,98,0.0
3826.5,0.011,1527,98,0.0
3827.0,0.01,1527,98,0.0
3827.5,0.01,1527,98,0.0
3828.0,0.01,1528,98,0.0
3828.5,0.008,1528,98,0.0
3829.0,0.01,1528,98,0.0
3829.5,0.011,1528,99,0.0
3830.0,0.01,1529,99,0.0
3830.5,0.011,1529,99,0.0
3831.0,0.01,1529,100,0.0
3831.5,0.008,1530,101,0.6000000000000001
3832.0,0.008,1530,101,0.0
3832.5,0.01,1530,100,0.0
3833.0,0.013,1531,100,0.0
3833.5,0.01,1531,100,0.0
3834.0,0.01,1531,100,0.0
3834.5,0.008,1531,99,0.6000000000000001
3835.0,0.008,1532,99,2.4000000000000004
3835.5,0.008,1532,99,3.6
3836.0,0.008,1532,99,4.2
3836.5,0.008,1533,100,4.2
3837.0,0.008,1533,100,4.2
3837.5,0.008,1533,99,3.6
3838.0,0.008,1533,99,3.6
3838.5,0.008,1534,99,3.0
3839.0,0.01,1534,98,3.6
3839.5,0.008,1534,98,3.6
3840.0,0.008,1535,98,3.6
3840.5,0.006,1535,99,3.6
3841.0,0.01,1535,99,4.2
3841.5,0.008,1536,99,4.800000000000001
3842.0,0.01,1536,99,4.800000000000001
3842.5,0.006,1536,99,4.800000000000001
3843.0,0.008,1537,100,4.2
3843.5,0.008,1537,100,4.2
3844.0,0.011,1537,99,3.6
3844.5,0.008,1537,99,4.2
3845.0,0.008,1538,100,4.2
3845.5,0.008,1538,100,4.800000000000001
3846.0,0.01,1538,99,4.2
3846.5,0.008,1539,99,4.2
3847.0,0.011,1539,100,4.2
3847.5,0.01,1539,100,3.6
3848.0,0.008,1539,100,3.6
3848.5,0.008,1540,100,3.0
3849.0,0.01,1540,100,3.0
3849.5,0.008,1540,101,3.0
3850.0,0.01,1541,100,3.6
3850.5,0.01,1541,100,3.6
3851.0,0.008,1541,100,3.6
3851.5,0.008,1542,100,2.4000000000000004
3852.0,0.008,1542,100,1.8
3852.5,0.008,1542,101,1.8
3853.0,0.01,1542,101,1.8
3853.5,0.008,1543,100,1.2000000000000002
3854.0,0.008,1543,100,1.2000000000000002
3854.5,0.008,1543,100,1.2000000000000002
3855.0,0.01,1544,99,1.2000000000000002
3855.5,0.008,1544,98,1.2000000000000002
3856.0,0.008,1544,98,1.2000000000000002
3856.5,0.01,1545,98,1.2000000000000002
3857.0,0.008,1545,98,0.6000000000000001
3857.5,0.008,1545,98,0.0
3858.0,0.008,1546,98,0.0
3858.5,0.008,1546,98,0.0
3859.0,0.011,1546,98,0.0
3859.5,0.008,1546,98,0.0
3860.0,0.006,1547,98,0.0
3860.5,0.006,1547,98,0.0
3861.0,0.008,1547,98,0.0
3861.5,0.008,1548,98,0.0
3862.0,0.01,1548,98,0.0
3862.5,0.01,1548,98,0.0
3863.0,0.006,1548,99,0.0
3863.5,0.008,1549,100,0.6000000000000001
3864.0,0.008,1549,100,0.6000000000000001
3864.5,0.006,1549,101,0.6000000000000001
3865.0,0.008,1550,100,0.6000000000000001
3865.5,0.01,1550,100,0.6000000000000001
3866.0,0.008,1550,100,0.0
3866.5,0.008,1551,99,0.0
3867.0,0.006,1551,99,0.0
3867.5,0.006,1551,99,1.8
3868.0,0.008,1552,99,3.6
3868.5,0.01,1552,99,4.2
3869.0,0.005,1552,99,4.2
3869.5,0.008,1552,99,4.2
3870.0,0.005,1553,99,3.6
3870.5,0.005,1553,99,3.6
3871.0,0.006,1553,98,3.6
3871.5,0.01,1554,98,3.6
3872.0,0.006,1554,98,3.6
3872.5,0.006,1554,98,3.6
3873.0,0.006,1554,99,4.2
3873.5,0.005,1555,99,4.2
3874.0,0.006,1555,99,4.800000000000001
3874.5,0.008,1555,100,4.800000000000001
3875.0,0.006,1556,100,4.800000000000001
3875.5,0.008,1556,100,4.800000000000001
3876.0,0.008,1556,100,4.2
3876.5,0.006,1557,100,3.6
3877.0,0.006,1557,100,3.6
3877.5,0.01,1557,100,3.6
3878.0,0.006,1557,100,4.800000000000001
3878.5,0.008,1558,100,4.2
3879.0,0.005,1558,100,4.2
3879.5,0.005,1558,100,4.2
3880.0,0.006,1559,100,4.2
3880.5,0.01,1559,100,3.6
3881.0,0.006,1559,101,3.6
3881.5,0.008,1560,100,3.0
3882.0,0.006,1560,101,3.0
3882.5,0.006,1560,101,3.0
3883.0,0.006,1561,101,3.6
3883.5,0.01,1561,101,3.6
3884.0,0.008,1561,101,3.0
3884.5,0.008,1561,101,2.4000000000000004
3885.0,0.008,1562,101,1.8
3885.5,0.006,1562,101,1.8
3886.0,0.006,1562,101,1.2000000000000002
3886.5,0.01,1563,101,1.2000000000000002
3887.0,0.006,1563,100,1.2000000000000002
3887.5,0.006,1563,100,1.2000000000000002
3888.0,0.006,1564,99,1.2000000000000002
3888.5,0.008,1564,99,1.2000000000000002
3889.0,0.006,1564,98,1.2000000000000002
3889.5,0.01,1564,98,0.6000000000000001
3890.0,0.005,1565,98,0.0
3890.5,0.008,1565,98,0.0
3891.0,0.006,1565,98,0.0
3891.5,0.008,1566,99,0.0
3892.0,0.006,1566,99,0.0
3892.5,0.01,1566,99,0.0
3893.0,0.008,1566,99,0.0
3893.5,0.008,1567,99,0.0
3894.0,0.008,1567,98,0.0
3894.5,0.008,1567,99,0.0
3895.0,0.006,1568,100,0.0
3895.5,0.01,1568,99,0.0
3896.0,0.008,1568,101,0.6000000000000001
3896.5,0.008,1569,101,0.6000000000000001
3897.0,0.008,1569,101,0.6000000000000001
3897.5,0.008,1569,102,0.0
3898.0,0.008,1570,101,0.0
3898.5,0.008,1570,100,0.0
3899.0,0.008,1570,101,0.0
3899.5,0.008,1570,100,0.0
3900.0,0.01,1571,100,1.2000000000000002
3900.5,0.008,1571,99,3.0
3901.0,0.008,1571,100,4.2
3901.5,0.008,1572,100,4.2
3902.0,0.01,1572,100,4.2
3902.5,0.008,1572,100,3.6
3903.0,0.006,1573,100,3.6
3903.5,0.006,1573,99,3.0
3904.0,0.006,1573,99,3.0
3904.5,0.006,1573,99,3.0
3905.0,0.006,1574,99,3.6
3905.5,0.008,1574,99,3.6
3906.0,0.008,1574,99,3.6
3906.5,0.006,1575,99,4.2
3907.0,0.008,1575,100,4.800000000000001
3907.5,0.006,1575,100,4.800000000000001
3908.0,0.008,1576,100,4.2
3908.5,0.008,1576,100,4.2
3909.0,0.008,1576,100,3.6
3909.5,0.006,1576,100,3.6
3910.0,0.006,1577,100,3.6
3910.5,0.008,1577,100,4.2
3911.0,0.008,1577,100,4.2
3911.5,0.006,1578,100,4.2
3912.0,0.01,1578,100,3.6
3912.5,0.008,1578,100,3.6
3913.0,0.006,1579,100,3.6
3913.5,0.005,1579,100,3.0
3914.0,0.01,1579,100,3.0
3914.5,0.008,1579,100,3.0
3915.0,0.01,1580,100,3.0
3915.5,0.008,1580,100,3.0
3916.0,0.008,1580,100,3.6
3916.5,0.008,1581,100,3.0
3917.0,0.008,1581,100,2.4000000000000004
3917.5,0.008,1581,100,1.8
3918.0,0.01,1582,100,1.8
3918.5,0.008,1582,100,1.8
3919.0,0.006,1582,100,1.2000000000000002
3919.5,0.008,1582,100,1.2000000000000002
3920.0,0.006,1583,99,1.8
3920.5,0.011,1583,98,1.2000000000000002
3921.0,0.006,1584,97,1.2000000000000002
3921.5,0.006,1584,98,1.2000000000000002
3922.0,0.006,1584,97,0.0
3922.5,0.006,1585,98,0.0
3923.0,0.006,1585,98,0.0
3923.5,0.011,1585,98,0.0
3924.0,0.008,1585,98,0.0
3924.5,0.006,1586,98,0.0
3925.0,0.006,1586,98,0.0
3925.5,0.008,1586,98,0.0
3926.0,0.008,1587,98,0.0
3926.5,0.01,1587,98,0.0
3927.0,0.008,1587,99,0.0
3927.5,0.008,1587,99,0.0
3928.0,0.008,1588,100,0.0
3928.5,0.01,1588,101,0.6000000000000001
3929.0,0.008,1588,101,0.6000000000000001
3929.5,0.01,1589,101,0.0
3930.0,0.01,1589,101,0.6000000000000001
3930.5,0.008,1589,100,0.0
3931.0,0.008,1590,100,0.0
3931.5,0.01,1590,100,0.0
3932.0,0.008,1590,100,1.2000000000000002
3932.5,0.01,1591,99,2.4000000000000004
3933.0,0.008,1591,99,3.6
3933.5,0.01,1591,100,4.2
3934.0,0.008,1591,100,4.2
3934.5,0.01,1592,100,3.6
3935.0,0.006,1592,100,3.6
3935.5,0.01,1592,99,3.0
3936.0,0.01,1593,99,3.0
3936.5,0.008,1593,99,3.0
3937.0,0.008,1593,99,3.6
3937.5,0.008,1594,99,3.6
3938.0,0.008,1594,100,3.6
3938.5,0.008,1594,100,4.2
3939.0,0.008,1594,100,4.800000000000001
3939.5,0.008,1595,100,4.800000000000001
3940.0,0.008,1595,100,4.2
3940.5,0.008,1595,100,4.2
3941.0,0.006,1596,100,3.6
3941.5,0.008,1596,100,3.6
3942.0,0.008,1596,100,3.6
3942.5,0.008,1596,100,4.2
3943.0,0.008,1597,100,4.800000000000001
3943.5,0.006,1597,100,3.6
3944.0,0.008,1597,100,3.6
3944.5,0.01,1598,100,3.6
3945.0,0.008,1598,100,3.6
3945.5,0.006,1598,100,3.6
3946.0,0.008,1599,100,3.0
3946.5,0.008,1599,100,3.0
3947.0,0.008,1599,100,3.0
3947.5,0.01,1600,101,3.0
3948.0,0.01,1600,101,3.6
3948.5,0.008,1600,100,3.0
3949.0,0.01,1601,100,2.4000000000000004
3949.5,0.008,1601,100,1.8
3950.0,0.008,1601,101,1.8
3950.5,0.008,1601,101,1.8
3951.0,0.01,1602,100,1.8
3951.5,0.008,1602,100,1.2000000000000002
3952.0,0.008,1602,99,1.2000000000000002
3952.5,0.008,1603,99,1.2000000000000002
3953.0,0.008,1603,98,1.2000000000000002
3953.5,0.008,1603,98,1.8
3954.0,0.008,1603,98,1.2000000000000002
3954.5,0.006,1604,98,0.6000000000000001
3955.0,0.008,1604,98,0.0
3955.5,0.008,1604,98,0.0
3956.0,0.008,1605,98,0.0
3956.5,0.008,1605,98,0.0
3957.0,0.01,1605,98,0.0
3957.5,0.006,1605,98,0.0
3958.0,0.01,1606,98,0.0
3958.5,0.008,1606,98,0.0
3959.0,0.01,1606,99,0.0
3959.5,0.006,1607,99,0.0
3960.0,0.008,1607,99,0.0
3960.5,0.008,1607,100,0.0
3961.0,0.008,1608,101,0.6000000000000001
3961.5,0.008,1608,101,0.6000000000000001
3962.0,0.008,1608,101,0.6000000000000001
3962.5,0.008,1609,101,0.6000000000000001
3963.0,0.008,1609,101,0.0
3963.5,0.006,1609,100,0.0
3964.0,0.008,1609,100,0.0
3964.5,0.008,1610,100,0.6000000000000001
3965.0,0.008,1610,99,2.4000000000000004
3965.5,0.008,1610,99,3.6
3966.0,0.008,1611,100,4.2
3966.5,0.008,1611,100,4.2
3967.0,0.008,1611,100,3.6
3967.5,0.008,1612,100,3.6
3968.0,0.008,1612,99,3.0
3968.5,0.008,1612,99,3.0
3969.0,0.008,1612,99,3.0
3969.5,0.006,1613,99,3.6
3970.0,0.01,1613,99,3.6
3970.5,0.008,1613,99,4.2
3971.0,0.006,1614,100,4.2
3971.5,0.008,1614,100,4.800000000000001
3972.0,0.006,1614,100,4.800000000000001
3972.5,0.006,1615,100,4.800000000000001
3973.0,0.008,1615,101,4.2
3973.5,0.006,1615,100,3.6
3974.0,0.005,1615,100,3.6
3974.5,0.006,1616,100,3.6
3975.0,0.006,1616,100,4.2
3975.5,0.008,1616,100,4.2
3976.0,0.01,1617,100,3.6
3976.5,0.006,1617,100,3.6
3977.0,0.008,1617,100,3.6
3977.5,0.008,1618,100,3.6
3978.0,0.008,1618,100,3.6
3978.5,0.006,1618,101,3.0
3979.0,0.01,1619,101,3.0
3979.5,0.008,1619,101,3.0
3980.0,0.008,1619,101,3.0
3980.5,0.01,1619,101,3.0
3981.0,0.008,1620,101,3.0
3981.5,0.008,1620,100,2.4000000000000004
3982.0,0.01,1620,101,1.8
3982.5,0.008,1621,101,1.8
3983.0,0.008,1621,101,1.8
3983.5,0.008,1621,101,1.2000000000000002
3984.0,0.006,1622,100,1.2000000000000002
3984.5,0.006,1622,100,1.2000000000000002
3985.0,0.006,1622,99,1.2000000000000002
3985.5,0.008,1622,99,1.2000000000000002
3986.0,0.006,1623,98,1.2000000000000002
3986.5,0.008,1623,98,1.2000000000000002
3987.0,0.006,1623,98,0.6000000000000001
3987.5,0.006,1624,98,0.0
3988.0,0.008,1624,98,0.0
3988.5,0.008,1624,98,0.0
3989.0,0.006,1625,98,0.0
3989.5,0.008,1625,99,0.0
3990.0,0.006,1625,98,0.0
3990.5,0.008,1625,98,0.0
3991.0,0.008,1626,98,0.0
3991.5,0.008,1626,99,0.0
3992.0,0.008,1626,99,0.0
3992.5,0.01,1627,99,0.0
3993.0,0.008,1627,99,0.0
3993.5,0.008,1627,100,0.6000000000000001
3994.0,0.008,1627,100,0.6000000000000001
3994.5,0.008,1628,101,0.6000000000000001
3995.0,0.006,1628,100,0.6000000000000001
3995.5,0.01,1628,100,0.6000000000000001
3996.0,0.008,1629,100,0.0
3996.5,0.008,1629,100,0.0
3997.0,0.01,1629,100,0.0
3997.5,0.008,1630,99,1.8
3998.0,0.008,1630,99,3.6
3998.5,0.01,1630,100,4.2
3999.0,0.011,1630,100,4.2
3999.5,0.008,1631,100,4.2
4000.0,0.006,1631,100,3.6
4000.5,0.008,1631,100,3.0
4001.0,0.006,1632,99,3.0
4001.5,0.011,1632,99,3.0
4002.0,0.01,1632,99,3.6
4002.5,0.008,1633,99,3.6
4003.0,0.006,1633,99,4.2
4003.5,0.008,1633,100,4.2
4004.0,0.006,1634,100,4.800000000000001
4004.5,0.01,1634,100,4.800000000000001
4005.0,0.01,1634,100,4.800000000000001
4005.5,0.008,1634,100,4.2
4006.0,0.006,1635,100,3.6
4006.5,0.008,1635,100,3.6
4007.0,0.008,1635,100,3.6
4007.5,0.01,1636,100,4.2
4008.0,0.008,1636,100,4.2
4008.5,0.008,1636,100,4.2
4009.0,0.008,1637,100,4.2
4009.5,0.008,1637,100,4.2
4010.0,0.008,1637,101,3.6
4010.5,0.013,1637,101,3.6
4011.0,0.01,1638,100,3.0
4011.5,0.008,1638,100,3.0
4012.0,0.008,1638,100,3.0
4012.5,0.008,1639,101,3.0
4013.0,0.008,1639,101,3.0
4013.5,0.011,1639,100,3.6
4014.0,0.01,1639,100,2.4000000000000004
4014.5,0.008,1640,100,1.8
4015.0,0.008,1640,100,1.8
4015.5,0.008,1640,101,1.8
4016.0,0.008,1641,101,1.8
4016.5,0.011,1641,100,1.2000000000000002
4017.0,0.008,1641,99,1.2000000000000002
4017.5,0.008,1642,99,1.2000000000000002
4018.0,0.01,1642,98,1.2000000000000002
4018.5,0.008,1642,98,1.2000000000000002
4019.0,0.008,1643,97,1.8
4019.5,0.011,1643,98,0.6000000000000001
4020.0,0.008,1643,97,0.0
4020.5,0.008,1643,97,0.0
4021.0,0.01,1644,97,0.0
4021.5,0.006,1644,98,0.0
4022.0,0.005,1644,98,0.0
4022.5,0.008,1645,97,0.0
4023.0,0.008,1645,98,0.0
4023.5,0.006,1645,98,0.0
4024.0,0.008,1645,97,0.0
4024.5,0.008,1646,98,0.0
4025.0,0.008,1646,99,0.0
4025.5,0.008,1646,98,0.0
4026.0,0.01,1647,100,0.0
4026.5,0.006,1647,100,0.0
4027.0,0.008,1647,100,0.0
4027.5,0.008,1648,100,0.6000000000000001
4028.0,0.008,1648,100,0.0
4028.5,0.008,1648,100,0.0
4029.0,0.01,1649,100,0.0
4029.5,0.006,1649,99,0.0
4030.0,0.01,1649,99,1.2000000000000002
4030.5,0.008,1649,99,3.0
4031.0,0.008,1650,99,3.6
4031.5,0.01,1650,100,4.2
4032.0,0.01,1650,100,4.2
4032.5,0.008,1651,100,3.6
4033.0,0.008,1651,99,3.6
4033.5,0.008,1651,99,3.6
4034.0,0.008,1651,99,3.0
4034.5,0.008,1652,99,3.0
4035.0,0.01,1652,99,3.6
4035.5,0.008,1652,99,3.6
4036.0,0.01,1653,99,3.6
4036.5,0.008,1653,100,4.2
4037.0,0.008,1653,100,4.800000000000001
4037.5,0.008,1654,100,4.800000000000001
4038.0,0.01,1654,100,4.2
4038.5,0.006,1654,101,4.2
4039.0,0.01,1654,100,3.6
4039.5,0.008,1655,100,3.6
4040.0,0.008,1655,100,3.6
4040.5,0.008,1655,100,4.2
4041.0,0.01,1656,100,4.2
4041.5,0.008,1656,100,3.6
4042.0,0.01,1656,100,3.6
4042.5,0.006,1657,100,3.6
4043.0,0.006,1657,101,3.6
4043.5,0.006,1657,101,3.6
4044.0,0.01,1658,100,3.0
4044.5,0.01,1658,100,3.0
4045.0,0.011,1658,100,3.0
4045.5,0.008,1658,101,3.0
4046.0,0.006,1659,101,3.6
4046.5,0.006,1659,100,3.0
4047.0,0.01,1659,100,2.4000000000000004
4047.5,0.008,1660,101,1.8
4048.0,0.01,1660,101,1.8
4048.5,0.006,1660,101,1.8
4049.0,0.006,1661,101,1.2000000000000002
4049.5,0.008,1661,100,1.2000000000000002
4050.0,0.01,1661,99,1.2000000000000002
4050.5,0.006,1661,99,1.2000000000000002
4051.0,0.01,1662,98,1.2000000000000002
4051.5,0.006,1662,98,1.2000000000000002
4052.0,0.005,1662,98,1.2000000000000002
4052.5,0.008,1663,98,0.0
4053.0,0.008,1663,98,0.0
4053.5,0.008,1663,98,0.0
4054.0,0.008,1664,98,0.0
4054.5,0.006,1664,98,0.0
4055.0,0.006,1664,98,0.0
4055.5,0.006,1664,98,0.0
4056.0,0.008,1665,98,0.0
4056.5,0.008,1665,98,0.0
4057.0,0.006,1665,98,0.0
4057.5,0.01,1666,99,0.0
4058.0,0.008,1666,99,0.0
4058.5,0.008,1666,100,0.0
4059.0,0.008,1666,101,0.0
4059.5,0.01,1667,101,0.0
4060.0,0.008,1667,101,0.0
4060.5,0.008,1667,100,0.0
4061.0,0.006,1668,100,0.0
4061.5,0.006,1668,100,0.0
4062.0,0.008,1668,100,0.0
4062.5,0.008,1669,99,0.6000000000000001
4063.0,0.008,1669,99,2.4000000000000004
4063.5,0.008,1669,99,3.6
4064.0,0.008,1669,100,4.2
4064.5,0.006,1670,100,4.2
4065.0,0.008,1670,100,3.6
4065.5,0.008,1670,100,3.6
4066.0,0.006,1671,99,3.0
4066.5,0.008,1671,99,3.0
4067.0,0.008,1671,99,3.0
4067.5,0.008,1672,98,3.6
4068.0,0.008,1672,99,3.6
4068.5,0.008,1672,99,3.6
4069.0,0.006,1673,99,4.2
4069.5,0.01,1673,99,4.800000000000001
4070.0,0.006,1673,100,4.800000000000001
4070.5,0.01,1673,100,4.800000000000001
4071.0,0.008,1674,100,4.2
4071.5,0.008,1674,100,3.6
4072.0,0.006,1674,100,3.6
4072.5,0.01,1675,99,3.6
4073.0,0.006,1675,99,4.2
4073.5,0.008,1675,99,4.2
4074.0,0.006,1675,99,3.6
4074.5,0.008,1676,99,3.6
4075.0,0.006,1676,99,4.2
4075.5,0.01,1676,100,3.6
4076.0,0.008,1677,100,3.6
4076.5,0.008,1677,100,3.0
4077.0,0.006,1677,100,3.0
4077.5,0.008,1678,100,3.0
4078.0,0.006,1678,100,3.0
4078.5,0.01,1678,100,3.6
4079.0,0.006,1678,100,3.6
4079.5,0.01,1679,99,2.4000000000000004
4080.0,0.006,1679,100,1.8
4080.5,0.008,1679,100,1.8
4081.0,0.006,1680,100,1.8
4081.5,0.008,1680,100,1.2000000000000002
4082.0,0.008,1680,99,1.8
4082.5,0.006,1681,99,1.2000000000000002
4083.0,0.006,1681,98,1.2000000000000002
4083.5,0.008,1681,98,1.2000000000000002
4084.0,0.006,1681,97,1.2000000000000002
4084.5,0.008,1682,97,1.2000000000000002
4085.0,0.008,1682,97,0.6000000000000001
4085.5,0.005,1682,97,0.0
4086.0,0.008,1683,97,0.0
4086.5,0.005,1683,97,0.0
4087.0,0.005,1683,97,0.0
4087.5,0.008,1683,98,0.0
4088.0,0.008,1684,97,0.0
4088.5,0.006,1684,97,0.0
4089.0,0.006,1684,97,0.0
4089.5,0.005,1685,98,0.0
4090.0,0.008,1685,98,0.0
4090.5,0.006,1685,98,0.0
4091.0,0.01,1686,99,0.0
4091.5,0.006,1686,100,0.6000000000000001
4092.0,0.008,1686,100,0.6000000000000001
4092.5,0.006,1687,100,0.6000000000000001
4093.0,0.008,1687,100,0.6000000000000001
4093.5,0.006,1687,100,0.6000000000000001
4094.0,0.008,1687,99,0.0
4094.5,0.008,1688,99,0.0
4095.0,0.006,1688,99,0.0
4095.5,0.006,1688,99,1.8
4096.0,0.008,1689,98,3.0
4096.5,0.008,1689,99,4.2
4097.0,0.008,1689,99,4.2
4097.5,0.006,1689,99,4.2
4098.0,0.008,1690,99,3.6
4098.5,0.006,1690,99,3.6
4099.0,0.008,1690,98,3.6
4099.5,0.006,1691,98,3.6
4100.0,0.008,1691,98,3.6
4100.5,0.008,1691,98,4.2
4101.0,0.008,1692,98,4.2
4101.5,0.006,1692,99,4.2
4102.0,0.005,1692,99,4.800000000000001
4102.5,0.006,1693,99,4.800000000000001
4103.0,0.006,1693,99,4.800000000000001
4103.5,0.005,1693,100,4.800000000000001
4104.0,0.006,1693,100,4.800000000000001
4104.5,0.005,1694,99,3.6
4105.0,0.005,1694,99,4.2
4105.5,0.006,1694,99,4.2
4106.0,0.006,1695,99,4.800000000000001
4106.5,0.006,1695,99,4.800000000000001
4107.0,0.006,1695,99,4.2
4107.5,0.005,1695,99,4.2
4108.0,0.006,1696,99,4.2
4108.5,0.005,1696,100,4.2
4109.0,0.006,1696,100,3.6
4109.5,0.006,1697,100,3.6
4110.0,0.008,1697,100,3.6
4110.5,0.006,1697,100,3.6
4111.0,0.008,1698,100,3.6
4111.5,0.006,1698,100,3.6
4112.0,0.005,1698,100,3.6
4112.5,0.006,1698,100,2.4000000000000004
4113.0,0.008,1699,101,2.4000000000000004
4113.5,0.006,1699,101,1.8
4114.0,0.006,1699,101,1.8
4114.5,0.008,1700,100,1.8
4115.0,0.006,1700,100,1.8
4115.5,0.006,1700,99,1.2000000000000002
4116.0,0.008,1701,99,1.2000000000000002
4116.5,0.006,1701,98,1.2000000000000002
4117.0,0.006,1701,98,1.8
4117.5,0.008,1702,98,1.2000000000000002
4118.0,0.005,1702,98,0.6000000000000001
4118.5,0.006,1702,98,0.0
4119.0,0.006,1702,98,0.0
4119.5,0.008,1703,98,0.0
4120.0,0.006,1703,98,0.0
4120.5,0.006,1703,98,0.0
4121.0,0.003,1704,98,0.0
4121.5,0.005,1704,98,0.0
4122.0,0.006,1704,98,0.0
4122.5,0.006,1704,99,0.0
4123.0,0.005,1705,99,0.0
4123.5,0.006,1705,99,0.0
4124.0,0.005,1705,99,0.0
4124.5,0.008,1706,101,0.6000000000000001
4125.0,0.005,1706,101,0.6000000000000001
4125.5,0.008,1706,101,0.6000000000000001
4126.0,0.005,1707,101,0.6000000000000001
4126.5,0.006,1707,100,0.0
4127.0,0.006,1707,100,0.6000000000000001
4127.5,0.006,1708,100,0.0
4128.0,0.006,1708,100,0.6000000000000001
4128.5,0.006,1708,99,2.4000000000000004
4129.0,0.005,1708,99,3.6
4129.5,0.008,1709,100,4.2
4130.0,0.006,1709,100,4.2
4130.5,0.006,1709,100,3.6
4131.0,0.006,1710,100,3.6
4131.5,0.008,1710,99,3.6
4132.0,0.006,1710,99,3.6
4132.5,0.008,1710,99,3.6
4133.0,0.006,1711,99,3.6
4133.5,0.006,1711,99,4.2
4134.0,0.006,1711,99,4.2
4134.5,0.006,1712,100,4.2
4135.0,0.005,1712,100,4.800000000000001
4135.5,0.008,1712,100,4.800000000000001
4136.0,0.006,1713,100,4.800000000000001
4136.5,0.006,1713,100,4.2
4137.0,0.005,1713,100,4.2
4137.5,0.005,1713,100,3.6
4138.0,0.003,1714,100,4.2
4138.5,0.008,1714,100,4.2
4139.0,0.003,1714,100,4.800000000000001
4139.5,0.005,1715,100,4.2
4140.0,0.005,1715,100,4.2
4140.5,0.006,1715,100,4.2
4141.0,0.005,1716,100,3.6
4141.5,0.008,1716,100,3.6
4142.0,0.003,1716,100,3.0
4142.5,0.005,1717,100,3.0
4143.0,0.006,1717,100,3.0
4143.5,0.006,1717,100,3.0
4144.0,0.006,1717,100,3.6
4144.5,0.008,1718,100,3.6
4145.0,0.006,1718,100,3.0
4145.5,0.005,1718,100,1.8
4146.0,0.005,1719,100,1.8
4146.5,0.008,1719,100,1.8
4147.0,0.005,1719,100,1.2000000000000002
4147.5,0.006,1719,100,1.2000000000000002
4148.0,0.006,1720,99,1.2000000000000002
4148.5,0.006,1720,99,1.2000000000000002
4149.0,0.006,1720,98,1.2000000000000002
4149.5,0.006,1721,98,1.2000000000000002
4150.0,0.005,1721,98,1.2000000000000002
4150.5,0.005,1721,98,0.6000000000000001
4151.0,0.008,1722,97,0.0
4151.5,0.005,1722,98,0.0
4152.0,0.005,1722,98,0.0
4152.5,0.006,1722,98,0.0
4153.0,0.006,1723,98,0.0
4153.5,0.006,1723,98,0.0
4154.0,0.006,1723,98,0.0
4154.5,0.003,1724,98,0.0
4155.0,0.006,1724,98,0.0
4155.5,0.005,1724,99,0.0
4156.0,0.006,1725,99,0.0
4156.5,0.005,1725,99,0.0
4157.0,0.006,1725,100,0.0
4157.5,0.003,1725,101,0.0
4158.0,0.005,1726,101,0.6000000000000001
4158.5,0.006,1726,101,0.0
4159.0,0.006,1726,101,0.0
4159.5,0.005,1727,100,0.0
4160.0,0.006,1727,100,0.0
4160.5,0.003,1727,100,0.0
4161.0,0.006,1727,99,1.8
4161.5,0.005,1728,99,3.6
4162.0,0.008,1728,100,4.2
4162.5,0.005,1728,100,4.2
4163.0,0.008,1729,100,4.2
4163.5,0.006,1729,100,3.6
4164.0,0.008,1729,100,3.6
4164.5,0.006,1730,99,3.0
4165.0,0.006,1730,99,3.6
4165.5,0.005,1730,99,3.6
4166.0,0.006,1731,99,3.6
4166.5,0.005,1731,99,4.2
4167.0,0.008,1731,100,4.2
4167.5,0.006,1731,100,4.800000000000001
4168.0,0.005,1732,100,4.800000000000001
4168.5,0.005,1732,100,4.800000000000001
4169.0,0.006,1732,100,4.800000000000001
4169.5,0.005,1733,100,4.2
4170.0,0.008,1733,100,3.6
4170.5,0.005,1733,100,3.6
4171.0,0.006,1734,100,4.2
4171.5,0.005,1734,100,4.800000000000001
4172.0,0.006,1734,100,4.2
4172.5,0.005,1734,100,4.2
4173.0,0.005,1735,100,4.2
4173.5,0.005,1735,100,4.2
4174.0,0.005,1735,100,3.6
4174.5,0.005,1736,101,3.6
4175.0,0.008,1736,100,3.0
4175.5,0.005,1736,100,3.0
4176.0,0.005,1737,101,3.0
4176.5,0.005,1737,100,3.6
4177.0,0.006,1737,100,3.6
4177.5,0.005,1738,101,1.8
4178.0,0.006,1739,101,1.2000000000000002
4178.5,0.005,1739,100,1.2000000000000002
4179.0,0.006,1739,100,1.2000000000000002
4179.5,0.008,1740,99,1.2000000000000002
4180.0,0.006,1740,99,1.2000000000000002
4180.5,0.006,1740,98,1.2000000000000002
4181.0,0.006,1741,98,1.2000000000000002
4181.5,0.003,1741,98,0.6000000000000001
4182.0,0.005,1741,98,0.0
4182.5,0.005,1741,98,0.0
4183.0,0.006,1742,98,0.0
4183.5,0.005,1742,98,0.0
4184.0,0.006,1742,98,0.0
4184.5,0.005,1743,98,0.0
4185.0,0.005,1743,98,0.0
4185.5,0.005,1743,98,0.0
4186.0,0.006,1743,98,0.0
4186.5,0.005,1744,98,0.0
4187.0,0.006,1744,99,0.0
4187.5,0.005,1744,99,0.0
4188.0,0.006,1745,100,0.0
4188.5,0.005,1745,101,0.6000000000000001
4189.0,0.006,1745,101,0.6000000000000001
4189.5,0.005,1746,101,0.6000000000000001
4190.0,0.006,1746,100,0.0
4190.5,0.005,1746,100,0.0
4191.0,0.008,1746,100,0.0
4191.5,0.006,1747,100,0.0
4192.0,0.008,1747,100,1.2000000000000002
4192.5,0.006,1747,99,3.0
4193.0,0.006,1748,100,3.6
4193.5,0.006,1748,100,4.2
4194.0,0.008,1748,100,4.2
4194.5,0.005,1749,100,3.6
4195.0,0.006,1749,100,3.6
4195.5,0.005,1749,100,3.0
4196.0,0.01,1749,99,3.0
4196.5,0.006,1750,99,3.6
4197.0,0.008,1750,99,3.6
4197.5,0.006,1750,99,4.2
4198.0,0.008,1751,100,3.6
4198.5,0.005,1751,100,4.2
4199.0,0.006,1751,100,4.800000000000001
4199.5,0.008,1752,100,4.800000000000001
4200.0,0.006,1752,100,4.2
4200.5,0.006,1752,101,4.2
4201.0,0.006,1752,101,3.6
4201.5,0.006,1753,100,3.6
4202.0,0.008,1753,100,3.6
4202.5,0.005,1753,100,4.2
4203.0,0.006,1754,100,4.2
4203.5,0.005,1754,100,3.6
4204.0,0.006,1754,100,4.2
4204.5,0.005,1755,101,3.6
4205.0,0.01,1755,101,3.6
4205.5,0.006,1755,101,3.6
4206.0,0.008,1756,100,3.0
4206.5,0.006,1756,100,3.0
4207.0,0.006,1756,101,3.0
4207.5,0.006,1756,101,3.6
4208.0,0.008,1757,101,3.6
4208.5,0.006,1757,100,3.0
4209.0,0.01,1757,100,2.4000000000000004
4209.5,0.006,1758,101,1.8
4210.0,0.006,1758,101,1.8
4210.5,0.006,1758,101,1.8
4211.0,0.01,1759,101,1.2000000000000002
4211.5,0.008,1759,100,1.2000000000000002
4212.0,0.006,1759,99,1.2000000000000002
4212.5,0.006,1759,99,1.2000000000000002
4213.0,0.008,1760,99,1.2000000000000002
4213.5,0.006,1760,98,1.2000000000000002
4214.0,0.011,1760,98,0.6000000000000001
4214.5,0.008,1761,98,0.0
4215.0,0.008,1761,98,0.0
4215.5,0.008,1761,98,0.0
4216.0,0.008,1762,99,0.0
4216.5,0.006,1762,99,0.0
4217.0,0.011,1762,98,0.0
4217.5,0.008,1762,99,0.0
4218.0,0.006,1763,98,0.0
4218.5,0.008,1763,98,0.0
4219.0,0.008,1763,99,0.0
4219.5,0.006,1764,99,0.0
4220.0,0.008,1764,99,0.0
4220.5,0.008,1764,100,0.0
4221.0,0.005,1765,101,0.6000000000000001
4221.5,0.006,1765,101,0.6000000000000001
4222.0,0.008,1765,101,0.6000000000000001
4222.5,0.008,1765,100,0.6000000000000001
4223.0,0.01,1766,100,0.0
4223.5,0.006,1766,100,0.0
4224.0,0.008,1766,100,0.0
4224.5,0.008,1767,99,1.2000000000000002
4225.0,0.006,1767,99,3.0
4225.5,0.008,1767,99,3.6
4226.0,0.01,1768,100,4.2
4226.5,0.008,1768,100,4.2
4227.0,0.008,1768,100,3.6
4227.5,0.01,1768,99,3.6
4228.0,0.006,1769,99,3.0
4228.5,0.01,1769,99,3.0
4229.0,0.008,1769,99,3.6
4229.5,0.01,1770,99,3.6
4230.0,0.01,1770,99,4.2
4230.5,0.01,1770,99,4.2
4231.0,0.008,1771,100,4.800000000000001
4231.5,0.01,1771,100,4.800000000000001
4232.0,0.008,1771,100,4.800000000000001
4232.5,0.008,1771,100,4.800000000000001
4233.0,0.006,1772,100,4.2
4233.5,0.008,1772,100,4.2
4234.0,0.006,1772,100,3.6
4234.5,0.01,1773,100,4.2
4235.0,0.006,1773,100,4.2
4235.5,0.01,1773,100,4.2
4236.0,0.008,1774,99,4.2
4236.5,0.008,1774,100,4.2
4237.0,0.006,1774,100,4.2
4237.5,0.01,1774,100,3.6
4238.0,0.006,1775,100,3.6
4238.5,0.008,1775,101,3.0
4239.0,0.006,1775,100,3.0
4239.5,0.01,1776,100,3.0
4240.0,0.006,1776,100,3.0
4240.5,0.008,1776,100,3.6
4241.0,0.006,1777,100,3.0
4241.5,0.008,1777,100,2.4000000000000004
4242.0,0.008,1777,100,1.8
4242.5,0.01,1777,100,1.8
4243.0,0.006,1778,101,1.8
4243.5,0.008,1778,100,1.8
4244.0,0.008,1778,100,1.8
4244.5,0.008,1779,99,1.8
4245.0,0.008,1779,99,1.8
4245.5,0.011,1779,98,1.8
4246.0,0.008,1780,98,1.2000000000000002
4246.5,0.008,1780,98,1.2000000000000002
4247.0,0.006,1780,97,0.6000000000000001
4247.5,0.008,1781,97,0.0
4248.0,0.01,1781,98,0.0
4248.5,0.01,1781,98,0.0
4249.0,0.006,1781,98,0.0
4249.5,0.006,1782,98,0.0
4250.0,0.008,1782,98,0.0
4250.5,0.01,1782,98,0.0
4251.0,0.008,1783,98,0.0
4251.5,0.008,1783,98,0.0
4252.0,0.006,1783,99,0.0
4252.5,0.006,1783,99,0.0
4253.0,0.008,1784,100,0.0
4253.5,0.01,1784,100,0.6000000000000001
4254.0,0.008,1784,101,0.6000000000000001
4254.5,0.008,1785,101,0.0
4255.0,0.006,1785,101,0.0
4255.5,0.006,1785,100,0.0
4256.0,0.008,1785,100,0.0
4256.5,0.01,1786,100,0.0
4257.0,0.008,1786,100,0.6000000000000001
4257.5,0.008,1786,99,2.4000000000000004
4258.0,0.008,1787,99,3.6
4258.5,0.006,1787,100,4.2
4259.0,0.01,1787,100,3.6
4259.5,0.008,1788,100,3.6
4260.0,0.008,1788,100,3.6
4260.5,0.008,1788,99,3.0
4261.0,0.008,1789,99,3.0
4261.5,0.01,1789,99,3.0
4262.0,0.01,1789,99,3.6
4262.5,0.008,1789,99,3.6
4263.0,0.008,1790,99,4.2
4263.5,0.008,1790,100,4.2
4264.0,0.008,1790,100,4.800000000000001
4264.5,0.008,1791,100,4.800000000000001
4265.0,0.01,1791,100,4.800000000000001
4265.5,0.008,1791,101,4.2
4266.0,0.008,1792,100,3.6
4266.5,0.008,1792,100,3.6
4267.0,0.006,1792,100,3.6
4267.5,0.008,1792,100,4.2
4268.0,0.01,1793,100,4.800000000000001
4268.5,0.006,1793,100,4.2
4269.0,0.01,1793,99,4.2
4269.5,0.008,1794,100,3.6
4270.0,0.006,1794,100,3.6
4270.5,0.006,1794,101,3.6
4271.0,0.008,1795,101,3.0
4271.5,0.008,1795,101,3.0
4272.0,0.008,1796,100,3.6
4272.5,0.008,1796,100,3.6
4273.0,0.011,1796,100,2.4000000000000004
4273.5,0.008,1797,100,1.8
4274.0,0.008,1797,101,1.8
4274.5,0.008,1797,101,1.8
4275.0,0.01,1798,100,1.2000000000000002
4275.5,0.008,1798,100,1.2000000000000002
4276.0,0.008,1798,99,1.2000000000000002
4276.5,0.008,1799,99,1.2000000000000002
4277.0,0.01,1799,98,1.2000000000000002
4277.5,0.01,1799,98,1.2000000000000002
4278.0,0.01,1799,98,1.2000000000000002
4278.5,0.008,1800,98,0.6000000000000001
4279.0,0.011,1800,98,0.0
4279.5,0.01,1800,0,0.0
4280.0,0.01,1800,0,4.2
4280.5,0.006,1800,0,9.600000000000001
4281.0,0.006,1800,0,12.0
4281.5,0.006,1800,0,13.8
4282.0,0.005,1800,0,14.4
4282.5,0.005,1800,0,13.8
4283.0,0.005,1800,0,12.600000000000001
4283.5,0.005,1800,0,10.8
4284.0,0.005,1800,0,10.200000000000001
4284.5,0.005,1800,0,9.600000000000001
4285.0,0.005,1800,0,9.600000000000001
4285.5,0.005,1800,0,6.6000000000000005
4286.0,0.006,1800,0,5.4
4286.5,0.006,1800,0,4.800000000000001
4287.0,0.006,1800,0,4.2
4287.5,0.006,1800,0,3.6
4288.0,0.006,1800,0,3.0
4288.5,0.006,1800,0,2.4000000000000004
4289.0,0.008,1800,0,2.4000000000000004
4289.5,0.006,1800,0,1.8
4290.0,0.006,1800,0,1.8
4290.5,0.006,1800,0,1.2000000000000002
4291.0,0.008,1800,0,1.2000000000000002
4291.5,0.008,1800,0,0.6000000000000001
4292.0,0.008,1800,0,0.6000000000000001
4292.5,0.008,1800,0,0.6000000000000001
4293.0,0.006,1800,0,0.6000000000000001
4293.5,0.006,1800,0,0.0
4294.0,0.006,1800,0,0.0
4294.5,0.008,1800,0,0.0
4295.0,0.006,1800,0,0.0
4295.5,0.006,1800,0,0.0
4296.0,0.005,1800,0,0.0
4296.5,0.005,1800,0,0.0
4297.0,0.005,1800,0,0.0
4297.5,0.005,1800,0,0.0
4298.0,0.006,1800,0,0.0
4298.5,0.006,1800,0,0.0
4299.0,0.005,1800,0,0.0
4299.5,0.006,1800,0,0.0
4300.0,0.005,1800,0,0.0
4300.5,0.006,1800,0,0.0
4301.0,0.006,1800,0,0.0
4301.5,0.005,1800,0,0.0
4302.0,0.005,1800,0,0.0
4302.5,0.005,1800,0,0.0
4303.0,0.006,1800,0,0.0
4303.5,0.006,1800,0,0.0
4304.0,0.006,1800,0,0.0
4304.5,0.005,1800,0,0.0
4305.0,0.005,1800,0,0.0
4305.5,0.005,1800,0,0.0
4306.0,0.005,1800,0,0.0
4306.5,0.006,1800,0,0.0
4307.0,0.005,1800,0,0.0
4307.5,0.005,1800,0,0.0
4308.0,0.006,1800,0,0.0
4308.5,0.005,1800,0,0.0
4309.0,0.006,1800,0,0.0
4309.5,0.006,1800,0,0.0
4310.0,0.006,1800,0,0.0
4310.5,0.006,1800,0,0.0
4311.0,0.006,1800,0,0.0
4311.5,0.006,1800,0,0.0
4312.0,0.006,1800,0,0.0
4312.5,0.006,1800,0,0.0
4313.0,0.006,1800,0,0.0
4313.5,0.005,1800,0,0.0
4314.0,0.006,1800,0,0.0
4314.5,0.006,1800,0,0.0
4315.0,0.005,1800,0,0.0
4315.5,0.006,1800,0,0.0
4316.0,0.005,1800,0,0.0
4316.5,0.005,1800,0,0.0
4317.0,0.005,1800,0,0.6000000000000001
4317.5,0.006,1800,0,0.0
4318.0,0.006,1800,0,0.0
4318.5,0.005,1800,0,0.0
4319.0,0.005,1800,0,0.0
4319.5,0.005,1800,0,0.0
4320.0,0.006,1800,0,0.0
4320.5,0.006,1800,0,0.0
4321.0,0.005,1800,0,0.0
4321.5,0.006,1800,0,0.0
4322.0,0.006,1800,0,0.0
4322.5,0.006,1800,0,0.0
4323.0,0.006,1800,0,0.0
4323.5,0.005,1800,0,0.0
4324.0,0.006,1800,0,0.0
4324.5,0.005,1800,0,0.0
4325.0,0.006,1800,0,0.0
4325.5,0.006,1800,0,0.0
4326.0,0.006,1800,0,0.0
4326.5,0.005,1800,0,0.0
4327.0,0.006,1800,0,0.0
4327.5,0.006,1800,0,0.0
4328.0,0.006,1800,0,0.0
4328.5,0.005,1800,0,0.0
4329.0,0.006,1800,0,0.0
4329.5,0.008,1800,0,0.0
4330.0,0.006,1800,0,0.0
4330.5,0.006,1800,0,0.0
4331.0,0.005,1800,0,0.0
4331.5,0.006,1800,0,0.0
4332.0,0.006,1800,0,0.0
4332.5,0.006,1800,0,0.0
4333.0,0.006,1800,0,0.0
4333.5,0.006,1800,0,0.0
4334.0,0.006,1800,0,0.0
4334.5,0.006,1800,0,0.0
4335.0,0.006,1800,0,0.0
4335.5,0.006,1800,0,0.0
4336.0,0.005,1800,0,0.0
4336.5,0.005,1800,0,0.0
4337.0,0.005,1800,0,0.0
4337.5,0.005,1800,0,0.0
4338.0,0.006,1800,0,0.0
4338.5,0.006,1800,0,0.0
4339.0,0.006,1800,0,0.6000000000000001
4339.5,0.005,1800,0,0.0
4340.0,0.006,1800,0,0.0
4340.5,0.006,1800,0,0.0
4341.0,0.006,1800,0,0.0
4341.5,0.005,1800,0,0.0
4342.0,0.006,1800,0,0.0
4342.5,0.006,1800,0,0.0
4343.0,0.006,1800,0,0.0
4343.5,0.006,1800,0,0.0
4344.0,0.006,1800,0,0.0
4344.5,0.006,1800,0,0.0
4345.0,0.006,1800,0,0.0
4345.5,0.006,1800,0,0.0
4346.0,0.006,1800,0,0.0
4346.5,0.006,1800,0,0.0
4347.0,0.006,1800,0,0.0
4347.5,0.006,1800,0,0.0
4348.0,0.005,1800,0,0.0
4348.5,0.006,1800,0,0.0
4349.0,0.006,1800,0,0.0
4349.5,0.006,1800,0,0.0
4350.0,0.006,1800,0,0.0
4350.5,0.006,1800,0,0.0
4351.0,0.005,1800,0,0.0
4351.5,0.006,1800,0,0.0
4352.0,0.006,1800,0,0.0
4352.5,0.005,1800,0,0.0
4353.0,0.005,1800,0,0.0
4353.5,0.005,1800,0,0.0
4354.0,0.005,1800,0,0.0
4354.5,0.006,1800,0,0.0
4355.0,0.006,1800,0,0.0
4355.5,0.006,1800,0,0.0
4356.0,0.006,1800,0,0.0
4356.5,0.006,1800,0,0.0
4357.0,0.005,1800,0,0.0
4357.5,0.008,1800,0,0.0
4358.0,0.006,1800,0,0.0
4358.5,0.005,1800,0,0.0
4359.0,0.006,1800,0,0.0
4359.5,0.006,1800,0,0.0
4360.0,0.006,1800,0,0.0
4360.5,0.006,1800,0,0.0
4361.0,0.006,1800,0,0.0
4361.5,0.006,1800,0,0.0
4362.0,0.006,1800,0,0.0
4362.5,0.008,1800,0,0.0
4363.0,0.006,1800,0,0.0
4363.5,0.006,1800,0,0.0
4364.0,0.006,1800,0,0.0
4364.5,0.006,1800,0,0.0
4365.0,0.006,1800,0,0.0
4365.5,0.005,1800,0,0.0
4366.0,0.005,1800,0,0.0
4366.5,0.005,1800,0,0.0
4367.0,0.005,1800,0,0.0
4367.5,0.005,1800,0,0.0
4368.0,0.005,1800,0,0.0
4368.5,0.005,1800,0,0.0
4369.0,0.005,1800,0,0.0
4369.5,0.006,1800,0,0.0
4370.0,0.006,1800,0,0.0
4370.5,0.006,1800,0,0.0
4371.0,0.006,1800,0,0.0
4371.5,0.006,1800,0,0.0
4372.0,0.005,1800,0,0.0
4372.5,0.006,1800,0,0.0
4373.0,0.006,1800,0,0.0
4373.5,0.006,1800,0,0.0
4374.0,0.006,1800,0,0.0
4374.5,0.006,1800,0,0.0
4375.0,0.006,1800,0,0.0
4375.5,0.006,1800,0,0.0
4376.0,0.006,1800,0,0.0
4376.5,0.006,1800,0,0.0
4377.0,0.006,1800,0,0.0
4377.5,0.006,1800,0,0.0
4378.0,0.006,1800,0,0.0
4378.5,0.006,1800,0,0.0
4379.0,0.006,1800,0,0.0
4379.5,0.006,1800,0,0.0
4380.0,0.006,1800,0,0.0
4380.5,0.006,1800,0,0.0
4381.0,0.006,1800,0,0.0
4381.5,0.006,1800,0,0.0
4382.0,0.006,1800,0,0.0
4382.5,0.006,1800,0,0.0
4383.0,0.006,1800,0,0.0
4383.5,0.006,1800,0,0.0
4384.0,0.005,1800,0,0.0
4384.5,0.006,1800,0,0.0
4385.0,0.005,1800,0,0.0
4385.5,0.005,1800,0,0.0
4386.0,0.005,1800,0,0.0
